solid shaft
facet normal 0 0 0
 outer loop
 vertex -0.27 0 0.0175
 vertex -0.27 0.00228421 0.0173503
 vertex -0.08 0.00228421 0.0173503
 endloop
endfacet
facet normal 0 0 0
 outer loop
 vertex -0.27 0 0.0175
 vertex -0.08 0.00228421 0.0173503
 vertex -0.08 0 0.0175
 endloop
endfacet
facet normal 0 0 0
 outer loop
 vertex -0.08 0 0.014
 vertex -0.08 0.00182737 0.0138802
 vertex -0.27 0.00182737 0.0138802
 endloop
endfacet
facet normal 0 0 0
 outer loop
 vertex -0.08 0 0.014
 vertex -0.27 0.00182737 0.0138802
 vertex -0.27 0 0.014
 endloop
endfacet
facet normal 0 0 0
 outer loop
 vertex -0.27 0.00228421 0.0173503
 vertex -0.27 0.00452933 0.0169037
 vertex -0.08 0.00452933 0.0169037
 endloop
endfacet
facet normal 0 0 0
 outer loop
 vertex -0.27 0.00228421 0.0173503
 vertex -0.08 0.00452933 0.0169037
 vertex -0.08 0.00228421 0.0173503
 endloop
endfacet
facet normal 0 0 0
 outer loop
 vertex -0.08 0.00182737 0.0138802
 vertex -0.08 0.00362347 0.013523
 vertex -0.27 0.00362347 0.013523
 endloop
endfacet
facet normal 0 0 0
 outer loop
 vertex -0.08 0.00182737 0.0138802
 vertex -0.27 0.00362347 0.013523
 vertex -0.27 0.00182737 0.0138802
 endloop
endfacet
facet normal 0 0 0
 outer loop
 vertex -0.27 0.00452933 0.0169037
 vertex -0.27 0.00669696 0.0161679
 vertex -0.08 0.00669696 0.0161679
 endloop
endfacet
facet normal 0 0 0
 outer loop
 vertex -0.27 0.00452933 0.0169037
 vertex -0.08 0.00669696 0.0161679
 vertex -0.08 0.00452933 0.0169037
 endloop
endfacet
facet normal 0 0 0
 outer loop
 vertex -0.08 0.00362347 0.013523
 vertex -0.08 0.00535757 0.0129343
 vertex -0.27 0.00535757 0.0129343
 endloop
endfacet
facet normal 0 0 0
 outer loop
 vertex -0.08 0.00362347 0.013523
 vertex -0.27 0.00535757 0.0129343
 vertex -0.27 0.00362347 0.013523
 endloop
endfacet
facet normal 0 0 0
 outer loop
 vertex -0.27 0.00669696 0.0161679
 vertex -0.27 0.00875 0.0151554
 vertex -0.08 0.00875 0.0151554
 endloop
endfacet
facet normal 0 0 0
 outer loop
 vertex -0.27 0.00669696 0.0161679
 vertex -0.08 0.00875 0.0151554
 vertex -0.08 0.00669696 0.0161679
 endloop
endfacet
facet normal 0 0 0
 outer loop
 vertex -0.08 0.00535757 0.0129343
 vertex -0.08 0.007 0.0121244
 vertex -0.27 0.007 0.0121244
 endloop
endfacet
facet normal 0 0 0
 outer loop
 vertex -0.08 0.00535757 0.0129343
 vertex -0.27 0.007 0.0121244
 vertex -0.27 0.00535757 0.0129343
 endloop
endfacet
facet normal 0 0 0
 outer loop
 vertex -0.27 0.00875 0.0151554
 vertex -0.27 0.0106533 0.0138837
 vertex -0.08 0.0106533 0.0138837
 endloop
endfacet
facet normal 0 0 0
 outer loop
 vertex -0.27 0.00875 0.0151554
 vertex -0.08 0.0106533 0.0138837
 vertex -0.08 0.00875 0.0151554
 endloop
endfacet
facet normal 0 0 0
 outer loop
 vertex -0.08 0.007 0.0121244
 vertex -0.08 0.00852266 0.0111069
 vertex -0.27 0.00852266 0.0111069
 endloop
endfacet
facet normal 0 0 0
 outer loop
 vertex -0.08 0.007 0.0121244
 vertex -0.27 0.00852266 0.0111069
 vertex -0.27 0.007 0.0121244
 endloop
endfacet
facet normal 0 0 0
 outer loop
 vertex -0.27 0.0106533 0.0138837
 vertex -0.27 0.0123744 0.0123744
 vertex -0.08 0.0123744 0.0123744
 endloop
endfacet
facet normal 0 0 0
 outer loop
 vertex -0.27 0.0106533 0.0138837
 vertex -0.08 0.0123744 0.0123744
 vertex -0.08 0.0106533 0.0138837
 endloop
endfacet
facet normal 0 0 0
 outer loop
 vertex -0.08 0.00852266 0.0111069
 vertex -0.08 0.0098995 0.0098995
 vertex -0.27 0.0098995 0.0098995
 endloop
endfacet
facet normal 0 0 0
 outer loop
 vertex -0.08 0.00852266 0.0111069
 vertex -0.27 0.0098995 0.0098995
 vertex -0.27 0.00852266 0.0111069
 endloop
endfacet
facet normal 0 0 0
 outer loop
 vertex -0.27 0.0123744 0.0123744
 vertex -0.27 0.0138837 0.0106533
 vertex -0.08 0.0138837 0.0106533
 endloop
endfacet
facet normal 0 0 0
 outer loop
 vertex -0.27 0.0123744 0.0123744
 vertex -0.08 0.0138837 0.0106533
 vertex -0.08 0.0123744 0.0123744
 endloop
endfacet
facet normal 0 0 0
 outer loop
 vertex -0.08 0.0098995 0.0098995
 vertex -0.08 0.0111069 0.00852266
 vertex -0.27 0.0111069 0.00852266
 endloop
endfacet
facet normal 0 0 0
 outer loop
 vertex -0.08 0.0098995 0.0098995
 vertex -0.27 0.0111069 0.00852266
 vertex -0.27 0.0098995 0.0098995
 endloop
endfacet
facet normal 0 0 0
 outer loop
 vertex -0.27 0.0138837 0.0106533
 vertex -0.27 0.0151554 0.00875
 vertex -0.08 0.0151554 0.00875
 endloop
endfacet
facet normal 0 0 0
 outer loop
 vertex -0.27 0.0138837 0.0106533
 vertex -0.08 0.0151554 0.00875
 vertex -0.08 0.0138837 0.0106533
 endloop
endfacet
facet normal 0 0 0
 outer loop
 vertex -0.08 0.0111069 0.00852266
 vertex -0.08 0.0121244 0.007
 vertex -0.27 0.0121244 0.007
 endloop
endfacet
facet normal 0 0 0
 outer loop
 vertex -0.08 0.0111069 0.00852266
 vertex -0.27 0.0121244 0.007
 vertex -0.27 0.0111069 0.00852266
 endloop
endfacet
facet normal 0 0 0
 outer loop
 vertex -0.27 0.0151554 0.00875
 vertex -0.27 0.0161679 0.00669696
 vertex -0.08 0.0161679 0.00669696
 endloop
endfacet
facet normal 0 0 0
 outer loop
 vertex -0.27 0.0151554 0.00875
 vertex -0.08 0.0161679 0.00669696
 vertex -0.08 0.0151554 0.00875
 endloop
endfacet
facet normal 0 0 0
 outer loop
 vertex -0.08 0.0121244 0.007
 vertex -0.08 0.0129343 0.00535757
 vertex -0.27 0.0129343 0.00535757
 endloop
endfacet
facet normal 0 0 0
 outer loop
 vertex -0.08 0.0121244 0.007
 vertex -0.27 0.0129343 0.00535757
 vertex -0.27 0.0121244 0.007
 endloop
endfacet
facet normal 0 0 0
 outer loop
 vertex -0.27 0.0161679 0.00669696
 vertex -0.27 0.0169037 0.00452933
 vertex -0.08 0.0169037 0.00452933
 endloop
endfacet
facet normal 0 0 0
 outer loop
 vertex -0.27 0.0161679 0.00669696
 vertex -0.08 0.0169037 0.00452933
 vertex -0.08 0.0161679 0.00669696
 endloop
endfacet
facet normal 0 0 0
 outer loop
 vertex -0.08 0.0129343 0.00535757
 vertex -0.08 0.013523 0.00362347
 vertex -0.27 0.013523 0.00362347
 endloop
endfacet
facet normal 0 0 0
 outer loop
 vertex -0.08 0.0129343 0.00535757
 vertex -0.27 0.013523 0.00362347
 vertex -0.27 0.0129343 0.00535757
 endloop
endfacet
facet normal 0 0 0
 outer loop
 vertex -0.27 0.0169037 0.00452933
 vertex -0.27 0.0173503 0.00228421
 vertex -0.08 0.0173503 0.00228421
 endloop
endfacet
facet normal 0 0 0
 outer loop
 vertex -0.27 0.0169037 0.00452933
 vertex -0.08 0.0173503 0.00228421
 vertex -0.08 0.0169037 0.00452933
 endloop
endfacet
facet normal 0 0 0
 outer loop
 vertex -0.08 0.013523 0.00362347
 vertex -0.08 0.0138802 0.00182737
 vertex -0.27 0.0138802 0.00182737
 endloop
endfacet
facet normal 0 0 0
 outer loop
 vertex -0.08 0.013523 0.00362347
 vertex -0.27 0.0138802 0.00182737
 vertex -0.27 0.013523 0.00362347
 endloop
endfacet
facet normal 0 0 0
 outer loop
 vertex -0.27 0.0173503 0.00228421
 vertex -0.27 0.0175 -7.64949e-10
 vertex -0.08 0.0175 -7.64949e-10
 endloop
endfacet
facet normal 0 0 0
 outer loop
 vertex -0.27 0.0173503 0.00228421
 vertex -0.08 0.0175 -7.64949e-10
 vertex -0.08 0.0173503 0.00228421
 endloop
endfacet
facet normal 0 0 0
 outer loop
 vertex -0.08 0.0138802 0.00182737
 vertex -0.08 0.014 -6.11959e-10
 vertex -0.27 0.014 -6.11959e-10
 endloop
endfacet
facet normal 0 0 0
 outer loop
 vertex -0.08 0.0138802 0.00182737
 vertex -0.27 0.014 -6.11959e-10
 vertex -0.27 0.0138802 0.00182737
 endloop
endfacet
facet normal 0 0 0
 outer loop
 vertex -0.27 0.0175 -7.64949e-10
 vertex -0.27 0.0173503 -0.00228421
 vertex -0.08 0.0173503 -0.00228421
 endloop
endfacet
facet normal 0 0 0
 outer loop
 vertex -0.27 0.0175 -7.64949e-10
 vertex -0.08 0.0173503 -0.00228421
 vertex -0.08 0.0175 -7.64949e-10
 endloop
endfacet
facet normal 0 0 0
 outer loop
 vertex -0.08 0.014 -6.11959e-10
 vertex -0.08 0.0138802 -0.00182737
 vertex -0.27 0.0138802 -0.00182737
 endloop
endfacet
facet normal 0 0 0
 outer loop
 vertex -0.08 0.014 -6.11959e-10
 vertex -0.27 0.0138802 -0.00182737
 vertex -0.27 0.014 -6.11959e-10
 endloop
endfacet
facet normal 0 0 0
 outer loop
 vertex -0.27 0.0173503 -0.00228421
 vertex -0.27 0.0169037 -0.00452933
 vertex -0.08 0.0169037 -0.00452933
 endloop
endfacet
facet normal 0 0 0
 outer loop
 vertex -0.27 0.0173503 -0.00228421
 vertex -0.08 0.0169037 -0.00452933
 vertex -0.08 0.0173503 -0.00228421
 endloop
endfacet
facet normal 0 0 0
 outer loop
 vertex -0.08 0.0138802 -0.00182737
 vertex -0.08 0.013523 -0.00362347
 vertex -0.27 0.013523 -0.00362347
 endloop
endfacet
facet normal 0 0 0
 outer loop
 vertex -0.08 0.0138802 -0.00182737
 vertex -0.27 0.013523 -0.00362347
 vertex -0.27 0.0138802 -0.00182737
 endloop
endfacet
facet normal 0 0 0
 outer loop
 vertex -0.27 0.0169037 -0.00452933
 vertex -0.27 0.0161679 -0.00669696
 vertex -0.08 0.0161679 -0.00669696
 endloop
endfacet
facet normal 0 0 0
 outer loop
 vertex -0.27 0.0169037 -0.00452933
 vertex -0.08 0.0161679 -0.00669696
 vertex -0.08 0.0169037 -0.00452933
 endloop
endfacet
facet normal 0 0 0
 outer loop
 vertex -0.08 0.013523 -0.00362347
 vertex -0.08 0.0129343 -0.00535757
 vertex -0.27 0.0129343 -0.00535757
 endloop
endfacet
facet normal 0 0 0
 outer loop
 vertex -0.08 0.013523 -0.00362347
 vertex -0.27 0.0129343 -0.00535757
 vertex -0.27 0.013523 -0.00362347
 endloop
endfacet
facet normal 0 0 0
 outer loop
 vertex -0.27 0.0161679 -0.00669696
 vertex -0.27 0.0151554 -0.00875
 vertex -0.08 0.0151554 -0.00875
 endloop
endfacet
facet normal 0 0 0
 outer loop
 vertex -0.27 0.0161679 -0.00669696
 vertex -0.08 0.0151554 -0.00875
 vertex -0.08 0.0161679 -0.00669696
 endloop
endfacet
facet normal 0 0 0
 outer loop
 vertex -0.08 0.0129343 -0.00535757
 vertex -0.08 0.0121244 -0.007
 vertex -0.27 0.0121244 -0.007
 endloop
endfacet
facet normal 0 0 0
 outer loop
 vertex -0.08 0.0129343 -0.00535757
 vertex -0.27 0.0121244 -0.007
 vertex -0.27 0.0129343 -0.00535757
 endloop
endfacet
facet normal 0 0 0
 outer loop
 vertex -0.27 0.0151554 -0.00875
 vertex -0.27 0.0138837 -0.0106533
 vertex -0.08 0.0138837 -0.0106533
 endloop
endfacet
facet normal 0 0 0
 outer loop
 vertex -0.27 0.0151554 -0.00875
 vertex -0.08 0.0138837 -0.0106533
 vertex -0.08 0.0151554 -0.00875
 endloop
endfacet
facet normal 0 0 0
 outer loop
 vertex -0.08 0.0121244 -0.007
 vertex -0.08 0.0111069 -0.00852266
 vertex -0.27 0.0111069 -0.00852266
 endloop
endfacet
facet normal 0 0 0
 outer loop
 vertex -0.08 0.0121244 -0.007
 vertex -0.27 0.0111069 -0.00852266
 vertex -0.27 0.0121244 -0.007
 endloop
endfacet
facet normal 0 0 0
 outer loop
 vertex -0.27 0.0138837 -0.0106533
 vertex -0.27 0.0123744 -0.0123744
 vertex -0.08 0.0123744 -0.0123744
 endloop
endfacet
facet normal 0 0 0
 outer loop
 vertex -0.27 0.0138837 -0.0106533
 vertex -0.08 0.0123744 -0.0123744
 vertex -0.08 0.0138837 -0.0106533
 endloop
endfacet
facet normal 0 0 0
 outer loop
 vertex -0.08 0.0111069 -0.00852266
 vertex -0.08 0.0098995 -0.0098995
 vertex -0.27 0.0098995 -0.0098995
 endloop
endfacet
facet normal 0 0 0
 outer loop
 vertex -0.08 0.0111069 -0.00852266
 vertex -0.27 0.0098995 -0.0098995
 vertex -0.27 0.0111069 -0.00852266
 endloop
endfacet
facet normal 0 0 0
 outer loop
 vertex -0.27 0.0123744 -0.0123744
 vertex -0.27 0.0106533 -0.0138837
 vertex -0.08 0.0106533 -0.0138837
 endloop
endfacet
facet normal 0 0 0
 outer loop
 vertex -0.27 0.0123744 -0.0123744
 vertex -0.08 0.0106533 -0.0138837
 vertex -0.08 0.0123744 -0.0123744
 endloop
endfacet
facet normal 0 0 0
 outer loop
 vertex -0.08 0.0098995 -0.0098995
 vertex -0.08 0.00852266 -0.0111069
 vertex -0.27 0.00852266 -0.0111069
 endloop
endfacet
facet normal 0 0 0
 outer loop
 vertex -0.08 0.0098995 -0.0098995
 vertex -0.27 0.00852266 -0.0111069
 vertex -0.27 0.0098995 -0.0098995
 endloop
endfacet
facet normal 0 0 0
 outer loop
 vertex -0.27 0.0106533 -0.0138837
 vertex -0.27 0.00875 -0.0151554
 vertex -0.08 0.00875 -0.0151554
 endloop
endfacet
facet normal 0 0 0
 outer loop
 vertex -0.27 0.0106533 -0.0138837
 vertex -0.08 0.00875 -0.0151554
 vertex -0.08 0.0106533 -0.0138837
 endloop
endfacet
facet normal 0 0 0
 outer loop
 vertex -0.08 0.00852266 -0.0111069
 vertex -0.08 0.007 -0.0121244
 vertex -0.27 0.007 -0.0121244
 endloop
endfacet
facet normal 0 0 0
 outer loop
 vertex -0.08 0.00852266 -0.0111069
 vertex -0.27 0.007 -0.0121244
 vertex -0.27 0.00852266 -0.0111069
 endloop
endfacet
facet normal 0 0 0
 outer loop
 vertex -0.27 0.00875 -0.0151554
 vertex -0.27 0.00669696 -0.0161679
 vertex -0.08 0.00669696 -0.0161679
 endloop
endfacet
facet normal 0 0 0
 outer loop
 vertex -0.27 0.00875 -0.0151554
 vertex -0.08 0.00669696 -0.0161679
 vertex -0.08 0.00875 -0.0151554
 endloop
endfacet
facet normal 0 0 0
 outer loop
 vertex -0.08 0.007 -0.0121244
 vertex -0.08 0.00535757 -0.0129343
 vertex -0.27 0.00535757 -0.0129343
 endloop
endfacet
facet normal 0 0 0
 outer loop
 vertex -0.08 0.007 -0.0121244
 vertex -0.27 0.00535757 -0.0129343
 vertex -0.27 0.007 -0.0121244
 endloop
endfacet
facet normal 0 0 0
 outer loop
 vertex -0.27 0.00669696 -0.0161679
 vertex -0.27 0.00452934 -0.0169037
 vertex -0.08 0.00452934 -0.0169037
 endloop
endfacet
facet normal 0 0 0
 outer loop
 vertex -0.27 0.00669696 -0.0161679
 vertex -0.08 0.00452934 -0.0169037
 vertex -0.08 0.00669696 -0.0161679
 endloop
endfacet
facet normal 0 0 0
 outer loop
 vertex -0.08 0.00535757 -0.0129343
 vertex -0.08 0.00362347 -0.013523
 vertex -0.27 0.00362347 -0.013523
 endloop
endfacet
facet normal 0 0 0
 outer loop
 vertex -0.08 0.00535757 -0.0129343
 vertex -0.27 0.00362347 -0.013523
 vertex -0.27 0.00535757 -0.0129343
 endloop
endfacet
facet normal 0 0 0
 outer loop
 vertex -0.27 0.00452934 -0.0169037
 vertex -0.27 0.00228421 -0.0173503
 vertex -0.08 0.00228421 -0.0173503
 endloop
endfacet
facet normal 0 0 0
 outer loop
 vertex -0.27 0.00452934 -0.0169037
 vertex -0.08 0.00228421 -0.0173503
 vertex -0.08 0.00452934 -0.0169037
 endloop
endfacet
facet normal 0 0 0
 outer loop
 vertex -0.08 0.00362347 -0.013523
 vertex -0.08 0.00182737 -0.0138802
 vertex -0.27 0.00182737 -0.0138802
 endloop
endfacet
facet normal 0 0 0
 outer loop
 vertex -0.08 0.00362347 -0.013523
 vertex -0.27 0.00182737 -0.0138802
 vertex -0.27 0.00362347 -0.013523
 endloop
endfacet
facet normal 0 0 0
 outer loop
 vertex -0.27 0.00228421 -0.0173503
 vertex -0.27 -1.5299e-09 -0.0175
 vertex -0.08 -1.5299e-09 -0.0175
 endloop
endfacet
facet normal 0 0 0
 outer loop
 vertex -0.27 0.00228421 -0.0173503
 vertex -0.08 -1.5299e-09 -0.0175
 vertex -0.08 0.00228421 -0.0173503
 endloop
endfacet
facet normal 0 0 0
 outer loop
 vertex -0.08 0.00182737 -0.0138802
 vertex -0.08 -1.22392e-09 -0.014
 vertex -0.27 -1.22392e-09 -0.014
 endloop
endfacet
facet normal 0 0 0
 outer loop
 vertex -0.08 0.00182737 -0.0138802
 vertex -0.27 -1.22392e-09 -0.014
 vertex -0.27 0.00182737 -0.0138802
 endloop
endfacet
facet normal 0 0 0
 outer loop
 vertex -0.27 -1.5299e-09 -0.0175
 vertex -0.27 -0.00228421 -0.0173503
 vertex -0.08 -0.00228421 -0.0173503
 endloop
endfacet
facet normal 0 0 0
 outer loop
 vertex -0.27 -1.5299e-09 -0.0175
 vertex -0.08 -0.00228421 -0.0173503
 vertex -0.08 -1.5299e-09 -0.0175
 endloop
endfacet
facet normal 0 0 0
 outer loop
 vertex -0.08 -1.22392e-09 -0.014
 vertex -0.08 -0.00182737 -0.0138802
 vertex -0.27 -0.00182737 -0.0138802
 endloop
endfacet
facet normal 0 0 0
 outer loop
 vertex -0.08 -1.22392e-09 -0.014
 vertex -0.27 -0.00182737 -0.0138802
 vertex -0.27 -1.22392e-09 -0.014
 endloop
endfacet
facet normal 0 0 0
 outer loop
 vertex -0.27 -0.00228421 -0.0173503
 vertex -0.27 -0.00452933 -0.0169037
 vertex -0.08 -0.00452933 -0.0169037
 endloop
endfacet
facet normal 0 0 0
 outer loop
 vertex -0.27 -0.00228421 -0.0173503
 vertex -0.08 -0.00452933 -0.0169037
 vertex -0.08 -0.00228421 -0.0173503
 endloop
endfacet
facet normal 0 0 0
 outer loop
 vertex -0.08 -0.00182737 -0.0138802
 vertex -0.08 -0.00362347 -0.013523
 vertex -0.27 -0.00362347 -0.013523
 endloop
endfacet
facet normal 0 0 0
 outer loop
 vertex -0.08 -0.00182737 -0.0138802
 vertex -0.27 -0.00362347 -0.013523
 vertex -0.27 -0.00182737 -0.0138802
 endloop
endfacet
facet normal 0 0 0
 outer loop
 vertex -0.27 -0.00452933 -0.0169037
 vertex -0.27 -0.00669696 -0.0161679
 vertex -0.08 -0.00669696 -0.0161679
 endloop
endfacet
facet normal 0 0 0
 outer loop
 vertex -0.27 -0.00452933 -0.0169037
 vertex -0.08 -0.00669696 -0.0161679
 vertex -0.08 -0.00452933 -0.0169037
 endloop
endfacet
facet normal 0 0 0
 outer loop
 vertex -0.08 -0.00362347 -0.013523
 vertex -0.08 -0.00535757 -0.0129343
 vertex -0.27 -0.00535757 -0.0129343
 endloop
endfacet
facet normal 0 0 0
 outer loop
 vertex -0.08 -0.00362347 -0.013523
 vertex -0.27 -0.00535757 -0.0129343
 vertex -0.27 -0.00362347 -0.013523
 endloop
endfacet
facet normal 0 0 0
 outer loop
 vertex -0.27 -0.00669696 -0.0161679
 vertex -0.27 -0.00875 -0.0151554
 vertex -0.08 -0.00875 -0.0151554
 endloop
endfacet
facet normal 0 0 0
 outer loop
 vertex -0.27 -0.00669696 -0.0161679
 vertex -0.08 -0.00875 -0.0151554
 vertex -0.08 -0.00669696 -0.0161679
 endloop
endfacet
facet normal 0 0 0
 outer loop
 vertex -0.08 -0.00535757 -0.0129343
 vertex -0.08 -0.007 -0.0121244
 vertex -0.27 -0.007 -0.0121244
 endloop
endfacet
facet normal 0 0 0
 outer loop
 vertex -0.08 -0.00535757 -0.0129343
 vertex -0.27 -0.007 -0.0121244
 vertex -0.27 -0.00535757 -0.0129343
 endloop
endfacet
facet normal 0 0 0
 outer loop
 vertex -0.27 -0.00875 -0.0151554
 vertex -0.27 -0.0106533 -0.0138837
 vertex -0.08 -0.0106533 -0.0138837
 endloop
endfacet
facet normal 0 0 0
 outer loop
 vertex -0.27 -0.00875 -0.0151554
 vertex -0.08 -0.0106533 -0.0138837
 vertex -0.08 -0.00875 -0.0151554
 endloop
endfacet
facet normal 0 0 0
 outer loop
 vertex -0.08 -0.007 -0.0121244
 vertex -0.08 -0.00852266 -0.0111069
 vertex -0.27 -0.00852266 -0.0111069
 endloop
endfacet
facet normal 0 0 0
 outer loop
 vertex -0.08 -0.007 -0.0121244
 vertex -0.27 -0.00852266 -0.0111069
 vertex -0.27 -0.007 -0.0121244
 endloop
endfacet
facet normal 0 0 0
 outer loop
 vertex -0.27 -0.0106533 -0.0138837
 vertex -0.27 -0.0123744 -0.0123744
 vertex -0.08 -0.0123744 -0.0123744
 endloop
endfacet
facet normal 0 0 0
 outer loop
 vertex -0.27 -0.0106533 -0.0138837
 vertex -0.08 -0.0123744 -0.0123744
 vertex -0.08 -0.0106533 -0.0138837
 endloop
endfacet
facet normal 0 0 0
 outer loop
 vertex -0.08 -0.00852266 -0.0111069
 vertex -0.08 -0.00989949 -0.0098995
 vertex -0.27 -0.00989949 -0.0098995
 endloop
endfacet
facet normal 0 0 0
 outer loop
 vertex -0.08 -0.00852266 -0.0111069
 vertex -0.27 -0.00989949 -0.0098995
 vertex -0.27 -0.00852266 -0.0111069
 endloop
endfacet
facet normal 0 0 0
 outer loop
 vertex -0.27 -0.0123744 -0.0123744
 vertex -0.27 -0.0138837 -0.0106533
 vertex -0.08 -0.0138837 -0.0106533
 endloop
endfacet
facet normal 0 0 0
 outer loop
 vertex -0.27 -0.0123744 -0.0123744
 vertex -0.08 -0.0138837 -0.0106533
 vertex -0.08 -0.0123744 -0.0123744
 endloop
endfacet
facet normal 0 0 0
 outer loop
 vertex -0.08 -0.00989949 -0.0098995
 vertex -0.08 -0.0111069 -0.00852266
 vertex -0.27 -0.0111069 -0.00852266
 endloop
endfacet
facet normal 0 0 0
 outer loop
 vertex -0.08 -0.00989949 -0.0098995
 vertex -0.27 -0.0111069 -0.00852266
 vertex -0.27 -0.00989949 -0.0098995
 endloop
endfacet
facet normal 0 0 0
 outer loop
 vertex -0.27 -0.0138837 -0.0106533
 vertex -0.27 -0.0151554 -0.00875
 vertex -0.08 -0.0151554 -0.00875
 endloop
endfacet
facet normal 0 0 0
 outer loop
 vertex -0.27 -0.0138837 -0.0106533
 vertex -0.08 -0.0151554 -0.00875
 vertex -0.08 -0.0138837 -0.0106533
 endloop
endfacet
facet normal 0 0 0
 outer loop
 vertex -0.08 -0.0111069 -0.00852266
 vertex -0.08 -0.0121244 -0.007
 vertex -0.27 -0.0121244 -0.007
 endloop
endfacet
facet normal 0 0 0
 outer loop
 vertex -0.08 -0.0111069 -0.00852266
 vertex -0.27 -0.0121244 -0.007
 vertex -0.27 -0.0111069 -0.00852266
 endloop
endfacet
facet normal 0 0 0
 outer loop
 vertex -0.27 -0.0151554 -0.00875
 vertex -0.27 -0.0161679 -0.00669696
 vertex -0.08 -0.0161679 -0.00669696
 endloop
endfacet
facet normal 0 0 0
 outer loop
 vertex -0.27 -0.0151554 -0.00875
 vertex -0.08 -0.0161679 -0.00669696
 vertex -0.08 -0.0151554 -0.00875
 endloop
endfacet
facet normal 0 0 0
 outer loop
 vertex -0.08 -0.0121244 -0.007
 vertex -0.08 -0.0129343 -0.00535757
 vertex -0.27 -0.0129343 -0.00535757
 endloop
endfacet
facet normal 0 0 0
 outer loop
 vertex -0.08 -0.0121244 -0.007
 vertex -0.27 -0.0129343 -0.00535757
 vertex -0.27 -0.0121244 -0.007
 endloop
endfacet
facet normal 0 0 0
 outer loop
 vertex -0.27 -0.0161679 -0.00669696
 vertex -0.27 -0.0169037 -0.00452933
 vertex -0.08 -0.0169037 -0.00452933
 endloop
endfacet
facet normal 0 0 0
 outer loop
 vertex -0.27 -0.0161679 -0.00669696
 vertex -0.08 -0.0169037 -0.00452933
 vertex -0.08 -0.0161679 -0.00669696
 endloop
endfacet
facet normal 0 0 0
 outer loop
 vertex -0.08 -0.0129343 -0.00535757
 vertex -0.08 -0.013523 -0.00362347
 vertex -0.27 -0.013523 -0.00362347
 endloop
endfacet
facet normal 0 0 0
 outer loop
 vertex -0.08 -0.0129343 -0.00535757
 vertex -0.27 -0.013523 -0.00362347
 vertex -0.27 -0.0129343 -0.00535757
 endloop
endfacet
facet normal 0 0 0
 outer loop
 vertex -0.27 -0.0169037 -0.00452933
 vertex -0.27 -0.0173503 -0.00228421
 vertex -0.08 -0.0173503 -0.00228421
 endloop
endfacet
facet normal 0 0 0
 outer loop
 vertex -0.27 -0.0169037 -0.00452933
 vertex -0.08 -0.0173503 -0.00228421
 vertex -0.08 -0.0169037 -0.00452933
 endloop
endfacet
facet normal 0 0 0
 outer loop
 vertex -0.08 -0.013523 -0.00362347
 vertex -0.08 -0.0138802 -0.00182737
 vertex -0.27 -0.0138802 -0.00182737
 endloop
endfacet
facet normal 0 0 0
 outer loop
 vertex -0.08 -0.013523 -0.00362347
 vertex -0.27 -0.0138802 -0.00182737
 vertex -0.27 -0.013523 -0.00362347
 endloop
endfacet
facet normal 0 0 0
 outer loop
 vertex -0.27 -0.0173503 -0.00228421
 vertex -0.27 -0.0175 2.08685e-10
 vertex -0.08 -0.0175 2.08685e-10
 endloop
endfacet
facet normal 0 0 0
 outer loop
 vertex -0.27 -0.0173503 -0.00228421
 vertex -0.08 -0.0175 2.08685e-10
 vertex -0.08 -0.0173503 -0.00228421
 endloop
endfacet
facet normal 0 0 0
 outer loop
 vertex -0.08 -0.0138802 -0.00182737
 vertex -0.08 -0.014 1.66948e-10
 vertex -0.27 -0.014 1.66948e-10
 endloop
endfacet
facet normal 0 0 0
 outer loop
 vertex -0.08 -0.0138802 -0.00182737
 vertex -0.27 -0.014 1.66948e-10
 vertex -0.27 -0.0138802 -0.00182737
 endloop
endfacet
facet normal 0 0 0
 outer loop
 vertex -0.27 -0.0175 2.08685e-10
 vertex -0.27 -0.0173503 0.00228421
 vertex -0.08 -0.0173503 0.00228421
 endloop
endfacet
facet normal 0 0 0
 outer loop
 vertex -0.27 -0.0175 2.08685e-10
 vertex -0.08 -0.0173503 0.00228421
 vertex -0.08 -0.0175 2.08685e-10
 endloop
endfacet
facet normal 0 0 0
 outer loop
 vertex -0.08 -0.014 1.66948e-10
 vertex -0.08 -0.0138802 0.00182737
 vertex -0.27 -0.0138802 0.00182737
 endloop
endfacet
facet normal 0 0 0
 outer loop
 vertex -0.08 -0.014 1.66948e-10
 vertex -0.27 -0.0138802 0.00182737
 vertex -0.27 -0.014 1.66948e-10
 endloop
endfacet
facet normal 0 0 0
 outer loop
 vertex -0.27 -0.0173503 0.00228421
 vertex -0.27 -0.0169037 0.00452933
 vertex -0.08 -0.0169037 0.00452933
 endloop
endfacet
facet normal 0 0 0
 outer loop
 vertex -0.27 -0.0173503 0.00228421
 vertex -0.08 -0.0169037 0.00452933
 vertex -0.08 -0.0173503 0.00228421
 endloop
endfacet
facet normal 0 0 0
 outer loop
 vertex -0.08 -0.0138802 0.00182737
 vertex -0.08 -0.013523 0.00362347
 vertex -0.27 -0.013523 0.00362347
 endloop
endfacet
facet normal 0 0 0
 outer loop
 vertex -0.08 -0.0138802 0.00182737
 vertex -0.27 -0.013523 0.00362347
 vertex -0.27 -0.0138802 0.00182737
 endloop
endfacet
facet normal 0 0 0
 outer loop
 vertex -0.27 -0.0169037 0.00452933
 vertex -0.27 -0.0161679 0.00669696
 vertex -0.08 -0.0161679 0.00669696
 endloop
endfacet
facet normal 0 0 0
 outer loop
 vertex -0.27 -0.0169037 0.00452933
 vertex -0.08 -0.0161679 0.00669696
 vertex -0.08 -0.0169037 0.00452933
 endloop
endfacet
facet normal 0 0 0
 outer loop
 vertex -0.08 -0.013523 0.00362347
 vertex -0.08 -0.0129343 0.00535757
 vertex -0.27 -0.0129343 0.00535757
 endloop
endfacet
facet normal 0 0 0
 outer loop
 vertex -0.08 -0.013523 0.00362347
 vertex -0.27 -0.0129343 0.00535757
 vertex -0.27 -0.013523 0.00362347
 endloop
endfacet
facet normal 0 0 0
 outer loop
 vertex -0.27 -0.0161679 0.00669696
 vertex -0.27 -0.0151554 0.00875
 vertex -0.08 -0.0151554 0.00875
 endloop
endfacet
facet normal 0 0 0
 outer loop
 vertex -0.27 -0.0161679 0.00669696
 vertex -0.08 -0.0151554 0.00875
 vertex -0.08 -0.0161679 0.00669696
 endloop
endfacet
facet normal 0 0 0
 outer loop
 vertex -0.08 -0.0129343 0.00535757
 vertex -0.08 -0.0121244 0.007
 vertex -0.27 -0.0121244 0.007
 endloop
endfacet
facet normal 0 0 0
 outer loop
 vertex -0.08 -0.0129343 0.00535757
 vertex -0.27 -0.0121244 0.007
 vertex -0.27 -0.0129343 0.00535757
 endloop
endfacet
facet normal 0 0 0
 outer loop
 vertex -0.27 -0.0151554 0.00875
 vertex -0.27 -0.0138837 0.0106533
 vertex -0.08 -0.0138837 0.0106533
 endloop
endfacet
facet normal 0 0 0
 outer loop
 vertex -0.27 -0.0151554 0.00875
 vertex -0.08 -0.0138837 0.0106533
 vertex -0.08 -0.0151554 0.00875
 endloop
endfacet
facet normal 0 0 0
 outer loop
 vertex -0.08 -0.0121244 0.007
 vertex -0.08 -0.0111069 0.00852266
 vertex -0.27 -0.0111069 0.00852266
 endloop
endfacet
facet normal 0 0 0
 outer loop
 vertex -0.08 -0.0121244 0.007
 vertex -0.27 -0.0111069 0.00852266
 vertex -0.27 -0.0121244 0.007
 endloop
endfacet
facet normal 0 0 0
 outer loop
 vertex -0.27 -0.0138837 0.0106533
 vertex -0.27 -0.0123744 0.0123744
 vertex -0.08 -0.0123744 0.0123744
 endloop
endfacet
facet normal 0 0 0
 outer loop
 vertex -0.27 -0.0138837 0.0106533
 vertex -0.08 -0.0123744 0.0123744
 vertex -0.08 -0.0138837 0.0106533
 endloop
endfacet
facet normal 0 0 0
 outer loop
 vertex -0.08 -0.0111069 0.00852266
 vertex -0.08 -0.0098995 0.00989949
 vertex -0.27 -0.0098995 0.00989949
 endloop
endfacet
facet normal 0 0 0
 outer loop
 vertex -0.08 -0.0111069 0.00852266
 vertex -0.27 -0.0098995 0.00989949
 vertex -0.27 -0.0111069 0.00852266
 endloop
endfacet
facet normal 0 0 0
 outer loop
 vertex -0.27 -0.0123744 0.0123744
 vertex -0.27 -0.0106533 0.0138837
 vertex -0.08 -0.0106533 0.0138837
 endloop
endfacet
facet normal 0 0 0
 outer loop
 vertex -0.27 -0.0123744 0.0123744
 vertex -0.08 -0.0106533 0.0138837
 vertex -0.08 -0.0123744 0.0123744
 endloop
endfacet
facet normal 0 0 0
 outer loop
 vertex -0.08 -0.0098995 0.00989949
 vertex -0.08 -0.00852266 0.0111069
 vertex -0.27 -0.00852266 0.0111069
 endloop
endfacet
facet normal 0 0 0
 outer loop
 vertex -0.08 -0.0098995 0.00989949
 vertex -0.27 -0.00852266 0.0111069
 vertex -0.27 -0.0098995 0.00989949
 endloop
endfacet
facet normal 0 0 0
 outer loop
 vertex -0.27 -0.0106533 0.0138837
 vertex -0.27 -0.00875 0.0151554
 vertex -0.08 -0.00875 0.0151554
 endloop
endfacet
facet normal 0 0 0
 outer loop
 vertex -0.27 -0.0106533 0.0138837
 vertex -0.08 -0.00875 0.0151554
 vertex -0.08 -0.0106533 0.0138837
 endloop
endfacet
facet normal 0 0 0
 outer loop
 vertex -0.08 -0.00852266 0.0111069
 vertex -0.08 -0.007 0.0121244
 vertex -0.27 -0.007 0.0121244
 endloop
endfacet
facet normal 0 0 0
 outer loop
 vertex -0.08 -0.00852266 0.0111069
 vertex -0.27 -0.007 0.0121244
 vertex -0.27 -0.00852266 0.0111069
 endloop
endfacet
facet normal 0 0 0
 outer loop
 vertex -0.27 -0.00875 0.0151554
 vertex -0.27 -0.00669696 0.0161679
 vertex -0.08 -0.00669696 0.0161679
 endloop
endfacet
facet normal 0 0 0
 outer loop
 vertex -0.27 -0.00875 0.0151554
 vertex -0.08 -0.00669696 0.0161679
 vertex -0.08 -0.00875 0.0151554
 endloop
endfacet
facet normal 0 0 0
 outer loop
 vertex -0.08 -0.007 0.0121244
 vertex -0.08 -0.00535757 0.0129343
 vertex -0.27 -0.00535757 0.0129343
 endloop
endfacet
facet normal 0 0 0
 outer loop
 vertex -0.08 -0.007 0.0121244
 vertex -0.27 -0.00535757 0.0129343
 vertex -0.27 -0.007 0.0121244
 endloop
endfacet
facet normal 0 0 0
 outer loop
 vertex -0.27 -0.00669696 0.0161679
 vertex -0.27 -0.00452933 0.0169037
 vertex -0.08 -0.00452933 0.0169037
 endloop
endfacet
facet normal 0 0 0
 outer loop
 vertex -0.27 -0.00669696 0.0161679
 vertex -0.08 -0.00452933 0.0169037
 vertex -0.08 -0.00669696 0.0161679
 endloop
endfacet
facet normal 0 0 0
 outer loop
 vertex -0.08 -0.00535757 0.0129343
 vertex -0.08 -0.00362346 0.013523
 vertex -0.27 -0.00362346 0.013523
 endloop
endfacet
facet normal 0 0 0
 outer loop
 vertex -0.08 -0.00535757 0.0129343
 vertex -0.27 -0.00362346 0.013523
 vertex -0.27 -0.00535757 0.0129343
 endloop
endfacet
facet normal 0 0 0
 outer loop
 vertex -0.27 -0.00452933 0.0169037
 vertex -0.27 -0.00228421 0.0173503
 vertex -0.08 -0.00228421 0.0173503
 endloop
endfacet
facet normal 0 0 0
 outer loop
 vertex -0.27 -0.00452933 0.0169037
 vertex -0.08 -0.00228421 0.0173503
 vertex -0.08 -0.00452933 0.0169037
 endloop
endfacet
facet normal 0 0 0
 outer loop
 vertex -0.08 -0.00362346 0.013523
 vertex -0.08 -0.00182737 0.0138802
 vertex -0.27 -0.00182737 0.0138802
 endloop
endfacet
facet normal 0 0 0
 outer loop
 vertex -0.08 -0.00362346 0.013523
 vertex -0.27 -0.00182737 0.0138802
 vertex -0.27 -0.00362346 0.013523
 endloop
endfacet
facet normal 0 0 0
 outer loop
 vertex -0.27 -0.00228421 0.0173503
 vertex -0.27 3.0598e-09 0.0175
 vertex -0.08 3.0598e-09 0.0175
 endloop
endfacet
facet normal 0 0 0
 outer loop
 vertex -0.27 -0.00228421 0.0173503
 vertex -0.08 3.0598e-09 0.0175
 vertex -0.08 -0.00228421 0.0173503
 endloop
endfacet
facet normal 0 0 0
 outer loop
 vertex -0.08 -0.00182737 0.0138802
 vertex -0.08 2.44784e-09 0.014
 vertex -0.27 2.44784e-09 0.014
 endloop
endfacet
facet normal 0 0 0
 outer loop
 vertex -0.08 -0.00182737 0.0138802
 vertex -0.27 2.44784e-09 0.014
 vertex -0.27 -0.00182737 0.0138802
 endloop
endfacet
facet normal 0 0 0
 outer loop
 vertex -0.27 0 0.014
 vertex -0.27 0.00182737 0.0138802
 vertex -0.27 0.00228421 0.0173503
 endloop
endfacet
facet normal 0 0 0
 outer loop
 vertex -0.27 0 0.014
 vertex -0.27 0.00228421 0.0173503
 vertex -0.27 0 0.0175
 endloop
endfacet
facet normal 0 0 0
 outer loop
 vertex -0.08 0 0.014
 vertex -0.08 0 0.0175
 vertex -0.08 0.00228421 0.0173503
 endloop
endfacet
facet normal 0 0 0
 outer loop
 vertex -0.08 0 0.014
 vertex -0.08 0.00228421 0.0173503
 vertex -0.08 0.00182737 0.0138802
 endloop
endfacet
facet normal 0 0 0
 outer loop
 vertex -0.27 0.00182737 0.0138802
 vertex -0.27 0.00362347 0.013523
 vertex -0.27 0.00452933 0.0169037
 endloop
endfacet
facet normal 0 0 0
 outer loop
 vertex -0.27 0.00182737 0.0138802
 vertex -0.27 0.00452933 0.0169037
 vertex -0.27 0.00228421 0.0173503
 endloop
endfacet
facet normal 0 0 0
 outer loop
 vertex -0.08 0.00182737 0.0138802
 vertex -0.08 0.00228421 0.0173503
 vertex -0.08 0.00452933 0.0169037
 endloop
endfacet
facet normal 0 0 0
 outer loop
 vertex -0.08 0.00182737 0.0138802
 vertex -0.08 0.00452933 0.0169037
 vertex -0.08 0.00362347 0.013523
 endloop
endfacet
facet normal 0 0 0
 outer loop
 vertex -0.27 0.00362347 0.013523
 vertex -0.27 0.00535757 0.0129343
 vertex -0.27 0.00669696 0.0161679
 endloop
endfacet
facet normal 0 0 0
 outer loop
 vertex -0.27 0.00362347 0.013523
 vertex -0.27 0.00669696 0.0161679
 vertex -0.27 0.00452933 0.0169037
 endloop
endfacet
facet normal 0 0 0
 outer loop
 vertex -0.08 0.00362347 0.013523
 vertex -0.08 0.00452933 0.0169037
 vertex -0.08 0.00669696 0.0161679
 endloop
endfacet
facet normal 0 0 0
 outer loop
 vertex -0.08 0.00362347 0.013523
 vertex -0.08 0.00669696 0.0161679
 vertex -0.08 0.00535757 0.0129343
 endloop
endfacet
facet normal 0 0 0
 outer loop
 vertex -0.27 0.00535757 0.0129343
 vertex -0.27 0.007 0.0121244
 vertex -0.27 0.00875 0.0151554
 endloop
endfacet
facet normal 0 0 0
 outer loop
 vertex -0.27 0.00535757 0.0129343
 vertex -0.27 0.00875 0.0151554
 vertex -0.27 0.00669696 0.0161679
 endloop
endfacet
facet normal 0 0 0
 outer loop
 vertex -0.08 0.00535757 0.0129343
 vertex -0.08 0.00669696 0.0161679
 vertex -0.08 0.00875 0.0151554
 endloop
endfacet
facet normal 0 0 0
 outer loop
 vertex -0.08 0.00535757 0.0129343
 vertex -0.08 0.00875 0.0151554
 vertex -0.08 0.007 0.0121244
 endloop
endfacet
facet normal 0 0 0
 outer loop
 vertex -0.27 0.007 0.0121244
 vertex -0.27 0.00852266 0.0111069
 vertex -0.27 0.0106533 0.0138837
 endloop
endfacet
facet normal 0 0 0
 outer loop
 vertex -0.27 0.007 0.0121244
 vertex -0.27 0.0106533 0.0138837
 vertex -0.27 0.00875 0.0151554
 endloop
endfacet
facet normal 0 0 0
 outer loop
 vertex -0.08 0.007 0.0121244
 vertex -0.08 0.00875 0.0151554
 vertex -0.08 0.0106533 0.0138837
 endloop
endfacet
facet normal 0 0 0
 outer loop
 vertex -0.08 0.007 0.0121244
 vertex -0.08 0.0106533 0.0138837
 vertex -0.08 0.00852266 0.0111069
 endloop
endfacet
facet normal 0 0 0
 outer loop
 vertex -0.27 0.00852266 0.0111069
 vertex -0.27 0.0098995 0.0098995
 vertex -0.27 0.0123744 0.0123744
 endloop
endfacet
facet normal 0 0 0
 outer loop
 vertex -0.27 0.00852266 0.0111069
 vertex -0.27 0.0123744 0.0123744
 vertex -0.27 0.0106533 0.0138837
 endloop
endfacet
facet normal 0 0 0
 outer loop
 vertex -0.08 0.00852266 0.0111069
 vertex -0.08 0.0106533 0.0138837
 vertex -0.08 0.0123744 0.0123744
 endloop
endfacet
facet normal 0 0 0
 outer loop
 vertex -0.08 0.00852266 0.0111069
 vertex -0.08 0.0123744 0.0123744
 vertex -0.08 0.0098995 0.0098995
 endloop
endfacet
facet normal 0 0 0
 outer loop
 vertex -0.27 0.0098995 0.0098995
 vertex -0.27 0.0111069 0.00852266
 vertex -0.27 0.0138837 0.0106533
 endloop
endfacet
facet normal 0 0 0
 outer loop
 vertex -0.27 0.0098995 0.0098995
 vertex -0.27 0.0138837 0.0106533
 vertex -0.27 0.0123744 0.0123744
 endloop
endfacet
facet normal 0 0 0
 outer loop
 vertex -0.08 0.0098995 0.0098995
 vertex -0.08 0.0123744 0.0123744
 vertex -0.08 0.0138837 0.0106533
 endloop
endfacet
facet normal 0 0 0
 outer loop
 vertex -0.08 0.0098995 0.0098995
 vertex -0.08 0.0138837 0.0106533
 vertex -0.08 0.0111069 0.00852266
 endloop
endfacet
facet normal 0 0 0
 outer loop
 vertex -0.27 0.0111069 0.00852266
 vertex -0.27 0.0121244 0.007
 vertex -0.27 0.0151554 0.00875
 endloop
endfacet
facet normal 0 0 0
 outer loop
 vertex -0.27 0.0111069 0.00852266
 vertex -0.27 0.0151554 0.00875
 vertex -0.27 0.0138837 0.0106533
 endloop
endfacet
facet normal 0 0 0
 outer loop
 vertex -0.08 0.0111069 0.00852266
 vertex -0.08 0.0138837 0.0106533
 vertex -0.08 0.0151554 0.00875
 endloop
endfacet
facet normal 0 0 0
 outer loop
 vertex -0.08 0.0111069 0.00852266
 vertex -0.08 0.0151554 0.00875
 vertex -0.08 0.0121244 0.007
 endloop
endfacet
facet normal 0 0 0
 outer loop
 vertex -0.27 0.0121244 0.007
 vertex -0.27 0.0129343 0.00535757
 vertex -0.27 0.0161679 0.00669696
 endloop
endfacet
facet normal 0 0 0
 outer loop
 vertex -0.27 0.0121244 0.007
 vertex -0.27 0.0161679 0.00669696
 vertex -0.27 0.0151554 0.00875
 endloop
endfacet
facet normal 0 0 0
 outer loop
 vertex -0.08 0.0121244 0.007
 vertex -0.08 0.0151554 0.00875
 vertex -0.08 0.0161679 0.00669696
 endloop
endfacet
facet normal 0 0 0
 outer loop
 vertex -0.08 0.0121244 0.007
 vertex -0.08 0.0161679 0.00669696
 vertex -0.08 0.0129343 0.00535757
 endloop
endfacet
facet normal 0 0 0
 outer loop
 vertex -0.27 0.0129343 0.00535757
 vertex -0.27 0.013523 0.00362347
 vertex -0.27 0.0169037 0.00452933
 endloop
endfacet
facet normal 0 0 0
 outer loop
 vertex -0.27 0.0129343 0.00535757
 vertex -0.27 0.0169037 0.00452933
 vertex -0.27 0.0161679 0.00669696
 endloop
endfacet
facet normal 0 0 0
 outer loop
 vertex -0.08 0.0129343 0.00535757
 vertex -0.08 0.0161679 0.00669696
 vertex -0.08 0.0169037 0.00452933
 endloop
endfacet
facet normal 0 0 0
 outer loop
 vertex -0.08 0.0129343 0.00535757
 vertex -0.08 0.0169037 0.00452933
 vertex -0.08 0.013523 0.00362347
 endloop
endfacet
facet normal 0 0 0
 outer loop
 vertex -0.27 0.013523 0.00362347
 vertex -0.27 0.0138802 0.00182737
 vertex -0.27 0.0173503 0.00228421
 endloop
endfacet
facet normal 0 0 0
 outer loop
 vertex -0.27 0.013523 0.00362347
 vertex -0.27 0.0173503 0.00228421
 vertex -0.27 0.0169037 0.00452933
 endloop
endfacet
facet normal 0 0 0
 outer loop
 vertex -0.08 0.013523 0.00362347
 vertex -0.08 0.0169037 0.00452933
 vertex -0.08 0.0173503 0.00228421
 endloop
endfacet
facet normal 0 0 0
 outer loop
 vertex -0.08 0.013523 0.00362347
 vertex -0.08 0.0173503 0.00228421
 vertex -0.08 0.0138802 0.00182737
 endloop
endfacet
facet normal 0 0 0
 outer loop
 vertex -0.27 0.0138802 0.00182737
 vertex -0.27 0.014 -6.11959e-10
 vertex -0.27 0.0175 -7.64949e-10
 endloop
endfacet
facet normal 0 0 0
 outer loop
 vertex -0.27 0.0138802 0.00182737
 vertex -0.27 0.0175 -7.64949e-10
 vertex -0.27 0.0173503 0.00228421
 endloop
endfacet
facet normal 0 0 0
 outer loop
 vertex -0.08 0.0138802 0.00182737
 vertex -0.08 0.0173503 0.00228421
 vertex -0.08 0.0175 -7.64949e-10
 endloop
endfacet
facet normal 0 0 0
 outer loop
 vertex -0.08 0.0138802 0.00182737
 vertex -0.08 0.0175 -7.64949e-10
 vertex -0.08 0.014 -6.11959e-10
 endloop
endfacet
facet normal 0 0 0
 outer loop
 vertex -0.27 0.014 -6.11959e-10
 vertex -0.27 0.0138802 -0.00182737
 vertex -0.27 0.0173503 -0.00228421
 endloop
endfacet
facet normal 0 0 0
 outer loop
 vertex -0.27 0.014 -6.11959e-10
 vertex -0.27 0.0173503 -0.00228421
 vertex -0.27 0.0175 -7.64949e-10
 endloop
endfacet
facet normal 0 0 0
 outer loop
 vertex -0.08 0.014 -6.11959e-10
 vertex -0.08 0.0175 -7.64949e-10
 vertex -0.08 0.0173503 -0.00228421
 endloop
endfacet
facet normal 0 0 0
 outer loop
 vertex -0.08 0.014 -6.11959e-10
 vertex -0.08 0.0173503 -0.00228421
 vertex -0.08 0.0138802 -0.00182737
 endloop
endfacet
facet normal 0 0 0
 outer loop
 vertex -0.27 0.0138802 -0.00182737
 vertex -0.27 0.013523 -0.00362347
 vertex -0.27 0.0169037 -0.00452933
 endloop
endfacet
facet normal 0 0 0
 outer loop
 vertex -0.27 0.0138802 -0.00182737
 vertex -0.27 0.0169037 -0.00452933
 vertex -0.27 0.0173503 -0.00228421
 endloop
endfacet
facet normal 0 0 0
 outer loop
 vertex -0.08 0.0138802 -0.00182737
 vertex -0.08 0.0173503 -0.00228421
 vertex -0.08 0.0169037 -0.00452933
 endloop
endfacet
facet normal 0 0 0
 outer loop
 vertex -0.08 0.0138802 -0.00182737
 vertex -0.08 0.0169037 -0.00452933
 vertex -0.08 0.013523 -0.00362347
 endloop
endfacet
facet normal 0 0 0
 outer loop
 vertex -0.27 0.013523 -0.00362347
 vertex -0.27 0.0129343 -0.00535757
 vertex -0.27 0.0161679 -0.00669696
 endloop
endfacet
facet normal 0 0 0
 outer loop
 vertex -0.27 0.013523 -0.00362347
 vertex -0.27 0.0161679 -0.00669696
 vertex -0.27 0.0169037 -0.00452933
 endloop
endfacet
facet normal 0 0 0
 outer loop
 vertex -0.08 0.013523 -0.00362347
 vertex -0.08 0.0169037 -0.00452933
 vertex -0.08 0.0161679 -0.00669696
 endloop
endfacet
facet normal 0 0 0
 outer loop
 vertex -0.08 0.013523 -0.00362347
 vertex -0.08 0.0161679 -0.00669696
 vertex -0.08 0.0129343 -0.00535757
 endloop
endfacet
facet normal 0 0 0
 outer loop
 vertex -0.27 0.0129343 -0.00535757
 vertex -0.27 0.0121244 -0.007
 vertex -0.27 0.0151554 -0.00875
 endloop
endfacet
facet normal 0 0 0
 outer loop
 vertex -0.27 0.0129343 -0.00535757
 vertex -0.27 0.0151554 -0.00875
 vertex -0.27 0.0161679 -0.00669696
 endloop
endfacet
facet normal 0 0 0
 outer loop
 vertex -0.08 0.0129343 -0.00535757
 vertex -0.08 0.0161679 -0.00669696
 vertex -0.08 0.0151554 -0.00875
 endloop
endfacet
facet normal 0 0 0
 outer loop
 vertex -0.08 0.0129343 -0.00535757
 vertex -0.08 0.0151554 -0.00875
 vertex -0.08 0.0121244 -0.007
 endloop
endfacet
facet normal 0 0 0
 outer loop
 vertex -0.27 0.0121244 -0.007
 vertex -0.27 0.0111069 -0.00852266
 vertex -0.27 0.0138837 -0.0106533
 endloop
endfacet
facet normal 0 0 0
 outer loop
 vertex -0.27 0.0121244 -0.007
 vertex -0.27 0.0138837 -0.0106533
 vertex -0.27 0.0151554 -0.00875
 endloop
endfacet
facet normal 0 0 0
 outer loop
 vertex -0.08 0.0121244 -0.007
 vertex -0.08 0.0151554 -0.00875
 vertex -0.08 0.0138837 -0.0106533
 endloop
endfacet
facet normal 0 0 0
 outer loop
 vertex -0.08 0.0121244 -0.007
 vertex -0.08 0.0138837 -0.0106533
 vertex -0.08 0.0111069 -0.00852266
 endloop
endfacet
facet normal 0 0 0
 outer loop
 vertex -0.27 0.0111069 -0.00852266
 vertex -0.27 0.0098995 -0.0098995
 vertex -0.27 0.0123744 -0.0123744
 endloop
endfacet
facet normal 0 0 0
 outer loop
 vertex -0.27 0.0111069 -0.00852266
 vertex -0.27 0.0123744 -0.0123744
 vertex -0.27 0.0138837 -0.0106533
 endloop
endfacet
facet normal 0 0 0
 outer loop
 vertex -0.08 0.0111069 -0.00852266
 vertex -0.08 0.0138837 -0.0106533
 vertex -0.08 0.0123744 -0.0123744
 endloop
endfacet
facet normal 0 0 0
 outer loop
 vertex -0.08 0.0111069 -0.00852266
 vertex -0.08 0.0123744 -0.0123744
 vertex -0.08 0.0098995 -0.0098995
 endloop
endfacet
facet normal 0 0 0
 outer loop
 vertex -0.27 0.0098995 -0.0098995
 vertex -0.27 0.00852266 -0.0111069
 vertex -0.27 0.0106533 -0.0138837
 endloop
endfacet
facet normal 0 0 0
 outer loop
 vertex -0.27 0.0098995 -0.0098995
 vertex -0.27 0.0106533 -0.0138837
 vertex -0.27 0.0123744 -0.0123744
 endloop
endfacet
facet normal 0 0 0
 outer loop
 vertex -0.08 0.0098995 -0.0098995
 vertex -0.08 0.0123744 -0.0123744
 vertex -0.08 0.0106533 -0.0138837
 endloop
endfacet
facet normal 0 0 0
 outer loop
 vertex -0.08 0.0098995 -0.0098995
 vertex -0.08 0.0106533 -0.0138837
 vertex -0.08 0.00852266 -0.0111069
 endloop
endfacet
facet normal 0 0 0
 outer loop
 vertex -0.27 0.00852266 -0.0111069
 vertex -0.27 0.007 -0.0121244
 vertex -0.27 0.00875 -0.0151554
 endloop
endfacet
facet normal 0 0 0
 outer loop
 vertex -0.27 0.00852266 -0.0111069
 vertex -0.27 0.00875 -0.0151554
 vertex -0.27 0.0106533 -0.0138837
 endloop
endfacet
facet normal 0 0 0
 outer loop
 vertex -0.08 0.00852266 -0.0111069
 vertex -0.08 0.0106533 -0.0138837
 vertex -0.08 0.00875 -0.0151554
 endloop
endfacet
facet normal 0 0 0
 outer loop
 vertex -0.08 0.00852266 -0.0111069
 vertex -0.08 0.00875 -0.0151554
 vertex -0.08 0.007 -0.0121244
 endloop
endfacet
facet normal 0 0 0
 outer loop
 vertex -0.27 0.007 -0.0121244
 vertex -0.27 0.00535757 -0.0129343
 vertex -0.27 0.00669696 -0.0161679
 endloop
endfacet
facet normal 0 0 0
 outer loop
 vertex -0.27 0.007 -0.0121244
 vertex -0.27 0.00669696 -0.0161679
 vertex -0.27 0.00875 -0.0151554
 endloop
endfacet
facet normal 0 0 0
 outer loop
 vertex -0.08 0.007 -0.0121244
 vertex -0.08 0.00875 -0.0151554
 vertex -0.08 0.00669696 -0.0161679
 endloop
endfacet
facet normal 0 0 0
 outer loop
 vertex -0.08 0.007 -0.0121244
 vertex -0.08 0.00669696 -0.0161679
 vertex -0.08 0.00535757 -0.0129343
 endloop
endfacet
facet normal 0 0 0
 outer loop
 vertex -0.27 0.00535757 -0.0129343
 vertex -0.27 0.00362347 -0.013523
 vertex -0.27 0.00452934 -0.0169037
 endloop
endfacet
facet normal 0 0 0
 outer loop
 vertex -0.27 0.00535757 -0.0129343
 vertex -0.27 0.00452934 -0.0169037
 vertex -0.27 0.00669696 -0.0161679
 endloop
endfacet
facet normal 0 0 0
 outer loop
 vertex -0.08 0.00535757 -0.0129343
 vertex -0.08 0.00669696 -0.0161679
 vertex -0.08 0.00452934 -0.0169037
 endloop
endfacet
facet normal 0 0 0
 outer loop
 vertex -0.08 0.00535757 -0.0129343
 vertex -0.08 0.00452934 -0.0169037
 vertex -0.08 0.00362347 -0.013523
 endloop
endfacet
facet normal 0 0 0
 outer loop
 vertex -0.27 0.00362347 -0.013523
 vertex -0.27 0.00182737 -0.0138802
 vertex -0.27 0.00228421 -0.0173503
 endloop
endfacet
facet normal 0 0 0
 outer loop
 vertex -0.27 0.00362347 -0.013523
 vertex -0.27 0.00228421 -0.0173503
 vertex -0.27 0.00452934 -0.0169037
 endloop
endfacet
facet normal 0 0 0
 outer loop
 vertex -0.08 0.00362347 -0.013523
 vertex -0.08 0.00452934 -0.0169037
 vertex -0.08 0.00228421 -0.0173503
 endloop
endfacet
facet normal 0 0 0
 outer loop
 vertex -0.08 0.00362347 -0.013523
 vertex -0.08 0.00228421 -0.0173503
 vertex -0.08 0.00182737 -0.0138802
 endloop
endfacet
facet normal 0 0 0
 outer loop
 vertex -0.27 0.00182737 -0.0138802
 vertex -0.27 -1.22392e-09 -0.014
 vertex -0.27 -1.5299e-09 -0.0175
 endloop
endfacet
facet normal 0 0 0
 outer loop
 vertex -0.27 0.00182737 -0.0138802
 vertex -0.27 -1.5299e-09 -0.0175
 vertex -0.27 0.00228421 -0.0173503
 endloop
endfacet
facet normal 0 0 0
 outer loop
 vertex -0.08 0.00182737 -0.0138802
 vertex -0.08 0.00228421 -0.0173503
 vertex -0.08 -1.5299e-09 -0.0175
 endloop
endfacet
facet normal 0 0 0
 outer loop
 vertex -0.08 0.00182737 -0.0138802
 vertex -0.08 -1.5299e-09 -0.0175
 vertex -0.08 -1.22392e-09 -0.014
 endloop
endfacet
facet normal 0 0 0
 outer loop
 vertex -0.27 -1.22392e-09 -0.014
 vertex -0.27 -0.00182737 -0.0138802
 vertex -0.27 -0.00228421 -0.0173503
 endloop
endfacet
facet normal 0 0 0
 outer loop
 vertex -0.27 -1.22392e-09 -0.014
 vertex -0.27 -0.00228421 -0.0173503
 vertex -0.27 -1.5299e-09 -0.0175
 endloop
endfacet
facet normal 0 0 0
 outer loop
 vertex -0.08 -1.22392e-09 -0.014
 vertex -0.08 -1.5299e-09 -0.0175
 vertex -0.08 -0.00228421 -0.0173503
 endloop
endfacet
facet normal 0 0 0
 outer loop
 vertex -0.08 -1.22392e-09 -0.014
 vertex -0.08 -0.00228421 -0.0173503
 vertex -0.08 -0.00182737 -0.0138802
 endloop
endfacet
facet normal 0 0 0
 outer loop
 vertex -0.27 -0.00182737 -0.0138802
 vertex -0.27 -0.00362347 -0.013523
 vertex -0.27 -0.00452933 -0.0169037
 endloop
endfacet
facet normal 0 0 0
 outer loop
 vertex -0.27 -0.00182737 -0.0138802
 vertex -0.27 -0.00452933 -0.0169037
 vertex -0.27 -0.00228421 -0.0173503
 endloop
endfacet
facet normal 0 0 0
 outer loop
 vertex -0.08 -0.00182737 -0.0138802
 vertex -0.08 -0.00228421 -0.0173503
 vertex -0.08 -0.00452933 -0.0169037
 endloop
endfacet
facet normal 0 0 0
 outer loop
 vertex -0.08 -0.00182737 -0.0138802
 vertex -0.08 -0.00452933 -0.0169037
 vertex -0.08 -0.00362347 -0.013523
 endloop
endfacet
facet normal 0 0 0
 outer loop
 vertex -0.27 -0.00362347 -0.013523
 vertex -0.27 -0.00535757 -0.0129343
 vertex -0.27 -0.00669696 -0.0161679
 endloop
endfacet
facet normal 0 0 0
 outer loop
 vertex -0.27 -0.00362347 -0.013523
 vertex -0.27 -0.00669696 -0.0161679
 vertex -0.27 -0.00452933 -0.0169037
 endloop
endfacet
facet normal 0 0 0
 outer loop
 vertex -0.08 -0.00362347 -0.013523
 vertex -0.08 -0.00452933 -0.0169037
 vertex -0.08 -0.00669696 -0.0161679
 endloop
endfacet
facet normal 0 0 0
 outer loop
 vertex -0.08 -0.00362347 -0.013523
 vertex -0.08 -0.00669696 -0.0161679
 vertex -0.08 -0.00535757 -0.0129343
 endloop
endfacet
facet normal 0 0 0
 outer loop
 vertex -0.27 -0.00535757 -0.0129343
 vertex -0.27 -0.007 -0.0121244
 vertex -0.27 -0.00875 -0.0151554
 endloop
endfacet
facet normal 0 0 0
 outer loop
 vertex -0.27 -0.00535757 -0.0129343
 vertex -0.27 -0.00875 -0.0151554
 vertex -0.27 -0.00669696 -0.0161679
 endloop
endfacet
facet normal 0 0 0
 outer loop
 vertex -0.08 -0.00535757 -0.0129343
 vertex -0.08 -0.00669696 -0.0161679
 vertex -0.08 -0.00875 -0.0151554
 endloop
endfacet
facet normal 0 0 0
 outer loop
 vertex -0.08 -0.00535757 -0.0129343
 vertex -0.08 -0.00875 -0.0151554
 vertex -0.08 -0.007 -0.0121244
 endloop
endfacet
facet normal 0 0 0
 outer loop
 vertex -0.27 -0.007 -0.0121244
 vertex -0.27 -0.00852266 -0.0111069
 vertex -0.27 -0.0106533 -0.0138837
 endloop
endfacet
facet normal 0 0 0
 outer loop
 vertex -0.27 -0.007 -0.0121244
 vertex -0.27 -0.0106533 -0.0138837
 vertex -0.27 -0.00875 -0.0151554
 endloop
endfacet
facet normal 0 0 0
 outer loop
 vertex -0.08 -0.007 -0.0121244
 vertex -0.08 -0.00875 -0.0151554
 vertex -0.08 -0.0106533 -0.0138837
 endloop
endfacet
facet normal 0 0 0
 outer loop
 vertex -0.08 -0.007 -0.0121244
 vertex -0.08 -0.0106533 -0.0138837
 vertex -0.08 -0.00852266 -0.0111069
 endloop
endfacet
facet normal 0 0 0
 outer loop
 vertex -0.27 -0.00852266 -0.0111069
 vertex -0.27 -0.00989949 -0.0098995
 vertex -0.27 -0.0123744 -0.0123744
 endloop
endfacet
facet normal 0 0 0
 outer loop
 vertex -0.27 -0.00852266 -0.0111069
 vertex -0.27 -0.0123744 -0.0123744
 vertex -0.27 -0.0106533 -0.0138837
 endloop
endfacet
facet normal 0 0 0
 outer loop
 vertex -0.08 -0.00852266 -0.0111069
 vertex -0.08 -0.0106533 -0.0138837
 vertex -0.08 -0.0123744 -0.0123744
 endloop
endfacet
facet normal 0 0 0
 outer loop
 vertex -0.08 -0.00852266 -0.0111069
 vertex -0.08 -0.0123744 -0.0123744
 vertex -0.08 -0.00989949 -0.0098995
 endloop
endfacet
facet normal 0 0 0
 outer loop
 vertex -0.27 -0.00989949 -0.0098995
 vertex -0.27 -0.0111069 -0.00852266
 vertex -0.27 -0.0138837 -0.0106533
 endloop
endfacet
facet normal 0 0 0
 outer loop
 vertex -0.27 -0.00989949 -0.0098995
 vertex -0.27 -0.0138837 -0.0106533
 vertex -0.27 -0.0123744 -0.0123744
 endloop
endfacet
facet normal 0 0 0
 outer loop
 vertex -0.08 -0.00989949 -0.0098995
 vertex -0.08 -0.0123744 -0.0123744
 vertex -0.08 -0.0138837 -0.0106533
 endloop
endfacet
facet normal 0 0 0
 outer loop
 vertex -0.08 -0.00989949 -0.0098995
 vertex -0.08 -0.0138837 -0.0106533
 vertex -0.08 -0.0111069 -0.00852266
 endloop
endfacet
facet normal 0 0 0
 outer loop
 vertex -0.27 -0.0111069 -0.00852266
 vertex -0.27 -0.0121244 -0.007
 vertex -0.27 -0.0151554 -0.00875
 endloop
endfacet
facet normal 0 0 0
 outer loop
 vertex -0.27 -0.0111069 -0.00852266
 vertex -0.27 -0.0151554 -0.00875
 vertex -0.27 -0.0138837 -0.0106533
 endloop
endfacet
facet normal 0 0 0
 outer loop
 vertex -0.08 -0.0111069 -0.00852266
 vertex -0.08 -0.0138837 -0.0106533
 vertex -0.08 -0.0151554 -0.00875
 endloop
endfacet
facet normal 0 0 0
 outer loop
 vertex -0.08 -0.0111069 -0.00852266
 vertex -0.08 -0.0151554 -0.00875
 vertex -0.08 -0.0121244 -0.007
 endloop
endfacet
facet normal 0 0 0
 outer loop
 vertex -0.27 -0.0121244 -0.007
 vertex -0.27 -0.0129343 -0.00535757
 vertex -0.27 -0.0161679 -0.00669696
 endloop
endfacet
facet normal 0 0 0
 outer loop
 vertex -0.27 -0.0121244 -0.007
 vertex -0.27 -0.0161679 -0.00669696
 vertex -0.27 -0.0151554 -0.00875
 endloop
endfacet
facet normal 0 0 0
 outer loop
 vertex -0.08 -0.0121244 -0.007
 vertex -0.08 -0.0151554 -0.00875
 vertex -0.08 -0.0161679 -0.00669696
 endloop
endfacet
facet normal 0 0 0
 outer loop
 vertex -0.08 -0.0121244 -0.007
 vertex -0.08 -0.0161679 -0.00669696
 vertex -0.08 -0.0129343 -0.00535757
 endloop
endfacet
facet normal 0 0 0
 outer loop
 vertex -0.27 -0.0129343 -0.00535757
 vertex -0.27 -0.013523 -0.00362347
 vertex -0.27 -0.0169037 -0.00452933
 endloop
endfacet
facet normal 0 0 0
 outer loop
 vertex -0.27 -0.0129343 -0.00535757
 vertex -0.27 -0.0169037 -0.00452933
 vertex -0.27 -0.0161679 -0.00669696
 endloop
endfacet
facet normal 0 0 0
 outer loop
 vertex -0.08 -0.0129343 -0.00535757
 vertex -0.08 -0.0161679 -0.00669696
 vertex -0.08 -0.0169037 -0.00452933
 endloop
endfacet
facet normal 0 0 0
 outer loop
 vertex -0.08 -0.0129343 -0.00535757
 vertex -0.08 -0.0169037 -0.00452933
 vertex -0.08 -0.013523 -0.00362347
 endloop
endfacet
facet normal 0 0 0
 outer loop
 vertex -0.27 -0.013523 -0.00362347
 vertex -0.27 -0.0138802 -0.00182737
 vertex -0.27 -0.0173503 -0.00228421
 endloop
endfacet
facet normal 0 0 0
 outer loop
 vertex -0.27 -0.013523 -0.00362347
 vertex -0.27 -0.0173503 -0.00228421
 vertex -0.27 -0.0169037 -0.00452933
 endloop
endfacet
facet normal 0 0 0
 outer loop
 vertex -0.08 -0.013523 -0.00362347
 vertex -0.08 -0.0169037 -0.00452933
 vertex -0.08 -0.0173503 -0.00228421
 endloop
endfacet
facet normal 0 0 0
 outer loop
 vertex -0.08 -0.013523 -0.00362347
 vertex -0.08 -0.0173503 -0.00228421
 vertex -0.08 -0.0138802 -0.00182737
 endloop
endfacet
facet normal 0 0 0
 outer loop
 vertex -0.27 -0.0138802 -0.00182737
 vertex -0.27 -0.014 1.66948e-10
 vertex -0.27 -0.0175 2.08685e-10
 endloop
endfacet
facet normal 0 0 0
 outer loop
 vertex -0.27 -0.0138802 -0.00182737
 vertex -0.27 -0.0175 2.08685e-10
 vertex -0.27 -0.0173503 -0.00228421
 endloop
endfacet
facet normal 0 0 0
 outer loop
 vertex -0.08 -0.0138802 -0.00182737
 vertex -0.08 -0.0173503 -0.00228421
 vertex -0.08 -0.0175 2.08685e-10
 endloop
endfacet
facet normal 0 0 0
 outer loop
 vertex -0.08 -0.0138802 -0.00182737
 vertex -0.08 -0.0175 2.08685e-10
 vertex -0.08 -0.014 1.66948e-10
 endloop
endfacet
facet normal 0 0 0
 outer loop
 vertex -0.27 -0.014 1.66948e-10
 vertex -0.27 -0.0138802 0.00182737
 vertex -0.27 -0.0173503 0.00228421
 endloop
endfacet
facet normal 0 0 0
 outer loop
 vertex -0.27 -0.014 1.66948e-10
 vertex -0.27 -0.0173503 0.00228421
 vertex -0.27 -0.0175 2.08685e-10
 endloop
endfacet
facet normal 0 0 0
 outer loop
 vertex -0.08 -0.014 1.66948e-10
 vertex -0.08 -0.0175 2.08685e-10
 vertex -0.08 -0.0173503 0.00228421
 endloop
endfacet
facet normal 0 0 0
 outer loop
 vertex -0.08 -0.014 1.66948e-10
 vertex -0.08 -0.0173503 0.00228421
 vertex -0.08 -0.0138802 0.00182737
 endloop
endfacet
facet normal 0 0 0
 outer loop
 vertex -0.27 -0.0138802 0.00182737
 vertex -0.27 -0.013523 0.00362347
 vertex -0.27 -0.0169037 0.00452933
 endloop
endfacet
facet normal 0 0 0
 outer loop
 vertex -0.27 -0.0138802 0.00182737
 vertex -0.27 -0.0169037 0.00452933
 vertex -0.27 -0.0173503 0.00228421
 endloop
endfacet
facet normal 0 0 0
 outer loop
 vertex -0.08 -0.0138802 0.00182737
 vertex -0.08 -0.0173503 0.00228421
 vertex -0.08 -0.0169037 0.00452933
 endloop
endfacet
facet normal 0 0 0
 outer loop
 vertex -0.08 -0.0138802 0.00182737
 vertex -0.08 -0.0169037 0.00452933
 vertex -0.08 -0.013523 0.00362347
 endloop
endfacet
facet normal 0 0 0
 outer loop
 vertex -0.27 -0.013523 0.00362347
 vertex -0.27 -0.0129343 0.00535757
 vertex -0.27 -0.0161679 0.00669696
 endloop
endfacet
facet normal 0 0 0
 outer loop
 vertex -0.27 -0.013523 0.00362347
 vertex -0.27 -0.0161679 0.00669696
 vertex -0.27 -0.0169037 0.00452933
 endloop
endfacet
facet normal 0 0 0
 outer loop
 vertex -0.08 -0.013523 0.00362347
 vertex -0.08 -0.0169037 0.00452933
 vertex -0.08 -0.0161679 0.00669696
 endloop
endfacet
facet normal 0 0 0
 outer loop
 vertex -0.08 -0.013523 0.00362347
 vertex -0.08 -0.0161679 0.00669696
 vertex -0.08 -0.0129343 0.00535757
 endloop
endfacet
facet normal 0 0 0
 outer loop
 vertex -0.27 -0.0129343 0.00535757
 vertex -0.27 -0.0121244 0.007
 vertex -0.27 -0.0151554 0.00875
 endloop
endfacet
facet normal 0 0 0
 outer loop
 vertex -0.27 -0.0129343 0.00535757
 vertex -0.27 -0.0151554 0.00875
 vertex -0.27 -0.0161679 0.00669696
 endloop
endfacet
facet normal 0 0 0
 outer loop
 vertex -0.08 -0.0129343 0.00535757
 vertex -0.08 -0.0161679 0.00669696
 vertex -0.08 -0.0151554 0.00875
 endloop
endfacet
facet normal 0 0 0
 outer loop
 vertex -0.08 -0.0129343 0.00535757
 vertex -0.08 -0.0151554 0.00875
 vertex -0.08 -0.0121244 0.007
 endloop
endfacet
facet normal 0 0 0
 outer loop
 vertex -0.27 -0.0121244 0.007
 vertex -0.27 -0.0111069 0.00852266
 vertex -0.27 -0.0138837 0.0106533
 endloop
endfacet
facet normal 0 0 0
 outer loop
 vertex -0.27 -0.0121244 0.007
 vertex -0.27 -0.0138837 0.0106533
 vertex -0.27 -0.0151554 0.00875
 endloop
endfacet
facet normal 0 0 0
 outer loop
 vertex -0.08 -0.0121244 0.007
 vertex -0.08 -0.0151554 0.00875
 vertex -0.08 -0.0138837 0.0106533
 endloop
endfacet
facet normal 0 0 0
 outer loop
 vertex -0.08 -0.0121244 0.007
 vertex -0.08 -0.0138837 0.0106533
 vertex -0.08 -0.0111069 0.00852266
 endloop
endfacet
facet normal 0 0 0
 outer loop
 vertex -0.27 -0.0111069 0.00852266
 vertex -0.27 -0.0098995 0.00989949
 vertex -0.27 -0.0123744 0.0123744
 endloop
endfacet
facet normal 0 0 0
 outer loop
 vertex -0.27 -0.0111069 0.00852266
 vertex -0.27 -0.0123744 0.0123744
 vertex -0.27 -0.0138837 0.0106533
 endloop
endfacet
facet normal 0 0 0
 outer loop
 vertex -0.08 -0.0111069 0.00852266
 vertex -0.08 -0.0138837 0.0106533
 vertex -0.08 -0.0123744 0.0123744
 endloop
endfacet
facet normal 0 0 0
 outer loop
 vertex -0.08 -0.0111069 0.00852266
 vertex -0.08 -0.0123744 0.0123744
 vertex -0.08 -0.0098995 0.00989949
 endloop
endfacet
facet normal 0 0 0
 outer loop
 vertex -0.27 -0.0098995 0.00989949
 vertex -0.27 -0.00852266 0.0111069
 vertex -0.27 -0.0106533 0.0138837
 endloop
endfacet
facet normal 0 0 0
 outer loop
 vertex -0.27 -0.0098995 0.00989949
 vertex -0.27 -0.0106533 0.0138837
 vertex -0.27 -0.0123744 0.0123744
 endloop
endfacet
facet normal 0 0 0
 outer loop
 vertex -0.08 -0.0098995 0.00989949
 vertex -0.08 -0.0123744 0.0123744
 vertex -0.08 -0.0106533 0.0138837
 endloop
endfacet
facet normal 0 0 0
 outer loop
 vertex -0.08 -0.0098995 0.00989949
 vertex -0.08 -0.0106533 0.0138837
 vertex -0.08 -0.00852266 0.0111069
 endloop
endfacet
facet normal 0 0 0
 outer loop
 vertex -0.27 -0.00852266 0.0111069
 vertex -0.27 -0.007 0.0121244
 vertex -0.27 -0.00875 0.0151554
 endloop
endfacet
facet normal 0 0 0
 outer loop
 vertex -0.27 -0.00852266 0.0111069
 vertex -0.27 -0.00875 0.0151554
 vertex -0.27 -0.0106533 0.0138837
 endloop
endfacet
facet normal 0 0 0
 outer loop
 vertex -0.08 -0.00852266 0.0111069
 vertex -0.08 -0.0106533 0.0138837
 vertex -0.08 -0.00875 0.0151554
 endloop
endfacet
facet normal 0 0 0
 outer loop
 vertex -0.08 -0.00852266 0.0111069
 vertex -0.08 -0.00875 0.0151554
 vertex -0.08 -0.007 0.0121244
 endloop
endfacet
facet normal 0 0 0
 outer loop
 vertex -0.27 -0.007 0.0121244
 vertex -0.27 -0.00535757 0.0129343
 vertex -0.27 -0.00669696 0.0161679
 endloop
endfacet
facet normal 0 0 0
 outer loop
 vertex -0.27 -0.007 0.0121244
 vertex -0.27 -0.00669696 0.0161679
 vertex -0.27 -0.00875 0.0151554
 endloop
endfacet
facet normal 0 0 0
 outer loop
 vertex -0.08 -0.007 0.0121244
 vertex -0.08 -0.00875 0.0151554
 vertex -0.08 -0.00669696 0.0161679
 endloop
endfacet
facet normal 0 0 0
 outer loop
 vertex -0.08 -0.007 0.0121244
 vertex -0.08 -0.00669696 0.0161679
 vertex -0.08 -0.00535757 0.0129343
 endloop
endfacet
facet normal 0 0 0
 outer loop
 vertex -0.27 -0.00535757 0.0129343
 vertex -0.27 -0.00362346 0.013523
 vertex -0.27 -0.00452933 0.0169037
 endloop
endfacet
facet normal 0 0 0
 outer loop
 vertex -0.27 -0.00535757 0.0129343
 vertex -0.27 -0.00452933 0.0169037
 vertex -0.27 -0.00669696 0.0161679
 endloop
endfacet
facet normal 0 0 0
 outer loop
 vertex -0.08 -0.00535757 0.0129343
 vertex -0.08 -0.00669696 0.0161679
 vertex -0.08 -0.00452933 0.0169037
 endloop
endfacet
facet normal 0 0 0
 outer loop
 vertex -0.08 -0.00535757 0.0129343
 vertex -0.08 -0.00452933 0.0169037
 vertex -0.08 -0.00362346 0.013523
 endloop
endfacet
facet normal 0 0 0
 outer loop
 vertex -0.27 -0.00362346 0.013523
 vertex -0.27 -0.00182737 0.0138802
 vertex -0.27 -0.00228421 0.0173503
 endloop
endfacet
facet normal 0 0 0
 outer loop
 vertex -0.27 -0.00362346 0.013523
 vertex -0.27 -0.00228421 0.0173503
 vertex -0.27 -0.00452933 0.0169037
 endloop
endfacet
facet normal 0 0 0
 outer loop
 vertex -0.08 -0.00362346 0.013523
 vertex -0.08 -0.00452933 0.0169037
 vertex -0.08 -0.00228421 0.0173503
 endloop
endfacet
facet normal 0 0 0
 outer loop
 vertex -0.08 -0.00362346 0.013523
 vertex -0.08 -0.00228421 0.0173503
 vertex -0.08 -0.00182737 0.0138802
 endloop
endfacet
facet normal 0 0 0
 outer loop
 vertex -0.27 -0.00182737 0.0138802
 vertex -0.27 2.44784e-09 0.014
 vertex -0.27 3.0598e-09 0.0175
 endloop
endfacet
facet normal 0 0 0
 outer loop
 vertex -0.27 -0.00182737 0.0138802
 vertex -0.27 3.0598e-09 0.0175
 vertex -0.27 -0.00228421 0.0173503
 endloop
endfacet
facet normal 0 0 0
 outer loop
 vertex -0.08 -0.00182737 0.0138802
 vertex -0.08 -0.00228421 0.0173503
 vertex -0.08 3.0598e-09 0.0175
 endloop
endfacet
facet normal 0 0 0
 outer loop
 vertex -0.08 -0.00182737 0.0138802
 vertex -0.08 3.0598e-09 0.0175
 vertex -0.08 2.44784e-09 0.014
 endloop
endfacet
facet normal 0 0 0
 outer loop
 vertex -0.08 0 0.0175
 vertex -0.08 0.00228421 0.0173503
 vertex 0.2 0.00228421 0.0173503
 endloop
endfacet
facet normal 0 0 0
 outer loop
 vertex -0.08 0 0.0175
 vertex 0.2 0.00228421 0.0173503
 vertex 0.2 0 0.0175
 endloop
endfacet
facet normal 0 0 0
 outer loop
 vertex 0.2 0 0.0165
 vertex 0.2 0.00215368 0.0163588
 vertex -0.08 0.00215368 0.0163588
 endloop
endfacet
facet normal 0 0 0
 outer loop
 vertex 0.2 0 0.0165
 vertex -0.08 0.00215368 0.0163588
 vertex -0.08 0 0.0165
 endloop
endfacet
facet normal 0 0 0
 outer loop
 vertex -0.08 0.00228421 0.0173503
 vertex -0.08 0.00452933 0.0169037
 vertex 0.2 0.00452933 0.0169037
 endloop
endfacet
facet normal 0 0 0
 outer loop
 vertex -0.08 0.00228421 0.0173503
 vertex 0.2 0.00452933 0.0169037
 vertex 0.2 0.00228421 0.0173503
 endloop
endfacet
facet normal 0 0 0
 outer loop
 vertex 0.2 0.00215368 0.0163588
 vertex 0.2 0.00427051 0.0159378
 vertex -0.08 0.00427051 0.0159378
 endloop
endfacet
facet normal 0 0 0
 outer loop
 vertex 0.2 0.00215368 0.0163588
 vertex -0.08 0.00427051 0.0159378
 vertex -0.08 0.00215368 0.0163588
 endloop
endfacet
facet normal 0 0 0
 outer loop
 vertex -0.08 0.00452933 0.0169037
 vertex -0.08 0.00669696 0.0161679
 vertex 0.2 0.00669696 0.0161679
 endloop
endfacet
facet normal 0 0 0
 outer loop
 vertex -0.08 0.00452933 0.0169037
 vertex 0.2 0.00669696 0.0161679
 vertex 0.2 0.00452933 0.0169037
 endloop
endfacet
facet normal 0 0 0
 outer loop
 vertex 0.2 0.00427051 0.0159378
 vertex 0.2 0.00631428 0.015244
 vertex -0.08 0.00631428 0.015244
 endloop
endfacet
facet normal 0 0 0
 outer loop
 vertex 0.2 0.00427051 0.0159378
 vertex -0.08 0.00631428 0.015244
 vertex -0.08 0.00427051 0.0159378
 endloop
endfacet
facet normal 0 0 0
 outer loop
 vertex -0.08 0.00669696 0.0161679
 vertex -0.08 0.00875 0.0151554
 vertex 0.2 0.00875 0.0151554
 endloop
endfacet
facet normal 0 0 0
 outer loop
 vertex -0.08 0.00669696 0.0161679
 vertex 0.2 0.00875 0.0151554
 vertex 0.2 0.00669696 0.0161679
 endloop
endfacet
facet normal 0 0 0
 outer loop
 vertex 0.2 0.00631428 0.015244
 vertex 0.2 0.00825 0.0142894
 vertex -0.08 0.00825 0.0142894
 endloop
endfacet
facet normal 0 0 0
 outer loop
 vertex 0.2 0.00631428 0.015244
 vertex -0.08 0.00825 0.0142894
 vertex -0.08 0.00631428 0.015244
 endloop
endfacet
facet normal 0 0 0
 outer loop
 vertex -0.08 0.00875 0.0151554
 vertex -0.08 0.0106533 0.0138837
 vertex 0.2 0.0106533 0.0138837
 endloop
endfacet
facet normal 0 0 0
 outer loop
 vertex -0.08 0.00875 0.0151554
 vertex 0.2 0.0106533 0.0138837
 vertex 0.2 0.00875 0.0151554
 endloop
endfacet
facet normal 0 0 0
 outer loop
 vertex 0.2 0.00825 0.0142894
 vertex 0.2 0.0100446 0.0130903
 vertex -0.08 0.0100446 0.0130903
 endloop
endfacet
facet normal 0 0 0
 outer loop
 vertex 0.2 0.00825 0.0142894
 vertex -0.08 0.0100446 0.0130903
 vertex -0.08 0.00825 0.0142894
 endloop
endfacet
facet normal 0 0 0
 outer loop
 vertex -0.08 0.0106533 0.0138837
 vertex -0.08 0.0123744 0.0123744
 vertex 0.2 0.0123744 0.0123744
 endloop
endfacet
facet normal 0 0 0
 outer loop
 vertex -0.08 0.0106533 0.0138837
 vertex 0.2 0.0123744 0.0123744
 vertex 0.2 0.0106533 0.0138837
 endloop
endfacet
facet normal 0 0 0
 outer loop
 vertex 0.2 0.0100446 0.0130903
 vertex 0.2 0.0116673 0.0116673
 vertex -0.08 0.0116673 0.0116673
 endloop
endfacet
facet normal 0 0 0
 outer loop
 vertex 0.2 0.0100446 0.0130903
 vertex -0.08 0.0116673 0.0116673
 vertex -0.08 0.0100446 0.0130903
 endloop
endfacet
facet normal 0 0 0
 outer loop
 vertex -0.08 0.0123744 0.0123744
 vertex -0.08 0.0138837 0.0106533
 vertex 0.2 0.0138837 0.0106533
 endloop
endfacet
facet normal 0 0 0
 outer loop
 vertex -0.08 0.0123744 0.0123744
 vertex 0.2 0.0138837 0.0106533
 vertex 0.2 0.0123744 0.0123744
 endloop
endfacet
facet normal 0 0 0
 outer loop
 vertex 0.2 0.0116673 0.0116673
 vertex 0.2 0.0130903 0.0100446
 vertex -0.08 0.0130903 0.0100446
 endloop
endfacet
facet normal 0 0 0
 outer loop
 vertex 0.2 0.0116673 0.0116673
 vertex -0.08 0.0130903 0.0100446
 vertex -0.08 0.0116673 0.0116673
 endloop
endfacet
facet normal 0 0 0
 outer loop
 vertex -0.08 0.0138837 0.0106533
 vertex -0.08 0.0151554 0.00875
 vertex 0.2 0.0151554 0.00875
 endloop
endfacet
facet normal 0 0 0
 outer loop
 vertex -0.08 0.0138837 0.0106533
 vertex 0.2 0.0151554 0.00875
 vertex 0.2 0.0138837 0.0106533
 endloop
endfacet
facet normal 0 0 0
 outer loop
 vertex 0.2 0.0130903 0.0100446
 vertex 0.2 0.0142894 0.00825
 vertex -0.08 0.0142894 0.00825
 endloop
endfacet
facet normal 0 0 0
 outer loop
 vertex 0.2 0.0130903 0.0100446
 vertex -0.08 0.0142894 0.00825
 vertex -0.08 0.0130903 0.0100446
 endloop
endfacet
facet normal 0 0 0
 outer loop
 vertex -0.08 0.0151554 0.00875
 vertex -0.08 0.0161679 0.00669696
 vertex 0.2 0.0161679 0.00669696
 endloop
endfacet
facet normal 0 0 0
 outer loop
 vertex -0.08 0.0151554 0.00875
 vertex 0.2 0.0161679 0.00669696
 vertex 0.2 0.0151554 0.00875
 endloop
endfacet
facet normal 0 0 0
 outer loop
 vertex 0.2 0.0142894 0.00825
 vertex 0.2 0.015244 0.00631428
 vertex -0.08 0.015244 0.00631428
 endloop
endfacet
facet normal 0 0 0
 outer loop
 vertex 0.2 0.0142894 0.00825
 vertex -0.08 0.015244 0.00631428
 vertex -0.08 0.0142894 0.00825
 endloop
endfacet
facet normal 0 0 0
 outer loop
 vertex -0.08 0.0161679 0.00669696
 vertex -0.08 0.0169037 0.00452933
 vertex 0.2 0.0169037 0.00452933
 endloop
endfacet
facet normal 0 0 0
 outer loop
 vertex -0.08 0.0161679 0.00669696
 vertex 0.2 0.0169037 0.00452933
 vertex 0.2 0.0161679 0.00669696
 endloop
endfacet
facet normal 0 0 0
 outer loop
 vertex 0.2 0.015244 0.00631428
 vertex 0.2 0.0159378 0.00427051
 vertex -0.08 0.0159378 0.00427051
 endloop
endfacet
facet normal 0 0 0
 outer loop
 vertex 0.2 0.015244 0.00631428
 vertex -0.08 0.0159378 0.00427051
 vertex -0.08 0.015244 0.00631428
 endloop
endfacet
facet normal 0 0 0
 outer loop
 vertex -0.08 0.0169037 0.00452933
 vertex -0.08 0.0173503 0.00228421
 vertex 0.2 0.0173503 0.00228421
 endloop
endfacet
facet normal 0 0 0
 outer loop
 vertex -0.08 0.0169037 0.00452933
 vertex 0.2 0.0173503 0.00228421
 vertex 0.2 0.0169037 0.00452933
 endloop
endfacet
facet normal 0 0 0
 outer loop
 vertex 0.2 0.0159378 0.00427051
 vertex 0.2 0.0163588 0.00215368
 vertex -0.08 0.0163588 0.00215368
 endloop
endfacet
facet normal 0 0 0
 outer loop
 vertex 0.2 0.0159378 0.00427051
 vertex -0.08 0.0163588 0.00215368
 vertex -0.08 0.0159378 0.00427051
 endloop
endfacet
facet normal 0 0 0
 outer loop
 vertex -0.08 0.0173503 0.00228421
 vertex -0.08 0.0175 -7.64949e-10
 vertex 0.2 0.0175 -7.64949e-10
 endloop
endfacet
facet normal 0 0 0
 outer loop
 vertex -0.08 0.0173503 0.00228421
 vertex 0.2 0.0175 -7.64949e-10
 vertex 0.2 0.0173503 0.00228421
 endloop
endfacet
facet normal 0 0 0
 outer loop
 vertex 0.2 0.0163588 0.00215368
 vertex 0.2 0.0165 -7.21238e-10
 vertex -0.08 0.0165 -7.21238e-10
 endloop
endfacet
facet normal 0 0 0
 outer loop
 vertex 0.2 0.0163588 0.00215368
 vertex -0.08 0.0165 -7.21238e-10
 vertex -0.08 0.0163588 0.00215368
 endloop
endfacet
facet normal 0 0 0
 outer loop
 vertex -0.08 0.0175 -7.64949e-10
 vertex -0.08 0.0173503 -0.00228421
 vertex 0.2 0.0173503 -0.00228421
 endloop
endfacet
facet normal 0 0 0
 outer loop
 vertex -0.08 0.0175 -7.64949e-10
 vertex 0.2 0.0173503 -0.00228421
 vertex 0.2 0.0175 -7.64949e-10
 endloop
endfacet
facet normal 0 0 0
 outer loop
 vertex 0.2 0.0165 -7.21238e-10
 vertex 0.2 0.0163588 -0.00215368
 vertex -0.08 0.0163588 -0.00215368
 endloop
endfacet
facet normal 0 0 0
 outer loop
 vertex 0.2 0.0165 -7.21238e-10
 vertex -0.08 0.0163588 -0.00215368
 vertex -0.08 0.0165 -7.21238e-10
 endloop
endfacet
facet normal 0 0 0
 outer loop
 vertex -0.08 0.0173503 -0.00228421
 vertex -0.08 0.0169037 -0.00452933
 vertex 0.2 0.0169037 -0.00452933
 endloop
endfacet
facet normal 0 0 0
 outer loop
 vertex -0.08 0.0173503 -0.00228421
 vertex 0.2 0.0169037 -0.00452933
 vertex 0.2 0.0173503 -0.00228421
 endloop
endfacet
facet normal 0 0 0
 outer loop
 vertex 0.2 0.0163588 -0.00215368
 vertex 0.2 0.0159378 -0.00427051
 vertex -0.08 0.0159378 -0.00427051
 endloop
endfacet
facet normal 0 0 0
 outer loop
 vertex 0.2 0.0163588 -0.00215368
 vertex -0.08 0.0159378 -0.00427051
 vertex -0.08 0.0163588 -0.00215368
 endloop
endfacet
facet normal 0 0 0
 outer loop
 vertex -0.08 0.0169037 -0.00452933
 vertex -0.08 0.0161679 -0.00669696
 vertex 0.2 0.0161679 -0.00669696
 endloop
endfacet
facet normal 0 0 0
 outer loop
 vertex -0.08 0.0169037 -0.00452933
 vertex 0.2 0.0161679 -0.00669696
 vertex 0.2 0.0169037 -0.00452933
 endloop
endfacet
facet normal 0 0 0
 outer loop
 vertex 0.2 0.0159378 -0.00427051
 vertex 0.2 0.015244 -0.00631428
 vertex -0.08 0.015244 -0.00631428
 endloop
endfacet
facet normal 0 0 0
 outer loop
 vertex 0.2 0.0159378 -0.00427051
 vertex -0.08 0.015244 -0.00631428
 vertex -0.08 0.0159378 -0.00427051
 endloop
endfacet
facet normal 0 0 0
 outer loop
 vertex -0.08 0.0161679 -0.00669696
 vertex -0.08 0.0151554 -0.00875
 vertex 0.2 0.0151554 -0.00875
 endloop
endfacet
facet normal 0 0 0
 outer loop
 vertex -0.08 0.0161679 -0.00669696
 vertex 0.2 0.0151554 -0.00875
 vertex 0.2 0.0161679 -0.00669696
 endloop
endfacet
facet normal 0 0 0
 outer loop
 vertex 0.2 0.015244 -0.00631428
 vertex 0.2 0.0142894 -0.00825
 vertex -0.08 0.0142894 -0.00825
 endloop
endfacet
facet normal 0 0 0
 outer loop
 vertex 0.2 0.015244 -0.00631428
 vertex -0.08 0.0142894 -0.00825
 vertex -0.08 0.015244 -0.00631428
 endloop
endfacet
facet normal 0 0 0
 outer loop
 vertex -0.08 0.0151554 -0.00875
 vertex -0.08 0.0138837 -0.0106533
 vertex 0.2 0.0138837 -0.0106533
 endloop
endfacet
facet normal 0 0 0
 outer loop
 vertex -0.08 0.0151554 -0.00875
 vertex 0.2 0.0138837 -0.0106533
 vertex 0.2 0.0151554 -0.00875
 endloop
endfacet
facet normal 0 0 0
 outer loop
 vertex 0.2 0.0142894 -0.00825
 vertex 0.2 0.0130903 -0.0100446
 vertex -0.08 0.0130903 -0.0100446
 endloop
endfacet
facet normal 0 0 0
 outer loop
 vertex 0.2 0.0142894 -0.00825
 vertex -0.08 0.0130903 -0.0100446
 vertex -0.08 0.0142894 -0.00825
 endloop
endfacet
facet normal 0 0 0
 outer loop
 vertex -0.08 0.0138837 -0.0106533
 vertex -0.08 0.0123744 -0.0123744
 vertex 0.2 0.0123744 -0.0123744
 endloop
endfacet
facet normal 0 0 0
 outer loop
 vertex -0.08 0.0138837 -0.0106533
 vertex 0.2 0.0123744 -0.0123744
 vertex 0.2 0.0138837 -0.0106533
 endloop
endfacet
facet normal 0 0 0
 outer loop
 vertex 0.2 0.0130903 -0.0100446
 vertex 0.2 0.0116673 -0.0116673
 vertex -0.08 0.0116673 -0.0116673
 endloop
endfacet
facet normal 0 0 0
 outer loop
 vertex 0.2 0.0130903 -0.0100446
 vertex -0.08 0.0116673 -0.0116673
 vertex -0.08 0.0130903 -0.0100446
 endloop
endfacet
facet normal 0 0 0
 outer loop
 vertex -0.08 0.0123744 -0.0123744
 vertex -0.08 0.0106533 -0.0138837
 vertex 0.2 0.0106533 -0.0138837
 endloop
endfacet
facet normal 0 0 0
 outer loop
 vertex -0.08 0.0123744 -0.0123744
 vertex 0.2 0.0106533 -0.0138837
 vertex 0.2 0.0123744 -0.0123744
 endloop
endfacet
facet normal 0 0 0
 outer loop
 vertex 0.2 0.0116673 -0.0116673
 vertex 0.2 0.0100446 -0.0130903
 vertex -0.08 0.0100446 -0.0130903
 endloop
endfacet
facet normal 0 0 0
 outer loop
 vertex 0.2 0.0116673 -0.0116673
 vertex -0.08 0.0100446 -0.0130903
 vertex -0.08 0.0116673 -0.0116673
 endloop
endfacet
facet normal 0 0 0
 outer loop
 vertex -0.08 0.0106533 -0.0138837
 vertex -0.08 0.00875 -0.0151554
 vertex 0.2 0.00875 -0.0151554
 endloop
endfacet
facet normal 0 0 0
 outer loop
 vertex -0.08 0.0106533 -0.0138837
 vertex 0.2 0.00875 -0.0151554
 vertex 0.2 0.0106533 -0.0138837
 endloop
endfacet
facet normal 0 0 0
 outer loop
 vertex 0.2 0.0100446 -0.0130903
 vertex 0.2 0.00825 -0.0142894
 vertex -0.08 0.00825 -0.0142894
 endloop
endfacet
facet normal 0 0 0
 outer loop
 vertex 0.2 0.0100446 -0.0130903
 vertex -0.08 0.00825 -0.0142894
 vertex -0.08 0.0100446 -0.0130903
 endloop
endfacet
facet normal 0 0 0
 outer loop
 vertex -0.08 0.00875 -0.0151554
 vertex -0.08 0.00669696 -0.0161679
 vertex 0.2 0.00669696 -0.0161679
 endloop
endfacet
facet normal 0 0 0
 outer loop
 vertex -0.08 0.00875 -0.0151554
 vertex 0.2 0.00669696 -0.0161679
 vertex 0.2 0.00875 -0.0151554
 endloop
endfacet
facet normal 0 0 0
 outer loop
 vertex 0.2 0.00825 -0.0142894
 vertex 0.2 0.00631428 -0.015244
 vertex -0.08 0.00631428 -0.015244
 endloop
endfacet
facet normal 0 0 0
 outer loop
 vertex 0.2 0.00825 -0.0142894
 vertex -0.08 0.00631428 -0.015244
 vertex -0.08 0.00825 -0.0142894
 endloop
endfacet
facet normal 0 0 0
 outer loop
 vertex -0.08 0.00669696 -0.0161679
 vertex -0.08 0.00452934 -0.0169037
 vertex 0.2 0.00452934 -0.0169037
 endloop
endfacet
facet normal 0 0 0
 outer loop
 vertex -0.08 0.00669696 -0.0161679
 vertex 0.2 0.00452934 -0.0169037
 vertex 0.2 0.00669696 -0.0161679
 endloop
endfacet
facet normal 0 0 0
 outer loop
 vertex 0.2 0.00631428 -0.015244
 vertex 0.2 0.00427052 -0.0159378
 vertex -0.08 0.00427052 -0.0159378
 endloop
endfacet
facet normal 0 0 0
 outer loop
 vertex 0.2 0.00631428 -0.015244
 vertex -0.08 0.00427052 -0.0159378
 vertex -0.08 0.00631428 -0.015244
 endloop
endfacet
facet normal 0 0 0
 outer loop
 vertex -0.08 0.00452934 -0.0169037
 vertex -0.08 0.00228421 -0.0173503
 vertex 0.2 0.00228421 -0.0173503
 endloop
endfacet
facet normal 0 0 0
 outer loop
 vertex -0.08 0.00452934 -0.0169037
 vertex 0.2 0.00228421 -0.0173503
 vertex 0.2 0.00452934 -0.0169037
 endloop
endfacet
facet normal 0 0 0
 outer loop
 vertex 0.2 0.00427052 -0.0159378
 vertex 0.2 0.00215368 -0.0163588
 vertex -0.08 0.00215368 -0.0163588
 endloop
endfacet
facet normal 0 0 0
 outer loop
 vertex 0.2 0.00427052 -0.0159378
 vertex -0.08 0.00215368 -0.0163588
 vertex -0.08 0.00427052 -0.0159378
 endloop
endfacet
facet normal 0 0 0
 outer loop
 vertex -0.08 0.00228421 -0.0173503
 vertex -0.08 -1.5299e-09 -0.0175
 vertex 0.2 -1.5299e-09 -0.0175
 endloop
endfacet
facet normal 0 0 0
 outer loop
 vertex -0.08 0.00228421 -0.0173503
 vertex 0.2 -1.5299e-09 -0.0175
 vertex 0.2 0.00228421 -0.0173503
 endloop
endfacet
facet normal 0 0 0
 outer loop
 vertex 0.2 0.00215368 -0.0163588
 vertex 0.2 -1.44248e-09 -0.0165
 vertex -0.08 -1.44248e-09 -0.0165
 endloop
endfacet
facet normal 0 0 0
 outer loop
 vertex 0.2 0.00215368 -0.0163588
 vertex -0.08 -1.44248e-09 -0.0165
 vertex -0.08 0.00215368 -0.0163588
 endloop
endfacet
facet normal 0 0 0
 outer loop
 vertex -0.08 -1.5299e-09 -0.0175
 vertex -0.08 -0.00228421 -0.0173503
 vertex 0.2 -0.00228421 -0.0173503
 endloop
endfacet
facet normal 0 0 0
 outer loop
 vertex -0.08 -1.5299e-09 -0.0175
 vertex 0.2 -0.00228421 -0.0173503
 vertex 0.2 -1.5299e-09 -0.0175
 endloop
endfacet
facet normal 0 0 0
 outer loop
 vertex 0.2 -1.44248e-09 -0.0165
 vertex 0.2 -0.00215368 -0.0163588
 vertex -0.08 -0.00215368 -0.0163588
 endloop
endfacet
facet normal 0 0 0
 outer loop
 vertex 0.2 -1.44248e-09 -0.0165
 vertex -0.08 -0.00215368 -0.0163588
 vertex -0.08 -1.44248e-09 -0.0165
 endloop
endfacet
facet normal 0 0 0
 outer loop
 vertex -0.08 -0.00228421 -0.0173503
 vertex -0.08 -0.00452933 -0.0169037
 vertex 0.2 -0.00452933 -0.0169037
 endloop
endfacet
facet normal 0 0 0
 outer loop
 vertex -0.08 -0.00228421 -0.0173503
 vertex 0.2 -0.00452933 -0.0169037
 vertex 0.2 -0.00228421 -0.0173503
 endloop
endfacet
facet normal 0 0 0
 outer loop
 vertex 0.2 -0.00215368 -0.0163588
 vertex 0.2 -0.00427051 -0.0159378
 vertex -0.08 -0.00427051 -0.0159378
 endloop
endfacet
facet normal 0 0 0
 outer loop
 vertex 0.2 -0.00215368 -0.0163588
 vertex -0.08 -0.00427051 -0.0159378
 vertex -0.08 -0.00215368 -0.0163588
 endloop
endfacet
facet normal 0 0 0
 outer loop
 vertex -0.08 -0.00452933 -0.0169037
 vertex -0.08 -0.00669696 -0.0161679
 vertex 0.2 -0.00669696 -0.0161679
 endloop
endfacet
facet normal 0 0 0
 outer loop
 vertex -0.08 -0.00452933 -0.0169037
 vertex 0.2 -0.00669696 -0.0161679
 vertex 0.2 -0.00452933 -0.0169037
 endloop
endfacet
facet normal 0 0 0
 outer loop
 vertex 0.2 -0.00427051 -0.0159378
 vertex 0.2 -0.00631428 -0.015244
 vertex -0.08 -0.00631428 -0.015244
 endloop
endfacet
facet normal 0 0 0
 outer loop
 vertex 0.2 -0.00427051 -0.0159378
 vertex -0.08 -0.00631428 -0.015244
 vertex -0.08 -0.00427051 -0.0159378
 endloop
endfacet
facet normal 0 0 0
 outer loop
 vertex -0.08 -0.00669696 -0.0161679
 vertex -0.08 -0.00875 -0.0151554
 vertex 0.2 -0.00875 -0.0151554
 endloop
endfacet
facet normal 0 0 0
 outer loop
 vertex -0.08 -0.00669696 -0.0161679
 vertex 0.2 -0.00875 -0.0151554
 vertex 0.2 -0.00669696 -0.0161679
 endloop
endfacet
facet normal 0 0 0
 outer loop
 vertex 0.2 -0.00631428 -0.015244
 vertex 0.2 -0.00825 -0.0142894
 vertex -0.08 -0.00825 -0.0142894
 endloop
endfacet
facet normal 0 0 0
 outer loop
 vertex 0.2 -0.00631428 -0.015244
 vertex -0.08 -0.00825 -0.0142894
 vertex -0.08 -0.00631428 -0.015244
 endloop
endfacet
facet normal 0 0 0
 outer loop
 vertex -0.08 -0.00875 -0.0151554
 vertex -0.08 -0.0106533 -0.0138837
 vertex 0.2 -0.0106533 -0.0138837
 endloop
endfacet
facet normal 0 0 0
 outer loop
 vertex -0.08 -0.00875 -0.0151554
 vertex 0.2 -0.0106533 -0.0138837
 vertex 0.2 -0.00875 -0.0151554
 endloop
endfacet
facet normal 0 0 0
 outer loop
 vertex 0.2 -0.00825 -0.0142894
 vertex 0.2 -0.0100446 -0.0130903
 vertex -0.08 -0.0100446 -0.0130903
 endloop
endfacet
facet normal 0 0 0
 outer loop
 vertex 0.2 -0.00825 -0.0142894
 vertex -0.08 -0.0100446 -0.0130903
 vertex -0.08 -0.00825 -0.0142894
 endloop
endfacet
facet normal 0 0 0
 outer loop
 vertex -0.08 -0.0106533 -0.0138837
 vertex -0.08 -0.0123744 -0.0123744
 vertex 0.2 -0.0123744 -0.0123744
 endloop
endfacet
facet normal 0 0 0
 outer loop
 vertex -0.08 -0.0106533 -0.0138837
 vertex 0.2 -0.0123744 -0.0123744
 vertex 0.2 -0.0106533 -0.0138837
 endloop
endfacet
facet normal 0 0 0
 outer loop
 vertex 0.2 -0.0100446 -0.0130903
 vertex 0.2 -0.0116673 -0.0116673
 vertex -0.08 -0.0116673 -0.0116673
 endloop
endfacet
facet normal 0 0 0
 outer loop
 vertex 0.2 -0.0100446 -0.0130903
 vertex -0.08 -0.0116673 -0.0116673
 vertex -0.08 -0.0100446 -0.0130903
 endloop
endfacet
facet normal 0 0 0
 outer loop
 vertex -0.08 -0.0123744 -0.0123744
 vertex -0.08 -0.0138837 -0.0106533
 vertex 0.2 -0.0138837 -0.0106533
 endloop
endfacet
facet normal 0 0 0
 outer loop
 vertex -0.08 -0.0123744 -0.0123744
 vertex 0.2 -0.0138837 -0.0106533
 vertex 0.2 -0.0123744 -0.0123744
 endloop
endfacet
facet normal 0 0 0
 outer loop
 vertex 0.2 -0.0116673 -0.0116673
 vertex 0.2 -0.0130903 -0.0100446
 vertex -0.08 -0.0130903 -0.0100446
 endloop
endfacet
facet normal 0 0 0
 outer loop
 vertex 0.2 -0.0116673 -0.0116673
 vertex -0.08 -0.0130903 -0.0100446
 vertex -0.08 -0.0116673 -0.0116673
 endloop
endfacet
facet normal 0 0 0
 outer loop
 vertex -0.08 -0.0138837 -0.0106533
 vertex -0.08 -0.0151554 -0.00875
 vertex 0.2 -0.0151554 -0.00875
 endloop
endfacet
facet normal 0 0 0
 outer loop
 vertex -0.08 -0.0138837 -0.0106533
 vertex 0.2 -0.0151554 -0.00875
 vertex 0.2 -0.0138837 -0.0106533
 endloop
endfacet
facet normal 0 0 0
 outer loop
 vertex 0.2 -0.0130903 -0.0100446
 vertex 0.2 -0.0142894 -0.00825
 vertex -0.08 -0.0142894 -0.00825
 endloop
endfacet
facet normal 0 0 0
 outer loop
 vertex 0.2 -0.0130903 -0.0100446
 vertex -0.08 -0.0142894 -0.00825
 vertex -0.08 -0.0130903 -0.0100446
 endloop
endfacet
facet normal 0 0 0
 outer loop
 vertex -0.08 -0.0151554 -0.00875
 vertex -0.08 -0.0161679 -0.00669696
 vertex 0.2 -0.0161679 -0.00669696
 endloop
endfacet
facet normal 0 0 0
 outer loop
 vertex -0.08 -0.0151554 -0.00875
 vertex 0.2 -0.0161679 -0.00669696
 vertex 0.2 -0.0151554 -0.00875
 endloop
endfacet
facet normal 0 0 0
 outer loop
 vertex 0.2 -0.0142894 -0.00825
 vertex 0.2 -0.015244 -0.00631428
 vertex -0.08 -0.015244 -0.00631428
 endloop
endfacet
facet normal 0 0 0
 outer loop
 vertex 0.2 -0.0142894 -0.00825
 vertex -0.08 -0.015244 -0.00631428
 vertex -0.08 -0.0142894 -0.00825
 endloop
endfacet
facet normal 0 0 0
 outer loop
 vertex -0.08 -0.0161679 -0.00669696
 vertex -0.08 -0.0169037 -0.00452933
 vertex 0.2 -0.0169037 -0.00452933
 endloop
endfacet
facet normal 0 0 0
 outer loop
 vertex -0.08 -0.0161679 -0.00669696
 vertex 0.2 -0.0169037 -0.00452933
 vertex 0.2 -0.0161679 -0.00669696
 endloop
endfacet
facet normal 0 0 0
 outer loop
 vertex 0.2 -0.015244 -0.00631428
 vertex 0.2 -0.0159378 -0.00427051
 vertex -0.08 -0.0159378 -0.00427051
 endloop
endfacet
facet normal 0 0 0
 outer loop
 vertex 0.2 -0.015244 -0.00631428
 vertex -0.08 -0.0159378 -0.00427051
 vertex -0.08 -0.015244 -0.00631428
 endloop
endfacet
facet normal 0 0 0
 outer loop
 vertex -0.08 -0.0169037 -0.00452933
 vertex -0.08 -0.0173503 -0.00228421
 vertex 0.2 -0.0173503 -0.00228421
 endloop
endfacet
facet normal 0 0 0
 outer loop
 vertex -0.08 -0.0169037 -0.00452933
 vertex 0.2 -0.0173503 -0.00228421
 vertex 0.2 -0.0169037 -0.00452933
 endloop
endfacet
facet normal 0 0 0
 outer loop
 vertex 0.2 -0.0159378 -0.00427051
 vertex 0.2 -0.0163588 -0.00215369
 vertex -0.08 -0.0163588 -0.00215369
 endloop
endfacet
facet normal 0 0 0
 outer loop
 vertex 0.2 -0.0159378 -0.00427051
 vertex -0.08 -0.0163588 -0.00215369
 vertex -0.08 -0.0159378 -0.00427051
 endloop
endfacet
facet normal 0 0 0
 outer loop
 vertex -0.08 -0.0173503 -0.00228421
 vertex -0.08 -0.0175 2.08685e-10
 vertex 0.2 -0.0175 2.08685e-10
 endloop
endfacet
facet normal 0 0 0
 outer loop
 vertex -0.08 -0.0173503 -0.00228421
 vertex 0.2 -0.0175 2.08685e-10
 vertex 0.2 -0.0173503 -0.00228421
 endloop
endfacet
facet normal 0 0 0
 outer loop
 vertex 0.2 -0.0163588 -0.00215369
 vertex 0.2 -0.0165 1.96761e-10
 vertex -0.08 -0.0165 1.96761e-10
 endloop
endfacet
facet normal 0 0 0
 outer loop
 vertex 0.2 -0.0163588 -0.00215369
 vertex -0.08 -0.0165 1.96761e-10
 vertex -0.08 -0.0163588 -0.00215369
 endloop
endfacet
facet normal 0 0 0
 outer loop
 vertex -0.08 -0.0175 2.08685e-10
 vertex -0.08 -0.0173503 0.00228421
 vertex 0.2 -0.0173503 0.00228421
 endloop
endfacet
facet normal 0 0 0
 outer loop
 vertex -0.08 -0.0175 2.08685e-10
 vertex 0.2 -0.0173503 0.00228421
 vertex 0.2 -0.0175 2.08685e-10
 endloop
endfacet
facet normal 0 0 0
 outer loop
 vertex 0.2 -0.0165 1.96761e-10
 vertex 0.2 -0.0163588 0.00215369
 vertex -0.08 -0.0163588 0.00215369
 endloop
endfacet
facet normal 0 0 0
 outer loop
 vertex 0.2 -0.0165 1.96761e-10
 vertex -0.08 -0.0163588 0.00215369
 vertex -0.08 -0.0165 1.96761e-10
 endloop
endfacet
facet normal 0 0 0
 outer loop
 vertex -0.08 -0.0173503 0.00228421
 vertex -0.08 -0.0169037 0.00452933
 vertex 0.2 -0.0169037 0.00452933
 endloop
endfacet
facet normal 0 0 0
 outer loop
 vertex -0.08 -0.0173503 0.00228421
 vertex 0.2 -0.0169037 0.00452933
 vertex 0.2 -0.0173503 0.00228421
 endloop
endfacet
facet normal 0 0 0
 outer loop
 vertex 0.2 -0.0163588 0.00215369
 vertex 0.2 -0.0159378 0.00427051
 vertex -0.08 -0.0159378 0.00427051
 endloop
endfacet
facet normal 0 0 0
 outer loop
 vertex 0.2 -0.0163588 0.00215369
 vertex -0.08 -0.0159378 0.00427051
 vertex -0.08 -0.0163588 0.00215369
 endloop
endfacet
facet normal 0 0 0
 outer loop
 vertex -0.08 -0.0169037 0.00452933
 vertex -0.08 -0.0161679 0.00669696
 vertex 0.2 -0.0161679 0.00669696
 endloop
endfacet
facet normal 0 0 0
 outer loop
 vertex -0.08 -0.0169037 0.00452933
 vertex 0.2 -0.0161679 0.00669696
 vertex 0.2 -0.0169037 0.00452933
 endloop
endfacet
facet normal 0 0 0
 outer loop
 vertex 0.2 -0.0159378 0.00427051
 vertex 0.2 -0.015244 0.00631428
 vertex -0.08 -0.015244 0.00631428
 endloop
endfacet
facet normal 0 0 0
 outer loop
 vertex 0.2 -0.0159378 0.00427051
 vertex -0.08 -0.015244 0.00631428
 vertex -0.08 -0.0159378 0.00427051
 endloop
endfacet
facet normal 0 0 0
 outer loop
 vertex -0.08 -0.0161679 0.00669696
 vertex -0.08 -0.0151554 0.00875
 vertex 0.2 -0.0151554 0.00875
 endloop
endfacet
facet normal 0 0 0
 outer loop
 vertex -0.08 -0.0161679 0.00669696
 vertex 0.2 -0.0151554 0.00875
 vertex 0.2 -0.0161679 0.00669696
 endloop
endfacet
facet normal 0 0 0
 outer loop
 vertex 0.2 -0.015244 0.00631428
 vertex 0.2 -0.0142894 0.00825
 vertex -0.08 -0.0142894 0.00825
 endloop
endfacet
facet normal 0 0 0
 outer loop
 vertex 0.2 -0.015244 0.00631428
 vertex -0.08 -0.0142894 0.00825
 vertex -0.08 -0.015244 0.00631428
 endloop
endfacet
facet normal 0 0 0
 outer loop
 vertex -0.08 -0.0151554 0.00875
 vertex -0.08 -0.0138837 0.0106533
 vertex 0.2 -0.0138837 0.0106533
 endloop
endfacet
facet normal 0 0 0
 outer loop
 vertex -0.08 -0.0151554 0.00875
 vertex 0.2 -0.0138837 0.0106533
 vertex 0.2 -0.0151554 0.00875
 endloop
endfacet
facet normal 0 0 0
 outer loop
 vertex 0.2 -0.0142894 0.00825
 vertex 0.2 -0.0130903 0.0100446
 vertex -0.08 -0.0130903 0.0100446
 endloop
endfacet
facet normal 0 0 0
 outer loop
 vertex 0.2 -0.0142894 0.00825
 vertex -0.08 -0.0130903 0.0100446
 vertex -0.08 -0.0142894 0.00825
 endloop
endfacet
facet normal 0 0 0
 outer loop
 vertex -0.08 -0.0138837 0.0106533
 vertex -0.08 -0.0123744 0.0123744
 vertex 0.2 -0.0123744 0.0123744
 endloop
endfacet
facet normal 0 0 0
 outer loop
 vertex -0.08 -0.0138837 0.0106533
 vertex 0.2 -0.0123744 0.0123744
 vertex 0.2 -0.0138837 0.0106533
 endloop
endfacet
facet normal 0 0 0
 outer loop
 vertex 0.2 -0.0130903 0.0100446
 vertex 0.2 -0.0116673 0.0116673
 vertex -0.08 -0.0116673 0.0116673
 endloop
endfacet
facet normal 0 0 0
 outer loop
 vertex 0.2 -0.0130903 0.0100446
 vertex -0.08 -0.0116673 0.0116673
 vertex -0.08 -0.0130903 0.0100446
 endloop
endfacet
facet normal 0 0 0
 outer loop
 vertex -0.08 -0.0123744 0.0123744
 vertex -0.08 -0.0106533 0.0138837
 vertex 0.2 -0.0106533 0.0138837
 endloop
endfacet
facet normal 0 0 0
 outer loop
 vertex -0.08 -0.0123744 0.0123744
 vertex 0.2 -0.0106533 0.0138837
 vertex 0.2 -0.0123744 0.0123744
 endloop
endfacet
facet normal 0 0 0
 outer loop
 vertex 0.2 -0.0116673 0.0116673
 vertex 0.2 -0.0100446 0.0130903
 vertex -0.08 -0.0100446 0.0130903
 endloop
endfacet
facet normal 0 0 0
 outer loop
 vertex 0.2 -0.0116673 0.0116673
 vertex -0.08 -0.0100446 0.0130903
 vertex -0.08 -0.0116673 0.0116673
 endloop
endfacet
facet normal 0 0 0
 outer loop
 vertex -0.08 -0.0106533 0.0138837
 vertex -0.08 -0.00875 0.0151554
 vertex 0.2 -0.00875 0.0151554
 endloop
endfacet
facet normal 0 0 0
 outer loop
 vertex -0.08 -0.0106533 0.0138837
 vertex 0.2 -0.00875 0.0151554
 vertex 0.2 -0.0106533 0.0138837
 endloop
endfacet
facet normal 0 0 0
 outer loop
 vertex 0.2 -0.0100446 0.0130903
 vertex 0.2 -0.00825 0.0142894
 vertex -0.08 -0.00825 0.0142894
 endloop
endfacet
facet normal 0 0 0
 outer loop
 vertex 0.2 -0.0100446 0.0130903
 vertex -0.08 -0.00825 0.0142894
 vertex -0.08 -0.0100446 0.0130903
 endloop
endfacet
facet normal 0 0 0
 outer loop
 vertex -0.08 -0.00875 0.0151554
 vertex -0.08 -0.00669696 0.0161679
 vertex 0.2 -0.00669696 0.0161679
 endloop
endfacet
facet normal 0 0 0
 outer loop
 vertex -0.08 -0.00875 0.0151554
 vertex 0.2 -0.00669696 0.0161679
 vertex 0.2 -0.00875 0.0151554
 endloop
endfacet
facet normal 0 0 0
 outer loop
 vertex 0.2 -0.00825 0.0142894
 vertex 0.2 -0.00631428 0.015244
 vertex -0.08 -0.00631428 0.015244
 endloop
endfacet
facet normal 0 0 0
 outer loop
 vertex 0.2 -0.00825 0.0142894
 vertex -0.08 -0.00631428 0.015244
 vertex -0.08 -0.00825 0.0142894
 endloop
endfacet
facet normal 0 0 0
 outer loop
 vertex -0.08 -0.00669696 0.0161679
 vertex -0.08 -0.00452933 0.0169037
 vertex 0.2 -0.00452933 0.0169037
 endloop
endfacet
facet normal 0 0 0
 outer loop
 vertex -0.08 -0.00669696 0.0161679
 vertex 0.2 -0.00452933 0.0169037
 vertex 0.2 -0.00669696 0.0161679
 endloop
endfacet
facet normal 0 0 0
 outer loop
 vertex 0.2 -0.00631428 0.015244
 vertex 0.2 -0.00427051 0.0159378
 vertex -0.08 -0.00427051 0.0159378
 endloop
endfacet
facet normal 0 0 0
 outer loop
 vertex 0.2 -0.00631428 0.015244
 vertex -0.08 -0.00427051 0.0159378
 vertex -0.08 -0.00631428 0.015244
 endloop
endfacet
facet normal 0 0 0
 outer loop
 vertex -0.08 -0.00452933 0.0169037
 vertex -0.08 -0.00228421 0.0173503
 vertex 0.2 -0.00228421 0.0173503
 endloop
endfacet
facet normal 0 0 0
 outer loop
 vertex -0.08 -0.00452933 0.0169037
 vertex 0.2 -0.00228421 0.0173503
 vertex 0.2 -0.00452933 0.0169037
 endloop
endfacet
facet normal 0 0 0
 outer loop
 vertex 0.2 -0.00427051 0.0159378
 vertex 0.2 -0.00215368 0.0163588
 vertex -0.08 -0.00215368 0.0163588
 endloop
endfacet
facet normal 0 0 0
 outer loop
 vertex 0.2 -0.00427051 0.0159378
 vertex -0.08 -0.00215368 0.0163588
 vertex -0.08 -0.00427051 0.0159378
 endloop
endfacet
facet normal 0 0 0
 outer loop
 vertex -0.08 -0.00228421 0.0173503
 vertex -0.08 3.0598e-09 0.0175
 vertex 0.2 3.0598e-09 0.0175
 endloop
endfacet
facet normal 0 0 0
 outer loop
 vertex -0.08 -0.00228421 0.0173503
 vertex 0.2 3.0598e-09 0.0175
 vertex 0.2 -0.00228421 0.0173503
 endloop
endfacet
facet normal 0 0 0
 outer loop
 vertex 0.2 -0.00215368 0.0163588
 vertex 0.2 2.88495e-09 0.0165
 vertex -0.08 2.88495e-09 0.0165
 endloop
endfacet
facet normal 0 0 0
 outer loop
 vertex 0.2 -0.00215368 0.0163588
 vertex -0.08 2.88495e-09 0.0165
 vertex -0.08 -0.00215368 0.0163588
 endloop
endfacet
facet normal 0 0 0
 outer loop
 vertex -0.08 0 0.0165
 vertex -0.08 0.00215368 0.0163588
 vertex -0.08 0.00228421 0.0173503
 endloop
endfacet
facet normal 0 0 0
 outer loop
 vertex -0.08 0 0.0165
 vertex -0.08 0.00228421 0.0173503
 vertex -0.08 0 0.0175
 endloop
endfacet
facet normal 0 0 0
 outer loop
 vertex 0.2 0 0.0165
 vertex 0.2 0 0.0175
 vertex 0.2 0.00228421 0.0173503
 endloop
endfacet
facet normal 0 0 0
 outer loop
 vertex 0.2 0 0.0165
 vertex 0.2 0.00228421 0.0173503
 vertex 0.2 0.00215368 0.0163588
 endloop
endfacet
facet normal 0 0 0
 outer loop
 vertex -0.08 0.00215368 0.0163588
 vertex -0.08 0.00427051 0.0159378
 vertex -0.08 0.00452933 0.0169037
 endloop
endfacet
facet normal 0 0 0
 outer loop
 vertex -0.08 0.00215368 0.0163588
 vertex -0.08 0.00452933 0.0169037
 vertex -0.08 0.00228421 0.0173503
 endloop
endfacet
facet normal 0 0 0
 outer loop
 vertex 0.2 0.00215368 0.0163588
 vertex 0.2 0.00228421 0.0173503
 vertex 0.2 0.00452933 0.0169037
 endloop
endfacet
facet normal 0 0 0
 outer loop
 vertex 0.2 0.00215368 0.0163588
 vertex 0.2 0.00452933 0.0169037
 vertex 0.2 0.00427051 0.0159378
 endloop
endfacet
facet normal 0 0 0
 outer loop
 vertex -0.08 0.00427051 0.0159378
 vertex -0.08 0.00631428 0.015244
 vertex -0.08 0.00669696 0.0161679
 endloop
endfacet
facet normal 0 0 0
 outer loop
 vertex -0.08 0.00427051 0.0159378
 vertex -0.08 0.00669696 0.0161679
 vertex -0.08 0.00452933 0.0169037
 endloop
endfacet
facet normal 0 0 0
 outer loop
 vertex 0.2 0.00427051 0.0159378
 vertex 0.2 0.00452933 0.0169037
 vertex 0.2 0.00669696 0.0161679
 endloop
endfacet
facet normal 0 0 0
 outer loop
 vertex 0.2 0.00427051 0.0159378
 vertex 0.2 0.00669696 0.0161679
 vertex 0.2 0.00631428 0.015244
 endloop
endfacet
facet normal 0 0 0
 outer loop
 vertex -0.08 0.00631428 0.015244
 vertex -0.08 0.00825 0.0142894
 vertex -0.08 0.00875 0.0151554
 endloop
endfacet
facet normal 0 0 0
 outer loop
 vertex -0.08 0.00631428 0.015244
 vertex -0.08 0.00875 0.0151554
 vertex -0.08 0.00669696 0.0161679
 endloop
endfacet
facet normal 0 0 0
 outer loop
 vertex 0.2 0.00631428 0.015244
 vertex 0.2 0.00669696 0.0161679
 vertex 0.2 0.00875 0.0151554
 endloop
endfacet
facet normal 0 0 0
 outer loop
 vertex 0.2 0.00631428 0.015244
 vertex 0.2 0.00875 0.0151554
 vertex 0.2 0.00825 0.0142894
 endloop
endfacet
facet normal 0 0 0
 outer loop
 vertex -0.08 0.00825 0.0142894
 vertex -0.08 0.0100446 0.0130903
 vertex -0.08 0.0106533 0.0138837
 endloop
endfacet
facet normal 0 0 0
 outer loop
 vertex -0.08 0.00825 0.0142894
 vertex -0.08 0.0106533 0.0138837
 vertex -0.08 0.00875 0.0151554
 endloop
endfacet
facet normal 0 0 0
 outer loop
 vertex 0.2 0.00825 0.0142894
 vertex 0.2 0.00875 0.0151554
 vertex 0.2 0.0106533 0.0138837
 endloop
endfacet
facet normal 0 0 0
 outer loop
 vertex 0.2 0.00825 0.0142894
 vertex 0.2 0.0106533 0.0138837
 vertex 0.2 0.0100446 0.0130903
 endloop
endfacet
facet normal 0 0 0
 outer loop
 vertex -0.08 0.0100446 0.0130903
 vertex -0.08 0.0116673 0.0116673
 vertex -0.08 0.0123744 0.0123744
 endloop
endfacet
facet normal 0 0 0
 outer loop
 vertex -0.08 0.0100446 0.0130903
 vertex -0.08 0.0123744 0.0123744
 vertex -0.08 0.0106533 0.0138837
 endloop
endfacet
facet normal 0 0 0
 outer loop
 vertex 0.2 0.0100446 0.0130903
 vertex 0.2 0.0106533 0.0138837
 vertex 0.2 0.0123744 0.0123744
 endloop
endfacet
facet normal 0 0 0
 outer loop
 vertex 0.2 0.0100446 0.0130903
 vertex 0.2 0.0123744 0.0123744
 vertex 0.2 0.0116673 0.0116673
 endloop
endfacet
facet normal 0 0 0
 outer loop
 vertex -0.08 0.0116673 0.0116673
 vertex -0.08 0.0130903 0.0100446
 vertex -0.08 0.0138837 0.0106533
 endloop
endfacet
facet normal 0 0 0
 outer loop
 vertex -0.08 0.0116673 0.0116673
 vertex -0.08 0.0138837 0.0106533
 vertex -0.08 0.0123744 0.0123744
 endloop
endfacet
facet normal 0 0 0
 outer loop
 vertex 0.2 0.0116673 0.0116673
 vertex 0.2 0.0123744 0.0123744
 vertex 0.2 0.0138837 0.0106533
 endloop
endfacet
facet normal 0 0 0
 outer loop
 vertex 0.2 0.0116673 0.0116673
 vertex 0.2 0.0138837 0.0106533
 vertex 0.2 0.0130903 0.0100446
 endloop
endfacet
facet normal 0 0 0
 outer loop
 vertex -0.08 0.0130903 0.0100446
 vertex -0.08 0.0142894 0.00825
 vertex -0.08 0.0151554 0.00875
 endloop
endfacet
facet normal 0 0 0
 outer loop
 vertex -0.08 0.0130903 0.0100446
 vertex -0.08 0.0151554 0.00875
 vertex -0.08 0.0138837 0.0106533
 endloop
endfacet
facet normal 0 0 0
 outer loop
 vertex 0.2 0.0130903 0.0100446
 vertex 0.2 0.0138837 0.0106533
 vertex 0.2 0.0151554 0.00875
 endloop
endfacet
facet normal 0 0 0
 outer loop
 vertex 0.2 0.0130903 0.0100446
 vertex 0.2 0.0151554 0.00875
 vertex 0.2 0.0142894 0.00825
 endloop
endfacet
facet normal 0 0 0
 outer loop
 vertex -0.08 0.0142894 0.00825
 vertex -0.08 0.015244 0.00631428
 vertex -0.08 0.0161679 0.00669696
 endloop
endfacet
facet normal 0 0 0
 outer loop
 vertex -0.08 0.0142894 0.00825
 vertex -0.08 0.0161679 0.00669696
 vertex -0.08 0.0151554 0.00875
 endloop
endfacet
facet normal 0 0 0
 outer loop
 vertex 0.2 0.0142894 0.00825
 vertex 0.2 0.0151554 0.00875
 vertex 0.2 0.0161679 0.00669696
 endloop
endfacet
facet normal 0 0 0
 outer loop
 vertex 0.2 0.0142894 0.00825
 vertex 0.2 0.0161679 0.00669696
 vertex 0.2 0.015244 0.00631428
 endloop
endfacet
facet normal 0 0 0
 outer loop
 vertex -0.08 0.015244 0.00631428
 vertex -0.08 0.0159378 0.00427051
 vertex -0.08 0.0169037 0.00452933
 endloop
endfacet
facet normal 0 0 0
 outer loop
 vertex -0.08 0.015244 0.00631428
 vertex -0.08 0.0169037 0.00452933
 vertex -0.08 0.0161679 0.00669696
 endloop
endfacet
facet normal 0 0 0
 outer loop
 vertex 0.2 0.015244 0.00631428
 vertex 0.2 0.0161679 0.00669696
 vertex 0.2 0.0169037 0.00452933
 endloop
endfacet
facet normal 0 0 0
 outer loop
 vertex 0.2 0.015244 0.00631428
 vertex 0.2 0.0169037 0.00452933
 vertex 0.2 0.0159378 0.00427051
 endloop
endfacet
facet normal 0 0 0
 outer loop
 vertex -0.08 0.0159378 0.00427051
 vertex -0.08 0.0163588 0.00215368
 vertex -0.08 0.0173503 0.00228421
 endloop
endfacet
facet normal 0 0 0
 outer loop
 vertex -0.08 0.0159378 0.00427051
 vertex -0.08 0.0173503 0.00228421
 vertex -0.08 0.0169037 0.00452933
 endloop
endfacet
facet normal 0 0 0
 outer loop
 vertex 0.2 0.0159378 0.00427051
 vertex 0.2 0.0169037 0.00452933
 vertex 0.2 0.0173503 0.00228421
 endloop
endfacet
facet normal 0 0 0
 outer loop
 vertex 0.2 0.0159378 0.00427051
 vertex 0.2 0.0173503 0.00228421
 vertex 0.2 0.0163588 0.00215368
 endloop
endfacet
facet normal 0 0 0
 outer loop
 vertex -0.08 0.0163588 0.00215368
 vertex -0.08 0.0165 -7.21238e-10
 vertex -0.08 0.0175 -7.64949e-10
 endloop
endfacet
facet normal 0 0 0
 outer loop
 vertex -0.08 0.0163588 0.00215368
 vertex -0.08 0.0175 -7.64949e-10
 vertex -0.08 0.0173503 0.00228421
 endloop
endfacet
facet normal 0 0 0
 outer loop
 vertex 0.2 0.0163588 0.00215368
 vertex 0.2 0.0173503 0.00228421
 vertex 0.2 0.0175 -7.64949e-10
 endloop
endfacet
facet normal 0 0 0
 outer loop
 vertex 0.2 0.0163588 0.00215368
 vertex 0.2 0.0175 -7.64949e-10
 vertex 0.2 0.0165 -7.21238e-10
 endloop
endfacet
facet normal 0 0 0
 outer loop
 vertex -0.08 0.0165 -7.21238e-10
 vertex -0.08 0.0163588 -0.00215368
 vertex -0.08 0.0173503 -0.00228421
 endloop
endfacet
facet normal 0 0 0
 outer loop
 vertex -0.08 0.0165 -7.21238e-10
 vertex -0.08 0.0173503 -0.00228421
 vertex -0.08 0.0175 -7.64949e-10
 endloop
endfacet
facet normal 0 0 0
 outer loop
 vertex 0.2 0.0165 -7.21238e-10
 vertex 0.2 0.0175 -7.64949e-10
 vertex 0.2 0.0173503 -0.00228421
 endloop
endfacet
facet normal 0 0 0
 outer loop
 vertex 0.2 0.0165 -7.21238e-10
 vertex 0.2 0.0173503 -0.00228421
 vertex 0.2 0.0163588 -0.00215368
 endloop
endfacet
facet normal 0 0 0
 outer loop
 vertex -0.08 0.0163588 -0.00215368
 vertex -0.08 0.0159378 -0.00427051
 vertex -0.08 0.0169037 -0.00452933
 endloop
endfacet
facet normal 0 0 0
 outer loop
 vertex -0.08 0.0163588 -0.00215368
 vertex -0.08 0.0169037 -0.00452933
 vertex -0.08 0.0173503 -0.00228421
 endloop
endfacet
facet normal 0 0 0
 outer loop
 vertex 0.2 0.0163588 -0.00215368
 vertex 0.2 0.0173503 -0.00228421
 vertex 0.2 0.0169037 -0.00452933
 endloop
endfacet
facet normal 0 0 0
 outer loop
 vertex 0.2 0.0163588 -0.00215368
 vertex 0.2 0.0169037 -0.00452933
 vertex 0.2 0.0159378 -0.00427051
 endloop
endfacet
facet normal 0 0 0
 outer loop
 vertex -0.08 0.0159378 -0.00427051
 vertex -0.08 0.015244 -0.00631428
 vertex -0.08 0.0161679 -0.00669696
 endloop
endfacet
facet normal 0 0 0
 outer loop
 vertex -0.08 0.0159378 -0.00427051
 vertex -0.08 0.0161679 -0.00669696
 vertex -0.08 0.0169037 -0.00452933
 endloop
endfacet
facet normal 0 0 0
 outer loop
 vertex 0.2 0.0159378 -0.00427051
 vertex 0.2 0.0169037 -0.00452933
 vertex 0.2 0.0161679 -0.00669696
 endloop
endfacet
facet normal 0 0 0
 outer loop
 vertex 0.2 0.0159378 -0.00427051
 vertex 0.2 0.0161679 -0.00669696
 vertex 0.2 0.015244 -0.00631428
 endloop
endfacet
facet normal 0 0 0
 outer loop
 vertex -0.08 0.015244 -0.00631428
 vertex -0.08 0.0142894 -0.00825
 vertex -0.08 0.0151554 -0.00875
 endloop
endfacet
facet normal 0 0 0
 outer loop
 vertex -0.08 0.015244 -0.00631428
 vertex -0.08 0.0151554 -0.00875
 vertex -0.08 0.0161679 -0.00669696
 endloop
endfacet
facet normal 0 0 0
 outer loop
 vertex 0.2 0.015244 -0.00631428
 vertex 0.2 0.0161679 -0.00669696
 vertex 0.2 0.0151554 -0.00875
 endloop
endfacet
facet normal 0 0 0
 outer loop
 vertex 0.2 0.015244 -0.00631428
 vertex 0.2 0.0151554 -0.00875
 vertex 0.2 0.0142894 -0.00825
 endloop
endfacet
facet normal 0 0 0
 outer loop
 vertex -0.08 0.0142894 -0.00825
 vertex -0.08 0.0130903 -0.0100446
 vertex -0.08 0.0138837 -0.0106533
 endloop
endfacet
facet normal 0 0 0
 outer loop
 vertex -0.08 0.0142894 -0.00825
 vertex -0.08 0.0138837 -0.0106533
 vertex -0.08 0.0151554 -0.00875
 endloop
endfacet
facet normal 0 0 0
 outer loop
 vertex 0.2 0.0142894 -0.00825
 vertex 0.2 0.0151554 -0.00875
 vertex 0.2 0.0138837 -0.0106533
 endloop
endfacet
facet normal 0 0 0
 outer loop
 vertex 0.2 0.0142894 -0.00825
 vertex 0.2 0.0138837 -0.0106533
 vertex 0.2 0.0130903 -0.0100446
 endloop
endfacet
facet normal 0 0 0
 outer loop
 vertex -0.08 0.0130903 -0.0100446
 vertex -0.08 0.0116673 -0.0116673
 vertex -0.08 0.0123744 -0.0123744
 endloop
endfacet
facet normal 0 0 0
 outer loop
 vertex -0.08 0.0130903 -0.0100446
 vertex -0.08 0.0123744 -0.0123744
 vertex -0.08 0.0138837 -0.0106533
 endloop
endfacet
facet normal 0 0 0
 outer loop
 vertex 0.2 0.0130903 -0.0100446
 vertex 0.2 0.0138837 -0.0106533
 vertex 0.2 0.0123744 -0.0123744
 endloop
endfacet
facet normal 0 0 0
 outer loop
 vertex 0.2 0.0130903 -0.0100446
 vertex 0.2 0.0123744 -0.0123744
 vertex 0.2 0.0116673 -0.0116673
 endloop
endfacet
facet normal 0 0 0
 outer loop
 vertex -0.08 0.0116673 -0.0116673
 vertex -0.08 0.0100446 -0.0130903
 vertex -0.08 0.0106533 -0.0138837
 endloop
endfacet
facet normal 0 0 0
 outer loop
 vertex -0.08 0.0116673 -0.0116673
 vertex -0.08 0.0106533 -0.0138837
 vertex -0.08 0.0123744 -0.0123744
 endloop
endfacet
facet normal 0 0 0
 outer loop
 vertex 0.2 0.0116673 -0.0116673
 vertex 0.2 0.0123744 -0.0123744
 vertex 0.2 0.0106533 -0.0138837
 endloop
endfacet
facet normal 0 0 0
 outer loop
 vertex 0.2 0.0116673 -0.0116673
 vertex 0.2 0.0106533 -0.0138837
 vertex 0.2 0.0100446 -0.0130903
 endloop
endfacet
facet normal 0 0 0
 outer loop
 vertex -0.08 0.0100446 -0.0130903
 vertex -0.08 0.00825 -0.0142894
 vertex -0.08 0.00875 -0.0151554
 endloop
endfacet
facet normal 0 0 0
 outer loop
 vertex -0.08 0.0100446 -0.0130903
 vertex -0.08 0.00875 -0.0151554
 vertex -0.08 0.0106533 -0.0138837
 endloop
endfacet
facet normal 0 0 0
 outer loop
 vertex 0.2 0.0100446 -0.0130903
 vertex 0.2 0.0106533 -0.0138837
 vertex 0.2 0.00875 -0.0151554
 endloop
endfacet
facet normal 0 0 0
 outer loop
 vertex 0.2 0.0100446 -0.0130903
 vertex 0.2 0.00875 -0.0151554
 vertex 0.2 0.00825 -0.0142894
 endloop
endfacet
facet normal 0 0 0
 outer loop
 vertex -0.08 0.00825 -0.0142894
 vertex -0.08 0.00631428 -0.015244
 vertex -0.08 0.00669696 -0.0161679
 endloop
endfacet
facet normal 0 0 0
 outer loop
 vertex -0.08 0.00825 -0.0142894
 vertex -0.08 0.00669696 -0.0161679
 vertex -0.08 0.00875 -0.0151554
 endloop
endfacet
facet normal 0 0 0
 outer loop
 vertex 0.2 0.00825 -0.0142894
 vertex 0.2 0.00875 -0.0151554
 vertex 0.2 0.00669696 -0.0161679
 endloop
endfacet
facet normal 0 0 0
 outer loop
 vertex 0.2 0.00825 -0.0142894
 vertex 0.2 0.00669696 -0.0161679
 vertex 0.2 0.00631428 -0.015244
 endloop
endfacet
facet normal 0 0 0
 outer loop
 vertex -0.08 0.00631428 -0.015244
 vertex -0.08 0.00427052 -0.0159378
 vertex -0.08 0.00452934 -0.0169037
 endloop
endfacet
facet normal 0 0 0
 outer loop
 vertex -0.08 0.00631428 -0.015244
 vertex -0.08 0.00452934 -0.0169037
 vertex -0.08 0.00669696 -0.0161679
 endloop
endfacet
facet normal 0 0 0
 outer loop
 vertex 0.2 0.00631428 -0.015244
 vertex 0.2 0.00669696 -0.0161679
 vertex 0.2 0.00452934 -0.0169037
 endloop
endfacet
facet normal 0 0 0
 outer loop
 vertex 0.2 0.00631428 -0.015244
 vertex 0.2 0.00452934 -0.0169037
 vertex 0.2 0.00427052 -0.0159378
 endloop
endfacet
facet normal 0 0 0
 outer loop
 vertex -0.08 0.00427052 -0.0159378
 vertex -0.08 0.00215368 -0.0163588
 vertex -0.08 0.00228421 -0.0173503
 endloop
endfacet
facet normal 0 0 0
 outer loop
 vertex -0.08 0.00427052 -0.0159378
 vertex -0.08 0.00228421 -0.0173503
 vertex -0.08 0.00452934 -0.0169037
 endloop
endfacet
facet normal 0 0 0
 outer loop
 vertex 0.2 0.00427052 -0.0159378
 vertex 0.2 0.00452934 -0.0169037
 vertex 0.2 0.00228421 -0.0173503
 endloop
endfacet
facet normal 0 0 0
 outer loop
 vertex 0.2 0.00427052 -0.0159378
 vertex 0.2 0.00228421 -0.0173503
 vertex 0.2 0.00215368 -0.0163588
 endloop
endfacet
facet normal 0 0 0
 outer loop
 vertex -0.08 0.00215368 -0.0163588
 vertex -0.08 -1.44248e-09 -0.0165
 vertex -0.08 -1.5299e-09 -0.0175
 endloop
endfacet
facet normal 0 0 0
 outer loop
 vertex -0.08 0.00215368 -0.0163588
 vertex -0.08 -1.5299e-09 -0.0175
 vertex -0.08 0.00228421 -0.0173503
 endloop
endfacet
facet normal 0 0 0
 outer loop
 vertex 0.2 0.00215368 -0.0163588
 vertex 0.2 0.00228421 -0.0173503
 vertex 0.2 -1.5299e-09 -0.0175
 endloop
endfacet
facet normal 0 0 0
 outer loop
 vertex 0.2 0.00215368 -0.0163588
 vertex 0.2 -1.5299e-09 -0.0175
 vertex 0.2 -1.44248e-09 -0.0165
 endloop
endfacet
facet normal 0 0 0
 outer loop
 vertex -0.08 -1.44248e-09 -0.0165
 vertex -0.08 -0.00215368 -0.0163588
 vertex -0.08 -0.00228421 -0.0173503
 endloop
endfacet
facet normal 0 0 0
 outer loop
 vertex -0.08 -1.44248e-09 -0.0165
 vertex -0.08 -0.00228421 -0.0173503
 vertex -0.08 -1.5299e-09 -0.0175
 endloop
endfacet
facet normal 0 0 0
 outer loop
 vertex 0.2 -1.44248e-09 -0.0165
 vertex 0.2 -1.5299e-09 -0.0175
 vertex 0.2 -0.00228421 -0.0173503
 endloop
endfacet
facet normal 0 0 0
 outer loop
 vertex 0.2 -1.44248e-09 -0.0165
 vertex 0.2 -0.00228421 -0.0173503
 vertex 0.2 -0.00215368 -0.0163588
 endloop
endfacet
facet normal 0 0 0
 outer loop
 vertex -0.08 -0.00215368 -0.0163588
 vertex -0.08 -0.00427051 -0.0159378
 vertex -0.08 -0.00452933 -0.0169037
 endloop
endfacet
facet normal 0 0 0
 outer loop
 vertex -0.08 -0.00215368 -0.0163588
 vertex -0.08 -0.00452933 -0.0169037
 vertex -0.08 -0.00228421 -0.0173503
 endloop
endfacet
facet normal 0 0 0
 outer loop
 vertex 0.2 -0.00215368 -0.0163588
 vertex 0.2 -0.00228421 -0.0173503
 vertex 0.2 -0.00452933 -0.0169037
 endloop
endfacet
facet normal 0 0 0
 outer loop
 vertex 0.2 -0.00215368 -0.0163588
 vertex 0.2 -0.00452933 -0.0169037
 vertex 0.2 -0.00427051 -0.0159378
 endloop
endfacet
facet normal 0 0 0
 outer loop
 vertex -0.08 -0.00427051 -0.0159378
 vertex -0.08 -0.00631428 -0.015244
 vertex -0.08 -0.00669696 -0.0161679
 endloop
endfacet
facet normal 0 0 0
 outer loop
 vertex -0.08 -0.00427051 -0.0159378
 vertex -0.08 -0.00669696 -0.0161679
 vertex -0.08 -0.00452933 -0.0169037
 endloop
endfacet
facet normal 0 0 0
 outer loop
 vertex 0.2 -0.00427051 -0.0159378
 vertex 0.2 -0.00452933 -0.0169037
 vertex 0.2 -0.00669696 -0.0161679
 endloop
endfacet
facet normal 0 0 0
 outer loop
 vertex 0.2 -0.00427051 -0.0159378
 vertex 0.2 -0.00669696 -0.0161679
 vertex 0.2 -0.00631428 -0.015244
 endloop
endfacet
facet normal 0 0 0
 outer loop
 vertex -0.08 -0.00631428 -0.015244
 vertex -0.08 -0.00825 -0.0142894
 vertex -0.08 -0.00875 -0.0151554
 endloop
endfacet
facet normal 0 0 0
 outer loop
 vertex -0.08 -0.00631428 -0.015244
 vertex -0.08 -0.00875 -0.0151554
 vertex -0.08 -0.00669696 -0.0161679
 endloop
endfacet
facet normal 0 0 0
 outer loop
 vertex 0.2 -0.00631428 -0.015244
 vertex 0.2 -0.00669696 -0.0161679
 vertex 0.2 -0.00875 -0.0151554
 endloop
endfacet
facet normal 0 0 0
 outer loop
 vertex 0.2 -0.00631428 -0.015244
 vertex 0.2 -0.00875 -0.0151554
 vertex 0.2 -0.00825 -0.0142894
 endloop
endfacet
facet normal 0 0 0
 outer loop
 vertex -0.08 -0.00825 -0.0142894
 vertex -0.08 -0.0100446 -0.0130903
 vertex -0.08 -0.0106533 -0.0138837
 endloop
endfacet
facet normal 0 0 0
 outer loop
 vertex -0.08 -0.00825 -0.0142894
 vertex -0.08 -0.0106533 -0.0138837
 vertex -0.08 -0.00875 -0.0151554
 endloop
endfacet
facet normal 0 0 0
 outer loop
 vertex 0.2 -0.00825 -0.0142894
 vertex 0.2 -0.00875 -0.0151554
 vertex 0.2 -0.0106533 -0.0138837
 endloop
endfacet
facet normal 0 0 0
 outer loop
 vertex 0.2 -0.00825 -0.0142894
 vertex 0.2 -0.0106533 -0.0138837
 vertex 0.2 -0.0100446 -0.0130903
 endloop
endfacet
facet normal 0 0 0
 outer loop
 vertex -0.08 -0.0100446 -0.0130903
 vertex -0.08 -0.0116673 -0.0116673
 vertex -0.08 -0.0123744 -0.0123744
 endloop
endfacet
facet normal 0 0 0
 outer loop
 vertex -0.08 -0.0100446 -0.0130903
 vertex -0.08 -0.0123744 -0.0123744
 vertex -0.08 -0.0106533 -0.0138837
 endloop
endfacet
facet normal 0 0 0
 outer loop
 vertex 0.2 -0.0100446 -0.0130903
 vertex 0.2 -0.0106533 -0.0138837
 vertex 0.2 -0.0123744 -0.0123744
 endloop
endfacet
facet normal 0 0 0
 outer loop
 vertex 0.2 -0.0100446 -0.0130903
 vertex 0.2 -0.0123744 -0.0123744
 vertex 0.2 -0.0116673 -0.0116673
 endloop
endfacet
facet normal 0 0 0
 outer loop
 vertex -0.08 -0.0116673 -0.0116673
 vertex -0.08 -0.0130903 -0.0100446
 vertex -0.08 -0.0138837 -0.0106533
 endloop
endfacet
facet normal 0 0 0
 outer loop
 vertex -0.08 -0.0116673 -0.0116673
 vertex -0.08 -0.0138837 -0.0106533
 vertex -0.08 -0.0123744 -0.0123744
 endloop
endfacet
facet normal 0 0 0
 outer loop
 vertex 0.2 -0.0116673 -0.0116673
 vertex 0.2 -0.0123744 -0.0123744
 vertex 0.2 -0.0138837 -0.0106533
 endloop
endfacet
facet normal 0 0 0
 outer loop
 vertex 0.2 -0.0116673 -0.0116673
 vertex 0.2 -0.0138837 -0.0106533
 vertex 0.2 -0.0130903 -0.0100446
 endloop
endfacet
facet normal 0 0 0
 outer loop
 vertex -0.08 -0.0130903 -0.0100446
 vertex -0.08 -0.0142894 -0.00825
 vertex -0.08 -0.0151554 -0.00875
 endloop
endfacet
facet normal 0 0 0
 outer loop
 vertex -0.08 -0.0130903 -0.0100446
 vertex -0.08 -0.0151554 -0.00875
 vertex -0.08 -0.0138837 -0.0106533
 endloop
endfacet
facet normal 0 0 0
 outer loop
 vertex 0.2 -0.0130903 -0.0100446
 vertex 0.2 -0.0138837 -0.0106533
 vertex 0.2 -0.0151554 -0.00875
 endloop
endfacet
facet normal 0 0 0
 outer loop
 vertex 0.2 -0.0130903 -0.0100446
 vertex 0.2 -0.0151554 -0.00875
 vertex 0.2 -0.0142894 -0.00825
 endloop
endfacet
facet normal 0 0 0
 outer loop
 vertex -0.08 -0.0142894 -0.00825
 vertex -0.08 -0.015244 -0.00631428
 vertex -0.08 -0.0161679 -0.00669696
 endloop
endfacet
facet normal 0 0 0
 outer loop
 vertex -0.08 -0.0142894 -0.00825
 vertex -0.08 -0.0161679 -0.00669696
 vertex -0.08 -0.0151554 -0.00875
 endloop
endfacet
facet normal 0 0 0
 outer loop
 vertex 0.2 -0.0142894 -0.00825
 vertex 0.2 -0.0151554 -0.00875
 vertex 0.2 -0.0161679 -0.00669696
 endloop
endfacet
facet normal 0 0 0
 outer loop
 vertex 0.2 -0.0142894 -0.00825
 vertex 0.2 -0.0161679 -0.00669696
 vertex 0.2 -0.015244 -0.00631428
 endloop
endfacet
facet normal 0 0 0
 outer loop
 vertex -0.08 -0.015244 -0.00631428
 vertex -0.08 -0.0159378 -0.00427051
 vertex -0.08 -0.0169037 -0.00452933
 endloop
endfacet
facet normal 0 0 0
 outer loop
 vertex -0.08 -0.015244 -0.00631428
 vertex -0.08 -0.0169037 -0.00452933
 vertex -0.08 -0.0161679 -0.00669696
 endloop
endfacet
facet normal 0 0 0
 outer loop
 vertex 0.2 -0.015244 -0.00631428
 vertex 0.2 -0.0161679 -0.00669696
 vertex 0.2 -0.0169037 -0.00452933
 endloop
endfacet
facet normal 0 0 0
 outer loop
 vertex 0.2 -0.015244 -0.00631428
 vertex 0.2 -0.0169037 -0.00452933
 vertex 0.2 -0.0159378 -0.00427051
 endloop
endfacet
facet normal 0 0 0
 outer loop
 vertex -0.08 -0.0159378 -0.00427051
 vertex -0.08 -0.0163588 -0.00215369
 vertex -0.08 -0.0173503 -0.00228421
 endloop
endfacet
facet normal 0 0 0
 outer loop
 vertex -0.08 -0.0159378 -0.00427051
 vertex -0.08 -0.0173503 -0.00228421
 vertex -0.08 -0.0169037 -0.00452933
 endloop
endfacet
facet normal 0 0 0
 outer loop
 vertex 0.2 -0.0159378 -0.00427051
 vertex 0.2 -0.0169037 -0.00452933
 vertex 0.2 -0.0173503 -0.00228421
 endloop
endfacet
facet normal 0 0 0
 outer loop
 vertex 0.2 -0.0159378 -0.00427051
 vertex 0.2 -0.0173503 -0.00228421
 vertex 0.2 -0.0163588 -0.00215369
 endloop
endfacet
facet normal 0 0 0
 outer loop
 vertex -0.08 -0.0163588 -0.00215369
 vertex -0.08 -0.0165 1.96761e-10
 vertex -0.08 -0.0175 2.08685e-10
 endloop
endfacet
facet normal 0 0 0
 outer loop
 vertex -0.08 -0.0163588 -0.00215369
 vertex -0.08 -0.0175 2.08685e-10
 vertex -0.08 -0.0173503 -0.00228421
 endloop
endfacet
facet normal 0 0 0
 outer loop
 vertex 0.2 -0.0163588 -0.00215369
 vertex 0.2 -0.0173503 -0.00228421
 vertex 0.2 -0.0175 2.08685e-10
 endloop
endfacet
facet normal 0 0 0
 outer loop
 vertex 0.2 -0.0163588 -0.00215369
 vertex 0.2 -0.0175 2.08685e-10
 vertex 0.2 -0.0165 1.96761e-10
 endloop
endfacet
facet normal 0 0 0
 outer loop
 vertex -0.08 -0.0165 1.96761e-10
 vertex -0.08 -0.0163588 0.00215369
 vertex -0.08 -0.0173503 0.00228421
 endloop
endfacet
facet normal 0 0 0
 outer loop
 vertex -0.08 -0.0165 1.96761e-10
 vertex -0.08 -0.0173503 0.00228421
 vertex -0.08 -0.0175 2.08685e-10
 endloop
endfacet
facet normal 0 0 0
 outer loop
 vertex 0.2 -0.0165 1.96761e-10
 vertex 0.2 -0.0175 2.08685e-10
 vertex 0.2 -0.0173503 0.00228421
 endloop
endfacet
facet normal 0 0 0
 outer loop
 vertex 0.2 -0.0165 1.96761e-10
 vertex 0.2 -0.0173503 0.00228421
 vertex 0.2 -0.0163588 0.00215369
 endloop
endfacet
facet normal 0 0 0
 outer loop
 vertex -0.08 -0.0163588 0.00215369
 vertex -0.08 -0.0159378 0.00427051
 vertex -0.08 -0.0169037 0.00452933
 endloop
endfacet
facet normal 0 0 0
 outer loop
 vertex -0.08 -0.0163588 0.00215369
 vertex -0.08 -0.0169037 0.00452933
 vertex -0.08 -0.0173503 0.00228421
 endloop
endfacet
facet normal 0 0 0
 outer loop
 vertex 0.2 -0.0163588 0.00215369
 vertex 0.2 -0.0173503 0.00228421
 vertex 0.2 -0.0169037 0.00452933
 endloop
endfacet
facet normal 0 0 0
 outer loop
 vertex 0.2 -0.0163588 0.00215369
 vertex 0.2 -0.0169037 0.00452933
 vertex 0.2 -0.0159378 0.00427051
 endloop
endfacet
facet normal 0 0 0
 outer loop
 vertex -0.08 -0.0159378 0.00427051
 vertex -0.08 -0.015244 0.00631428
 vertex -0.08 -0.0161679 0.00669696
 endloop
endfacet
facet normal 0 0 0
 outer loop
 vertex -0.08 -0.0159378 0.00427051
 vertex -0.08 -0.0161679 0.00669696
 vertex -0.08 -0.0169037 0.00452933
 endloop
endfacet
facet normal 0 0 0
 outer loop
 vertex 0.2 -0.0159378 0.00427051
 vertex 0.2 -0.0169037 0.00452933
 vertex 0.2 -0.0161679 0.00669696
 endloop
endfacet
facet normal 0 0 0
 outer loop
 vertex 0.2 -0.0159378 0.00427051
 vertex 0.2 -0.0161679 0.00669696
 vertex 0.2 -0.015244 0.00631428
 endloop
endfacet
facet normal 0 0 0
 outer loop
 vertex -0.08 -0.015244 0.00631428
 vertex -0.08 -0.0142894 0.00825
 vertex -0.08 -0.0151554 0.00875
 endloop
endfacet
facet normal 0 0 0
 outer loop
 vertex -0.08 -0.015244 0.00631428
 vertex -0.08 -0.0151554 0.00875
 vertex -0.08 -0.0161679 0.00669696
 endloop
endfacet
facet normal 0 0 0
 outer loop
 vertex 0.2 -0.015244 0.00631428
 vertex 0.2 -0.0161679 0.00669696
 vertex 0.2 -0.0151554 0.00875
 endloop
endfacet
facet normal 0 0 0
 outer loop
 vertex 0.2 -0.015244 0.00631428
 vertex 0.2 -0.0151554 0.00875
 vertex 0.2 -0.0142894 0.00825
 endloop
endfacet
facet normal 0 0 0
 outer loop
 vertex -0.08 -0.0142894 0.00825
 vertex -0.08 -0.0130903 0.0100446
 vertex -0.08 -0.0138837 0.0106533
 endloop
endfacet
facet normal 0 0 0
 outer loop
 vertex -0.08 -0.0142894 0.00825
 vertex -0.08 -0.0138837 0.0106533
 vertex -0.08 -0.0151554 0.00875
 endloop
endfacet
facet normal 0 0 0
 outer loop
 vertex 0.2 -0.0142894 0.00825
 vertex 0.2 -0.0151554 0.00875
 vertex 0.2 -0.0138837 0.0106533
 endloop
endfacet
facet normal 0 0 0
 outer loop
 vertex 0.2 -0.0142894 0.00825
 vertex 0.2 -0.0138837 0.0106533
 vertex 0.2 -0.0130903 0.0100446
 endloop
endfacet
facet normal 0 0 0
 outer loop
 vertex -0.08 -0.0130903 0.0100446
 vertex -0.08 -0.0116673 0.0116673
 vertex -0.08 -0.0123744 0.0123744
 endloop
endfacet
facet normal 0 0 0
 outer loop
 vertex -0.08 -0.0130903 0.0100446
 vertex -0.08 -0.0123744 0.0123744
 vertex -0.08 -0.0138837 0.0106533
 endloop
endfacet
facet normal 0 0 0
 outer loop
 vertex 0.2 -0.0130903 0.0100446
 vertex 0.2 -0.0138837 0.0106533
 vertex 0.2 -0.0123744 0.0123744
 endloop
endfacet
facet normal 0 0 0
 outer loop
 vertex 0.2 -0.0130903 0.0100446
 vertex 0.2 -0.0123744 0.0123744
 vertex 0.2 -0.0116673 0.0116673
 endloop
endfacet
facet normal 0 0 0
 outer loop
 vertex -0.08 -0.0116673 0.0116673
 vertex -0.08 -0.0100446 0.0130903
 vertex -0.08 -0.0106533 0.0138837
 endloop
endfacet
facet normal 0 0 0
 outer loop
 vertex -0.08 -0.0116673 0.0116673
 vertex -0.08 -0.0106533 0.0138837
 vertex -0.08 -0.0123744 0.0123744
 endloop
endfacet
facet normal 0 0 0
 outer loop
 vertex 0.2 -0.0116673 0.0116673
 vertex 0.2 -0.0123744 0.0123744
 vertex 0.2 -0.0106533 0.0138837
 endloop
endfacet
facet normal 0 0 0
 outer loop
 vertex 0.2 -0.0116673 0.0116673
 vertex 0.2 -0.0106533 0.0138837
 vertex 0.2 -0.0100446 0.0130903
 endloop
endfacet
facet normal 0 0 0
 outer loop
 vertex -0.08 -0.0100446 0.0130903
 vertex -0.08 -0.00825 0.0142894
 vertex -0.08 -0.00875 0.0151554
 endloop
endfacet
facet normal 0 0 0
 outer loop
 vertex -0.08 -0.0100446 0.0130903
 vertex -0.08 -0.00875 0.0151554
 vertex -0.08 -0.0106533 0.0138837
 endloop
endfacet
facet normal 0 0 0
 outer loop
 vertex 0.2 -0.0100446 0.0130903
 vertex 0.2 -0.0106533 0.0138837
 vertex 0.2 -0.00875 0.0151554
 endloop
endfacet
facet normal 0 0 0
 outer loop
 vertex 0.2 -0.0100446 0.0130903
 vertex 0.2 -0.00875 0.0151554
 vertex 0.2 -0.00825 0.0142894
 endloop
endfacet
facet normal 0 0 0
 outer loop
 vertex -0.08 -0.00825 0.0142894
 vertex -0.08 -0.00631428 0.015244
 vertex -0.08 -0.00669696 0.0161679
 endloop
endfacet
facet normal 0 0 0
 outer loop
 vertex -0.08 -0.00825 0.0142894
 vertex -0.08 -0.00669696 0.0161679
 vertex -0.08 -0.00875 0.0151554
 endloop
endfacet
facet normal 0 0 0
 outer loop
 vertex 0.2 -0.00825 0.0142894
 vertex 0.2 -0.00875 0.0151554
 vertex 0.2 -0.00669696 0.0161679
 endloop
endfacet
facet normal 0 0 0
 outer loop
 vertex 0.2 -0.00825 0.0142894
 vertex 0.2 -0.00669696 0.0161679
 vertex 0.2 -0.00631428 0.015244
 endloop
endfacet
facet normal 0 0 0
 outer loop
 vertex -0.08 -0.00631428 0.015244
 vertex -0.08 -0.00427051 0.0159378
 vertex -0.08 -0.00452933 0.0169037
 endloop
endfacet
facet normal 0 0 0
 outer loop
 vertex -0.08 -0.00631428 0.015244
 vertex -0.08 -0.00452933 0.0169037
 vertex -0.08 -0.00669696 0.0161679
 endloop
endfacet
facet normal 0 0 0
 outer loop
 vertex 0.2 -0.00631428 0.015244
 vertex 0.2 -0.00669696 0.0161679
 vertex 0.2 -0.00452933 0.0169037
 endloop
endfacet
facet normal 0 0 0
 outer loop
 vertex 0.2 -0.00631428 0.015244
 vertex 0.2 -0.00452933 0.0169037
 vertex 0.2 -0.00427051 0.0159378
 endloop
endfacet
facet normal 0 0 0
 outer loop
 vertex -0.08 -0.00427051 0.0159378
 vertex -0.08 -0.00215368 0.0163588
 vertex -0.08 -0.00228421 0.0173503
 endloop
endfacet
facet normal 0 0 0
 outer loop
 vertex -0.08 -0.00427051 0.0159378
 vertex -0.08 -0.00228421 0.0173503
 vertex -0.08 -0.00452933 0.0169037
 endloop
endfacet
facet normal 0 0 0
 outer loop
 vertex 0.2 -0.00427051 0.0159378
 vertex 0.2 -0.00452933 0.0169037
 vertex 0.2 -0.00228421 0.0173503
 endloop
endfacet
facet normal 0 0 0
 outer loop
 vertex 0.2 -0.00427051 0.0159378
 vertex 0.2 -0.00228421 0.0173503
 vertex 0.2 -0.00215368 0.0163588
 endloop
endfacet
facet normal 0 0 0
 outer loop
 vertex -0.08 -0.00215368 0.0163588
 vertex -0.08 2.88495e-09 0.0165
 vertex -0.08 3.0598e-09 0.0175
 endloop
endfacet
facet normal 0 0 0
 outer loop
 vertex -0.08 -0.00215368 0.0163588
 vertex -0.08 3.0598e-09 0.0175
 vertex -0.08 -0.00228421 0.0173503
 endloop
endfacet
facet normal 0 0 0
 outer loop
 vertex 0.2 -0.00215368 0.0163588
 vertex 0.2 -0.00228421 0.0173503
 vertex 0.2 3.0598e-09 0.0175
 endloop
endfacet
facet normal 0 0 0
 outer loop
 vertex 0.2 -0.00215368 0.0163588
 vertex 0.2 3.0598e-09 0.0175
 vertex 0.2 2.88495e-09 0.0165
 endloop
endfacet
facet normal 0 0 0
 outer loop
 vertex 0.15 0 0.0175
 vertex 0.15 0.00228421 0.0173503
 vertex 0.27 0.00228421 0.0173503
 endloop
endfacet
facet normal 0 0 0
 outer loop
 vertex 0.15 0 0.0175
 vertex 0.27 0.00228421 0.0173503
 vertex 0.27 0 0.0175
 endloop
endfacet
facet normal 0 0 0
 outer loop
 vertex 0.27 0 0.014
 vertex 0.27 0.00182737 0.0138802
 vertex 0.15 0.00182737 0.0138802
 endloop
endfacet
facet normal 0 0 0
 outer loop
 vertex 0.27 0 0.014
 vertex 0.15 0.00182737 0.0138802
 vertex 0.15 0 0.014
 endloop
endfacet
facet normal 0 0 0
 outer loop
 vertex 0.15 0.00228421 0.0173503
 vertex 0.15 0.00452933 0.0169037
 vertex 0.27 0.00452933 0.0169037
 endloop
endfacet
facet normal 0 0 0
 outer loop
 vertex 0.15 0.00228421 0.0173503
 vertex 0.27 0.00452933 0.0169037
 vertex 0.27 0.00228421 0.0173503
 endloop
endfacet
facet normal 0 0 0
 outer loop
 vertex 0.27 0.00182737 0.0138802
 vertex 0.27 0.00362347 0.013523
 vertex 0.15 0.00362347 0.013523
 endloop
endfacet
facet normal 0 0 0
 outer loop
 vertex 0.27 0.00182737 0.0138802
 vertex 0.15 0.00362347 0.013523
 vertex 0.15 0.00182737 0.0138802
 endloop
endfacet
facet normal 0 0 0
 outer loop
 vertex 0.15 0.00452933 0.0169037
 vertex 0.15 0.00669696 0.0161679
 vertex 0.27 0.00669696 0.0161679
 endloop
endfacet
facet normal 0 0 0
 outer loop
 vertex 0.15 0.00452933 0.0169037
 vertex 0.27 0.00669696 0.0161679
 vertex 0.27 0.00452933 0.0169037
 endloop
endfacet
facet normal 0 0 0
 outer loop
 vertex 0.27 0.00362347 0.013523
 vertex 0.27 0.00535757 0.0129343
 vertex 0.15 0.00535757 0.0129343
 endloop
endfacet
facet normal 0 0 0
 outer loop
 vertex 0.27 0.00362347 0.013523
 vertex 0.15 0.00535757 0.0129343
 vertex 0.15 0.00362347 0.013523
 endloop
endfacet
facet normal 0 0 0
 outer loop
 vertex 0.15 0.00669696 0.0161679
 vertex 0.15 0.00875 0.0151554
 vertex 0.27 0.00875 0.0151554
 endloop
endfacet
facet normal 0 0 0
 outer loop
 vertex 0.15 0.00669696 0.0161679
 vertex 0.27 0.00875 0.0151554
 vertex 0.27 0.00669696 0.0161679
 endloop
endfacet
facet normal 0 0 0
 outer loop
 vertex 0.27 0.00535757 0.0129343
 vertex 0.27 0.007 0.0121244
 vertex 0.15 0.007 0.0121244
 endloop
endfacet
facet normal 0 0 0
 outer loop
 vertex 0.27 0.00535757 0.0129343
 vertex 0.15 0.007 0.0121244
 vertex 0.15 0.00535757 0.0129343
 endloop
endfacet
facet normal 0 0 0
 outer loop
 vertex 0.15 0.00875 0.0151554
 vertex 0.15 0.0106533 0.0138837
 vertex 0.27 0.0106533 0.0138837
 endloop
endfacet
facet normal 0 0 0
 outer loop
 vertex 0.15 0.00875 0.0151554
 vertex 0.27 0.0106533 0.0138837
 vertex 0.27 0.00875 0.0151554
 endloop
endfacet
facet normal 0 0 0
 outer loop
 vertex 0.27 0.007 0.0121244
 vertex 0.27 0.00852266 0.0111069
 vertex 0.15 0.00852266 0.0111069
 endloop
endfacet
facet normal 0 0 0
 outer loop
 vertex 0.27 0.007 0.0121244
 vertex 0.15 0.00852266 0.0111069
 vertex 0.15 0.007 0.0121244
 endloop
endfacet
facet normal 0 0 0
 outer loop
 vertex 0.15 0.0106533 0.0138837
 vertex 0.15 0.0123744 0.0123744
 vertex 0.27 0.0123744 0.0123744
 endloop
endfacet
facet normal 0 0 0
 outer loop
 vertex 0.15 0.0106533 0.0138837
 vertex 0.27 0.0123744 0.0123744
 vertex 0.27 0.0106533 0.0138837
 endloop
endfacet
facet normal 0 0 0
 outer loop
 vertex 0.27 0.00852266 0.0111069
 vertex 0.27 0.0098995 0.0098995
 vertex 0.15 0.0098995 0.0098995
 endloop
endfacet
facet normal 0 0 0
 outer loop
 vertex 0.27 0.00852266 0.0111069
 vertex 0.15 0.0098995 0.0098995
 vertex 0.15 0.00852266 0.0111069
 endloop
endfacet
facet normal 0 0 0
 outer loop
 vertex 0.15 0.0123744 0.0123744
 vertex 0.15 0.0138837 0.0106533
 vertex 0.27 0.0138837 0.0106533
 endloop
endfacet
facet normal 0 0 0
 outer loop
 vertex 0.15 0.0123744 0.0123744
 vertex 0.27 0.0138837 0.0106533
 vertex 0.27 0.0123744 0.0123744
 endloop
endfacet
facet normal 0 0 0
 outer loop
 vertex 0.27 0.0098995 0.0098995
 vertex 0.27 0.0111069 0.00852266
 vertex 0.15 0.0111069 0.00852266
 endloop
endfacet
facet normal 0 0 0
 outer loop
 vertex 0.27 0.0098995 0.0098995
 vertex 0.15 0.0111069 0.00852266
 vertex 0.15 0.0098995 0.0098995
 endloop
endfacet
facet normal 0 0 0
 outer loop
 vertex 0.15 0.0138837 0.0106533
 vertex 0.15 0.0151554 0.00875
 vertex 0.27 0.0151554 0.00875
 endloop
endfacet
facet normal 0 0 0
 outer loop
 vertex 0.15 0.0138837 0.0106533
 vertex 0.27 0.0151554 0.00875
 vertex 0.27 0.0138837 0.0106533
 endloop
endfacet
facet normal 0 0 0
 outer loop
 vertex 0.27 0.0111069 0.00852266
 vertex 0.27 0.0121244 0.007
 vertex 0.15 0.0121244 0.007
 endloop
endfacet
facet normal 0 0 0
 outer loop
 vertex 0.27 0.0111069 0.00852266
 vertex 0.15 0.0121244 0.007
 vertex 0.15 0.0111069 0.00852266
 endloop
endfacet
facet normal 0 0 0
 outer loop
 vertex 0.15 0.0151554 0.00875
 vertex 0.15 0.0161679 0.00669696
 vertex 0.27 0.0161679 0.00669696
 endloop
endfacet
facet normal 0 0 0
 outer loop
 vertex 0.15 0.0151554 0.00875
 vertex 0.27 0.0161679 0.00669696
 vertex 0.27 0.0151554 0.00875
 endloop
endfacet
facet normal 0 0 0
 outer loop
 vertex 0.27 0.0121244 0.007
 vertex 0.27 0.0129343 0.00535757
 vertex 0.15 0.0129343 0.00535757
 endloop
endfacet
facet normal 0 0 0
 outer loop
 vertex 0.27 0.0121244 0.007
 vertex 0.15 0.0129343 0.00535757
 vertex 0.15 0.0121244 0.007
 endloop
endfacet
facet normal 0 0 0
 outer loop
 vertex 0.15 0.0161679 0.00669696
 vertex 0.15 0.0169037 0.00452933
 vertex 0.27 0.0169037 0.00452933
 endloop
endfacet
facet normal 0 0 0
 outer loop
 vertex 0.15 0.0161679 0.00669696
 vertex 0.27 0.0169037 0.00452933
 vertex 0.27 0.0161679 0.00669696
 endloop
endfacet
facet normal 0 0 0
 outer loop
 vertex 0.27 0.0129343 0.00535757
 vertex 0.27 0.013523 0.00362347
 vertex 0.15 0.013523 0.00362347
 endloop
endfacet
facet normal 0 0 0
 outer loop
 vertex 0.27 0.0129343 0.00535757
 vertex 0.15 0.013523 0.00362347
 vertex 0.15 0.0129343 0.00535757
 endloop
endfacet
facet normal 0 0 0
 outer loop
 vertex 0.15 0.0169037 0.00452933
 vertex 0.15 0.0173503 0.00228421
 vertex 0.27 0.0173503 0.00228421
 endloop
endfacet
facet normal 0 0 0
 outer loop
 vertex 0.15 0.0169037 0.00452933
 vertex 0.27 0.0173503 0.00228421
 vertex 0.27 0.0169037 0.00452933
 endloop
endfacet
facet normal 0 0 0
 outer loop
 vertex 0.27 0.013523 0.00362347
 vertex 0.27 0.0138802 0.00182737
 vertex 0.15 0.0138802 0.00182737
 endloop
endfacet
facet normal 0 0 0
 outer loop
 vertex 0.27 0.013523 0.00362347
 vertex 0.15 0.0138802 0.00182737
 vertex 0.15 0.013523 0.00362347
 endloop
endfacet
facet normal 0 0 0
 outer loop
 vertex 0.15 0.0173503 0.00228421
 vertex 0.15 0.0175 -7.64949e-10
 vertex 0.27 0.0175 -7.64949e-10
 endloop
endfacet
facet normal 0 0 0
 outer loop
 vertex 0.15 0.0173503 0.00228421
 vertex 0.27 0.0175 -7.64949e-10
 vertex 0.27 0.0173503 0.00228421
 endloop
endfacet
facet normal 0 0 0
 outer loop
 vertex 0.27 0.0138802 0.00182737
 vertex 0.27 0.014 -6.11959e-10
 vertex 0.15 0.014 -6.11959e-10
 endloop
endfacet
facet normal 0 0 0
 outer loop
 vertex 0.27 0.0138802 0.00182737
 vertex 0.15 0.014 -6.11959e-10
 vertex 0.15 0.0138802 0.00182737
 endloop
endfacet
facet normal 0 0 0
 outer loop
 vertex 0.15 0.0175 -7.64949e-10
 vertex 0.15 0.0173503 -0.00228421
 vertex 0.27 0.0173503 -0.00228421
 endloop
endfacet
facet normal 0 0 0
 outer loop
 vertex 0.15 0.0175 -7.64949e-10
 vertex 0.27 0.0173503 -0.00228421
 vertex 0.27 0.0175 -7.64949e-10
 endloop
endfacet
facet normal 0 0 0
 outer loop
 vertex 0.27 0.014 -6.11959e-10
 vertex 0.27 0.0138802 -0.00182737
 vertex 0.15 0.0138802 -0.00182737
 endloop
endfacet
facet normal 0 0 0
 outer loop
 vertex 0.27 0.014 -6.11959e-10
 vertex 0.15 0.0138802 -0.00182737
 vertex 0.15 0.014 -6.11959e-10
 endloop
endfacet
facet normal 0 0 0
 outer loop
 vertex 0.15 0.0173503 -0.00228421
 vertex 0.15 0.0169037 -0.00452933
 vertex 0.27 0.0169037 -0.00452933
 endloop
endfacet
facet normal 0 0 0
 outer loop
 vertex 0.15 0.0173503 -0.00228421
 vertex 0.27 0.0169037 -0.00452933
 vertex 0.27 0.0173503 -0.00228421
 endloop
endfacet
facet normal 0 0 0
 outer loop
 vertex 0.27 0.0138802 -0.00182737
 vertex 0.27 0.013523 -0.00362347
 vertex 0.15 0.013523 -0.00362347
 endloop
endfacet
facet normal 0 0 0
 outer loop
 vertex 0.27 0.0138802 -0.00182737
 vertex 0.15 0.013523 -0.00362347
 vertex 0.15 0.0138802 -0.00182737
 endloop
endfacet
facet normal 0 0 0
 outer loop
 vertex 0.15 0.0169037 -0.00452933
 vertex 0.15 0.0161679 -0.00669696
 vertex 0.27 0.0161679 -0.00669696
 endloop
endfacet
facet normal 0 0 0
 outer loop
 vertex 0.15 0.0169037 -0.00452933
 vertex 0.27 0.0161679 -0.00669696
 vertex 0.27 0.0169037 -0.00452933
 endloop
endfacet
facet normal 0 0 0
 outer loop
 vertex 0.27 0.013523 -0.00362347
 vertex 0.27 0.0129343 -0.00535757
 vertex 0.15 0.0129343 -0.00535757
 endloop
endfacet
facet normal 0 0 0
 outer loop
 vertex 0.27 0.013523 -0.00362347
 vertex 0.15 0.0129343 -0.00535757
 vertex 0.15 0.013523 -0.00362347
 endloop
endfacet
facet normal 0 0 0
 outer loop
 vertex 0.15 0.0161679 -0.00669696
 vertex 0.15 0.0151554 -0.00875
 vertex 0.27 0.0151554 -0.00875
 endloop
endfacet
facet normal 0 0 0
 outer loop
 vertex 0.15 0.0161679 -0.00669696
 vertex 0.27 0.0151554 -0.00875
 vertex 0.27 0.0161679 -0.00669696
 endloop
endfacet
facet normal 0 0 0
 outer loop
 vertex 0.27 0.0129343 -0.00535757
 vertex 0.27 0.0121244 -0.007
 vertex 0.15 0.0121244 -0.007
 endloop
endfacet
facet normal 0 0 0
 outer loop
 vertex 0.27 0.0129343 -0.00535757
 vertex 0.15 0.0121244 -0.007
 vertex 0.15 0.0129343 -0.00535757
 endloop
endfacet
facet normal 0 0 0
 outer loop
 vertex 0.15 0.0151554 -0.00875
 vertex 0.15 0.0138837 -0.0106533
 vertex 0.27 0.0138837 -0.0106533
 endloop
endfacet
facet normal 0 0 0
 outer loop
 vertex 0.15 0.0151554 -0.00875
 vertex 0.27 0.0138837 -0.0106533
 vertex 0.27 0.0151554 -0.00875
 endloop
endfacet
facet normal 0 0 0
 outer loop
 vertex 0.27 0.0121244 -0.007
 vertex 0.27 0.0111069 -0.00852266
 vertex 0.15 0.0111069 -0.00852266
 endloop
endfacet
facet normal 0 0 0
 outer loop
 vertex 0.27 0.0121244 -0.007
 vertex 0.15 0.0111069 -0.00852266
 vertex 0.15 0.0121244 -0.007
 endloop
endfacet
facet normal 0 0 0
 outer loop
 vertex 0.15 0.0138837 -0.0106533
 vertex 0.15 0.0123744 -0.0123744
 vertex 0.27 0.0123744 -0.0123744
 endloop
endfacet
facet normal 0 0 0
 outer loop
 vertex 0.15 0.0138837 -0.0106533
 vertex 0.27 0.0123744 -0.0123744
 vertex 0.27 0.0138837 -0.0106533
 endloop
endfacet
facet normal 0 0 0
 outer loop
 vertex 0.27 0.0111069 -0.00852266
 vertex 0.27 0.0098995 -0.0098995
 vertex 0.15 0.0098995 -0.0098995
 endloop
endfacet
facet normal 0 0 0
 outer loop
 vertex 0.27 0.0111069 -0.00852266
 vertex 0.15 0.0098995 -0.0098995
 vertex 0.15 0.0111069 -0.00852266
 endloop
endfacet
facet normal 0 0 0
 outer loop
 vertex 0.15 0.0123744 -0.0123744
 vertex 0.15 0.0106533 -0.0138837
 vertex 0.27 0.0106533 -0.0138837
 endloop
endfacet
facet normal 0 0 0
 outer loop
 vertex 0.15 0.0123744 -0.0123744
 vertex 0.27 0.0106533 -0.0138837
 vertex 0.27 0.0123744 -0.0123744
 endloop
endfacet
facet normal 0 0 0
 outer loop
 vertex 0.27 0.0098995 -0.0098995
 vertex 0.27 0.00852266 -0.0111069
 vertex 0.15 0.00852266 -0.0111069
 endloop
endfacet
facet normal 0 0 0
 outer loop
 vertex 0.27 0.0098995 -0.0098995
 vertex 0.15 0.00852266 -0.0111069
 vertex 0.15 0.0098995 -0.0098995
 endloop
endfacet
facet normal 0 0 0
 outer loop
 vertex 0.15 0.0106533 -0.0138837
 vertex 0.15 0.00875 -0.0151554
 vertex 0.27 0.00875 -0.0151554
 endloop
endfacet
facet normal 0 0 0
 outer loop
 vertex 0.15 0.0106533 -0.0138837
 vertex 0.27 0.00875 -0.0151554
 vertex 0.27 0.0106533 -0.0138837
 endloop
endfacet
facet normal 0 0 0
 outer loop
 vertex 0.27 0.00852266 -0.0111069
 vertex 0.27 0.007 -0.0121244
 vertex 0.15 0.007 -0.0121244
 endloop
endfacet
facet normal 0 0 0
 outer loop
 vertex 0.27 0.00852266 -0.0111069
 vertex 0.15 0.007 -0.0121244
 vertex 0.15 0.00852266 -0.0111069
 endloop
endfacet
facet normal 0 0 0
 outer loop
 vertex 0.15 0.00875 -0.0151554
 vertex 0.15 0.00669696 -0.0161679
 vertex 0.27 0.00669696 -0.0161679
 endloop
endfacet
facet normal 0 0 0
 outer loop
 vertex 0.15 0.00875 -0.0151554
 vertex 0.27 0.00669696 -0.0161679
 vertex 0.27 0.00875 -0.0151554
 endloop
endfacet
facet normal 0 0 0
 outer loop
 vertex 0.27 0.007 -0.0121244
 vertex 0.27 0.00535757 -0.0129343
 vertex 0.15 0.00535757 -0.0129343
 endloop
endfacet
facet normal 0 0 0
 outer loop
 vertex 0.27 0.007 -0.0121244
 vertex 0.15 0.00535757 -0.0129343
 vertex 0.15 0.007 -0.0121244
 endloop
endfacet
facet normal 0 0 0
 outer loop
 vertex 0.15 0.00669696 -0.0161679
 vertex 0.15 0.00452934 -0.0169037
 vertex 0.27 0.00452934 -0.0169037
 endloop
endfacet
facet normal 0 0 0
 outer loop
 vertex 0.15 0.00669696 -0.0161679
 vertex 0.27 0.00452934 -0.0169037
 vertex 0.27 0.00669696 -0.0161679
 endloop
endfacet
facet normal 0 0 0
 outer loop
 vertex 0.27 0.00535757 -0.0129343
 vertex 0.27 0.00362347 -0.013523
 vertex 0.15 0.00362347 -0.013523
 endloop
endfacet
facet normal 0 0 0
 outer loop
 vertex 0.27 0.00535757 -0.0129343
 vertex 0.15 0.00362347 -0.013523
 vertex 0.15 0.00535757 -0.0129343
 endloop
endfacet
facet normal 0 0 0
 outer loop
 vertex 0.15 0.00452934 -0.0169037
 vertex 0.15 0.00228421 -0.0173503
 vertex 0.27 0.00228421 -0.0173503
 endloop
endfacet
facet normal 0 0 0
 outer loop
 vertex 0.15 0.00452934 -0.0169037
 vertex 0.27 0.00228421 -0.0173503
 vertex 0.27 0.00452934 -0.0169037
 endloop
endfacet
facet normal 0 0 0
 outer loop
 vertex 0.27 0.00362347 -0.013523
 vertex 0.27 0.00182737 -0.0138802
 vertex 0.15 0.00182737 -0.0138802
 endloop
endfacet
facet normal 0 0 0
 outer loop
 vertex 0.27 0.00362347 -0.013523
 vertex 0.15 0.00182737 -0.0138802
 vertex 0.15 0.00362347 -0.013523
 endloop
endfacet
facet normal 0 0 0
 outer loop
 vertex 0.15 0.00228421 -0.0173503
 vertex 0.15 -1.5299e-09 -0.0175
 vertex 0.27 -1.5299e-09 -0.0175
 endloop
endfacet
facet normal 0 0 0
 outer loop
 vertex 0.15 0.00228421 -0.0173503
 vertex 0.27 -1.5299e-09 -0.0175
 vertex 0.27 0.00228421 -0.0173503
 endloop
endfacet
facet normal 0 0 0
 outer loop
 vertex 0.27 0.00182737 -0.0138802
 vertex 0.27 -1.22392e-09 -0.014
 vertex 0.15 -1.22392e-09 -0.014
 endloop
endfacet
facet normal 0 0 0
 outer loop
 vertex 0.27 0.00182737 -0.0138802
 vertex 0.15 -1.22392e-09 -0.014
 vertex 0.15 0.00182737 -0.0138802
 endloop
endfacet
facet normal 0 0 0
 outer loop
 vertex 0.15 -1.5299e-09 -0.0175
 vertex 0.15 -0.00228421 -0.0173503
 vertex 0.27 -0.00228421 -0.0173503
 endloop
endfacet
facet normal 0 0 0
 outer loop
 vertex 0.15 -1.5299e-09 -0.0175
 vertex 0.27 -0.00228421 -0.0173503
 vertex 0.27 -1.5299e-09 -0.0175
 endloop
endfacet
facet normal 0 0 0
 outer loop
 vertex 0.27 -1.22392e-09 -0.014
 vertex 0.27 -0.00182737 -0.0138802
 vertex 0.15 -0.00182737 -0.0138802
 endloop
endfacet
facet normal 0 0 0
 outer loop
 vertex 0.27 -1.22392e-09 -0.014
 vertex 0.15 -0.00182737 -0.0138802
 vertex 0.15 -1.22392e-09 -0.014
 endloop
endfacet
facet normal 0 0 0
 outer loop
 vertex 0.15 -0.00228421 -0.0173503
 vertex 0.15 -0.00452933 -0.0169037
 vertex 0.27 -0.00452933 -0.0169037
 endloop
endfacet
facet normal 0 0 0
 outer loop
 vertex 0.15 -0.00228421 -0.0173503
 vertex 0.27 -0.00452933 -0.0169037
 vertex 0.27 -0.00228421 -0.0173503
 endloop
endfacet
facet normal 0 0 0
 outer loop
 vertex 0.27 -0.00182737 -0.0138802
 vertex 0.27 -0.00362347 -0.013523
 vertex 0.15 -0.00362347 -0.013523
 endloop
endfacet
facet normal 0 0 0
 outer loop
 vertex 0.27 -0.00182737 -0.0138802
 vertex 0.15 -0.00362347 -0.013523
 vertex 0.15 -0.00182737 -0.0138802
 endloop
endfacet
facet normal 0 0 0
 outer loop
 vertex 0.15 -0.00452933 -0.0169037
 vertex 0.15 -0.00669696 -0.0161679
 vertex 0.27 -0.00669696 -0.0161679
 endloop
endfacet
facet normal 0 0 0
 outer loop
 vertex 0.15 -0.00452933 -0.0169037
 vertex 0.27 -0.00669696 -0.0161679
 vertex 0.27 -0.00452933 -0.0169037
 endloop
endfacet
facet normal 0 0 0
 outer loop
 vertex 0.27 -0.00362347 -0.013523
 vertex 0.27 -0.00535757 -0.0129343
 vertex 0.15 -0.00535757 -0.0129343
 endloop
endfacet
facet normal 0 0 0
 outer loop
 vertex 0.27 -0.00362347 -0.013523
 vertex 0.15 -0.00535757 -0.0129343
 vertex 0.15 -0.00362347 -0.013523
 endloop
endfacet
facet normal 0 0 0
 outer loop
 vertex 0.15 -0.00669696 -0.0161679
 vertex 0.15 -0.00875 -0.0151554
 vertex 0.27 -0.00875 -0.0151554
 endloop
endfacet
facet normal 0 0 0
 outer loop
 vertex 0.15 -0.00669696 -0.0161679
 vertex 0.27 -0.00875 -0.0151554
 vertex 0.27 -0.00669696 -0.0161679
 endloop
endfacet
facet normal 0 0 0
 outer loop
 vertex 0.27 -0.00535757 -0.0129343
 vertex 0.27 -0.007 -0.0121244
 vertex 0.15 -0.007 -0.0121244
 endloop
endfacet
facet normal 0 0 0
 outer loop
 vertex 0.27 -0.00535757 -0.0129343
 vertex 0.15 -0.007 -0.0121244
 vertex 0.15 -0.00535757 -0.0129343
 endloop
endfacet
facet normal 0 0 0
 outer loop
 vertex 0.15 -0.00875 -0.0151554
 vertex 0.15 -0.0106533 -0.0138837
 vertex 0.27 -0.0106533 -0.0138837
 endloop
endfacet
facet normal 0 0 0
 outer loop
 vertex 0.15 -0.00875 -0.0151554
 vertex 0.27 -0.0106533 -0.0138837
 vertex 0.27 -0.00875 -0.0151554
 endloop
endfacet
facet normal 0 0 0
 outer loop
 vertex 0.27 -0.007 -0.0121244
 vertex 0.27 -0.00852266 -0.0111069
 vertex 0.15 -0.00852266 -0.0111069
 endloop
endfacet
facet normal 0 0 0
 outer loop
 vertex 0.27 -0.007 -0.0121244
 vertex 0.15 -0.00852266 -0.0111069
 vertex 0.15 -0.007 -0.0121244
 endloop
endfacet
facet normal 0 0 0
 outer loop
 vertex 0.15 -0.0106533 -0.0138837
 vertex 0.15 -0.0123744 -0.0123744
 vertex 0.27 -0.0123744 -0.0123744
 endloop
endfacet
facet normal 0 0 0
 outer loop
 vertex 0.15 -0.0106533 -0.0138837
 vertex 0.27 -0.0123744 -0.0123744
 vertex 0.27 -0.0106533 -0.0138837
 endloop
endfacet
facet normal 0 0 0
 outer loop
 vertex 0.27 -0.00852266 -0.0111069
 vertex 0.27 -0.00989949 -0.0098995
 vertex 0.15 -0.00989949 -0.0098995
 endloop
endfacet
facet normal 0 0 0
 outer loop
 vertex 0.27 -0.00852266 -0.0111069
 vertex 0.15 -0.00989949 -0.0098995
 vertex 0.15 -0.00852266 -0.0111069
 endloop
endfacet
facet normal 0 0 0
 outer loop
 vertex 0.15 -0.0123744 -0.0123744
 vertex 0.15 -0.0138837 -0.0106533
 vertex 0.27 -0.0138837 -0.0106533
 endloop
endfacet
facet normal 0 0 0
 outer loop
 vertex 0.15 -0.0123744 -0.0123744
 vertex 0.27 -0.0138837 -0.0106533
 vertex 0.27 -0.0123744 -0.0123744
 endloop
endfacet
facet normal 0 0 0
 outer loop
 vertex 0.27 -0.00989949 -0.0098995
 vertex 0.27 -0.0111069 -0.00852266
 vertex 0.15 -0.0111069 -0.00852266
 endloop
endfacet
facet normal 0 0 0
 outer loop
 vertex 0.27 -0.00989949 -0.0098995
 vertex 0.15 -0.0111069 -0.00852266
 vertex 0.15 -0.00989949 -0.0098995
 endloop
endfacet
facet normal 0 0 0
 outer loop
 vertex 0.15 -0.0138837 -0.0106533
 vertex 0.15 -0.0151554 -0.00875
 vertex 0.27 -0.0151554 -0.00875
 endloop
endfacet
facet normal 0 0 0
 outer loop
 vertex 0.15 -0.0138837 -0.0106533
 vertex 0.27 -0.0151554 -0.00875
 vertex 0.27 -0.0138837 -0.0106533
 endloop
endfacet
facet normal 0 0 0
 outer loop
 vertex 0.27 -0.0111069 -0.00852266
 vertex 0.27 -0.0121244 -0.007
 vertex 0.15 -0.0121244 -0.007
 endloop
endfacet
facet normal 0 0 0
 outer loop
 vertex 0.27 -0.0111069 -0.00852266
 vertex 0.15 -0.0121244 -0.007
 vertex 0.15 -0.0111069 -0.00852266
 endloop
endfacet
facet normal 0 0 0
 outer loop
 vertex 0.15 -0.0151554 -0.00875
 vertex 0.15 -0.0161679 -0.00669696
 vertex 0.27 -0.0161679 -0.00669696
 endloop
endfacet
facet normal 0 0 0
 outer loop
 vertex 0.15 -0.0151554 -0.00875
 vertex 0.27 -0.0161679 -0.00669696
 vertex 0.27 -0.0151554 -0.00875
 endloop
endfacet
facet normal 0 0 0
 outer loop
 vertex 0.27 -0.0121244 -0.007
 vertex 0.27 -0.0129343 -0.00535757
 vertex 0.15 -0.0129343 -0.00535757
 endloop
endfacet
facet normal 0 0 0
 outer loop
 vertex 0.27 -0.0121244 -0.007
 vertex 0.15 -0.0129343 -0.00535757
 vertex 0.15 -0.0121244 -0.007
 endloop
endfacet
facet normal 0 0 0
 outer loop
 vertex 0.15 -0.0161679 -0.00669696
 vertex 0.15 -0.0169037 -0.00452933
 vertex 0.27 -0.0169037 -0.00452933
 endloop
endfacet
facet normal 0 0 0
 outer loop
 vertex 0.15 -0.0161679 -0.00669696
 vertex 0.27 -0.0169037 -0.00452933
 vertex 0.27 -0.0161679 -0.00669696
 endloop
endfacet
facet normal 0 0 0
 outer loop
 vertex 0.27 -0.0129343 -0.00535757
 vertex 0.27 -0.013523 -0.00362347
 vertex 0.15 -0.013523 -0.00362347
 endloop
endfacet
facet normal 0 0 0
 outer loop
 vertex 0.27 -0.0129343 -0.00535757
 vertex 0.15 -0.013523 -0.00362347
 vertex 0.15 -0.0129343 -0.00535757
 endloop
endfacet
facet normal 0 0 0
 outer loop
 vertex 0.15 -0.0169037 -0.00452933
 vertex 0.15 -0.0173503 -0.00228421
 vertex 0.27 -0.0173503 -0.00228421
 endloop
endfacet
facet normal 0 0 0
 outer loop
 vertex 0.15 -0.0169037 -0.00452933
 vertex 0.27 -0.0173503 -0.00228421
 vertex 0.27 -0.0169037 -0.00452933
 endloop
endfacet
facet normal 0 0 0
 outer loop
 vertex 0.27 -0.013523 -0.00362347
 vertex 0.27 -0.0138802 -0.00182737
 vertex 0.15 -0.0138802 -0.00182737
 endloop
endfacet
facet normal 0 0 0
 outer loop
 vertex 0.27 -0.013523 -0.00362347
 vertex 0.15 -0.0138802 -0.00182737
 vertex 0.15 -0.013523 -0.00362347
 endloop
endfacet
facet normal 0 0 0
 outer loop
 vertex 0.15 -0.0173503 -0.00228421
 vertex 0.15 -0.0175 2.08685e-10
 vertex 0.27 -0.0175 2.08685e-10
 endloop
endfacet
facet normal 0 0 0
 outer loop
 vertex 0.15 -0.0173503 -0.00228421
 vertex 0.27 -0.0175 2.08685e-10
 vertex 0.27 -0.0173503 -0.00228421
 endloop
endfacet
facet normal 0 0 0
 outer loop
 vertex 0.27 -0.0138802 -0.00182737
 vertex 0.27 -0.014 1.66948e-10
 vertex 0.15 -0.014 1.66948e-10
 endloop
endfacet
facet normal 0 0 0
 outer loop
 vertex 0.27 -0.0138802 -0.00182737
 vertex 0.15 -0.014 1.66948e-10
 vertex 0.15 -0.0138802 -0.00182737
 endloop
endfacet
facet normal 0 0 0
 outer loop
 vertex 0.15 -0.0175 2.08685e-10
 vertex 0.15 -0.0173503 0.00228421
 vertex 0.27 -0.0173503 0.00228421
 endloop
endfacet
facet normal 0 0 0
 outer loop
 vertex 0.15 -0.0175 2.08685e-10
 vertex 0.27 -0.0173503 0.00228421
 vertex 0.27 -0.0175 2.08685e-10
 endloop
endfacet
facet normal 0 0 0
 outer loop
 vertex 0.27 -0.014 1.66948e-10
 vertex 0.27 -0.0138802 0.00182737
 vertex 0.15 -0.0138802 0.00182737
 endloop
endfacet
facet normal 0 0 0
 outer loop
 vertex 0.27 -0.014 1.66948e-10
 vertex 0.15 -0.0138802 0.00182737
 vertex 0.15 -0.014 1.66948e-10
 endloop
endfacet
facet normal 0 0 0
 outer loop
 vertex 0.15 -0.0173503 0.00228421
 vertex 0.15 -0.0169037 0.00452933
 vertex 0.27 -0.0169037 0.00452933
 endloop
endfacet
facet normal 0 0 0
 outer loop
 vertex 0.15 -0.0173503 0.00228421
 vertex 0.27 -0.0169037 0.00452933
 vertex 0.27 -0.0173503 0.00228421
 endloop
endfacet
facet normal 0 0 0
 outer loop
 vertex 0.27 -0.0138802 0.00182737
 vertex 0.27 -0.013523 0.00362347
 vertex 0.15 -0.013523 0.00362347
 endloop
endfacet
facet normal 0 0 0
 outer loop
 vertex 0.27 -0.0138802 0.00182737
 vertex 0.15 -0.013523 0.00362347
 vertex 0.15 -0.0138802 0.00182737
 endloop
endfacet
facet normal 0 0 0
 outer loop
 vertex 0.15 -0.0169037 0.00452933
 vertex 0.15 -0.0161679 0.00669696
 vertex 0.27 -0.0161679 0.00669696
 endloop
endfacet
facet normal 0 0 0
 outer loop
 vertex 0.15 -0.0169037 0.00452933
 vertex 0.27 -0.0161679 0.00669696
 vertex 0.27 -0.0169037 0.00452933
 endloop
endfacet
facet normal 0 0 0
 outer loop
 vertex 0.27 -0.013523 0.00362347
 vertex 0.27 -0.0129343 0.00535757
 vertex 0.15 -0.0129343 0.00535757
 endloop
endfacet
facet normal 0 0 0
 outer loop
 vertex 0.27 -0.013523 0.00362347
 vertex 0.15 -0.0129343 0.00535757
 vertex 0.15 -0.013523 0.00362347
 endloop
endfacet
facet normal 0 0 0
 outer loop
 vertex 0.15 -0.0161679 0.00669696
 vertex 0.15 -0.0151554 0.00875
 vertex 0.27 -0.0151554 0.00875
 endloop
endfacet
facet normal 0 0 0
 outer loop
 vertex 0.15 -0.0161679 0.00669696
 vertex 0.27 -0.0151554 0.00875
 vertex 0.27 -0.0161679 0.00669696
 endloop
endfacet
facet normal 0 0 0
 outer loop
 vertex 0.27 -0.0129343 0.00535757
 vertex 0.27 -0.0121244 0.007
 vertex 0.15 -0.0121244 0.007
 endloop
endfacet
facet normal 0 0 0
 outer loop
 vertex 0.27 -0.0129343 0.00535757
 vertex 0.15 -0.0121244 0.007
 vertex 0.15 -0.0129343 0.00535757
 endloop
endfacet
facet normal 0 0 0
 outer loop
 vertex 0.15 -0.0151554 0.00875
 vertex 0.15 -0.0138837 0.0106533
 vertex 0.27 -0.0138837 0.0106533
 endloop
endfacet
facet normal 0 0 0
 outer loop
 vertex 0.15 -0.0151554 0.00875
 vertex 0.27 -0.0138837 0.0106533
 vertex 0.27 -0.0151554 0.00875
 endloop
endfacet
facet normal 0 0 0
 outer loop
 vertex 0.27 -0.0121244 0.007
 vertex 0.27 -0.0111069 0.00852266
 vertex 0.15 -0.0111069 0.00852266
 endloop
endfacet
facet normal 0 0 0
 outer loop
 vertex 0.27 -0.0121244 0.007
 vertex 0.15 -0.0111069 0.00852266
 vertex 0.15 -0.0121244 0.007
 endloop
endfacet
facet normal 0 0 0
 outer loop
 vertex 0.15 -0.0138837 0.0106533
 vertex 0.15 -0.0123744 0.0123744
 vertex 0.27 -0.0123744 0.0123744
 endloop
endfacet
facet normal 0 0 0
 outer loop
 vertex 0.15 -0.0138837 0.0106533
 vertex 0.27 -0.0123744 0.0123744
 vertex 0.27 -0.0138837 0.0106533
 endloop
endfacet
facet normal 0 0 0
 outer loop
 vertex 0.27 -0.0111069 0.00852266
 vertex 0.27 -0.0098995 0.00989949
 vertex 0.15 -0.0098995 0.00989949
 endloop
endfacet
facet normal 0 0 0
 outer loop
 vertex 0.27 -0.0111069 0.00852266
 vertex 0.15 -0.0098995 0.00989949
 vertex 0.15 -0.0111069 0.00852266
 endloop
endfacet
facet normal 0 0 0
 outer loop
 vertex 0.15 -0.0123744 0.0123744
 vertex 0.15 -0.0106533 0.0138837
 vertex 0.27 -0.0106533 0.0138837
 endloop
endfacet
facet normal 0 0 0
 outer loop
 vertex 0.15 -0.0123744 0.0123744
 vertex 0.27 -0.0106533 0.0138837
 vertex 0.27 -0.0123744 0.0123744
 endloop
endfacet
facet normal 0 0 0
 outer loop
 vertex 0.27 -0.0098995 0.00989949
 vertex 0.27 -0.00852266 0.0111069
 vertex 0.15 -0.00852266 0.0111069
 endloop
endfacet
facet normal 0 0 0
 outer loop
 vertex 0.27 -0.0098995 0.00989949
 vertex 0.15 -0.00852266 0.0111069
 vertex 0.15 -0.0098995 0.00989949
 endloop
endfacet
facet normal 0 0 0
 outer loop
 vertex 0.15 -0.0106533 0.0138837
 vertex 0.15 -0.00875 0.0151554
 vertex 0.27 -0.00875 0.0151554
 endloop
endfacet
facet normal 0 0 0
 outer loop
 vertex 0.15 -0.0106533 0.0138837
 vertex 0.27 -0.00875 0.0151554
 vertex 0.27 -0.0106533 0.0138837
 endloop
endfacet
facet normal 0 0 0
 outer loop
 vertex 0.27 -0.00852266 0.0111069
 vertex 0.27 -0.007 0.0121244
 vertex 0.15 -0.007 0.0121244
 endloop
endfacet
facet normal 0 0 0
 outer loop
 vertex 0.27 -0.00852266 0.0111069
 vertex 0.15 -0.007 0.0121244
 vertex 0.15 -0.00852266 0.0111069
 endloop
endfacet
facet normal 0 0 0
 outer loop
 vertex 0.15 -0.00875 0.0151554
 vertex 0.15 -0.00669696 0.0161679
 vertex 0.27 -0.00669696 0.0161679
 endloop
endfacet
facet normal 0 0 0
 outer loop
 vertex 0.15 -0.00875 0.0151554
 vertex 0.27 -0.00669696 0.0161679
 vertex 0.27 -0.00875 0.0151554
 endloop
endfacet
facet normal 0 0 0
 outer loop
 vertex 0.27 -0.007 0.0121244
 vertex 0.27 -0.00535757 0.0129343
 vertex 0.15 -0.00535757 0.0129343
 endloop
endfacet
facet normal 0 0 0
 outer loop
 vertex 0.27 -0.007 0.0121244
 vertex 0.15 -0.00535757 0.0129343
 vertex 0.15 -0.007 0.0121244
 endloop
endfacet
facet normal 0 0 0
 outer loop
 vertex 0.15 -0.00669696 0.0161679
 vertex 0.15 -0.00452933 0.0169037
 vertex 0.27 -0.00452933 0.0169037
 endloop
endfacet
facet normal 0 0 0
 outer loop
 vertex 0.15 -0.00669696 0.0161679
 vertex 0.27 -0.00452933 0.0169037
 vertex 0.27 -0.00669696 0.0161679
 endloop
endfacet
facet normal 0 0 0
 outer loop
 vertex 0.27 -0.00535757 0.0129343
 vertex 0.27 -0.00362346 0.013523
 vertex 0.15 -0.00362346 0.013523
 endloop
endfacet
facet normal 0 0 0
 outer loop
 vertex 0.27 -0.00535757 0.0129343
 vertex 0.15 -0.00362346 0.013523
 vertex 0.15 -0.00535757 0.0129343
 endloop
endfacet
facet normal 0 0 0
 outer loop
 vertex 0.15 -0.00452933 0.0169037
 vertex 0.15 -0.00228421 0.0173503
 vertex 0.27 -0.00228421 0.0173503
 endloop
endfacet
facet normal 0 0 0
 outer loop
 vertex 0.15 -0.00452933 0.0169037
 vertex 0.27 -0.00228421 0.0173503
 vertex 0.27 -0.00452933 0.0169037
 endloop
endfacet
facet normal 0 0 0
 outer loop
 vertex 0.27 -0.00362346 0.013523
 vertex 0.27 -0.00182737 0.0138802
 vertex 0.15 -0.00182737 0.0138802
 endloop
endfacet
facet normal 0 0 0
 outer loop
 vertex 0.27 -0.00362346 0.013523
 vertex 0.15 -0.00182737 0.0138802
 vertex 0.15 -0.00362346 0.013523
 endloop
endfacet
facet normal 0 0 0
 outer loop
 vertex 0.15 -0.00228421 0.0173503
 vertex 0.15 3.0598e-09 0.0175
 vertex 0.27 3.0598e-09 0.0175
 endloop
endfacet
facet normal 0 0 0
 outer loop
 vertex 0.15 -0.00228421 0.0173503
 vertex 0.27 3.0598e-09 0.0175
 vertex 0.27 -0.00228421 0.0173503
 endloop
endfacet
facet normal 0 0 0
 outer loop
 vertex 0.27 -0.00182737 0.0138802
 vertex 0.27 2.44784e-09 0.014
 vertex 0.15 2.44784e-09 0.014
 endloop
endfacet
facet normal 0 0 0
 outer loop
 vertex 0.27 -0.00182737 0.0138802
 vertex 0.15 2.44784e-09 0.014
 vertex 0.15 -0.00182737 0.0138802
 endloop
endfacet
facet normal 0 0 0
 outer loop
 vertex 0.15 0 0.014
 vertex 0.15 0.00182737 0.0138802
 vertex 0.15 0.00228421 0.0173503
 endloop
endfacet
facet normal 0 0 0
 outer loop
 vertex 0.15 0 0.014
 vertex 0.15 0.00228421 0.0173503
 vertex 0.15 0 0.0175
 endloop
endfacet
facet normal 0 0 0
 outer loop
 vertex 0.27 0 0.014
 vertex 0.27 0 0.0175
 vertex 0.27 0.00228421 0.0173503
 endloop
endfacet
facet normal 0 0 0
 outer loop
 vertex 0.27 0 0.014
 vertex 0.27 0.00228421 0.0173503
 vertex 0.27 0.00182737 0.0138802
 endloop
endfacet
facet normal 0 0 0
 outer loop
 vertex 0.15 0.00182737 0.0138802
 vertex 0.15 0.00362347 0.013523
 vertex 0.15 0.00452933 0.0169037
 endloop
endfacet
facet normal 0 0 0
 outer loop
 vertex 0.15 0.00182737 0.0138802
 vertex 0.15 0.00452933 0.0169037
 vertex 0.15 0.00228421 0.0173503
 endloop
endfacet
facet normal 0 0 0
 outer loop
 vertex 0.27 0.00182737 0.0138802
 vertex 0.27 0.00228421 0.0173503
 vertex 0.27 0.00452933 0.0169037
 endloop
endfacet
facet normal 0 0 0
 outer loop
 vertex 0.27 0.00182737 0.0138802
 vertex 0.27 0.00452933 0.0169037
 vertex 0.27 0.00362347 0.013523
 endloop
endfacet
facet normal 0 0 0
 outer loop
 vertex 0.15 0.00362347 0.013523
 vertex 0.15 0.00535757 0.0129343
 vertex 0.15 0.00669696 0.0161679
 endloop
endfacet
facet normal 0 0 0
 outer loop
 vertex 0.15 0.00362347 0.013523
 vertex 0.15 0.00669696 0.0161679
 vertex 0.15 0.00452933 0.0169037
 endloop
endfacet
facet normal 0 0 0
 outer loop
 vertex 0.27 0.00362347 0.013523
 vertex 0.27 0.00452933 0.0169037
 vertex 0.27 0.00669696 0.0161679
 endloop
endfacet
facet normal 0 0 0
 outer loop
 vertex 0.27 0.00362347 0.013523
 vertex 0.27 0.00669696 0.0161679
 vertex 0.27 0.00535757 0.0129343
 endloop
endfacet
facet normal 0 0 0
 outer loop
 vertex 0.15 0.00535757 0.0129343
 vertex 0.15 0.007 0.0121244
 vertex 0.15 0.00875 0.0151554
 endloop
endfacet
facet normal 0 0 0
 outer loop
 vertex 0.15 0.00535757 0.0129343
 vertex 0.15 0.00875 0.0151554
 vertex 0.15 0.00669696 0.0161679
 endloop
endfacet
facet normal 0 0 0
 outer loop
 vertex 0.27 0.00535757 0.0129343
 vertex 0.27 0.00669696 0.0161679
 vertex 0.27 0.00875 0.0151554
 endloop
endfacet
facet normal 0 0 0
 outer loop
 vertex 0.27 0.00535757 0.0129343
 vertex 0.27 0.00875 0.0151554
 vertex 0.27 0.007 0.0121244
 endloop
endfacet
facet normal 0 0 0
 outer loop
 vertex 0.15 0.007 0.0121244
 vertex 0.15 0.00852266 0.0111069
 vertex 0.15 0.0106533 0.0138837
 endloop
endfacet
facet normal 0 0 0
 outer loop
 vertex 0.15 0.007 0.0121244
 vertex 0.15 0.0106533 0.0138837
 vertex 0.15 0.00875 0.0151554
 endloop
endfacet
facet normal 0 0 0
 outer loop
 vertex 0.27 0.007 0.0121244
 vertex 0.27 0.00875 0.0151554
 vertex 0.27 0.0106533 0.0138837
 endloop
endfacet
facet normal 0 0 0
 outer loop
 vertex 0.27 0.007 0.0121244
 vertex 0.27 0.0106533 0.0138837
 vertex 0.27 0.00852266 0.0111069
 endloop
endfacet
facet normal 0 0 0
 outer loop
 vertex 0.15 0.00852266 0.0111069
 vertex 0.15 0.0098995 0.0098995
 vertex 0.15 0.0123744 0.0123744
 endloop
endfacet
facet normal 0 0 0
 outer loop
 vertex 0.15 0.00852266 0.0111069
 vertex 0.15 0.0123744 0.0123744
 vertex 0.15 0.0106533 0.0138837
 endloop
endfacet
facet normal 0 0 0
 outer loop
 vertex 0.27 0.00852266 0.0111069
 vertex 0.27 0.0106533 0.0138837
 vertex 0.27 0.0123744 0.0123744
 endloop
endfacet
facet normal 0 0 0
 outer loop
 vertex 0.27 0.00852266 0.0111069
 vertex 0.27 0.0123744 0.0123744
 vertex 0.27 0.0098995 0.0098995
 endloop
endfacet
facet normal 0 0 0
 outer loop
 vertex 0.15 0.0098995 0.0098995
 vertex 0.15 0.0111069 0.00852266
 vertex 0.15 0.0138837 0.0106533
 endloop
endfacet
facet normal 0 0 0
 outer loop
 vertex 0.15 0.0098995 0.0098995
 vertex 0.15 0.0138837 0.0106533
 vertex 0.15 0.0123744 0.0123744
 endloop
endfacet
facet normal 0 0 0
 outer loop
 vertex 0.27 0.0098995 0.0098995
 vertex 0.27 0.0123744 0.0123744
 vertex 0.27 0.0138837 0.0106533
 endloop
endfacet
facet normal 0 0 0
 outer loop
 vertex 0.27 0.0098995 0.0098995
 vertex 0.27 0.0138837 0.0106533
 vertex 0.27 0.0111069 0.00852266
 endloop
endfacet
facet normal 0 0 0
 outer loop
 vertex 0.15 0.0111069 0.00852266
 vertex 0.15 0.0121244 0.007
 vertex 0.15 0.0151554 0.00875
 endloop
endfacet
facet normal 0 0 0
 outer loop
 vertex 0.15 0.0111069 0.00852266
 vertex 0.15 0.0151554 0.00875
 vertex 0.15 0.0138837 0.0106533
 endloop
endfacet
facet normal 0 0 0
 outer loop
 vertex 0.27 0.0111069 0.00852266
 vertex 0.27 0.0138837 0.0106533
 vertex 0.27 0.0151554 0.00875
 endloop
endfacet
facet normal 0 0 0
 outer loop
 vertex 0.27 0.0111069 0.00852266
 vertex 0.27 0.0151554 0.00875
 vertex 0.27 0.0121244 0.007
 endloop
endfacet
facet normal 0 0 0
 outer loop
 vertex 0.15 0.0121244 0.007
 vertex 0.15 0.0129343 0.00535757
 vertex 0.15 0.0161679 0.00669696
 endloop
endfacet
facet normal 0 0 0
 outer loop
 vertex 0.15 0.0121244 0.007
 vertex 0.15 0.0161679 0.00669696
 vertex 0.15 0.0151554 0.00875
 endloop
endfacet
facet normal 0 0 0
 outer loop
 vertex 0.27 0.0121244 0.007
 vertex 0.27 0.0151554 0.00875
 vertex 0.27 0.0161679 0.00669696
 endloop
endfacet
facet normal 0 0 0
 outer loop
 vertex 0.27 0.0121244 0.007
 vertex 0.27 0.0161679 0.00669696
 vertex 0.27 0.0129343 0.00535757
 endloop
endfacet
facet normal 0 0 0
 outer loop
 vertex 0.15 0.0129343 0.00535757
 vertex 0.15 0.013523 0.00362347
 vertex 0.15 0.0169037 0.00452933
 endloop
endfacet
facet normal 0 0 0
 outer loop
 vertex 0.15 0.0129343 0.00535757
 vertex 0.15 0.0169037 0.00452933
 vertex 0.15 0.0161679 0.00669696
 endloop
endfacet
facet normal 0 0 0
 outer loop
 vertex 0.27 0.0129343 0.00535757
 vertex 0.27 0.0161679 0.00669696
 vertex 0.27 0.0169037 0.00452933
 endloop
endfacet
facet normal 0 0 0
 outer loop
 vertex 0.27 0.0129343 0.00535757
 vertex 0.27 0.0169037 0.00452933
 vertex 0.27 0.013523 0.00362347
 endloop
endfacet
facet normal 0 0 0
 outer loop
 vertex 0.15 0.013523 0.00362347
 vertex 0.15 0.0138802 0.00182737
 vertex 0.15 0.0173503 0.00228421
 endloop
endfacet
facet normal 0 0 0
 outer loop
 vertex 0.15 0.013523 0.00362347
 vertex 0.15 0.0173503 0.00228421
 vertex 0.15 0.0169037 0.00452933
 endloop
endfacet
facet normal 0 0 0
 outer loop
 vertex 0.27 0.013523 0.00362347
 vertex 0.27 0.0169037 0.00452933
 vertex 0.27 0.0173503 0.00228421
 endloop
endfacet
facet normal 0 0 0
 outer loop
 vertex 0.27 0.013523 0.00362347
 vertex 0.27 0.0173503 0.00228421
 vertex 0.27 0.0138802 0.00182737
 endloop
endfacet
facet normal 0 0 0
 outer loop
 vertex 0.15 0.0138802 0.00182737
 vertex 0.15 0.014 -6.11959e-10
 vertex 0.15 0.0175 -7.64949e-10
 endloop
endfacet
facet normal 0 0 0
 outer loop
 vertex 0.15 0.0138802 0.00182737
 vertex 0.15 0.0175 -7.64949e-10
 vertex 0.15 0.0173503 0.00228421
 endloop
endfacet
facet normal 0 0 0
 outer loop
 vertex 0.27 0.0138802 0.00182737
 vertex 0.27 0.0173503 0.00228421
 vertex 0.27 0.0175 -7.64949e-10
 endloop
endfacet
facet normal 0 0 0
 outer loop
 vertex 0.27 0.0138802 0.00182737
 vertex 0.27 0.0175 -7.64949e-10
 vertex 0.27 0.014 -6.11959e-10
 endloop
endfacet
facet normal 0 0 0
 outer loop
 vertex 0.15 0.014 -6.11959e-10
 vertex 0.15 0.0138802 -0.00182737
 vertex 0.15 0.0173503 -0.00228421
 endloop
endfacet
facet normal 0 0 0
 outer loop
 vertex 0.15 0.014 -6.11959e-10
 vertex 0.15 0.0173503 -0.00228421
 vertex 0.15 0.0175 -7.64949e-10
 endloop
endfacet
facet normal 0 0 0
 outer loop
 vertex 0.27 0.014 -6.11959e-10
 vertex 0.27 0.0175 -7.64949e-10
 vertex 0.27 0.0173503 -0.00228421
 endloop
endfacet
facet normal 0 0 0
 outer loop
 vertex 0.27 0.014 -6.11959e-10
 vertex 0.27 0.0173503 -0.00228421
 vertex 0.27 0.0138802 -0.00182737
 endloop
endfacet
facet normal 0 0 0
 outer loop
 vertex 0.15 0.0138802 -0.00182737
 vertex 0.15 0.013523 -0.00362347
 vertex 0.15 0.0169037 -0.00452933
 endloop
endfacet
facet normal 0 0 0
 outer loop
 vertex 0.15 0.0138802 -0.00182737
 vertex 0.15 0.0169037 -0.00452933
 vertex 0.15 0.0173503 -0.00228421
 endloop
endfacet
facet normal 0 0 0
 outer loop
 vertex 0.27 0.0138802 -0.00182737
 vertex 0.27 0.0173503 -0.00228421
 vertex 0.27 0.0169037 -0.00452933
 endloop
endfacet
facet normal 0 0 0
 outer loop
 vertex 0.27 0.0138802 -0.00182737
 vertex 0.27 0.0169037 -0.00452933
 vertex 0.27 0.013523 -0.00362347
 endloop
endfacet
facet normal 0 0 0
 outer loop
 vertex 0.15 0.013523 -0.00362347
 vertex 0.15 0.0129343 -0.00535757
 vertex 0.15 0.0161679 -0.00669696
 endloop
endfacet
facet normal 0 0 0
 outer loop
 vertex 0.15 0.013523 -0.00362347
 vertex 0.15 0.0161679 -0.00669696
 vertex 0.15 0.0169037 -0.00452933
 endloop
endfacet
facet normal 0 0 0
 outer loop
 vertex 0.27 0.013523 -0.00362347
 vertex 0.27 0.0169037 -0.00452933
 vertex 0.27 0.0161679 -0.00669696
 endloop
endfacet
facet normal 0 0 0
 outer loop
 vertex 0.27 0.013523 -0.00362347
 vertex 0.27 0.0161679 -0.00669696
 vertex 0.27 0.0129343 -0.00535757
 endloop
endfacet
facet normal 0 0 0
 outer loop
 vertex 0.15 0.0129343 -0.00535757
 vertex 0.15 0.0121244 -0.007
 vertex 0.15 0.0151554 -0.00875
 endloop
endfacet
facet normal 0 0 0
 outer loop
 vertex 0.15 0.0129343 -0.00535757
 vertex 0.15 0.0151554 -0.00875
 vertex 0.15 0.0161679 -0.00669696
 endloop
endfacet
facet normal 0 0 0
 outer loop
 vertex 0.27 0.0129343 -0.00535757
 vertex 0.27 0.0161679 -0.00669696
 vertex 0.27 0.0151554 -0.00875
 endloop
endfacet
facet normal 0 0 0
 outer loop
 vertex 0.27 0.0129343 -0.00535757
 vertex 0.27 0.0151554 -0.00875
 vertex 0.27 0.0121244 -0.007
 endloop
endfacet
facet normal 0 0 0
 outer loop
 vertex 0.15 0.0121244 -0.007
 vertex 0.15 0.0111069 -0.00852266
 vertex 0.15 0.0138837 -0.0106533
 endloop
endfacet
facet normal 0 0 0
 outer loop
 vertex 0.15 0.0121244 -0.007
 vertex 0.15 0.0138837 -0.0106533
 vertex 0.15 0.0151554 -0.00875
 endloop
endfacet
facet normal 0 0 0
 outer loop
 vertex 0.27 0.0121244 -0.007
 vertex 0.27 0.0151554 -0.00875
 vertex 0.27 0.0138837 -0.0106533
 endloop
endfacet
facet normal 0 0 0
 outer loop
 vertex 0.27 0.0121244 -0.007
 vertex 0.27 0.0138837 -0.0106533
 vertex 0.27 0.0111069 -0.00852266
 endloop
endfacet
facet normal 0 0 0
 outer loop
 vertex 0.15 0.0111069 -0.00852266
 vertex 0.15 0.0098995 -0.0098995
 vertex 0.15 0.0123744 -0.0123744
 endloop
endfacet
facet normal 0 0 0
 outer loop
 vertex 0.15 0.0111069 -0.00852266
 vertex 0.15 0.0123744 -0.0123744
 vertex 0.15 0.0138837 -0.0106533
 endloop
endfacet
facet normal 0 0 0
 outer loop
 vertex 0.27 0.0111069 -0.00852266
 vertex 0.27 0.0138837 -0.0106533
 vertex 0.27 0.0123744 -0.0123744
 endloop
endfacet
facet normal 0 0 0
 outer loop
 vertex 0.27 0.0111069 -0.00852266
 vertex 0.27 0.0123744 -0.0123744
 vertex 0.27 0.0098995 -0.0098995
 endloop
endfacet
facet normal 0 0 0
 outer loop
 vertex 0.15 0.0098995 -0.0098995
 vertex 0.15 0.00852266 -0.0111069
 vertex 0.15 0.0106533 -0.0138837
 endloop
endfacet
facet normal 0 0 0
 outer loop
 vertex 0.15 0.0098995 -0.0098995
 vertex 0.15 0.0106533 -0.0138837
 vertex 0.15 0.0123744 -0.0123744
 endloop
endfacet
facet normal 0 0 0
 outer loop
 vertex 0.27 0.0098995 -0.0098995
 vertex 0.27 0.0123744 -0.0123744
 vertex 0.27 0.0106533 -0.0138837
 endloop
endfacet
facet normal 0 0 0
 outer loop
 vertex 0.27 0.0098995 -0.0098995
 vertex 0.27 0.0106533 -0.0138837
 vertex 0.27 0.00852266 -0.0111069
 endloop
endfacet
facet normal 0 0 0
 outer loop
 vertex 0.15 0.00852266 -0.0111069
 vertex 0.15 0.007 -0.0121244
 vertex 0.15 0.00875 -0.0151554
 endloop
endfacet
facet normal 0 0 0
 outer loop
 vertex 0.15 0.00852266 -0.0111069
 vertex 0.15 0.00875 -0.0151554
 vertex 0.15 0.0106533 -0.0138837
 endloop
endfacet
facet normal 0 0 0
 outer loop
 vertex 0.27 0.00852266 -0.0111069
 vertex 0.27 0.0106533 -0.0138837
 vertex 0.27 0.00875 -0.0151554
 endloop
endfacet
facet normal 0 0 0
 outer loop
 vertex 0.27 0.00852266 -0.0111069
 vertex 0.27 0.00875 -0.0151554
 vertex 0.27 0.007 -0.0121244
 endloop
endfacet
facet normal 0 0 0
 outer loop
 vertex 0.15 0.007 -0.0121244
 vertex 0.15 0.00535757 -0.0129343
 vertex 0.15 0.00669696 -0.0161679
 endloop
endfacet
facet normal 0 0 0
 outer loop
 vertex 0.15 0.007 -0.0121244
 vertex 0.15 0.00669696 -0.0161679
 vertex 0.15 0.00875 -0.0151554
 endloop
endfacet
facet normal 0 0 0
 outer loop
 vertex 0.27 0.007 -0.0121244
 vertex 0.27 0.00875 -0.0151554
 vertex 0.27 0.00669696 -0.0161679
 endloop
endfacet
facet normal 0 0 0
 outer loop
 vertex 0.27 0.007 -0.0121244
 vertex 0.27 0.00669696 -0.0161679
 vertex 0.27 0.00535757 -0.0129343
 endloop
endfacet
facet normal 0 0 0
 outer loop
 vertex 0.15 0.00535757 -0.0129343
 vertex 0.15 0.00362347 -0.013523
 vertex 0.15 0.00452934 -0.0169037
 endloop
endfacet
facet normal 0 0 0
 outer loop
 vertex 0.15 0.00535757 -0.0129343
 vertex 0.15 0.00452934 -0.0169037
 vertex 0.15 0.00669696 -0.0161679
 endloop
endfacet
facet normal 0 0 0
 outer loop
 vertex 0.27 0.00535757 -0.0129343
 vertex 0.27 0.00669696 -0.0161679
 vertex 0.27 0.00452934 -0.0169037
 endloop
endfacet
facet normal 0 0 0
 outer loop
 vertex 0.27 0.00535757 -0.0129343
 vertex 0.27 0.00452934 -0.0169037
 vertex 0.27 0.00362347 -0.013523
 endloop
endfacet
facet normal 0 0 0
 outer loop
 vertex 0.15 0.00362347 -0.013523
 vertex 0.15 0.00182737 -0.0138802
 vertex 0.15 0.00228421 -0.0173503
 endloop
endfacet
facet normal 0 0 0
 outer loop
 vertex 0.15 0.00362347 -0.013523
 vertex 0.15 0.00228421 -0.0173503
 vertex 0.15 0.00452934 -0.0169037
 endloop
endfacet
facet normal 0 0 0
 outer loop
 vertex 0.27 0.00362347 -0.013523
 vertex 0.27 0.00452934 -0.0169037
 vertex 0.27 0.00228421 -0.0173503
 endloop
endfacet
facet normal 0 0 0
 outer loop
 vertex 0.27 0.00362347 -0.013523
 vertex 0.27 0.00228421 -0.0173503
 vertex 0.27 0.00182737 -0.0138802
 endloop
endfacet
facet normal 0 0 0
 outer loop
 vertex 0.15 0.00182737 -0.0138802
 vertex 0.15 -1.22392e-09 -0.014
 vertex 0.15 -1.5299e-09 -0.0175
 endloop
endfacet
facet normal 0 0 0
 outer loop
 vertex 0.15 0.00182737 -0.0138802
 vertex 0.15 -1.5299e-09 -0.0175
 vertex 0.15 0.00228421 -0.0173503
 endloop
endfacet
facet normal 0 0 0
 outer loop
 vertex 0.27 0.00182737 -0.0138802
 vertex 0.27 0.00228421 -0.0173503
 vertex 0.27 -1.5299e-09 -0.0175
 endloop
endfacet
facet normal 0 0 0
 outer loop
 vertex 0.27 0.00182737 -0.0138802
 vertex 0.27 -1.5299e-09 -0.0175
 vertex 0.27 -1.22392e-09 -0.014
 endloop
endfacet
facet normal 0 0 0
 outer loop
 vertex 0.15 -1.22392e-09 -0.014
 vertex 0.15 -0.00182737 -0.0138802
 vertex 0.15 -0.00228421 -0.0173503
 endloop
endfacet
facet normal 0 0 0
 outer loop
 vertex 0.15 -1.22392e-09 -0.014
 vertex 0.15 -0.00228421 -0.0173503
 vertex 0.15 -1.5299e-09 -0.0175
 endloop
endfacet
facet normal 0 0 0
 outer loop
 vertex 0.27 -1.22392e-09 -0.014
 vertex 0.27 -1.5299e-09 -0.0175
 vertex 0.27 -0.00228421 -0.0173503
 endloop
endfacet
facet normal 0 0 0
 outer loop
 vertex 0.27 -1.22392e-09 -0.014
 vertex 0.27 -0.00228421 -0.0173503
 vertex 0.27 -0.00182737 -0.0138802
 endloop
endfacet
facet normal 0 0 0
 outer loop
 vertex 0.15 -0.00182737 -0.0138802
 vertex 0.15 -0.00362347 -0.013523
 vertex 0.15 -0.00452933 -0.0169037
 endloop
endfacet
facet normal 0 0 0
 outer loop
 vertex 0.15 -0.00182737 -0.0138802
 vertex 0.15 -0.00452933 -0.0169037
 vertex 0.15 -0.00228421 -0.0173503
 endloop
endfacet
facet normal 0 0 0
 outer loop
 vertex 0.27 -0.00182737 -0.0138802
 vertex 0.27 -0.00228421 -0.0173503
 vertex 0.27 -0.00452933 -0.0169037
 endloop
endfacet
facet normal 0 0 0
 outer loop
 vertex 0.27 -0.00182737 -0.0138802
 vertex 0.27 -0.00452933 -0.0169037
 vertex 0.27 -0.00362347 -0.013523
 endloop
endfacet
facet normal 0 0 0
 outer loop
 vertex 0.15 -0.00362347 -0.013523
 vertex 0.15 -0.00535757 -0.0129343
 vertex 0.15 -0.00669696 -0.0161679
 endloop
endfacet
facet normal 0 0 0
 outer loop
 vertex 0.15 -0.00362347 -0.013523
 vertex 0.15 -0.00669696 -0.0161679
 vertex 0.15 -0.00452933 -0.0169037
 endloop
endfacet
facet normal 0 0 0
 outer loop
 vertex 0.27 -0.00362347 -0.013523
 vertex 0.27 -0.00452933 -0.0169037
 vertex 0.27 -0.00669696 -0.0161679
 endloop
endfacet
facet normal 0 0 0
 outer loop
 vertex 0.27 -0.00362347 -0.013523
 vertex 0.27 -0.00669696 -0.0161679
 vertex 0.27 -0.00535757 -0.0129343
 endloop
endfacet
facet normal 0 0 0
 outer loop
 vertex 0.15 -0.00535757 -0.0129343
 vertex 0.15 -0.007 -0.0121244
 vertex 0.15 -0.00875 -0.0151554
 endloop
endfacet
facet normal 0 0 0
 outer loop
 vertex 0.15 -0.00535757 -0.0129343
 vertex 0.15 -0.00875 -0.0151554
 vertex 0.15 -0.00669696 -0.0161679
 endloop
endfacet
facet normal 0 0 0
 outer loop
 vertex 0.27 -0.00535757 -0.0129343
 vertex 0.27 -0.00669696 -0.0161679
 vertex 0.27 -0.00875 -0.0151554
 endloop
endfacet
facet normal 0 0 0
 outer loop
 vertex 0.27 -0.00535757 -0.0129343
 vertex 0.27 -0.00875 -0.0151554
 vertex 0.27 -0.007 -0.0121244
 endloop
endfacet
facet normal 0 0 0
 outer loop
 vertex 0.15 -0.007 -0.0121244
 vertex 0.15 -0.00852266 -0.0111069
 vertex 0.15 -0.0106533 -0.0138837
 endloop
endfacet
facet normal 0 0 0
 outer loop
 vertex 0.15 -0.007 -0.0121244
 vertex 0.15 -0.0106533 -0.0138837
 vertex 0.15 -0.00875 -0.0151554
 endloop
endfacet
facet normal 0 0 0
 outer loop
 vertex 0.27 -0.007 -0.0121244
 vertex 0.27 -0.00875 -0.0151554
 vertex 0.27 -0.0106533 -0.0138837
 endloop
endfacet
facet normal 0 0 0
 outer loop
 vertex 0.27 -0.007 -0.0121244
 vertex 0.27 -0.0106533 -0.0138837
 vertex 0.27 -0.00852266 -0.0111069
 endloop
endfacet
facet normal 0 0 0
 outer loop
 vertex 0.15 -0.00852266 -0.0111069
 vertex 0.15 -0.00989949 -0.0098995
 vertex 0.15 -0.0123744 -0.0123744
 endloop
endfacet
facet normal 0 0 0
 outer loop
 vertex 0.15 -0.00852266 -0.0111069
 vertex 0.15 -0.0123744 -0.0123744
 vertex 0.15 -0.0106533 -0.0138837
 endloop
endfacet
facet normal 0 0 0
 outer loop
 vertex 0.27 -0.00852266 -0.0111069
 vertex 0.27 -0.0106533 -0.0138837
 vertex 0.27 -0.0123744 -0.0123744
 endloop
endfacet
facet normal 0 0 0
 outer loop
 vertex 0.27 -0.00852266 -0.0111069
 vertex 0.27 -0.0123744 -0.0123744
 vertex 0.27 -0.00989949 -0.0098995
 endloop
endfacet
facet normal 0 0 0
 outer loop
 vertex 0.15 -0.00989949 -0.0098995
 vertex 0.15 -0.0111069 -0.00852266
 vertex 0.15 -0.0138837 -0.0106533
 endloop
endfacet
facet normal 0 0 0
 outer loop
 vertex 0.15 -0.00989949 -0.0098995
 vertex 0.15 -0.0138837 -0.0106533
 vertex 0.15 -0.0123744 -0.0123744
 endloop
endfacet
facet normal 0 0 0
 outer loop
 vertex 0.27 -0.00989949 -0.0098995
 vertex 0.27 -0.0123744 -0.0123744
 vertex 0.27 -0.0138837 -0.0106533
 endloop
endfacet
facet normal 0 0 0
 outer loop
 vertex 0.27 -0.00989949 -0.0098995
 vertex 0.27 -0.0138837 -0.0106533
 vertex 0.27 -0.0111069 -0.00852266
 endloop
endfacet
facet normal 0 0 0
 outer loop
 vertex 0.15 -0.0111069 -0.00852266
 vertex 0.15 -0.0121244 -0.007
 vertex 0.15 -0.0151554 -0.00875
 endloop
endfacet
facet normal 0 0 0
 outer loop
 vertex 0.15 -0.0111069 -0.00852266
 vertex 0.15 -0.0151554 -0.00875
 vertex 0.15 -0.0138837 -0.0106533
 endloop
endfacet
facet normal 0 0 0
 outer loop
 vertex 0.27 -0.0111069 -0.00852266
 vertex 0.27 -0.0138837 -0.0106533
 vertex 0.27 -0.0151554 -0.00875
 endloop
endfacet
facet normal 0 0 0
 outer loop
 vertex 0.27 -0.0111069 -0.00852266
 vertex 0.27 -0.0151554 -0.00875
 vertex 0.27 -0.0121244 -0.007
 endloop
endfacet
facet normal 0 0 0
 outer loop
 vertex 0.15 -0.0121244 -0.007
 vertex 0.15 -0.0129343 -0.00535757
 vertex 0.15 -0.0161679 -0.00669696
 endloop
endfacet
facet normal 0 0 0
 outer loop
 vertex 0.15 -0.0121244 -0.007
 vertex 0.15 -0.0161679 -0.00669696
 vertex 0.15 -0.0151554 -0.00875
 endloop
endfacet
facet normal 0 0 0
 outer loop
 vertex 0.27 -0.0121244 -0.007
 vertex 0.27 -0.0151554 -0.00875
 vertex 0.27 -0.0161679 -0.00669696
 endloop
endfacet
facet normal 0 0 0
 outer loop
 vertex 0.27 -0.0121244 -0.007
 vertex 0.27 -0.0161679 -0.00669696
 vertex 0.27 -0.0129343 -0.00535757
 endloop
endfacet
facet normal 0 0 0
 outer loop
 vertex 0.15 -0.0129343 -0.00535757
 vertex 0.15 -0.013523 -0.00362347
 vertex 0.15 -0.0169037 -0.00452933
 endloop
endfacet
facet normal 0 0 0
 outer loop
 vertex 0.15 -0.0129343 -0.00535757
 vertex 0.15 -0.0169037 -0.00452933
 vertex 0.15 -0.0161679 -0.00669696
 endloop
endfacet
facet normal 0 0 0
 outer loop
 vertex 0.27 -0.0129343 -0.00535757
 vertex 0.27 -0.0161679 -0.00669696
 vertex 0.27 -0.0169037 -0.00452933
 endloop
endfacet
facet normal 0 0 0
 outer loop
 vertex 0.27 -0.0129343 -0.00535757
 vertex 0.27 -0.0169037 -0.00452933
 vertex 0.27 -0.013523 -0.00362347
 endloop
endfacet
facet normal 0 0 0
 outer loop
 vertex 0.15 -0.013523 -0.00362347
 vertex 0.15 -0.0138802 -0.00182737
 vertex 0.15 -0.0173503 -0.00228421
 endloop
endfacet
facet normal 0 0 0
 outer loop
 vertex 0.15 -0.013523 -0.00362347
 vertex 0.15 -0.0173503 -0.00228421
 vertex 0.15 -0.0169037 -0.00452933
 endloop
endfacet
facet normal 0 0 0
 outer loop
 vertex 0.27 -0.013523 -0.00362347
 vertex 0.27 -0.0169037 -0.00452933
 vertex 0.27 -0.0173503 -0.00228421
 endloop
endfacet
facet normal 0 0 0
 outer loop
 vertex 0.27 -0.013523 -0.00362347
 vertex 0.27 -0.0173503 -0.00228421
 vertex 0.27 -0.0138802 -0.00182737
 endloop
endfacet
facet normal 0 0 0
 outer loop
 vertex 0.15 -0.0138802 -0.00182737
 vertex 0.15 -0.014 1.66948e-10
 vertex 0.15 -0.0175 2.08685e-10
 endloop
endfacet
facet normal 0 0 0
 outer loop
 vertex 0.15 -0.0138802 -0.00182737
 vertex 0.15 -0.0175 2.08685e-10
 vertex 0.15 -0.0173503 -0.00228421
 endloop
endfacet
facet normal 0 0 0
 outer loop
 vertex 0.27 -0.0138802 -0.00182737
 vertex 0.27 -0.0173503 -0.00228421
 vertex 0.27 -0.0175 2.08685e-10
 endloop
endfacet
facet normal 0 0 0
 outer loop
 vertex 0.27 -0.0138802 -0.00182737
 vertex 0.27 -0.0175 2.08685e-10
 vertex 0.27 -0.014 1.66948e-10
 endloop
endfacet
facet normal 0 0 0
 outer loop
 vertex 0.15 -0.014 1.66948e-10
 vertex 0.15 -0.0138802 0.00182737
 vertex 0.15 -0.0173503 0.00228421
 endloop
endfacet
facet normal 0 0 0
 outer loop
 vertex 0.15 -0.014 1.66948e-10
 vertex 0.15 -0.0173503 0.00228421
 vertex 0.15 -0.0175 2.08685e-10
 endloop
endfacet
facet normal 0 0 0
 outer loop
 vertex 0.27 -0.014 1.66948e-10
 vertex 0.27 -0.0175 2.08685e-10
 vertex 0.27 -0.0173503 0.00228421
 endloop
endfacet
facet normal 0 0 0
 outer loop
 vertex 0.27 -0.014 1.66948e-10
 vertex 0.27 -0.0173503 0.00228421
 vertex 0.27 -0.0138802 0.00182737
 endloop
endfacet
facet normal 0 0 0
 outer loop
 vertex 0.15 -0.0138802 0.00182737
 vertex 0.15 -0.013523 0.00362347
 vertex 0.15 -0.0169037 0.00452933
 endloop
endfacet
facet normal 0 0 0
 outer loop
 vertex 0.15 -0.0138802 0.00182737
 vertex 0.15 -0.0169037 0.00452933
 vertex 0.15 -0.0173503 0.00228421
 endloop
endfacet
facet normal 0 0 0
 outer loop
 vertex 0.27 -0.0138802 0.00182737
 vertex 0.27 -0.0173503 0.00228421
 vertex 0.27 -0.0169037 0.00452933
 endloop
endfacet
facet normal 0 0 0
 outer loop
 vertex 0.27 -0.0138802 0.00182737
 vertex 0.27 -0.0169037 0.00452933
 vertex 0.27 -0.013523 0.00362347
 endloop
endfacet
facet normal 0 0 0
 outer loop
 vertex 0.15 -0.013523 0.00362347
 vertex 0.15 -0.0129343 0.00535757
 vertex 0.15 -0.0161679 0.00669696
 endloop
endfacet
facet normal 0 0 0
 outer loop
 vertex 0.15 -0.013523 0.00362347
 vertex 0.15 -0.0161679 0.00669696
 vertex 0.15 -0.0169037 0.00452933
 endloop
endfacet
facet normal 0 0 0
 outer loop
 vertex 0.27 -0.013523 0.00362347
 vertex 0.27 -0.0169037 0.00452933
 vertex 0.27 -0.0161679 0.00669696
 endloop
endfacet
facet normal 0 0 0
 outer loop
 vertex 0.27 -0.013523 0.00362347
 vertex 0.27 -0.0161679 0.00669696
 vertex 0.27 -0.0129343 0.00535757
 endloop
endfacet
facet normal 0 0 0
 outer loop
 vertex 0.15 -0.0129343 0.00535757
 vertex 0.15 -0.0121244 0.007
 vertex 0.15 -0.0151554 0.00875
 endloop
endfacet
facet normal 0 0 0
 outer loop
 vertex 0.15 -0.0129343 0.00535757
 vertex 0.15 -0.0151554 0.00875
 vertex 0.15 -0.0161679 0.00669696
 endloop
endfacet
facet normal 0 0 0
 outer loop
 vertex 0.27 -0.0129343 0.00535757
 vertex 0.27 -0.0161679 0.00669696
 vertex 0.27 -0.0151554 0.00875
 endloop
endfacet
facet normal 0 0 0
 outer loop
 vertex 0.27 -0.0129343 0.00535757
 vertex 0.27 -0.0151554 0.00875
 vertex 0.27 -0.0121244 0.007
 endloop
endfacet
facet normal 0 0 0
 outer loop
 vertex 0.15 -0.0121244 0.007
 vertex 0.15 -0.0111069 0.00852266
 vertex 0.15 -0.0138837 0.0106533
 endloop
endfacet
facet normal 0 0 0
 outer loop
 vertex 0.15 -0.0121244 0.007
 vertex 0.15 -0.0138837 0.0106533
 vertex 0.15 -0.0151554 0.00875
 endloop
endfacet
facet normal 0 0 0
 outer loop
 vertex 0.27 -0.0121244 0.007
 vertex 0.27 -0.0151554 0.00875
 vertex 0.27 -0.0138837 0.0106533
 endloop
endfacet
facet normal 0 0 0
 outer loop
 vertex 0.27 -0.0121244 0.007
 vertex 0.27 -0.0138837 0.0106533
 vertex 0.27 -0.0111069 0.00852266
 endloop
endfacet
facet normal 0 0 0
 outer loop
 vertex 0.15 -0.0111069 0.00852266
 vertex 0.15 -0.0098995 0.00989949
 vertex 0.15 -0.0123744 0.0123744
 endloop
endfacet
facet normal 0 0 0
 outer loop
 vertex 0.15 -0.0111069 0.00852266
 vertex 0.15 -0.0123744 0.0123744
 vertex 0.15 -0.0138837 0.0106533
 endloop
endfacet
facet normal 0 0 0
 outer loop
 vertex 0.27 -0.0111069 0.00852266
 vertex 0.27 -0.0138837 0.0106533
 vertex 0.27 -0.0123744 0.0123744
 endloop
endfacet
facet normal 0 0 0
 outer loop
 vertex 0.27 -0.0111069 0.00852266
 vertex 0.27 -0.0123744 0.0123744
 vertex 0.27 -0.0098995 0.00989949
 endloop
endfacet
facet normal 0 0 0
 outer loop
 vertex 0.15 -0.0098995 0.00989949
 vertex 0.15 -0.00852266 0.0111069
 vertex 0.15 -0.0106533 0.0138837
 endloop
endfacet
facet normal 0 0 0
 outer loop
 vertex 0.15 -0.0098995 0.00989949
 vertex 0.15 -0.0106533 0.0138837
 vertex 0.15 -0.0123744 0.0123744
 endloop
endfacet
facet normal 0 0 0
 outer loop
 vertex 0.27 -0.0098995 0.00989949
 vertex 0.27 -0.0123744 0.0123744
 vertex 0.27 -0.0106533 0.0138837
 endloop
endfacet
facet normal 0 0 0
 outer loop
 vertex 0.27 -0.0098995 0.00989949
 vertex 0.27 -0.0106533 0.0138837
 vertex 0.27 -0.00852266 0.0111069
 endloop
endfacet
facet normal 0 0 0
 outer loop
 vertex 0.15 -0.00852266 0.0111069
 vertex 0.15 -0.007 0.0121244
 vertex 0.15 -0.00875 0.0151554
 endloop
endfacet
facet normal 0 0 0
 outer loop
 vertex 0.15 -0.00852266 0.0111069
 vertex 0.15 -0.00875 0.0151554
 vertex 0.15 -0.0106533 0.0138837
 endloop
endfacet
facet normal 0 0 0
 outer loop
 vertex 0.27 -0.00852266 0.0111069
 vertex 0.27 -0.0106533 0.0138837
 vertex 0.27 -0.00875 0.0151554
 endloop
endfacet
facet normal 0 0 0
 outer loop
 vertex 0.27 -0.00852266 0.0111069
 vertex 0.27 -0.00875 0.0151554
 vertex 0.27 -0.007 0.0121244
 endloop
endfacet
facet normal 0 0 0
 outer loop
 vertex 0.15 -0.007 0.0121244
 vertex 0.15 -0.00535757 0.0129343
 vertex 0.15 -0.00669696 0.0161679
 endloop
endfacet
facet normal 0 0 0
 outer loop
 vertex 0.15 -0.007 0.0121244
 vertex 0.15 -0.00669696 0.0161679
 vertex 0.15 -0.00875 0.0151554
 endloop
endfacet
facet normal 0 0 0
 outer loop
 vertex 0.27 -0.007 0.0121244
 vertex 0.27 -0.00875 0.0151554
 vertex 0.27 -0.00669696 0.0161679
 endloop
endfacet
facet normal 0 0 0
 outer loop
 vertex 0.27 -0.007 0.0121244
 vertex 0.27 -0.00669696 0.0161679
 vertex 0.27 -0.00535757 0.0129343
 endloop
endfacet
facet normal 0 0 0
 outer loop
 vertex 0.15 -0.00535757 0.0129343
 vertex 0.15 -0.00362346 0.013523
 vertex 0.15 -0.00452933 0.0169037
 endloop
endfacet
facet normal 0 0 0
 outer loop
 vertex 0.15 -0.00535757 0.0129343
 vertex 0.15 -0.00452933 0.0169037
 vertex 0.15 -0.00669696 0.0161679
 endloop
endfacet
facet normal 0 0 0
 outer loop
 vertex 0.27 -0.00535757 0.0129343
 vertex 0.27 -0.00669696 0.0161679
 vertex 0.27 -0.00452933 0.0169037
 endloop
endfacet
facet normal 0 0 0
 outer loop
 vertex 0.27 -0.00535757 0.0129343
 vertex 0.27 -0.00452933 0.0169037
 vertex 0.27 -0.00362346 0.013523
 endloop
endfacet
facet normal 0 0 0
 outer loop
 vertex 0.15 -0.00362346 0.013523
 vertex 0.15 -0.00182737 0.0138802
 vertex 0.15 -0.00228421 0.0173503
 endloop
endfacet
facet normal 0 0 0
 outer loop
 vertex 0.15 -0.00362346 0.013523
 vertex 0.15 -0.00228421 0.0173503
 vertex 0.15 -0.00452933 0.0169037
 endloop
endfacet
facet normal 0 0 0
 outer loop
 vertex 0.27 -0.00362346 0.013523
 vertex 0.27 -0.00452933 0.0169037
 vertex 0.27 -0.00228421 0.0173503
 endloop
endfacet
facet normal 0 0 0
 outer loop
 vertex 0.27 -0.00362346 0.013523
 vertex 0.27 -0.00228421 0.0173503
 vertex 0.27 -0.00182737 0.0138802
 endloop
endfacet
facet normal 0 0 0
 outer loop
 vertex 0.15 -0.00182737 0.0138802
 vertex 0.15 2.44784e-09 0.014
 vertex 0.15 3.0598e-09 0.0175
 endloop
endfacet
facet normal 0 0 0
 outer loop
 vertex 0.15 -0.00182737 0.0138802
 vertex 0.15 3.0598e-09 0.0175
 vertex 0.15 -0.00228421 0.0173503
 endloop
endfacet
facet normal 0 0 0
 outer loop
 vertex 0.27 -0.00182737 0.0138802
 vertex 0.27 -0.00228421 0.0173503
 vertex 0.27 3.0598e-09 0.0175
 endloop
endfacet
facet normal 0 0 0
 outer loop
 vertex 0.27 -0.00182737 0.0138802
 vertex 0.27 3.0598e-09 0.0175
 vertex 0.27 2.44784e-09 0.014
 endloop
endfacet
facet normal 0 0 0
 outer loop
 vertex 0.212 0.0175 -0.015
 vertex 0.248 0.0175 -0.015
 vertex 0.248 0.0475 -0.015
 endloop
endfacet
facet normal 0 0 0
 outer loop
 vertex 0.212 0.0175 -0.015
 vertex 0.248 0.0475 -0.015
 vertex 0.212 0.0475 -0.015
 endloop
endfacet
facet normal 0 0 0
 outer loop
 vertex 0.212 0.0175 0.015
 vertex 0.248 0.0475 0.015
 vertex 0.248 0.0175 0.015
 endloop
endfacet
facet normal 0 0 0
 outer loop
 vertex 0.212 0.0175 0.015
 vertex 0.212 0.0475 0.015
 vertex 0.248 0.0475 0.015
 endloop
endfacet
facet normal 0 0 0
 outer loop
 vertex 0.212 0.0175 -0.015
 vertex 0.212 0.0475 -0.015
 vertex 0.212 0.0475 0.015
 endloop
endfacet
facet normal 0 0 0
 outer loop
 vertex 0.212 0.0175 -0.015
 vertex 0.212 0.0475 0.015
 vertex 0.212 0.0175 0.015
 endloop
endfacet
facet normal 0 0 0
 outer loop
 vertex 0.248 0.0175 -0.015
 vertex 0.248 0.0175 0.015
 vertex 0.248 0.0475 0.015
 endloop
endfacet
facet normal 0 0 0
 outer loop
 vertex 0.248 0.0175 -0.015
 vertex 0.248 0.0475 0.015
 vertex 0.248 0.0475 -0.015
 endloop
endfacet
facet normal 0 0 0
 outer loop
 vertex 0.212 0.0175 -0.015
 vertex 0.212 0.0175 0.015
 vertex 0.248 0.0175 0.015
 endloop
endfacet
facet normal 0 0 0
 outer loop
 vertex 0.212 0.0175 -0.015
 vertex 0.248 0.0175 0.015
 vertex 0.248 0.0175 -0.015
 endloop
endfacet
facet normal 0 0 0
 outer loop
 vertex 0.212 0.0475 -0.015
 vertex 0.248 0.0475 -0.015
 vertex 0.248 0.0475 0.015
 endloop
endfacet
facet normal 0 0 0
 outer loop
 vertex 0.212 0.0475 -0.015
 vertex 0.248 0.0475 0.015
 vertex 0.212 0.0475 0.015
 endloop
endfacet
facet normal 0 0 0
 outer loop
 vertex 0.22 0.0395 0.01
 vertex 0.22 0.0420882 0.00965926
 vertex 0.24 0.0420882 0.00965926
 endloop
endfacet
facet normal 0 0 0
 outer loop
 vertex 0.22 0.0395 0.01
 vertex 0.24 0.0420882 0.00965926
 vertex 0.24 0.0395 0.01
 endloop
endfacet
facet normal 0 0 0
 outer loop
 vertex 0.24 0.0395 0.006
 vertex 0.24 0.0410529 0.00579555
 vertex 0.22 0.0410529 0.00579555
 endloop
endfacet
facet normal 0 0 0
 outer loop
 vertex 0.24 0.0395 0.006
 vertex 0.22 0.0410529 0.00579555
 vertex 0.22 0.0395 0.006
 endloop
endfacet
facet normal 0 0 0
 outer loop
 vertex 0.22 0.0420882 0.00965926
 vertex 0.22 0.0445 0.00866025
 vertex 0.24 0.0445 0.00866025
 endloop
endfacet
facet normal 0 0 0
 outer loop
 vertex 0.22 0.0420882 0.00965926
 vertex 0.24 0.0445 0.00866025
 vertex 0.24 0.0420882 0.00965926
 endloop
endfacet
facet normal 0 0 0
 outer loop
 vertex 0.24 0.0410529 0.00579555
 vertex 0.24 0.0425 0.00519615
 vertex 0.22 0.0425 0.00519615
 endloop
endfacet
facet normal 0 0 0
 outer loop
 vertex 0.24 0.0410529 0.00579555
 vertex 0.22 0.0425 0.00519615
 vertex 0.22 0.0410529 0.00579555
 endloop
endfacet
facet normal 0 0 0
 outer loop
 vertex 0.22 0.0445 0.00866025
 vertex 0.22 0.0465711 0.00707107
 vertex 0.24 0.0465711 0.00707107
 endloop
endfacet
facet normal 0 0 0
 outer loop
 vertex 0.22 0.0445 0.00866025
 vertex 0.24 0.0465711 0.00707107
 vertex 0.24 0.0445 0.00866025
 endloop
endfacet
facet normal 0 0 0
 outer loop
 vertex 0.24 0.0425 0.00519615
 vertex 0.24 0.0437426 0.00424264
 vertex 0.22 0.0437426 0.00424264
 endloop
endfacet
facet normal 0 0 0
 outer loop
 vertex 0.24 0.0425 0.00519615
 vertex 0.22 0.0437426 0.00424264
 vertex 0.22 0.0425 0.00519615
 endloop
endfacet
facet normal 0 0 0
 outer loop
 vertex 0.22 0.0465711 0.00707107
 vertex 0.22 0.0481603 0.005
 vertex 0.24 0.0481603 0.005
 endloop
endfacet
facet normal 0 0 0
 outer loop
 vertex 0.22 0.0465711 0.00707107
 vertex 0.24 0.0481603 0.005
 vertex 0.24 0.0465711 0.00707107
 endloop
endfacet
facet normal 0 0 0
 outer loop
 vertex 0.24 0.0437426 0.00424264
 vertex 0.24 0.0446962 0.003
 vertex 0.22 0.0446962 0.003
 endloop
endfacet
facet normal 0 0 0
 outer loop
 vertex 0.24 0.0437426 0.00424264
 vertex 0.22 0.0446962 0.003
 vertex 0.22 0.0437426 0.00424264
 endloop
endfacet
facet normal 0 0 0
 outer loop
 vertex 0.22 0.0481603 0.005
 vertex 0.22 0.0491593 0.00258819
 vertex 0.24 0.0491593 0.00258819
 endloop
endfacet
facet normal 0 0 0
 outer loop
 vertex 0.22 0.0481603 0.005
 vertex 0.24 0.0491593 0.00258819
 vertex 0.24 0.0481603 0.005
 endloop
endfacet
facet normal 0 0 0
 outer loop
 vertex 0.24 0.0446962 0.003
 vertex 0.24 0.0452956 0.00155291
 vertex 0.22 0.0452956 0.00155291
 endloop
endfacet
facet normal 0 0 0
 outer loop
 vertex 0.24 0.0446962 0.003
 vertex 0.22 0.0452956 0.00155291
 vertex 0.22 0.0446962 0.003
 endloop
endfacet
facet normal 0 0 0
 outer loop
 vertex 0.22 0.0491593 0.00258819
 vertex 0.22 0.0495 -4.37114e-10
 vertex 0.24 0.0495 -4.37114e-10
 endloop
endfacet
facet normal 0 0 0
 outer loop
 vertex 0.22 0.0491593 0.00258819
 vertex 0.24 0.0495 -4.37114e-10
 vertex 0.24 0.0491593 0.00258819
 endloop
endfacet
facet normal 0 0 0
 outer loop
 vertex 0.24 0.0452956 0.00155291
 vertex 0.24 0.0455 -2.62268e-10
 vertex 0.22 0.0455 -2.62268e-10
 endloop
endfacet
facet normal 0 0 0
 outer loop
 vertex 0.24 0.0452956 0.00155291
 vertex 0.22 0.0455 -2.62268e-10
 vertex 0.22 0.0452956 0.00155291
 endloop
endfacet
facet normal 0 0 0
 outer loop
 vertex 0.22 0.0495 -4.37114e-10
 vertex 0.22 0.0491593 -0.00258819
 vertex 0.24 0.0491593 -0.00258819
 endloop
endfacet
facet normal 0 0 0
 outer loop
 vertex 0.22 0.0495 -4.37114e-10
 vertex 0.24 0.0491593 -0.00258819
 vertex 0.24 0.0495 -4.37114e-10
 endloop
endfacet
facet normal 0 0 0
 outer loop
 vertex 0.24 0.0455 -2.62268e-10
 vertex 0.24 0.0452956 -0.00155291
 vertex 0.22 0.0452956 -0.00155291
 endloop
endfacet
facet normal 0 0 0
 outer loop
 vertex 0.24 0.0455 -2.62268e-10
 vertex 0.22 0.0452956 -0.00155291
 vertex 0.22 0.0455 -2.62268e-10
 endloop
endfacet
facet normal 0 0 0
 outer loop
 vertex 0.22 0.0491593 -0.00258819
 vertex 0.22 0.0481603 -0.005
 vertex 0.24 0.0481603 -0.005
 endloop
endfacet
facet normal 0 0 0
 outer loop
 vertex 0.22 0.0491593 -0.00258819
 vertex 0.24 0.0481603 -0.005
 vertex 0.24 0.0491593 -0.00258819
 endloop
endfacet
facet normal 0 0 0
 outer loop
 vertex 0.24 0.0452956 -0.00155291
 vertex 0.24 0.0446962 -0.003
 vertex 0.22 0.0446962 -0.003
 endloop
endfacet
facet normal 0 0 0
 outer loop
 vertex 0.24 0.0452956 -0.00155291
 vertex 0.22 0.0446962 -0.003
 vertex 0.22 0.0452956 -0.00155291
 endloop
endfacet
facet normal 0 0 0
 outer loop
 vertex 0.22 0.0481603 -0.005
 vertex 0.22 0.0465711 -0.00707107
 vertex 0.24 0.0465711 -0.00707107
 endloop
endfacet
facet normal 0 0 0
 outer loop
 vertex 0.22 0.0481603 -0.005
 vertex 0.24 0.0465711 -0.00707107
 vertex 0.24 0.0481603 -0.005
 endloop
endfacet
facet normal 0 0 0
 outer loop
 vertex 0.24 0.0446962 -0.003
 vertex 0.24 0.0437426 -0.00424264
 vertex 0.22 0.0437426 -0.00424264
 endloop
endfacet
facet normal 0 0 0
 outer loop
 vertex 0.24 0.0446962 -0.003
 vertex 0.22 0.0437426 -0.00424264
 vertex 0.22 0.0446962 -0.003
 endloop
endfacet
facet normal 0 0 0
 outer loop
 vertex 0.22 0.0465711 -0.00707107
 vertex 0.22 0.0445 -0.00866025
 vertex 0.24 0.0445 -0.00866025
 endloop
endfacet
facet normal 0 0 0
 outer loop
 vertex 0.22 0.0465711 -0.00707107
 vertex 0.24 0.0445 -0.00866025
 vertex 0.24 0.0465711 -0.00707107
 endloop
endfacet
facet normal 0 0 0
 outer loop
 vertex 0.24 0.0437426 -0.00424264
 vertex 0.24 0.0425 -0.00519615
 vertex 0.22 0.0425 -0.00519615
 endloop
endfacet
facet normal 0 0 0
 outer loop
 vertex 0.24 0.0437426 -0.00424264
 vertex 0.22 0.0425 -0.00519615
 vertex 0.22 0.0437426 -0.00424264
 endloop
endfacet
facet normal 0 0 0
 outer loop
 vertex 0.22 0.0445 -0.00866025
 vertex 0.22 0.0420882 -0.00965926
 vertex 0.24 0.0420882 -0.00965926
 endloop
endfacet
facet normal 0 0 0
 outer loop
 vertex 0.22 0.0445 -0.00866025
 vertex 0.24 0.0420882 -0.00965926
 vertex 0.24 0.0445 -0.00866025
 endloop
endfacet
facet normal 0 0 0
 outer loop
 vertex 0.24 0.0425 -0.00519615
 vertex 0.24 0.0410529 -0.00579555
 vertex 0.22 0.0410529 -0.00579555
 endloop
endfacet
facet normal 0 0 0
 outer loop
 vertex 0.24 0.0425 -0.00519615
 vertex 0.22 0.0410529 -0.00579555
 vertex 0.22 0.0425 -0.00519615
 endloop
endfacet
facet normal 0 0 0
 outer loop
 vertex 0.22 0.0420882 -0.00965926
 vertex 0.22 0.0395 -0.01
 vertex 0.24 0.0395 -0.01
 endloop
endfacet
facet normal 0 0 0
 outer loop
 vertex 0.22 0.0420882 -0.00965926
 vertex 0.24 0.0395 -0.01
 vertex 0.24 0.0420882 -0.00965926
 endloop
endfacet
facet normal 0 0 0
 outer loop
 vertex 0.24 0.0410529 -0.00579555
 vertex 0.24 0.0395 -0.006
 vertex 0.22 0.0395 -0.006
 endloop
endfacet
facet normal 0 0 0
 outer loop
 vertex 0.24 0.0410529 -0.00579555
 vertex 0.22 0.0395 -0.006
 vertex 0.22 0.0410529 -0.00579555
 endloop
endfacet
facet normal 0 0 0
 outer loop
 vertex 0.22 0.0395 -0.01
 vertex 0.22 0.0369118 -0.00965926
 vertex 0.24 0.0369118 -0.00965926
 endloop
endfacet
facet normal 0 0 0
 outer loop
 vertex 0.22 0.0395 -0.01
 vertex 0.24 0.0369118 -0.00965926
 vertex 0.24 0.0395 -0.01
 endloop
endfacet
facet normal 0 0 0
 outer loop
 vertex 0.24 0.0395 -0.006
 vertex 0.24 0.0379471 -0.00579555
 vertex 0.22 0.0379471 -0.00579555
 endloop
endfacet
facet normal 0 0 0
 outer loop
 vertex 0.24 0.0395 -0.006
 vertex 0.22 0.0379471 -0.00579555
 vertex 0.22 0.0395 -0.006
 endloop
endfacet
facet normal 0 0 0
 outer loop
 vertex 0.22 0.0369118 -0.00965926
 vertex 0.22 0.0345 -0.00866025
 vertex 0.24 0.0345 -0.00866025
 endloop
endfacet
facet normal 0 0 0
 outer loop
 vertex 0.22 0.0369118 -0.00965926
 vertex 0.24 0.0345 -0.00866025
 vertex 0.24 0.0369118 -0.00965926
 endloop
endfacet
facet normal 0 0 0
 outer loop
 vertex 0.24 0.0379471 -0.00579555
 vertex 0.24 0.0365 -0.00519615
 vertex 0.22 0.0365 -0.00519615
 endloop
endfacet
facet normal 0 0 0
 outer loop
 vertex 0.24 0.0379471 -0.00579555
 vertex 0.22 0.0365 -0.00519615
 vertex 0.22 0.0379471 -0.00579555
 endloop
endfacet
facet normal 0 0 0
 outer loop
 vertex 0.22 0.0345 -0.00866025
 vertex 0.22 0.0324289 -0.00707107
 vertex 0.24 0.0324289 -0.00707107
 endloop
endfacet
facet normal 0 0 0
 outer loop
 vertex 0.22 0.0345 -0.00866025
 vertex 0.24 0.0324289 -0.00707107
 vertex 0.24 0.0345 -0.00866025
 endloop
endfacet
facet normal 0 0 0
 outer loop
 vertex 0.24 0.0365 -0.00519615
 vertex 0.24 0.0352574 -0.00424264
 vertex 0.22 0.0352574 -0.00424264
 endloop
endfacet
facet normal 0 0 0
 outer loop
 vertex 0.24 0.0365 -0.00519615
 vertex 0.22 0.0352574 -0.00424264
 vertex 0.22 0.0365 -0.00519615
 endloop
endfacet
facet normal 0 0 0
 outer loop
 vertex 0.22 0.0324289 -0.00707107
 vertex 0.22 0.0308397 -0.005
 vertex 0.24 0.0308397 -0.005
 endloop
endfacet
facet normal 0 0 0
 outer loop
 vertex 0.22 0.0324289 -0.00707107
 vertex 0.24 0.0308397 -0.005
 vertex 0.24 0.0324289 -0.00707107
 endloop
endfacet
facet normal 0 0 0
 outer loop
 vertex 0.24 0.0352574 -0.00424264
 vertex 0.24 0.0343038 -0.003
 vertex 0.22 0.0343038 -0.003
 endloop
endfacet
facet normal 0 0 0
 outer loop
 vertex 0.24 0.0352574 -0.00424264
 vertex 0.22 0.0343038 -0.003
 vertex 0.22 0.0352574 -0.00424264
 endloop
endfacet
facet normal 0 0 0
 outer loop
 vertex 0.22 0.0308397 -0.005
 vertex 0.22 0.0298407 -0.00258819
 vertex 0.24 0.0298407 -0.00258819
 endloop
endfacet
facet normal 0 0 0
 outer loop
 vertex 0.22 0.0308397 -0.005
 vertex 0.24 0.0298407 -0.00258819
 vertex 0.24 0.0308397 -0.005
 endloop
endfacet
facet normal 0 0 0
 outer loop
 vertex 0.24 0.0343038 -0.003
 vertex 0.24 0.0337044 -0.00155291
 vertex 0.22 0.0337044 -0.00155291
 endloop
endfacet
facet normal 0 0 0
 outer loop
 vertex 0.24 0.0343038 -0.003
 vertex 0.22 0.0337044 -0.00155291
 vertex 0.22 0.0343038 -0.003
 endloop
endfacet
facet normal 0 0 0
 outer loop
 vertex 0.22 0.0298407 -0.00258819
 vertex 0.22 0.0295 1.19249e-10
 vertex 0.24 0.0295 1.19249e-10
 endloop
endfacet
facet normal 0 0 0
 outer loop
 vertex 0.22 0.0298407 -0.00258819
 vertex 0.24 0.0295 1.19249e-10
 vertex 0.24 0.0298407 -0.00258819
 endloop
endfacet
facet normal 0 0 0
 outer loop
 vertex 0.24 0.0337044 -0.00155291
 vertex 0.24 0.0335 7.15493e-11
 vertex 0.22 0.0335 7.15493e-11
 endloop
endfacet
facet normal 0 0 0
 outer loop
 vertex 0.24 0.0337044 -0.00155291
 vertex 0.22 0.0335 7.15493e-11
 vertex 0.22 0.0337044 -0.00155291
 endloop
endfacet
facet normal 0 0 0
 outer loop
 vertex 0.22 0.0295 1.19249e-10
 vertex 0.22 0.0298407 0.00258819
 vertex 0.24 0.0298407 0.00258819
 endloop
endfacet
facet normal 0 0 0
 outer loop
 vertex 0.22 0.0295 1.19249e-10
 vertex 0.24 0.0298407 0.00258819
 vertex 0.24 0.0295 1.19249e-10
 endloop
endfacet
facet normal 0 0 0
 outer loop
 vertex 0.24 0.0335 7.15493e-11
 vertex 0.24 0.0337044 0.00155291
 vertex 0.22 0.0337044 0.00155291
 endloop
endfacet
facet normal 0 0 0
 outer loop
 vertex 0.24 0.0335 7.15493e-11
 vertex 0.22 0.0337044 0.00155291
 vertex 0.22 0.0335 7.15493e-11
 endloop
endfacet
facet normal 0 0 0
 outer loop
 vertex 0.22 0.0298407 0.00258819
 vertex 0.22 0.0308397 0.005
 vertex 0.24 0.0308397 0.005
 endloop
endfacet
facet normal 0 0 0
 outer loop
 vertex 0.22 0.0298407 0.00258819
 vertex 0.24 0.0308397 0.005
 vertex 0.24 0.0298407 0.00258819
 endloop
endfacet
facet normal 0 0 0
 outer loop
 vertex 0.24 0.0337044 0.00155291
 vertex 0.24 0.0343038 0.003
 vertex 0.22 0.0343038 0.003
 endloop
endfacet
facet normal 0 0 0
 outer loop
 vertex 0.24 0.0337044 0.00155291
 vertex 0.22 0.0343038 0.003
 vertex 0.22 0.0337044 0.00155291
 endloop
endfacet
facet normal 0 0 0
 outer loop
 vertex 0.22 0.0308397 0.005
 vertex 0.22 0.0324289 0.00707107
 vertex 0.24 0.0324289 0.00707107
 endloop
endfacet
facet normal 0 0 0
 outer loop
 vertex 0.22 0.0308397 0.005
 vertex 0.24 0.0324289 0.00707107
 vertex 0.24 0.0308397 0.005
 endloop
endfacet
facet normal 0 0 0
 outer loop
 vertex 0.24 0.0343038 0.003
 vertex 0.24 0.0352574 0.00424264
 vertex 0.22 0.0352574 0.00424264
 endloop
endfacet
facet normal 0 0 0
 outer loop
 vertex 0.24 0.0343038 0.003
 vertex 0.22 0.0352574 0.00424264
 vertex 0.22 0.0343038 0.003
 endloop
endfacet
facet normal 0 0 0
 outer loop
 vertex 0.22 0.0324289 0.00707107
 vertex 0.22 0.0345 0.00866025
 vertex 0.24 0.0345 0.00866025
 endloop
endfacet
facet normal 0 0 0
 outer loop
 vertex 0.22 0.0324289 0.00707107
 vertex 0.24 0.0345 0.00866025
 vertex 0.24 0.0324289 0.00707107
 endloop
endfacet
facet normal 0 0 0
 outer loop
 vertex 0.24 0.0352574 0.00424264
 vertex 0.24 0.0365 0.00519615
 vertex 0.22 0.0365 0.00519615
 endloop
endfacet
facet normal 0 0 0
 outer loop
 vertex 0.24 0.0352574 0.00424264
 vertex 0.22 0.0365 0.00519615
 vertex 0.22 0.0352574 0.00424264
 endloop
endfacet
facet normal 0 0 0
 outer loop
 vertex 0.22 0.0345 0.00866025
 vertex 0.22 0.0369118 0.00965926
 vertex 0.24 0.0369118 0.00965926
 endloop
endfacet
facet normal 0 0 0
 outer loop
 vertex 0.22 0.0345 0.00866025
 vertex 0.24 0.0369118 0.00965926
 vertex 0.24 0.0345 0.00866025
 endloop
endfacet
facet normal 0 0 0
 outer loop
 vertex 0.24 0.0365 0.00519615
 vertex 0.24 0.0379471 0.00579556
 vertex 0.22 0.0379471 0.00579556
 endloop
endfacet
facet normal 0 0 0
 outer loop
 vertex 0.24 0.0365 0.00519615
 vertex 0.22 0.0379471 0.00579556
 vertex 0.22 0.0365 0.00519615
 endloop
endfacet
facet normal 0 0 0
 outer loop
 vertex 0.22 0.0369118 0.00965926
 vertex 0.22 0.0395 0.01
 vertex 0.24 0.0395 0.01
 endloop
endfacet
facet normal 0 0 0
 outer loop
 vertex 0.22 0.0369118 0.00965926
 vertex 0.24 0.0395 0.01
 vertex 0.24 0.0369118 0.00965926
 endloop
endfacet
facet normal 0 0 0
 outer loop
 vertex 0.24 0.0379471 0.00579556
 vertex 0.24 0.0395 0.006
 vertex 0.22 0.0395 0.006
 endloop
endfacet
facet normal 0 0 0
 outer loop
 vertex 0.24 0.0379471 0.00579556
 vertex 0.22 0.0395 0.006
 vertex 0.22 0.0379471 0.00579556
 endloop
endfacet
facet normal 0 0 0
 outer loop
 vertex 0.22 0.0395 0.006
 vertex 0.22 0.0410529 0.00579555
 vertex 0.22 0.0420882 0.00965926
 endloop
endfacet
facet normal 0 0 0
 outer loop
 vertex 0.22 0.0395 0.006
 vertex 0.22 0.0420882 0.00965926
 vertex 0.22 0.0395 0.01
 endloop
endfacet
facet normal 0 0 0
 outer loop
 vertex 0.24 0.0395 0.006
 vertex 0.24 0.0395 0.01
 vertex 0.24 0.0420882 0.00965926
 endloop
endfacet
facet normal 0 0 0
 outer loop
 vertex 0.24 0.0395 0.006
 vertex 0.24 0.0420882 0.00965926
 vertex 0.24 0.0410529 0.00579555
 endloop
endfacet
facet normal 0 0 0
 outer loop
 vertex 0.22 0.0410529 0.00579555
 vertex 0.22 0.0425 0.00519615
 vertex 0.22 0.0445 0.00866025
 endloop
endfacet
facet normal 0 0 0
 outer loop
 vertex 0.22 0.0410529 0.00579555
 vertex 0.22 0.0445 0.00866025
 vertex 0.22 0.0420882 0.00965926
 endloop
endfacet
facet normal 0 0 0
 outer loop
 vertex 0.24 0.0410529 0.00579555
 vertex 0.24 0.0420882 0.00965926
 vertex 0.24 0.0445 0.00866025
 endloop
endfacet
facet normal 0 0 0
 outer loop
 vertex 0.24 0.0410529 0.00579555
 vertex 0.24 0.0445 0.00866025
 vertex 0.24 0.0425 0.00519615
 endloop
endfacet
facet normal 0 0 0
 outer loop
 vertex 0.22 0.0425 0.00519615
 vertex 0.22 0.0437426 0.00424264
 vertex 0.22 0.0465711 0.00707107
 endloop
endfacet
facet normal 0 0 0
 outer loop
 vertex 0.22 0.0425 0.00519615
 vertex 0.22 0.0465711 0.00707107
 vertex 0.22 0.0445 0.00866025
 endloop
endfacet
facet normal 0 0 0
 outer loop
 vertex 0.24 0.0425 0.00519615
 vertex 0.24 0.0445 0.00866025
 vertex 0.24 0.0465711 0.00707107
 endloop
endfacet
facet normal 0 0 0
 outer loop
 vertex 0.24 0.0425 0.00519615
 vertex 0.24 0.0465711 0.00707107
 vertex 0.24 0.0437426 0.00424264
 endloop
endfacet
facet normal 0 0 0
 outer loop
 vertex 0.22 0.0437426 0.00424264
 vertex 0.22 0.0446962 0.003
 vertex 0.22 0.0481603 0.005
 endloop
endfacet
facet normal 0 0 0
 outer loop
 vertex 0.22 0.0437426 0.00424264
 vertex 0.22 0.0481603 0.005
 vertex 0.22 0.0465711 0.00707107
 endloop
endfacet
facet normal 0 0 0
 outer loop
 vertex 0.24 0.0437426 0.00424264
 vertex 0.24 0.0465711 0.00707107
 vertex 0.24 0.0481603 0.005
 endloop
endfacet
facet normal 0 0 0
 outer loop
 vertex 0.24 0.0437426 0.00424264
 vertex 0.24 0.0481603 0.005
 vertex 0.24 0.0446962 0.003
 endloop
endfacet
facet normal 0 0 0
 outer loop
 vertex 0.22 0.0446962 0.003
 vertex 0.22 0.0452956 0.00155291
 vertex 0.22 0.0491593 0.00258819
 endloop
endfacet
facet normal 0 0 0
 outer loop
 vertex 0.22 0.0446962 0.003
 vertex 0.22 0.0491593 0.00258819
 vertex 0.22 0.0481603 0.005
 endloop
endfacet
facet normal 0 0 0
 outer loop
 vertex 0.24 0.0446962 0.003
 vertex 0.24 0.0481603 0.005
 vertex 0.24 0.0491593 0.00258819
 endloop
endfacet
facet normal 0 0 0
 outer loop
 vertex 0.24 0.0446962 0.003
 vertex 0.24 0.0491593 0.00258819
 vertex 0.24 0.0452956 0.00155291
 endloop
endfacet
facet normal 0 0 0
 outer loop
 vertex 0.22 0.0452956 0.00155291
 vertex 0.22 0.0455 -2.62268e-10
 vertex 0.22 0.0495 -4.37114e-10
 endloop
endfacet
facet normal 0 0 0
 outer loop
 vertex 0.22 0.0452956 0.00155291
 vertex 0.22 0.0495 -4.37114e-10
 vertex 0.22 0.0491593 0.00258819
 endloop
endfacet
facet normal 0 0 0
 outer loop
 vertex 0.24 0.0452956 0.00155291
 vertex 0.24 0.0491593 0.00258819
 vertex 0.24 0.0495 -4.37114e-10
 endloop
endfacet
facet normal 0 0 0
 outer loop
 vertex 0.24 0.0452956 0.00155291
 vertex 0.24 0.0495 -4.37114e-10
 vertex 0.24 0.0455 -2.62268e-10
 endloop
endfacet
facet normal 0 0 0
 outer loop
 vertex 0.22 0.0455 -2.62268e-10
 vertex 0.22 0.0452956 -0.00155291
 vertex 0.22 0.0491593 -0.00258819
 endloop
endfacet
facet normal 0 0 0
 outer loop
 vertex 0.22 0.0455 -2.62268e-10
 vertex 0.22 0.0491593 -0.00258819
 vertex 0.22 0.0495 -4.37114e-10
 endloop
endfacet
facet normal 0 0 0
 outer loop
 vertex 0.24 0.0455 -2.62268e-10
 vertex 0.24 0.0495 -4.37114e-10
 vertex 0.24 0.0491593 -0.00258819
 endloop
endfacet
facet normal 0 0 0
 outer loop
 vertex 0.24 0.0455 -2.62268e-10
 vertex 0.24 0.0491593 -0.00258819
 vertex 0.24 0.0452956 -0.00155291
 endloop
endfacet
facet normal 0 0 0
 outer loop
 vertex 0.22 0.0452956 -0.00155291
 vertex 0.22 0.0446962 -0.003
 vertex 0.22 0.0481603 -0.005
 endloop
endfacet
facet normal 0 0 0
 outer loop
 vertex 0.22 0.0452956 -0.00155291
 vertex 0.22 0.0481603 -0.005
 vertex 0.22 0.0491593 -0.00258819
 endloop
endfacet
facet normal 0 0 0
 outer loop
 vertex 0.24 0.0452956 -0.00155291
 vertex 0.24 0.0491593 -0.00258819
 vertex 0.24 0.0481603 -0.005
 endloop
endfacet
facet normal 0 0 0
 outer loop
 vertex 0.24 0.0452956 -0.00155291
 vertex 0.24 0.0481603 -0.005
 vertex 0.24 0.0446962 -0.003
 endloop
endfacet
facet normal 0 0 0
 outer loop
 vertex 0.22 0.0446962 -0.003
 vertex 0.22 0.0437426 -0.00424264
 vertex 0.22 0.0465711 -0.00707107
 endloop
endfacet
facet normal 0 0 0
 outer loop
 vertex 0.22 0.0446962 -0.003
 vertex 0.22 0.0465711 -0.00707107
 vertex 0.22 0.0481603 -0.005
 endloop
endfacet
facet normal 0 0 0
 outer loop
 vertex 0.24 0.0446962 -0.003
 vertex 0.24 0.0481603 -0.005
 vertex 0.24 0.0465711 -0.00707107
 endloop
endfacet
facet normal 0 0 0
 outer loop
 vertex 0.24 0.0446962 -0.003
 vertex 0.24 0.0465711 -0.00707107
 vertex 0.24 0.0437426 -0.00424264
 endloop
endfacet
facet normal 0 0 0
 outer loop
 vertex 0.22 0.0437426 -0.00424264
 vertex 0.22 0.0425 -0.00519615
 vertex 0.22 0.0445 -0.00866025
 endloop
endfacet
facet normal 0 0 0
 outer loop
 vertex 0.22 0.0437426 -0.00424264
 vertex 0.22 0.0445 -0.00866025
 vertex 0.22 0.0465711 -0.00707107
 endloop
endfacet
facet normal 0 0 0
 outer loop
 vertex 0.24 0.0437426 -0.00424264
 vertex 0.24 0.0465711 -0.00707107
 vertex 0.24 0.0445 -0.00866025
 endloop
endfacet
facet normal 0 0 0
 outer loop
 vertex 0.24 0.0437426 -0.00424264
 vertex 0.24 0.0445 -0.00866025
 vertex 0.24 0.0425 -0.00519615
 endloop
endfacet
facet normal 0 0 0
 outer loop
 vertex 0.22 0.0425 -0.00519615
 vertex 0.22 0.0410529 -0.00579555
 vertex 0.22 0.0420882 -0.00965926
 endloop
endfacet
facet normal 0 0 0
 outer loop
 vertex 0.22 0.0425 -0.00519615
 vertex 0.22 0.0420882 -0.00965926
 vertex 0.22 0.0445 -0.00866025
 endloop
endfacet
facet normal 0 0 0
 outer loop
 vertex 0.24 0.0425 -0.00519615
 vertex 0.24 0.0445 -0.00866025
 vertex 0.24 0.0420882 -0.00965926
 endloop
endfacet
facet normal 0 0 0
 outer loop
 vertex 0.24 0.0425 -0.00519615
 vertex 0.24 0.0420882 -0.00965926
 vertex 0.24 0.0410529 -0.00579555
 endloop
endfacet
facet normal 0 0 0
 outer loop
 vertex 0.22 0.0410529 -0.00579555
 vertex 0.22 0.0395 -0.006
 vertex 0.22 0.0395 -0.01
 endloop
endfacet
facet normal 0 0 0
 outer loop
 vertex 0.22 0.0410529 -0.00579555
 vertex 0.22 0.0395 -0.01
 vertex 0.22 0.0420882 -0.00965926
 endloop
endfacet
facet normal 0 0 0
 outer loop
 vertex 0.24 0.0410529 -0.00579555
 vertex 0.24 0.0420882 -0.00965926
 vertex 0.24 0.0395 -0.01
 endloop
endfacet
facet normal 0 0 0
 outer loop
 vertex 0.24 0.0410529 -0.00579555
 vertex 0.24 0.0395 -0.01
 vertex 0.24 0.0395 -0.006
 endloop
endfacet
facet normal 0 0 0
 outer loop
 vertex 0.22 0.0395 -0.006
 vertex 0.22 0.0379471 -0.00579555
 vertex 0.22 0.0369118 -0.00965926
 endloop
endfacet
facet normal 0 0 0
 outer loop
 vertex 0.22 0.0395 -0.006
 vertex 0.22 0.0369118 -0.00965926
 vertex 0.22 0.0395 -0.01
 endloop
endfacet
facet normal 0 0 0
 outer loop
 vertex 0.24 0.0395 -0.006
 vertex 0.24 0.0395 -0.01
 vertex 0.24 0.0369118 -0.00965926
 endloop
endfacet
facet normal 0 0 0
 outer loop
 vertex 0.24 0.0395 -0.006
 vertex 0.24 0.0369118 -0.00965926
 vertex 0.24 0.0379471 -0.00579555
 endloop
endfacet
facet normal 0 0 0
 outer loop
 vertex 0.22 0.0379471 -0.00579555
 vertex 0.22 0.0365 -0.00519615
 vertex 0.22 0.0345 -0.00866025
 endloop
endfacet
facet normal 0 0 0
 outer loop
 vertex 0.22 0.0379471 -0.00579555
 vertex 0.22 0.0345 -0.00866025
 vertex 0.22 0.0369118 -0.00965926
 endloop
endfacet
facet normal 0 0 0
 outer loop
 vertex 0.24 0.0379471 -0.00579555
 vertex 0.24 0.0369118 -0.00965926
 vertex 0.24 0.0345 -0.00866025
 endloop
endfacet
facet normal 0 0 0
 outer loop
 vertex 0.24 0.0379471 -0.00579555
 vertex 0.24 0.0345 -0.00866025
 vertex 0.24 0.0365 -0.00519615
 endloop
endfacet
facet normal 0 0 0
 outer loop
 vertex 0.22 0.0365 -0.00519615
 vertex 0.22 0.0352574 -0.00424264
 vertex 0.22 0.0324289 -0.00707107
 endloop
endfacet
facet normal 0 0 0
 outer loop
 vertex 0.22 0.0365 -0.00519615
 vertex 0.22 0.0324289 -0.00707107
 vertex 0.22 0.0345 -0.00866025
 endloop
endfacet
facet normal 0 0 0
 outer loop
 vertex 0.24 0.0365 -0.00519615
 vertex 0.24 0.0345 -0.00866025
 vertex 0.24 0.0324289 -0.00707107
 endloop
endfacet
facet normal 0 0 0
 outer loop
 vertex 0.24 0.0365 -0.00519615
 vertex 0.24 0.0324289 -0.00707107
 vertex 0.24 0.0352574 -0.00424264
 endloop
endfacet
facet normal 0 0 0
 outer loop
 vertex 0.22 0.0352574 -0.00424264
 vertex 0.22 0.0343038 -0.003
 vertex 0.22 0.0308397 -0.005
 endloop
endfacet
facet normal 0 0 0
 outer loop
 vertex 0.22 0.0352574 -0.00424264
 vertex 0.22 0.0308397 -0.005
 vertex 0.22 0.0324289 -0.00707107
 endloop
endfacet
facet normal 0 0 0
 outer loop
 vertex 0.24 0.0352574 -0.00424264
 vertex 0.24 0.0324289 -0.00707107
 vertex 0.24 0.0308397 -0.005
 endloop
endfacet
facet normal 0 0 0
 outer loop
 vertex 0.24 0.0352574 -0.00424264
 vertex 0.24 0.0308397 -0.005
 vertex 0.24 0.0343038 -0.003
 endloop
endfacet
facet normal 0 0 0
 outer loop
 vertex 0.22 0.0343038 -0.003
 vertex 0.22 0.0337044 -0.00155291
 vertex 0.22 0.0298407 -0.00258819
 endloop
endfacet
facet normal 0 0 0
 outer loop
 vertex 0.22 0.0343038 -0.003
 vertex 0.22 0.0298407 -0.00258819
 vertex 0.22 0.0308397 -0.005
 endloop
endfacet
facet normal 0 0 0
 outer loop
 vertex 0.24 0.0343038 -0.003
 vertex 0.24 0.0308397 -0.005
 vertex 0.24 0.0298407 -0.00258819
 endloop
endfacet
facet normal 0 0 0
 outer loop
 vertex 0.24 0.0343038 -0.003
 vertex 0.24 0.0298407 -0.00258819
 vertex 0.24 0.0337044 -0.00155291
 endloop
endfacet
facet normal 0 0 0
 outer loop
 vertex 0.22 0.0337044 -0.00155291
 vertex 0.22 0.0335 7.15493e-11
 vertex 0.22 0.0295 1.19249e-10
 endloop
endfacet
facet normal 0 0 0
 outer loop
 vertex 0.22 0.0337044 -0.00155291
 vertex 0.22 0.0295 1.19249e-10
 vertex 0.22 0.0298407 -0.00258819
 endloop
endfacet
facet normal 0 0 0
 outer loop
 vertex 0.24 0.0337044 -0.00155291
 vertex 0.24 0.0298407 -0.00258819
 vertex 0.24 0.0295 1.19249e-10
 endloop
endfacet
facet normal 0 0 0
 outer loop
 vertex 0.24 0.0337044 -0.00155291
 vertex 0.24 0.0295 1.19249e-10
 vertex 0.24 0.0335 7.15493e-11
 endloop
endfacet
facet normal 0 0 0
 outer loop
 vertex 0.22 0.0335 7.15493e-11
 vertex 0.22 0.0337044 0.00155291
 vertex 0.22 0.0298407 0.00258819
 endloop
endfacet
facet normal 0 0 0
 outer loop
 vertex 0.22 0.0335 7.15493e-11
 vertex 0.22 0.0298407 0.00258819
 vertex 0.22 0.0295 1.19249e-10
 endloop
endfacet
facet normal 0 0 0
 outer loop
 vertex 0.24 0.0335 7.15493e-11
 vertex 0.24 0.0295 1.19249e-10
 vertex 0.24 0.0298407 0.00258819
 endloop
endfacet
facet normal 0 0 0
 outer loop
 vertex 0.24 0.0335 7.15493e-11
 vertex 0.24 0.0298407 0.00258819
 vertex 0.24 0.0337044 0.00155291
 endloop
endfacet
facet normal 0 0 0
 outer loop
 vertex 0.22 0.0337044 0.00155291
 vertex 0.22 0.0343038 0.003
 vertex 0.22 0.0308397 0.005
 endloop
endfacet
facet normal 0 0 0
 outer loop
 vertex 0.22 0.0337044 0.00155291
 vertex 0.22 0.0308397 0.005
 vertex 0.22 0.0298407 0.00258819
 endloop
endfacet
facet normal 0 0 0
 outer loop
 vertex 0.24 0.0337044 0.00155291
 vertex 0.24 0.0298407 0.00258819
 vertex 0.24 0.0308397 0.005
 endloop
endfacet
facet normal 0 0 0
 outer loop
 vertex 0.24 0.0337044 0.00155291
 vertex 0.24 0.0308397 0.005
 vertex 0.24 0.0343038 0.003
 endloop
endfacet
facet normal 0 0 0
 outer loop
 vertex 0.22 0.0343038 0.003
 vertex 0.22 0.0352574 0.00424264
 vertex 0.22 0.0324289 0.00707107
 endloop
endfacet
facet normal 0 0 0
 outer loop
 vertex 0.22 0.0343038 0.003
 vertex 0.22 0.0324289 0.00707107
 vertex 0.22 0.0308397 0.005
 endloop
endfacet
facet normal 0 0 0
 outer loop
 vertex 0.24 0.0343038 0.003
 vertex 0.24 0.0308397 0.005
 vertex 0.24 0.0324289 0.00707107
 endloop
endfacet
facet normal 0 0 0
 outer loop
 vertex 0.24 0.0343038 0.003
 vertex 0.24 0.0324289 0.00707107
 vertex 0.24 0.0352574 0.00424264
 endloop
endfacet
facet normal 0 0 0
 outer loop
 vertex 0.22 0.0352574 0.00424264
 vertex 0.22 0.0365 0.00519615
 vertex 0.22 0.0345 0.00866025
 endloop
endfacet
facet normal 0 0 0
 outer loop
 vertex 0.22 0.0352574 0.00424264
 vertex 0.22 0.0345 0.00866025
 vertex 0.22 0.0324289 0.00707107
 endloop
endfacet
facet normal 0 0 0
 outer loop
 vertex 0.24 0.0352574 0.00424264
 vertex 0.24 0.0324289 0.00707107
 vertex 0.24 0.0345 0.00866025
 endloop
endfacet
facet normal 0 0 0
 outer loop
 vertex 0.24 0.0352574 0.00424264
 vertex 0.24 0.0345 0.00866025
 vertex 0.24 0.0365 0.00519615
 endloop
endfacet
facet normal 0 0 0
 outer loop
 vertex 0.22 0.0365 0.00519615
 vertex 0.22 0.0379471 0.00579556
 vertex 0.22 0.0369118 0.00965926
 endloop
endfacet
facet normal 0 0 0
 outer loop
 vertex 0.22 0.0365 0.00519615
 vertex 0.22 0.0369118 0.00965926
 vertex 0.22 0.0345 0.00866025
 endloop
endfacet
facet normal 0 0 0
 outer loop
 vertex 0.24 0.0365 0.00519615
 vertex 0.24 0.0345 0.00866025
 vertex 0.24 0.0369118 0.00965926
 endloop
endfacet
facet normal 0 0 0
 outer loop
 vertex 0.24 0.0365 0.00519615
 vertex 0.24 0.0369118 0.00965926
 vertex 0.24 0.0379471 0.00579556
 endloop
endfacet
facet normal 0 0 0
 outer loop
 vertex 0.22 0.0379471 0.00579556
 vertex 0.22 0.0395 0.006
 vertex 0.22 0.0395 0.01
 endloop
endfacet
facet normal 0 0 0
 outer loop
 vertex 0.22 0.0379471 0.00579556
 vertex 0.22 0.0395 0.01
 vertex 0.22 0.0369118 0.00965926
 endloop
endfacet
facet normal 0 0 0
 outer loop
 vertex 0.24 0.0379471 0.00579556
 vertex 0.24 0.0369118 0.00965926
 vertex 0.24 0.0395 0.01
 endloop
endfacet
facet normal 0 0 0
 outer loop
 vertex 0.24 0.0379471 0.00579556
 vertex 0.24 0.0395 0.01
 vertex 0.24 0.0395 0.006
 endloop
endfacet
endsolid shaft
