solid bellows
facet normal 0 0 0
 outer loop
 vertex -0.201667 0 0
 vertex -0.2017 0.000125 0
 vertex -0.211683 0.000125 0.0172915
 endloop
endfacet
facet normal 0 0 0
 outer loop
 vertex -0.201667 0 0
 vertex -0.211683 0.000125 0.0172915
 vertex -0.211667 0 0.0173205
 endloop
endfacet
facet normal 0 0 0
 outer loop
 vertex -0.2017 0.000125 0
 vertex -0.201792 0.000216506 0
 vertex -0.211729 0.000216506 0.0172123
 endloop
endfacet
facet normal 0 0 0
 outer loop
 vertex -0.2017 0.000125 0
 vertex -0.211729 0.000216506 0.0172123
 vertex -0.211683 0.000125 0.0172915
 endloop
endfacet
facet normal 0 0 0
 outer loop
 vertex -0.201792 0.000216506 0
 vertex -0.201917 0.00025 0
 vertex -0.211792 0.00025 0.017104
 endloop
endfacet
facet normal 0 0 0
 outer loop
 vertex -0.201792 0.000216506 0
 vertex -0.211792 0.00025 0.017104
 vertex -0.211729 0.000216506 0.0172123
 endloop
endfacet
facet normal 0 0 0
 outer loop
 vertex -0.201917 0.00025 0
 vertex -0.202042 0.000216506 0
 vertex -0.211854 0.000216506 0.0169957
 endloop
endfacet
facet normal 0 0 0
 outer loop
 vertex -0.201917 0.00025 0
 vertex -0.211854 0.000216506 0.0169957
 vertex -0.211792 0.00025 0.017104
 endloop
endfacet
facet normal 0 0 0
 outer loop
 vertex -0.202042 0.000216506 0
 vertex -0.202133 0.000125 0
 vertex -0.2119 0.000125 0.0169165
 endloop
endfacet
facet normal 0 0 0
 outer loop
 vertex -0.202042 0.000216506 0
 vertex -0.2119 0.000125 0.0169165
 vertex -0.211854 0.000216506 0.0169957
 endloop
endfacet
facet normal 0 0 0
 outer loop
 vertex -0.202133 0.000125 0
 vertex -0.202167 -2.18557e-11 0
 vertex -0.211917 -2.18557e-11 0.0168875
 endloop
endfacet
facet normal 0 0 0
 outer loop
 vertex -0.202133 0.000125 0
 vertex -0.211917 -2.18557e-11 0.0168875
 vertex -0.2119 0.000125 0.0169165
 endloop
endfacet
facet normal 0 0 0
 outer loop
 vertex -0.202167 -2.18557e-11 0
 vertex -0.202133 -0.000125 0
 vertex -0.2119 -0.000125 0.0169165
 endloop
endfacet
facet normal 0 0 0
 outer loop
 vertex -0.202167 -2.18557e-11 0
 vertex -0.2119 -0.000125 0.0169165
 vertex -0.211917 -2.18557e-11 0.0168875
 endloop
endfacet
facet normal 0 0 0
 outer loop
 vertex -0.202133 -0.000125 0
 vertex -0.202042 -0.000216506 0
 vertex -0.211854 -0.000216506 0.0169957
 endloop
endfacet
facet normal 0 0 0
 outer loop
 vertex -0.202133 -0.000125 0
 vertex -0.211854 -0.000216506 0.0169957
 vertex -0.2119 -0.000125 0.0169165
 endloop
endfacet
facet normal 0 0 0
 outer loop
 vertex -0.202042 -0.000216506 0
 vertex -0.201917 -0.00025 0
 vertex -0.211792 -0.00025 0.017104
 endloop
endfacet
facet normal 0 0 0
 outer loop
 vertex -0.202042 -0.000216506 0
 vertex -0.211792 -0.00025 0.017104
 vertex -0.211854 -0.000216506 0.0169957
 endloop
endfacet
facet normal 0 0 0
 outer loop
 vertex -0.201917 -0.00025 0
 vertex -0.201792 -0.000216506 0
 vertex -0.211729 -0.000216506 0.0172123
 endloop
endfacet
facet normal 0 0 0
 outer loop
 vertex -0.201917 -0.00025 0
 vertex -0.211729 -0.000216506 0.0172123
 vertex -0.211792 -0.00025 0.017104
 endloop
endfacet
facet normal 0 0 0
 outer loop
 vertex -0.201792 -0.000216506 0
 vertex -0.2017 -0.000125 0
 vertex -0.211683 -0.000125 0.0172915
 endloop
endfacet
facet normal 0 0 0
 outer loop
 vertex -0.201792 -0.000216506 0
 vertex -0.211683 -0.000125 0.0172915
 vertex -0.211729 -0.000216506 0.0172123
 endloop
endfacet
facet normal 0 0 0
 outer loop
 vertex -0.2017 -0.000125 0
 vertex -0.201667 4.37113e-11 0
 vertex -0.211667 4.37113e-11 0.0173205
 endloop
endfacet
facet normal 0 0 0
 outer loop
 vertex -0.2017 -0.000125 0
 vertex -0.211667 4.37113e-11 0.0173205
 vertex -0.211683 -0.000125 0.0172915
 endloop
endfacet
facet normal 0 0 0
 outer loop
 vertex -0.211667 0 0.0173205
 vertex -0.211683 0.000125 0.0172915
 vertex -0.23165 0.000125 0.0172915
 endloop
endfacet
facet normal 0 0 0
 outer loop
 vertex -0.211667 0 0.0173205
 vertex -0.23165 0.000125 0.0172915
 vertex -0.231667 0 0.0173205
 endloop
endfacet
facet normal 0 0 0
 outer loop
 vertex -0.211683 0.000125 0.0172915
 vertex -0.211729 0.000216506 0.0172123
 vertex -0.231604 0.000216506 0.0172123
 endloop
endfacet
facet normal 0 0 0
 outer loop
 vertex -0.211683 0.000125 0.0172915
 vertex -0.231604 0.000216506 0.0172123
 vertex -0.23165 0.000125 0.0172915
 endloop
endfacet
facet normal 0 0 0
 outer loop
 vertex -0.211729 0.000216506 0.0172123
 vertex -0.211792 0.00025 0.017104
 vertex -0.231542 0.00025 0.017104
 endloop
endfacet
facet normal 0 0 0
 outer loop
 vertex -0.211729 0.000216506 0.0172123
 vertex -0.231542 0.00025 0.017104
 vertex -0.231604 0.000216506 0.0172123
 endloop
endfacet
facet normal 0 0 0
 outer loop
 vertex -0.211792 0.00025 0.017104
 vertex -0.211854 0.000216506 0.0169957
 vertex -0.231479 0.000216506 0.0169957
 endloop
endfacet
facet normal 0 0 0
 outer loop
 vertex -0.211792 0.00025 0.017104
 vertex -0.231479 0.000216506 0.0169957
 vertex -0.231542 0.00025 0.017104
 endloop
endfacet
facet normal 0 0 0
 outer loop
 vertex -0.211854 0.000216506 0.0169957
 vertex -0.2119 0.000125 0.0169165
 vertex -0.231433 0.000125 0.0169165
 endloop
endfacet
facet normal 0 0 0
 outer loop
 vertex -0.211854 0.000216506 0.0169957
 vertex -0.231433 0.000125 0.0169165
 vertex -0.231479 0.000216506 0.0169957
 endloop
endfacet
facet normal 0 0 0
 outer loop
 vertex -0.2119 0.000125 0.0169165
 vertex -0.211917 -2.18557e-11 0.0168875
 vertex -0.231417 -2.18557e-11 0.0168875
 endloop
endfacet
facet normal 0 0 0
 outer loop
 vertex -0.2119 0.000125 0.0169165
 vertex -0.231417 -2.18557e-11 0.0168875
 vertex -0.231433 0.000125 0.0169165
 endloop
endfacet
facet normal 0 0 0
 outer loop
 vertex -0.211917 -2.18557e-11 0.0168875
 vertex -0.2119 -0.000125 0.0169165
 vertex -0.231433 -0.000125 0.0169165
 endloop
endfacet
facet normal 0 0 0
 outer loop
 vertex -0.211917 -2.18557e-11 0.0168875
 vertex -0.231433 -0.000125 0.0169165
 vertex -0.231417 -2.18557e-11 0.0168875
 endloop
endfacet
facet normal 0 0 0
 outer loop
 vertex -0.2119 -0.000125 0.0169165
 vertex -0.211854 -0.000216506 0.0169957
 vertex -0.231479 -0.000216506 0.0169957
 endloop
endfacet
facet normal 0 0 0
 outer loop
 vertex -0.2119 -0.000125 0.0169165
 vertex -0.231479 -0.000216506 0.0169957
 vertex -0.231433 -0.000125 0.0169165
 endloop
endfacet
facet normal 0 0 0
 outer loop
 vertex -0.211854 -0.000216506 0.0169957
 vertex -0.211792 -0.00025 0.017104
 vertex -0.231542 -0.00025 0.017104
 endloop
endfacet
facet normal 0 0 0
 outer loop
 vertex -0.211854 -0.000216506 0.0169957
 vertex -0.231542 -0.00025 0.017104
 vertex -0.231479 -0.000216506 0.0169957
 endloop
endfacet
facet normal 0 0 0
 outer loop
 vertex -0.211792 -0.00025 0.017104
 vertex -0.211729 -0.000216506 0.0172123
 vertex -0.231604 -0.000216506 0.0172123
 endloop
endfacet
facet normal 0 0 0
 outer loop
 vertex -0.211792 -0.00025 0.017104
 vertex -0.231604 -0.000216506 0.0172123
 vertex -0.231542 -0.00025 0.017104
 endloop
endfacet
facet normal 0 0 0
 outer loop
 vertex -0.211729 -0.000216506 0.0172123
 vertex -0.211683 -0.000125 0.0172915
 vertex -0.23165 -0.000125 0.0172915
 endloop
endfacet
facet normal 0 0 0
 outer loop
 vertex -0.211729 -0.000216506 0.0172123
 vertex -0.23165 -0.000125 0.0172915
 vertex -0.231604 -0.000216506 0.0172123
 endloop
endfacet
facet normal 0 0 0
 outer loop
 vertex -0.211683 -0.000125 0.0172915
 vertex -0.211667 4.37113e-11 0.0173205
 vertex -0.231667 4.37113e-11 0.0173205
 endloop
endfacet
facet normal 0 0 0
 outer loop
 vertex -0.211683 -0.000125 0.0172915
 vertex -0.231667 4.37113e-11 0.0173205
 vertex -0.23165 -0.000125 0.0172915
 endloop
endfacet
facet normal 0 0 0
 outer loop
 vertex -0.231667 0 0.0173205
 vertex -0.23165 0.000125 0.0172915
 vertex -0.241633 0.000125 -1.74553e-09
 endloop
endfacet
facet normal 0 0 0
 outer loop
 vertex -0.231667 0 0.0173205
 vertex -0.241633 0.000125 -1.74553e-09
 vertex -0.241667 0 -1.74846e-09
 endloop
endfacet
facet normal 0 0 0
 outer loop
 vertex -0.23165 0.000125 0.0172915
 vertex -0.231604 0.000216506 0.0172123
 vertex -0.241542 0.000216506 -1.73753e-09
 endloop
endfacet
facet normal 0 0 0
 outer loop
 vertex -0.23165 0.000125 0.0172915
 vertex -0.241542 0.000216506 -1.73753e-09
 vertex -0.241633 0.000125 -1.74553e-09
 endloop
endfacet
facet normal 0 0 0
 outer loop
 vertex -0.231604 0.000216506 0.0172123
 vertex -0.231542 0.00025 0.017104
 vertex -0.241417 0.00025 -1.7266e-09
 endloop
endfacet
facet normal 0 0 0
 outer loop
 vertex -0.231604 0.000216506 0.0172123
 vertex -0.241417 0.00025 -1.7266e-09
 vertex -0.241542 0.000216506 -1.73753e-09
 endloop
endfacet
facet normal 0 0 0
 outer loop
 vertex -0.231542 0.00025 0.017104
 vertex -0.231479 0.000216506 0.0169957
 vertex -0.241292 0.000216506 -1.71567e-09
 endloop
endfacet
facet normal 0 0 0
 outer loop
 vertex -0.231542 0.00025 0.017104
 vertex -0.241292 0.000216506 -1.71567e-09
 vertex -0.241417 0.00025 -1.7266e-09
 endloop
endfacet
facet normal 0 0 0
 outer loop
 vertex -0.231479 0.000216506 0.0169957
 vertex -0.231433 0.000125 0.0169165
 vertex -0.2412 0.000125 -1.70767e-09
 endloop
endfacet
facet normal 0 0 0
 outer loop
 vertex -0.231479 0.000216506 0.0169957
 vertex -0.2412 0.000125 -1.70767e-09
 vertex -0.241292 0.000216506 -1.71567e-09
 endloop
endfacet
facet normal 0 0 0
 outer loop
 vertex -0.231433 0.000125 0.0169165
 vertex -0.231417 -2.18557e-11 0.0168875
 vertex -0.241167 -2.18557e-11 -1.70474e-09
 endloop
endfacet
facet normal 0 0 0
 outer loop
 vertex -0.231433 0.000125 0.0169165
 vertex -0.241167 -2.18557e-11 -1.70474e-09
 vertex -0.2412 0.000125 -1.70767e-09
 endloop
endfacet
facet normal 0 0 0
 outer loop
 vertex -0.231417 -2.18557e-11 0.0168875
 vertex -0.231433 -0.000125 0.0169165
 vertex -0.2412 -0.000125 -1.70767e-09
 endloop
endfacet
facet normal 0 0 0
 outer loop
 vertex -0.231417 -2.18557e-11 0.0168875
 vertex -0.2412 -0.000125 -1.70767e-09
 vertex -0.241167 -2.18557e-11 -1.70474e-09
 endloop
endfacet
facet normal 0 0 0
 outer loop
 vertex -0.231433 -0.000125 0.0169165
 vertex -0.231479 -0.000216506 0.0169957
 vertex -0.241292 -0.000216506 -1.71567e-09
 endloop
endfacet
facet normal 0 0 0
 outer loop
 vertex -0.231433 -0.000125 0.0169165
 vertex -0.241292 -0.000216506 -1.71567e-09
 vertex -0.2412 -0.000125 -1.70767e-09
 endloop
endfacet
facet normal 0 0 0
 outer loop
 vertex -0.231479 -0.000216506 0.0169957
 vertex -0.231542 -0.00025 0.017104
 vertex -0.241417 -0.00025 -1.7266e-09
 endloop
endfacet
facet normal 0 0 0
 outer loop
 vertex -0.231479 -0.000216506 0.0169957
 vertex -0.241417 -0.00025 -1.7266e-09
 vertex -0.241292 -0.000216506 -1.71567e-09
 endloop
endfacet
facet normal 0 0 0
 outer loop
 vertex -0.231542 -0.00025 0.017104
 vertex -0.231604 -0.000216506 0.0172123
 vertex -0.241542 -0.000216506 -1.73753e-09
 endloop
endfacet
facet normal 0 0 0
 outer loop
 vertex -0.231542 -0.00025 0.017104
 vertex -0.241542 -0.000216506 -1.73753e-09
 vertex -0.241417 -0.00025 -1.7266e-09
 endloop
endfacet
facet normal 0 0 0
 outer loop
 vertex -0.231604 -0.000216506 0.0172123
 vertex -0.23165 -0.000125 0.0172915
 vertex -0.241633 -0.000125 -1.74553e-09
 endloop
endfacet
facet normal 0 0 0
 outer loop
 vertex -0.231604 -0.000216506 0.0172123
 vertex -0.241633 -0.000125 -1.74553e-09
 vertex -0.241542 -0.000216506 -1.73753e-09
 endloop
endfacet
facet normal 0 0 0
 outer loop
 vertex -0.23165 -0.000125 0.0172915
 vertex -0.231667 4.37113e-11 0.0173205
 vertex -0.241667 4.37113e-11 -1.74846e-09
 endloop
endfacet
facet normal 0 0 0
 outer loop
 vertex -0.23165 -0.000125 0.0172915
 vertex -0.241667 4.37113e-11 -1.74846e-09
 vertex -0.241633 -0.000125 -1.74553e-09
 endloop
endfacet
facet normal 0 0 0
 outer loop
 vertex -0.241667 0 -1.74846e-09
 vertex -0.241633 0.000125 -1.74553e-09
 vertex -0.23165 0.000125 -0.0172915
 endloop
endfacet
facet normal 0 0 0
 outer loop
 vertex -0.241667 0 -1.74846e-09
 vertex -0.23165 0.000125 -0.0172915
 vertex -0.231667 0 -0.0173205
 endloop
endfacet
facet normal 0 0 0
 outer loop
 vertex -0.241633 0.000125 -1.74553e-09
 vertex -0.241542 0.000216506 -1.73753e-09
 vertex -0.231604 0.000216506 -0.0172123
 endloop
endfacet
facet normal 0 0 0
 outer loop
 vertex -0.241633 0.000125 -1.74553e-09
 vertex -0.231604 0.000216506 -0.0172123
 vertex -0.23165 0.000125 -0.0172915
 endloop
endfacet
facet normal 0 0 0
 outer loop
 vertex -0.241542 0.000216506 -1.73753e-09
 vertex -0.241417 0.00025 -1.7266e-09
 vertex -0.231542 0.00025 -0.017104
 endloop
endfacet
facet normal 0 0 0
 outer loop
 vertex -0.241542 0.000216506 -1.73753e-09
 vertex -0.231542 0.00025 -0.017104
 vertex -0.231604 0.000216506 -0.0172123
 endloop
endfacet
facet normal 0 0 0
 outer loop
 vertex -0.241417 0.00025 -1.7266e-09
 vertex -0.241292 0.000216506 -1.71567e-09
 vertex -0.231479 0.000216506 -0.0169957
 endloop
endfacet
facet normal 0 0 0
 outer loop
 vertex -0.241417 0.00025 -1.7266e-09
 vertex -0.231479 0.000216506 -0.0169957
 vertex -0.231542 0.00025 -0.017104
 endloop
endfacet
facet normal 0 0 0
 outer loop
 vertex -0.241292 0.000216506 -1.71567e-09
 vertex -0.2412 0.000125 -1.70767e-09
 vertex -0.231433 0.000125 -0.0169165
 endloop
endfacet
facet normal 0 0 0
 outer loop
 vertex -0.241292 0.000216506 -1.71567e-09
 vertex -0.231433 0.000125 -0.0169165
 vertex -0.231479 0.000216506 -0.0169957
 endloop
endfacet
facet normal 0 0 0
 outer loop
 vertex -0.2412 0.000125 -1.70767e-09
 vertex -0.241167 -2.18557e-11 -1.70474e-09
 vertex -0.231417 -2.18557e-11 -0.0168875
 endloop
endfacet
facet normal 0 0 0
 outer loop
 vertex -0.2412 0.000125 -1.70767e-09
 vertex -0.231417 -2.18557e-11 -0.0168875
 vertex -0.231433 0.000125 -0.0169165
 endloop
endfacet
facet normal 0 0 0
 outer loop
 vertex -0.241167 -2.18557e-11 -1.70474e-09
 vertex -0.2412 -0.000125 -1.70767e-09
 vertex -0.231433 -0.000125 -0.0169165
 endloop
endfacet
facet normal 0 0 0
 outer loop
 vertex -0.241167 -2.18557e-11 -1.70474e-09
 vertex -0.231433 -0.000125 -0.0169165
 vertex -0.231417 -2.18557e-11 -0.0168875
 endloop
endfacet
facet normal 0 0 0
 outer loop
 vertex -0.2412 -0.000125 -1.70767e-09
 vertex -0.241292 -0.000216506 -1.71567e-09
 vertex -0.231479 -0.000216506 -0.0169957
 endloop
endfacet
facet normal 0 0 0
 outer loop
 vertex -0.2412 -0.000125 -1.70767e-09
 vertex -0.231479 -0.000216506 -0.0169957
 vertex -0.231433 -0.000125 -0.0169165
 endloop
endfacet
facet normal 0 0 0
 outer loop
 vertex -0.241292 -0.000216506 -1.71567e-09
 vertex -0.241417 -0.00025 -1.7266e-09
 vertex -0.231542 -0.00025 -0.017104
 endloop
endfacet
facet normal 0 0 0
 outer loop
 vertex -0.241292 -0.000216506 -1.71567e-09
 vertex -0.231542 -0.00025 -0.017104
 vertex -0.231479 -0.000216506 -0.0169957
 endloop
endfacet
facet normal 0 0 0
 outer loop
 vertex -0.241417 -0.00025 -1.7266e-09
 vertex -0.241542 -0.000216506 -1.73753e-09
 vertex -0.231604 -0.000216506 -0.0172123
 endloop
endfacet
facet normal 0 0 0
 outer loop
 vertex -0.241417 -0.00025 -1.7266e-09
 vertex -0.231604 -0.000216506 -0.0172123
 vertex -0.231542 -0.00025 -0.017104
 endloop
endfacet
facet normal 0 0 0
 outer loop
 vertex -0.241542 -0.000216506 -1.73753e-09
 vertex -0.241633 -0.000125 -1.74553e-09
 vertex -0.23165 -0.000125 -0.0172915
 endloop
endfacet
facet normal 0 0 0
 outer loop
 vertex -0.241542 -0.000216506 -1.73753e-09
 vertex -0.23165 -0.000125 -0.0172915
 vertex -0.231604 -0.000216506 -0.0172123
 endloop
endfacet
facet normal 0 0 0
 outer loop
 vertex -0.241633 -0.000125 -1.74553e-09
 vertex -0.241667 4.37113e-11 -1.74846e-09
 vertex -0.231667 4.37113e-11 -0.0173205
 endloop
endfacet
facet normal 0 0 0
 outer loop
 vertex -0.241633 -0.000125 -1.74553e-09
 vertex -0.231667 4.37113e-11 -0.0173205
 vertex -0.23165 -0.000125 -0.0172915
 endloop
endfacet
facet normal 0 0 0
 outer loop
 vertex -0.231667 0 -0.0173205
 vertex -0.23165 0.000125 -0.0172915
 vertex -0.211683 0.000125 -0.0172915
 endloop
endfacet
facet normal 0 0 0
 outer loop
 vertex -0.231667 0 -0.0173205
 vertex -0.211683 0.000125 -0.0172915
 vertex -0.211667 0 -0.0173205
 endloop
endfacet
facet normal 0 0 0
 outer loop
 vertex -0.23165 0.000125 -0.0172915
 vertex -0.231604 0.000216506 -0.0172123
 vertex -0.211729 0.000216506 -0.0172123
 endloop
endfacet
facet normal 0 0 0
 outer loop
 vertex -0.23165 0.000125 -0.0172915
 vertex -0.211729 0.000216506 -0.0172123
 vertex -0.211683 0.000125 -0.0172915
 endloop
endfacet
facet normal 0 0 0
 outer loop
 vertex -0.231604 0.000216506 -0.0172123
 vertex -0.231542 0.00025 -0.017104
 vertex -0.211792 0.00025 -0.017104
 endloop
endfacet
facet normal 0 0 0
 outer loop
 vertex -0.231604 0.000216506 -0.0172123
 vertex -0.211792 0.00025 -0.017104
 vertex -0.211729 0.000216506 -0.0172123
 endloop
endfacet
facet normal 0 0 0
 outer loop
 vertex -0.231542 0.00025 -0.017104
 vertex -0.231479 0.000216506 -0.0169957
 vertex -0.211854 0.000216506 -0.0169957
 endloop
endfacet
facet normal 0 0 0
 outer loop
 vertex -0.231542 0.00025 -0.017104
 vertex -0.211854 0.000216506 -0.0169957
 vertex -0.211792 0.00025 -0.017104
 endloop
endfacet
facet normal 0 0 0
 outer loop
 vertex -0.231479 0.000216506 -0.0169957
 vertex -0.231433 0.000125 -0.0169165
 vertex -0.2119 0.000125 -0.0169165
 endloop
endfacet
facet normal 0 0 0
 outer loop
 vertex -0.231479 0.000216506 -0.0169957
 vertex -0.2119 0.000125 -0.0169165
 vertex -0.211854 0.000216506 -0.0169957
 endloop
endfacet
facet normal 0 0 0
 outer loop
 vertex -0.231433 0.000125 -0.0169165
 vertex -0.231417 -2.18557e-11 -0.0168875
 vertex -0.211917 -2.18557e-11 -0.0168875
 endloop
endfacet
facet normal 0 0 0
 outer loop
 vertex -0.231433 0.000125 -0.0169165
 vertex -0.211917 -2.18557e-11 -0.0168875
 vertex -0.2119 0.000125 -0.0169165
 endloop
endfacet
facet normal 0 0 0
 outer loop
 vertex -0.231417 -2.18557e-11 -0.0168875
 vertex -0.231433 -0.000125 -0.0169165
 vertex -0.2119 -0.000125 -0.0169165
 endloop
endfacet
facet normal 0 0 0
 outer loop
 vertex -0.231417 -2.18557e-11 -0.0168875
 vertex -0.2119 -0.000125 -0.0169165
 vertex -0.211917 -2.18557e-11 -0.0168875
 endloop
endfacet
facet normal 0 0 0
 outer loop
 vertex -0.231433 -0.000125 -0.0169165
 vertex -0.231479 -0.000216506 -0.0169957
 vertex -0.211854 -0.000216506 -0.0169957
 endloop
endfacet
facet normal 0 0 0
 outer loop
 vertex -0.231433 -0.000125 -0.0169165
 vertex -0.211854 -0.000216506 -0.0169957
 vertex -0.2119 -0.000125 -0.0169165
 endloop
endfacet
facet normal 0 0 0
 outer loop
 vertex -0.231479 -0.000216506 -0.0169957
 vertex -0.231542 -0.00025 -0.017104
 vertex -0.211792 -0.00025 -0.017104
 endloop
endfacet
facet normal 0 0 0
 outer loop
 vertex -0.231479 -0.000216506 -0.0169957
 vertex -0.211792 -0.00025 -0.017104
 vertex -0.211854 -0.000216506 -0.0169957
 endloop
endfacet
facet normal 0 0 0
 outer loop
 vertex -0.231542 -0.00025 -0.017104
 vertex -0.231604 -0.000216506 -0.0172123
 vertex -0.211729 -0.000216506 -0.0172123
 endloop
endfacet
facet normal 0 0 0
 outer loop
 vertex -0.231542 -0.00025 -0.017104
 vertex -0.211729 -0.000216506 -0.0172123
 vertex -0.211792 -0.00025 -0.017104
 endloop
endfacet
facet normal 0 0 0
 outer loop
 vertex -0.231604 -0.000216506 -0.0172123
 vertex -0.23165 -0.000125 -0.0172915
 vertex -0.211683 -0.000125 -0.0172915
 endloop
endfacet
facet normal 0 0 0
 outer loop
 vertex -0.231604 -0.000216506 -0.0172123
 vertex -0.211683 -0.000125 -0.0172915
 vertex -0.211729 -0.000216506 -0.0172123
 endloop
endfacet
facet normal 0 0 0
 outer loop
 vertex -0.23165 -0.000125 -0.0172915
 vertex -0.231667 4.37113e-11 -0.0173205
 vertex -0.211667 4.37113e-11 -0.0173205
 endloop
endfacet
facet normal 0 0 0
 outer loop
 vertex -0.23165 -0.000125 -0.0172915
 vertex -0.211667 4.37113e-11 -0.0173205
 vertex -0.211683 -0.000125 -0.0172915
 endloop
endfacet
facet normal 0 0 0
 outer loop
 vertex -0.211667 0 -0.0173205
 vertex -0.211683 0.000125 -0.0172915
 vertex -0.2017 0.000125 3.49105e-09
 endloop
endfacet
facet normal 0 0 0
 outer loop
 vertex -0.211667 0 -0.0173205
 vertex -0.2017 0.000125 3.49105e-09
 vertex -0.201667 0 3.49691e-09
 endloop
endfacet
facet normal 0 0 0
 outer loop
 vertex -0.211683 0.000125 -0.0172915
 vertex -0.211729 0.000216506 -0.0172123
 vertex -0.201792 0.000216506 3.47506e-09
 endloop
endfacet
facet normal 0 0 0
 outer loop
 vertex -0.211683 0.000125 -0.0172915
 vertex -0.201792 0.000216506 3.47506e-09
 vertex -0.2017 0.000125 3.49105e-09
 endloop
endfacet
facet normal 0 0 0
 outer loop
 vertex -0.211729 0.000216506 -0.0172123
 vertex -0.211792 0.00025 -0.017104
 vertex -0.201917 0.00025 3.4532e-09
 endloop
endfacet
facet normal 0 0 0
 outer loop
 vertex -0.211729 0.000216506 -0.0172123
 vertex -0.201917 0.00025 3.4532e-09
 vertex -0.201792 0.000216506 3.47506e-09
 endloop
endfacet
facet normal 0 0 0
 outer loop
 vertex -0.211792 0.00025 -0.017104
 vertex -0.211854 0.000216506 -0.0169957
 vertex -0.202042 0.000216506 3.43134e-09
 endloop
endfacet
facet normal 0 0 0
 outer loop
 vertex -0.211792 0.00025 -0.017104
 vertex -0.202042 0.000216506 3.43134e-09
 vertex -0.201917 0.00025 3.4532e-09
 endloop
endfacet
facet normal 0 0 0
 outer loop
 vertex -0.211854 0.000216506 -0.0169957
 vertex -0.2119 0.000125 -0.0169165
 vertex -0.202133 0.000125 3.41534e-09
 endloop
endfacet
facet normal 0 0 0
 outer loop
 vertex -0.211854 0.000216506 -0.0169957
 vertex -0.202133 0.000125 3.41534e-09
 vertex -0.202042 0.000216506 3.43134e-09
 endloop
endfacet
facet normal 0 0 0
 outer loop
 vertex -0.2119 0.000125 -0.0169165
 vertex -0.211917 -2.18557e-11 -0.0168875
 vertex -0.202167 -2.18557e-11 3.40949e-09
 endloop
endfacet
facet normal 0 0 0
 outer loop
 vertex -0.2119 0.000125 -0.0169165
 vertex -0.202167 -2.18557e-11 3.40949e-09
 vertex -0.202133 0.000125 3.41534e-09
 endloop
endfacet
facet normal 0 0 0
 outer loop
 vertex -0.211917 -2.18557e-11 -0.0168875
 vertex -0.2119 -0.000125 -0.0169165
 vertex -0.202133 -0.000125 3.41534e-09
 endloop
endfacet
facet normal 0 0 0
 outer loop
 vertex -0.211917 -2.18557e-11 -0.0168875
 vertex -0.202133 -0.000125 3.41534e-09
 vertex -0.202167 -2.18557e-11 3.40949e-09
 endloop
endfacet
facet normal 0 0 0
 outer loop
 vertex -0.2119 -0.000125 -0.0169165
 vertex -0.211854 -0.000216506 -0.0169957
 vertex -0.202042 -0.000216506 3.43134e-09
 endloop
endfacet
facet normal 0 0 0
 outer loop
 vertex -0.2119 -0.000125 -0.0169165
 vertex -0.202042 -0.000216506 3.43134e-09
 vertex -0.202133 -0.000125 3.41534e-09
 endloop
endfacet
facet normal 0 0 0
 outer loop
 vertex -0.211854 -0.000216506 -0.0169957
 vertex -0.211792 -0.00025 -0.017104
 vertex -0.201917 -0.00025 3.4532e-09
 endloop
endfacet
facet normal 0 0 0
 outer loop
 vertex -0.211854 -0.000216506 -0.0169957
 vertex -0.201917 -0.00025 3.4532e-09
 vertex -0.202042 -0.000216506 3.43134e-09
 endloop
endfacet
facet normal 0 0 0
 outer loop
 vertex -0.211792 -0.00025 -0.017104
 vertex -0.211729 -0.000216506 -0.0172123
 vertex -0.201792 -0.000216506 3.47506e-09
 endloop
endfacet
facet normal 0 0 0
 outer loop
 vertex -0.211792 -0.00025 -0.017104
 vertex -0.201792 -0.000216506 3.47506e-09
 vertex -0.201917 -0.00025 3.4532e-09
 endloop
endfacet
facet normal 0 0 0
 outer loop
 vertex -0.211729 -0.000216506 -0.0172123
 vertex -0.211683 -0.000125 -0.0172915
 vertex -0.2017 -0.000125 3.49105e-09
 endloop
endfacet
facet normal 0 0 0
 outer loop
 vertex -0.211729 -0.000216506 -0.0172123
 vertex -0.2017 -0.000125 3.49105e-09
 vertex -0.201792 -0.000216506 3.47506e-09
 endloop
endfacet
facet normal 0 0 0
 outer loop
 vertex -0.211683 -0.000125 -0.0172915
 vertex -0.211667 4.37113e-11 -0.0173205
 vertex -0.201667 4.37113e-11 3.49691e-09
 endloop
endfacet
facet normal 0 0 0
 outer loop
 vertex -0.211683 -0.000125 -0.0172915
 vertex -0.201667 4.37113e-11 3.49691e-09
 vertex -0.2017 -0.000125 3.49105e-09
 endloop
endfacet
facet normal 0 0 0
 outer loop
 vertex -0.185 0 0
 vertex -0.185034 0.000125 0
 vertex -0.195017 0.000125 0.0172915
 endloop
endfacet
facet normal 0 0 0
 outer loop
 vertex -0.185 0 0
 vertex -0.195017 0.000125 0.0172915
 vertex -0.195 0 0.0173205
 endloop
endfacet
facet normal 0 0 0
 outer loop
 vertex -0.185034 0.000125 0
 vertex -0.185125 0.000216506 0
 vertex -0.195063 0.000216506 0.0172123
 endloop
endfacet
facet normal 0 0 0
 outer loop
 vertex -0.185034 0.000125 0
 vertex -0.195063 0.000216506 0.0172123
 vertex -0.195017 0.000125 0.0172915
 endloop
endfacet
facet normal 0 0 0
 outer loop
 vertex -0.185125 0.000216506 0
 vertex -0.18525 0.00025 0
 vertex -0.195125 0.00025 0.017104
 endloop
endfacet
facet normal 0 0 0
 outer loop
 vertex -0.185125 0.000216506 0
 vertex -0.195125 0.00025 0.017104
 vertex -0.195063 0.000216506 0.0172123
 endloop
endfacet
facet normal 0 0 0
 outer loop
 vertex -0.18525 0.00025 0
 vertex -0.185375 0.000216506 0
 vertex -0.195187 0.000216506 0.0169957
 endloop
endfacet
facet normal 0 0 0
 outer loop
 vertex -0.18525 0.00025 0
 vertex -0.195187 0.000216506 0.0169957
 vertex -0.195125 0.00025 0.017104
 endloop
endfacet
facet normal 0 0 0
 outer loop
 vertex -0.185375 0.000216506 0
 vertex -0.185466 0.000125 0
 vertex -0.195233 0.000125 0.0169165
 endloop
endfacet
facet normal 0 0 0
 outer loop
 vertex -0.185375 0.000216506 0
 vertex -0.195233 0.000125 0.0169165
 vertex -0.195187 0.000216506 0.0169957
 endloop
endfacet
facet normal 0 0 0
 outer loop
 vertex -0.185466 0.000125 0
 vertex -0.1855 -2.18557e-11 0
 vertex -0.19525 -2.18557e-11 0.0168875
 endloop
endfacet
facet normal 0 0 0
 outer loop
 vertex -0.185466 0.000125 0
 vertex -0.19525 -2.18557e-11 0.0168875
 vertex -0.195233 0.000125 0.0169165
 endloop
endfacet
facet normal 0 0 0
 outer loop
 vertex -0.1855 -2.18557e-11 0
 vertex -0.185466 -0.000125 0
 vertex -0.195233 -0.000125 0.0169165
 endloop
endfacet
facet normal 0 0 0
 outer loop
 vertex -0.1855 -2.18557e-11 0
 vertex -0.195233 -0.000125 0.0169165
 vertex -0.19525 -2.18557e-11 0.0168875
 endloop
endfacet
facet normal 0 0 0
 outer loop
 vertex -0.185466 -0.000125 0
 vertex -0.185375 -0.000216506 0
 vertex -0.195187 -0.000216506 0.0169957
 endloop
endfacet
facet normal 0 0 0
 outer loop
 vertex -0.185466 -0.000125 0
 vertex -0.195187 -0.000216506 0.0169957
 vertex -0.195233 -0.000125 0.0169165
 endloop
endfacet
facet normal 0 0 0
 outer loop
 vertex -0.185375 -0.000216506 0
 vertex -0.18525 -0.00025 0
 vertex -0.195125 -0.00025 0.017104
 endloop
endfacet
facet normal 0 0 0
 outer loop
 vertex -0.185375 -0.000216506 0
 vertex -0.195125 -0.00025 0.017104
 vertex -0.195187 -0.000216506 0.0169957
 endloop
endfacet
facet normal 0 0 0
 outer loop
 vertex -0.18525 -0.00025 0
 vertex -0.185125 -0.000216506 0
 vertex -0.195063 -0.000216506 0.0172123
 endloop
endfacet
facet normal 0 0 0
 outer loop
 vertex -0.18525 -0.00025 0
 vertex -0.195063 -0.000216506 0.0172123
 vertex -0.195125 -0.00025 0.017104
 endloop
endfacet
facet normal 0 0 0
 outer loop
 vertex -0.185125 -0.000216506 0
 vertex -0.185034 -0.000125 0
 vertex -0.195017 -0.000125 0.0172915
 endloop
endfacet
facet normal 0 0 0
 outer loop
 vertex -0.185125 -0.000216506 0
 vertex -0.195017 -0.000125 0.0172915
 vertex -0.195063 -0.000216506 0.0172123
 endloop
endfacet
facet normal 0 0 0
 outer loop
 vertex -0.185034 -0.000125 0
 vertex -0.185 4.37113e-11 0
 vertex -0.195 4.37113e-11 0.0173205
 endloop
endfacet
facet normal 0 0 0
 outer loop
 vertex -0.185034 -0.000125 0
 vertex -0.195 4.37113e-11 0.0173205
 vertex -0.195017 -0.000125 0.0172915
 endloop
endfacet
facet normal 0 0 0
 outer loop
 vertex -0.195 0 0.0173205
 vertex -0.195017 0.000125 0.0172915
 vertex -0.214983 0.000125 0.0172915
 endloop
endfacet
facet normal 0 0 0
 outer loop
 vertex -0.195 0 0.0173205
 vertex -0.214983 0.000125 0.0172915
 vertex -0.215 0 0.0173205
 endloop
endfacet
facet normal 0 0 0
 outer loop
 vertex -0.195017 0.000125 0.0172915
 vertex -0.195063 0.000216506 0.0172123
 vertex -0.214937 0.000216506 0.0172123
 endloop
endfacet
facet normal 0 0 0
 outer loop
 vertex -0.195017 0.000125 0.0172915
 vertex -0.214937 0.000216506 0.0172123
 vertex -0.214983 0.000125 0.0172915
 endloop
endfacet
facet normal 0 0 0
 outer loop
 vertex -0.195063 0.000216506 0.0172123
 vertex -0.195125 0.00025 0.017104
 vertex -0.214875 0.00025 0.017104
 endloop
endfacet
facet normal 0 0 0
 outer loop
 vertex -0.195063 0.000216506 0.0172123
 vertex -0.214875 0.00025 0.017104
 vertex -0.214937 0.000216506 0.0172123
 endloop
endfacet
facet normal 0 0 0
 outer loop
 vertex -0.195125 0.00025 0.017104
 vertex -0.195187 0.000216506 0.0169957
 vertex -0.214813 0.000216506 0.0169957
 endloop
endfacet
facet normal 0 0 0
 outer loop
 vertex -0.195125 0.00025 0.017104
 vertex -0.214813 0.000216506 0.0169957
 vertex -0.214875 0.00025 0.017104
 endloop
endfacet
facet normal 0 0 0
 outer loop
 vertex -0.195187 0.000216506 0.0169957
 vertex -0.195233 0.000125 0.0169165
 vertex -0.214767 0.000125 0.0169165
 endloop
endfacet
facet normal 0 0 0
 outer loop
 vertex -0.195187 0.000216506 0.0169957
 vertex -0.214767 0.000125 0.0169165
 vertex -0.214813 0.000216506 0.0169957
 endloop
endfacet
facet normal 0 0 0
 outer loop
 vertex -0.195233 0.000125 0.0169165
 vertex -0.19525 -2.18557e-11 0.0168875
 vertex -0.21475 -2.18557e-11 0.0168875
 endloop
endfacet
facet normal 0 0 0
 outer loop
 vertex -0.195233 0.000125 0.0169165
 vertex -0.21475 -2.18557e-11 0.0168875
 vertex -0.214767 0.000125 0.0169165
 endloop
endfacet
facet normal 0 0 0
 outer loop
 vertex -0.19525 -2.18557e-11 0.0168875
 vertex -0.195233 -0.000125 0.0169165
 vertex -0.214767 -0.000125 0.0169165
 endloop
endfacet
facet normal 0 0 0
 outer loop
 vertex -0.19525 -2.18557e-11 0.0168875
 vertex -0.214767 -0.000125 0.0169165
 vertex -0.21475 -2.18557e-11 0.0168875
 endloop
endfacet
facet normal 0 0 0
 outer loop
 vertex -0.195233 -0.000125 0.0169165
 vertex -0.195187 -0.000216506 0.0169957
 vertex -0.214813 -0.000216506 0.0169957
 endloop
endfacet
facet normal 0 0 0
 outer loop
 vertex -0.195233 -0.000125 0.0169165
 vertex -0.214813 -0.000216506 0.0169957
 vertex -0.214767 -0.000125 0.0169165
 endloop
endfacet
facet normal 0 0 0
 outer loop
 vertex -0.195187 -0.000216506 0.0169957
 vertex -0.195125 -0.00025 0.017104
 vertex -0.214875 -0.00025 0.017104
 endloop
endfacet
facet normal 0 0 0
 outer loop
 vertex -0.195187 -0.000216506 0.0169957
 vertex -0.214875 -0.00025 0.017104
 vertex -0.214813 -0.000216506 0.0169957
 endloop
endfacet
facet normal 0 0 0
 outer loop
 vertex -0.195125 -0.00025 0.017104
 vertex -0.195063 -0.000216506 0.0172123
 vertex -0.214937 -0.000216506 0.0172123
 endloop
endfacet
facet normal 0 0 0
 outer loop
 vertex -0.195125 -0.00025 0.017104
 vertex -0.214937 -0.000216506 0.0172123
 vertex -0.214875 -0.00025 0.017104
 endloop
endfacet
facet normal 0 0 0
 outer loop
 vertex -0.195063 -0.000216506 0.0172123
 vertex -0.195017 -0.000125 0.0172915
 vertex -0.214983 -0.000125 0.0172915
 endloop
endfacet
facet normal 0 0 0
 outer loop
 vertex -0.195063 -0.000216506 0.0172123
 vertex -0.214983 -0.000125 0.0172915
 vertex -0.214937 -0.000216506 0.0172123
 endloop
endfacet
facet normal 0 0 0
 outer loop
 vertex -0.195017 -0.000125 0.0172915
 vertex -0.195 4.37113e-11 0.0173205
 vertex -0.215 4.37113e-11 0.0173205
 endloop
endfacet
facet normal 0 0 0
 outer loop
 vertex -0.195017 -0.000125 0.0172915
 vertex -0.215 4.37113e-11 0.0173205
 vertex -0.214983 -0.000125 0.0172915
 endloop
endfacet
facet normal 0 0 0
 outer loop
 vertex -0.215 0 0.0173205
 vertex -0.214983 0.000125 0.0172915
 vertex -0.224966 0.000125 -1.74553e-09
 endloop
endfacet
facet normal 0 0 0
 outer loop
 vertex -0.215 0 0.0173205
 vertex -0.224966 0.000125 -1.74553e-09
 vertex -0.225 0 -1.74846e-09
 endloop
endfacet
facet normal 0 0 0
 outer loop
 vertex -0.214983 0.000125 0.0172915
 vertex -0.214937 0.000216506 0.0172123
 vertex -0.224875 0.000216506 -1.73753e-09
 endloop
endfacet
facet normal 0 0 0
 outer loop
 vertex -0.214983 0.000125 0.0172915
 vertex -0.224875 0.000216506 -1.73753e-09
 vertex -0.224966 0.000125 -1.74553e-09
 endloop
endfacet
facet normal 0 0 0
 outer loop
 vertex -0.214937 0.000216506 0.0172123
 vertex -0.214875 0.00025 0.017104
 vertex -0.22475 0.00025 -1.7266e-09
 endloop
endfacet
facet normal 0 0 0
 outer loop
 vertex -0.214937 0.000216506 0.0172123
 vertex -0.22475 0.00025 -1.7266e-09
 vertex -0.224875 0.000216506 -1.73753e-09
 endloop
endfacet
facet normal 0 0 0
 outer loop
 vertex -0.214875 0.00025 0.017104
 vertex -0.214813 0.000216506 0.0169957
 vertex -0.224625 0.000216506 -1.71567e-09
 endloop
endfacet
facet normal 0 0 0
 outer loop
 vertex -0.214875 0.00025 0.017104
 vertex -0.224625 0.000216506 -1.71567e-09
 vertex -0.22475 0.00025 -1.7266e-09
 endloop
endfacet
facet normal 0 0 0
 outer loop
 vertex -0.214813 0.000216506 0.0169957
 vertex -0.214767 0.000125 0.0169165
 vertex -0.224533 0.000125 -1.70767e-09
 endloop
endfacet
facet normal 0 0 0
 outer loop
 vertex -0.214813 0.000216506 0.0169957
 vertex -0.224533 0.000125 -1.70767e-09
 vertex -0.224625 0.000216506 -1.71567e-09
 endloop
endfacet
facet normal 0 0 0
 outer loop
 vertex -0.214767 0.000125 0.0169165
 vertex -0.21475 -2.18557e-11 0.0168875
 vertex -0.2245 -2.18557e-11 -1.70474e-09
 endloop
endfacet
facet normal 0 0 0
 outer loop
 vertex -0.214767 0.000125 0.0169165
 vertex -0.2245 -2.18557e-11 -1.70474e-09
 vertex -0.224533 0.000125 -1.70767e-09
 endloop
endfacet
facet normal 0 0 0
 outer loop
 vertex -0.21475 -2.18557e-11 0.0168875
 vertex -0.214767 -0.000125 0.0169165
 vertex -0.224533 -0.000125 -1.70767e-09
 endloop
endfacet
facet normal 0 0 0
 outer loop
 vertex -0.21475 -2.18557e-11 0.0168875
 vertex -0.224533 -0.000125 -1.70767e-09
 vertex -0.2245 -2.18557e-11 -1.70474e-09
 endloop
endfacet
facet normal 0 0 0
 outer loop
 vertex -0.214767 -0.000125 0.0169165
 vertex -0.214813 -0.000216506 0.0169957
 vertex -0.224625 -0.000216506 -1.71567e-09
 endloop
endfacet
facet normal 0 0 0
 outer loop
 vertex -0.214767 -0.000125 0.0169165
 vertex -0.224625 -0.000216506 -1.71567e-09
 vertex -0.224533 -0.000125 -1.70767e-09
 endloop
endfacet
facet normal 0 0 0
 outer loop
 vertex -0.214813 -0.000216506 0.0169957
 vertex -0.214875 -0.00025 0.017104
 vertex -0.22475 -0.00025 -1.7266e-09
 endloop
endfacet
facet normal 0 0 0
 outer loop
 vertex -0.214813 -0.000216506 0.0169957
 vertex -0.22475 -0.00025 -1.7266e-09
 vertex -0.224625 -0.000216506 -1.71567e-09
 endloop
endfacet
facet normal 0 0 0
 outer loop
 vertex -0.214875 -0.00025 0.017104
 vertex -0.214937 -0.000216506 0.0172123
 vertex -0.224875 -0.000216506 -1.73753e-09
 endloop
endfacet
facet normal 0 0 0
 outer loop
 vertex -0.214875 -0.00025 0.017104
 vertex -0.224875 -0.000216506 -1.73753e-09
 vertex -0.22475 -0.00025 -1.7266e-09
 endloop
endfacet
facet normal 0 0 0
 outer loop
 vertex -0.214937 -0.000216506 0.0172123
 vertex -0.214983 -0.000125 0.0172915
 vertex -0.224966 -0.000125 -1.74553e-09
 endloop
endfacet
facet normal 0 0 0
 outer loop
 vertex -0.214937 -0.000216506 0.0172123
 vertex -0.224966 -0.000125 -1.74553e-09
 vertex -0.224875 -0.000216506 -1.73753e-09
 endloop
endfacet
facet normal 0 0 0
 outer loop
 vertex -0.214983 -0.000125 0.0172915
 vertex -0.215 4.37113e-11 0.0173205
 vertex -0.225 4.37113e-11 -1.74846e-09
 endloop
endfacet
facet normal 0 0 0
 outer loop
 vertex -0.214983 -0.000125 0.0172915
 vertex -0.225 4.37113e-11 -1.74846e-09
 vertex -0.224966 -0.000125 -1.74553e-09
 endloop
endfacet
facet normal 0 0 0
 outer loop
 vertex -0.225 0 -1.74846e-09
 vertex -0.224966 0.000125 -1.74553e-09
 vertex -0.214983 0.000125 -0.0172915
 endloop
endfacet
facet normal 0 0 0
 outer loop
 vertex -0.225 0 -1.74846e-09
 vertex -0.214983 0.000125 -0.0172915
 vertex -0.215 0 -0.0173205
 endloop
endfacet
facet normal 0 0 0
 outer loop
 vertex -0.224966 0.000125 -1.74553e-09
 vertex -0.224875 0.000216506 -1.73753e-09
 vertex -0.214937 0.000216506 -0.0172123
 endloop
endfacet
facet normal 0 0 0
 outer loop
 vertex -0.224966 0.000125 -1.74553e-09
 vertex -0.214937 0.000216506 -0.0172123
 vertex -0.214983 0.000125 -0.0172915
 endloop
endfacet
facet normal 0 0 0
 outer loop
 vertex -0.224875 0.000216506 -1.73753e-09
 vertex -0.22475 0.00025 -1.7266e-09
 vertex -0.214875 0.00025 -0.017104
 endloop
endfacet
facet normal 0 0 0
 outer loop
 vertex -0.224875 0.000216506 -1.73753e-09
 vertex -0.214875 0.00025 -0.017104
 vertex -0.214937 0.000216506 -0.0172123
 endloop
endfacet
facet normal 0 0 0
 outer loop
 vertex -0.22475 0.00025 -1.7266e-09
 vertex -0.224625 0.000216506 -1.71567e-09
 vertex -0.214813 0.000216506 -0.0169957
 endloop
endfacet
facet normal 0 0 0
 outer loop
 vertex -0.22475 0.00025 -1.7266e-09
 vertex -0.214813 0.000216506 -0.0169957
 vertex -0.214875 0.00025 -0.017104
 endloop
endfacet
facet normal 0 0 0
 outer loop
 vertex -0.224625 0.000216506 -1.71567e-09
 vertex -0.224533 0.000125 -1.70767e-09
 vertex -0.214767 0.000125 -0.0169165
 endloop
endfacet
facet normal 0 0 0
 outer loop
 vertex -0.224625 0.000216506 -1.71567e-09
 vertex -0.214767 0.000125 -0.0169165
 vertex -0.214813 0.000216506 -0.0169957
 endloop
endfacet
facet normal 0 0 0
 outer loop
 vertex -0.224533 0.000125 -1.70767e-09
 vertex -0.2245 -2.18557e-11 -1.70474e-09
 vertex -0.21475 -2.18557e-11 -0.0168875
 endloop
endfacet
facet normal 0 0 0
 outer loop
 vertex -0.224533 0.000125 -1.70767e-09
 vertex -0.21475 -2.18557e-11 -0.0168875
 vertex -0.214767 0.000125 -0.0169165
 endloop
endfacet
facet normal 0 0 0
 outer loop
 vertex -0.2245 -2.18557e-11 -1.70474e-09
 vertex -0.224533 -0.000125 -1.70767e-09
 vertex -0.214767 -0.000125 -0.0169165
 endloop
endfacet
facet normal 0 0 0
 outer loop
 vertex -0.2245 -2.18557e-11 -1.70474e-09
 vertex -0.214767 -0.000125 -0.0169165
 vertex -0.21475 -2.18557e-11 -0.0168875
 endloop
endfacet
facet normal 0 0 0
 outer loop
 vertex -0.224533 -0.000125 -1.70767e-09
 vertex -0.224625 -0.000216506 -1.71567e-09
 vertex -0.214813 -0.000216506 -0.0169957
 endloop
endfacet
facet normal 0 0 0
 outer loop
 vertex -0.224533 -0.000125 -1.70767e-09
 vertex -0.214813 -0.000216506 -0.0169957
 vertex -0.214767 -0.000125 -0.0169165
 endloop
endfacet
facet normal 0 0 0
 outer loop
 vertex -0.224625 -0.000216506 -1.71567e-09
 vertex -0.22475 -0.00025 -1.7266e-09
 vertex -0.214875 -0.00025 -0.017104
 endloop
endfacet
facet normal 0 0 0
 outer loop
 vertex -0.224625 -0.000216506 -1.71567e-09
 vertex -0.214875 -0.00025 -0.017104
 vertex -0.214813 -0.000216506 -0.0169957
 endloop
endfacet
facet normal 0 0 0
 outer loop
 vertex -0.22475 -0.00025 -1.7266e-09
 vertex -0.224875 -0.000216506 -1.73753e-09
 vertex -0.214937 -0.000216506 -0.0172123
 endloop
endfacet
facet normal 0 0 0
 outer loop
 vertex -0.22475 -0.00025 -1.7266e-09
 vertex -0.214937 -0.000216506 -0.0172123
 vertex -0.214875 -0.00025 -0.017104
 endloop
endfacet
facet normal 0 0 0
 outer loop
 vertex -0.224875 -0.000216506 -1.73753e-09
 vertex -0.224966 -0.000125 -1.74553e-09
 vertex -0.214983 -0.000125 -0.0172915
 endloop
endfacet
facet normal 0 0 0
 outer loop
 vertex -0.224875 -0.000216506 -1.73753e-09
 vertex -0.214983 -0.000125 -0.0172915
 vertex -0.214937 -0.000216506 -0.0172123
 endloop
endfacet
facet normal 0 0 0
 outer loop
 vertex -0.224966 -0.000125 -1.74553e-09
 vertex -0.225 4.37113e-11 -1.74846e-09
 vertex -0.215 4.37113e-11 -0.0173205
 endloop
endfacet
facet normal 0 0 0
 outer loop
 vertex -0.224966 -0.000125 -1.74553e-09
 vertex -0.215 4.37113e-11 -0.0173205
 vertex -0.214983 -0.000125 -0.0172915
 endloop
endfacet
facet normal 0 0 0
 outer loop
 vertex -0.215 0 -0.0173205
 vertex -0.214983 0.000125 -0.0172915
 vertex -0.195017 0.000125 -0.0172915
 endloop
endfacet
facet normal 0 0 0
 outer loop
 vertex -0.215 0 -0.0173205
 vertex -0.195017 0.000125 -0.0172915
 vertex -0.195 0 -0.0173205
 endloop
endfacet
facet normal 0 0 0
 outer loop
 vertex -0.214983 0.000125 -0.0172915
 vertex -0.214937 0.000216506 -0.0172123
 vertex -0.195062 0.000216506 -0.0172123
 endloop
endfacet
facet normal 0 0 0
 outer loop
 vertex -0.214983 0.000125 -0.0172915
 vertex -0.195062 0.000216506 -0.0172123
 vertex -0.195017 0.000125 -0.0172915
 endloop
endfacet
facet normal 0 0 0
 outer loop
 vertex -0.214937 0.000216506 -0.0172123
 vertex -0.214875 0.00025 -0.017104
 vertex -0.195125 0.00025 -0.017104
 endloop
endfacet
facet normal 0 0 0
 outer loop
 vertex -0.214937 0.000216506 -0.0172123
 vertex -0.195125 0.00025 -0.017104
 vertex -0.195062 0.000216506 -0.0172123
 endloop
endfacet
facet normal 0 0 0
 outer loop
 vertex -0.214875 0.00025 -0.017104
 vertex -0.214813 0.000216506 -0.0169957
 vertex -0.195187 0.000216506 -0.0169957
 endloop
endfacet
facet normal 0 0 0
 outer loop
 vertex -0.214875 0.00025 -0.017104
 vertex -0.195187 0.000216506 -0.0169957
 vertex -0.195125 0.00025 -0.017104
 endloop
endfacet
facet normal 0 0 0
 outer loop
 vertex -0.214813 0.000216506 -0.0169957
 vertex -0.214767 0.000125 -0.0169165
 vertex -0.195233 0.000125 -0.0169165
 endloop
endfacet
facet normal 0 0 0
 outer loop
 vertex -0.214813 0.000216506 -0.0169957
 vertex -0.195233 0.000125 -0.0169165
 vertex -0.195187 0.000216506 -0.0169957
 endloop
endfacet
facet normal 0 0 0
 outer loop
 vertex -0.214767 0.000125 -0.0169165
 vertex -0.21475 -2.18557e-11 -0.0168875
 vertex -0.19525 -2.18557e-11 -0.0168875
 endloop
endfacet
facet normal 0 0 0
 outer loop
 vertex -0.214767 0.000125 -0.0169165
 vertex -0.19525 -2.18557e-11 -0.0168875
 vertex -0.195233 0.000125 -0.0169165
 endloop
endfacet
facet normal 0 0 0
 outer loop
 vertex -0.21475 -2.18557e-11 -0.0168875
 vertex -0.214767 -0.000125 -0.0169165
 vertex -0.195233 -0.000125 -0.0169165
 endloop
endfacet
facet normal 0 0 0
 outer loop
 vertex -0.21475 -2.18557e-11 -0.0168875
 vertex -0.195233 -0.000125 -0.0169165
 vertex -0.19525 -2.18557e-11 -0.0168875
 endloop
endfacet
facet normal 0 0 0
 outer loop
 vertex -0.214767 -0.000125 -0.0169165
 vertex -0.214813 -0.000216506 -0.0169957
 vertex -0.195187 -0.000216506 -0.0169957
 endloop
endfacet
facet normal 0 0 0
 outer loop
 vertex -0.214767 -0.000125 -0.0169165
 vertex -0.195187 -0.000216506 -0.0169957
 vertex -0.195233 -0.000125 -0.0169165
 endloop
endfacet
facet normal 0 0 0
 outer loop
 vertex -0.214813 -0.000216506 -0.0169957
 vertex -0.214875 -0.00025 -0.017104
 vertex -0.195125 -0.00025 -0.017104
 endloop
endfacet
facet normal 0 0 0
 outer loop
 vertex -0.214813 -0.000216506 -0.0169957
 vertex -0.195125 -0.00025 -0.017104
 vertex -0.195187 -0.000216506 -0.0169957
 endloop
endfacet
facet normal 0 0 0
 outer loop
 vertex -0.214875 -0.00025 -0.017104
 vertex -0.214937 -0.000216506 -0.0172123
 vertex -0.195062 -0.000216506 -0.0172123
 endloop
endfacet
facet normal 0 0 0
 outer loop
 vertex -0.214875 -0.00025 -0.017104
 vertex -0.195062 -0.000216506 -0.0172123
 vertex -0.195125 -0.00025 -0.017104
 endloop
endfacet
facet normal 0 0 0
 outer loop
 vertex -0.214937 -0.000216506 -0.0172123
 vertex -0.214983 -0.000125 -0.0172915
 vertex -0.195017 -0.000125 -0.0172915
 endloop
endfacet
facet normal 0 0 0
 outer loop
 vertex -0.214937 -0.000216506 -0.0172123
 vertex -0.195017 -0.000125 -0.0172915
 vertex -0.195062 -0.000216506 -0.0172123
 endloop
endfacet
facet normal 0 0 0
 outer loop
 vertex -0.214983 -0.000125 -0.0172915
 vertex -0.215 4.37113e-11 -0.0173205
 vertex -0.195 4.37113e-11 -0.0173205
 endloop
endfacet
facet normal 0 0 0
 outer loop
 vertex -0.214983 -0.000125 -0.0172915
 vertex -0.195 4.37113e-11 -0.0173205
 vertex -0.195017 -0.000125 -0.0172915
 endloop
endfacet
facet normal 0 0 0
 outer loop
 vertex -0.195 0 -0.0173205
 vertex -0.195017 0.000125 -0.0172915
 vertex -0.185034 0.000125 3.49105e-09
 endloop
endfacet
facet normal 0 0 0
 outer loop
 vertex -0.195 0 -0.0173205
 vertex -0.185034 0.000125 3.49105e-09
 vertex -0.185 0 3.49691e-09
 endloop
endfacet
facet normal 0 0 0
 outer loop
 vertex -0.195017 0.000125 -0.0172915
 vertex -0.195062 0.000216506 -0.0172123
 vertex -0.185125 0.000216506 3.47506e-09
 endloop
endfacet
facet normal 0 0 0
 outer loop
 vertex -0.195017 0.000125 -0.0172915
 vertex -0.185125 0.000216506 3.47506e-09
 vertex -0.185034 0.000125 3.49105e-09
 endloop
endfacet
facet normal 0 0 0
 outer loop
 vertex -0.195062 0.000216506 -0.0172123
 vertex -0.195125 0.00025 -0.017104
 vertex -0.18525 0.00025 3.4532e-09
 endloop
endfacet
facet normal 0 0 0
 outer loop
 vertex -0.195062 0.000216506 -0.0172123
 vertex -0.18525 0.00025 3.4532e-09
 vertex -0.185125 0.000216506 3.47506e-09
 endloop
endfacet
facet normal 0 0 0
 outer loop
 vertex -0.195125 0.00025 -0.017104
 vertex -0.195187 0.000216506 -0.0169957
 vertex -0.185375 0.000216506 3.43134e-09
 endloop
endfacet
facet normal 0 0 0
 outer loop
 vertex -0.195125 0.00025 -0.017104
 vertex -0.185375 0.000216506 3.43134e-09
 vertex -0.18525 0.00025 3.4532e-09
 endloop
endfacet
facet normal 0 0 0
 outer loop
 vertex -0.195187 0.000216506 -0.0169957
 vertex -0.195233 0.000125 -0.0169165
 vertex -0.185466 0.000125 3.41534e-09
 endloop
endfacet
facet normal 0 0 0
 outer loop
 vertex -0.195187 0.000216506 -0.0169957
 vertex -0.185466 0.000125 3.41534e-09
 vertex -0.185375 0.000216506 3.43134e-09
 endloop
endfacet
facet normal 0 0 0
 outer loop
 vertex -0.195233 0.000125 -0.0169165
 vertex -0.19525 -2.18557e-11 -0.0168875
 vertex -0.1855 -2.18557e-11 3.40949e-09
 endloop
endfacet
facet normal 0 0 0
 outer loop
 vertex -0.195233 0.000125 -0.0169165
 vertex -0.1855 -2.18557e-11 3.40949e-09
 vertex -0.185466 0.000125 3.41534e-09
 endloop
endfacet
facet normal 0 0 0
 outer loop
 vertex -0.19525 -2.18557e-11 -0.0168875
 vertex -0.195233 -0.000125 -0.0169165
 vertex -0.185466 -0.000125 3.41534e-09
 endloop
endfacet
facet normal 0 0 0
 outer loop
 vertex -0.19525 -2.18557e-11 -0.0168875
 vertex -0.185466 -0.000125 3.41534e-09
 vertex -0.1855 -2.18557e-11 3.40949e-09
 endloop
endfacet
facet normal 0 0 0
 outer loop
 vertex -0.195233 -0.000125 -0.0169165
 vertex -0.195187 -0.000216506 -0.0169957
 vertex -0.185375 -0.000216506 3.43134e-09
 endloop
endfacet
facet normal 0 0 0
 outer loop
 vertex -0.195233 -0.000125 -0.0169165
 vertex -0.185375 -0.000216506 3.43134e-09
 vertex -0.185466 -0.000125 3.41534e-09
 endloop
endfacet
facet normal 0 0 0
 outer loop
 vertex -0.195187 -0.000216506 -0.0169957
 vertex -0.195125 -0.00025 -0.017104
 vertex -0.18525 -0.00025 3.4532e-09
 endloop
endfacet
facet normal 0 0 0
 outer loop
 vertex -0.195187 -0.000216506 -0.0169957
 vertex -0.18525 -0.00025 3.4532e-09
 vertex -0.185375 -0.000216506 3.43134e-09
 endloop
endfacet
facet normal 0 0 0
 outer loop
 vertex -0.195125 -0.00025 -0.017104
 vertex -0.195062 -0.000216506 -0.0172123
 vertex -0.185125 -0.000216506 3.47506e-09
 endloop
endfacet
facet normal 0 0 0
 outer loop
 vertex -0.195125 -0.00025 -0.017104
 vertex -0.185125 -0.000216506 3.47506e-09
 vertex -0.18525 -0.00025 3.4532e-09
 endloop
endfacet
facet normal 0 0 0
 outer loop
 vertex -0.195062 -0.000216506 -0.0172123
 vertex -0.195017 -0.000125 -0.0172915
 vertex -0.185034 -0.000125 3.49105e-09
 endloop
endfacet
facet normal 0 0 0
 outer loop
 vertex -0.195062 -0.000216506 -0.0172123
 vertex -0.185034 -0.000125 3.49105e-09
 vertex -0.185125 -0.000216506 3.47506e-09
 endloop
endfacet
facet normal 0 0 0
 outer loop
 vertex -0.195017 -0.000125 -0.0172915
 vertex -0.195 4.37113e-11 -0.0173205
 vertex -0.185 4.37113e-11 3.49691e-09
 endloop
endfacet
facet normal 0 0 0
 outer loop
 vertex -0.195017 -0.000125 -0.0172915
 vertex -0.185 4.37113e-11 3.49691e-09
 vertex -0.185034 -0.000125 3.49105e-09
 endloop
endfacet
facet normal 0 0 0
 outer loop
 vertex -0.168333 0 0
 vertex -0.168367 0.000125 0
 vertex -0.17835 0.000125 0.0172915
 endloop
endfacet
facet normal 0 0 0
 outer loop
 vertex -0.168333 0 0
 vertex -0.17835 0.000125 0.0172915
 vertex -0.178333 0 0.0173205
 endloop
endfacet
facet normal 0 0 0
 outer loop
 vertex -0.168367 0.000125 0
 vertex -0.168458 0.000216506 0
 vertex -0.178396 0.000216506 0.0172123
 endloop
endfacet
facet normal 0 0 0
 outer loop
 vertex -0.168367 0.000125 0
 vertex -0.178396 0.000216506 0.0172123
 vertex -0.17835 0.000125 0.0172915
 endloop
endfacet
facet normal 0 0 0
 outer loop
 vertex -0.168458 0.000216506 0
 vertex -0.168583 0.00025 0
 vertex -0.178458 0.00025 0.017104
 endloop
endfacet
facet normal 0 0 0
 outer loop
 vertex -0.168458 0.000216506 0
 vertex -0.178458 0.00025 0.017104
 vertex -0.178396 0.000216506 0.0172123
 endloop
endfacet
facet normal 0 0 0
 outer loop
 vertex -0.168583 0.00025 0
 vertex -0.168708 0.000216506 0
 vertex -0.178521 0.000216506 0.0169957
 endloop
endfacet
facet normal 0 0 0
 outer loop
 vertex -0.168583 0.00025 0
 vertex -0.178521 0.000216506 0.0169957
 vertex -0.178458 0.00025 0.017104
 endloop
endfacet
facet normal 0 0 0
 outer loop
 vertex -0.168708 0.000216506 0
 vertex -0.1688 0.000125 0
 vertex -0.178567 0.000125 0.0169165
 endloop
endfacet
facet normal 0 0 0
 outer loop
 vertex -0.168708 0.000216506 0
 vertex -0.178567 0.000125 0.0169165
 vertex -0.178521 0.000216506 0.0169957
 endloop
endfacet
facet normal 0 0 0
 outer loop
 vertex -0.1688 0.000125 0
 vertex -0.168833 -2.18557e-11 0
 vertex -0.178583 -2.18557e-11 0.0168875
 endloop
endfacet
facet normal 0 0 0
 outer loop
 vertex -0.1688 0.000125 0
 vertex -0.178583 -2.18557e-11 0.0168875
 vertex -0.178567 0.000125 0.0169165
 endloop
endfacet
facet normal 0 0 0
 outer loop
 vertex -0.168833 -2.18557e-11 0
 vertex -0.1688 -0.000125 0
 vertex -0.178567 -0.000125 0.0169165
 endloop
endfacet
facet normal 0 0 0
 outer loop
 vertex -0.168833 -2.18557e-11 0
 vertex -0.178567 -0.000125 0.0169165
 vertex -0.178583 -2.18557e-11 0.0168875
 endloop
endfacet
facet normal 0 0 0
 outer loop
 vertex -0.1688 -0.000125 0
 vertex -0.168708 -0.000216506 0
 vertex -0.178521 -0.000216506 0.0169957
 endloop
endfacet
facet normal 0 0 0
 outer loop
 vertex -0.1688 -0.000125 0
 vertex -0.178521 -0.000216506 0.0169957
 vertex -0.178567 -0.000125 0.0169165
 endloop
endfacet
facet normal 0 0 0
 outer loop
 vertex -0.168708 -0.000216506 0
 vertex -0.168583 -0.00025 0
 vertex -0.178458 -0.00025 0.017104
 endloop
endfacet
facet normal 0 0 0
 outer loop
 vertex -0.168708 -0.000216506 0
 vertex -0.178458 -0.00025 0.017104
 vertex -0.178521 -0.000216506 0.0169957
 endloop
endfacet
facet normal 0 0 0
 outer loop
 vertex -0.168583 -0.00025 0
 vertex -0.168458 -0.000216506 0
 vertex -0.178396 -0.000216506 0.0172123
 endloop
endfacet
facet normal 0 0 0
 outer loop
 vertex -0.168583 -0.00025 0
 vertex -0.178396 -0.000216506 0.0172123
 vertex -0.178458 -0.00025 0.017104
 endloop
endfacet
facet normal 0 0 0
 outer loop
 vertex -0.168458 -0.000216506 0
 vertex -0.168367 -0.000125 0
 vertex -0.17835 -0.000125 0.0172915
 endloop
endfacet
facet normal 0 0 0
 outer loop
 vertex -0.168458 -0.000216506 0
 vertex -0.17835 -0.000125 0.0172915
 vertex -0.178396 -0.000216506 0.0172123
 endloop
endfacet
facet normal 0 0 0
 outer loop
 vertex -0.168367 -0.000125 0
 vertex -0.168333 4.37113e-11 0
 vertex -0.178333 4.37113e-11 0.0173205
 endloop
endfacet
facet normal 0 0 0
 outer loop
 vertex -0.168367 -0.000125 0
 vertex -0.178333 4.37113e-11 0.0173205
 vertex -0.17835 -0.000125 0.0172915
 endloop
endfacet
facet normal 0 0 0
 outer loop
 vertex -0.178333 0 0.0173205
 vertex -0.17835 0.000125 0.0172915
 vertex -0.198317 0.000125 0.0172915
 endloop
endfacet
facet normal 0 0 0
 outer loop
 vertex -0.178333 0 0.0173205
 vertex -0.198317 0.000125 0.0172915
 vertex -0.198333 0 0.0173205
 endloop
endfacet
facet normal 0 0 0
 outer loop
 vertex -0.17835 0.000125 0.0172915
 vertex -0.178396 0.000216506 0.0172123
 vertex -0.198271 0.000216506 0.0172123
 endloop
endfacet
facet normal 0 0 0
 outer loop
 vertex -0.17835 0.000125 0.0172915
 vertex -0.198271 0.000216506 0.0172123
 vertex -0.198317 0.000125 0.0172915
 endloop
endfacet
facet normal 0 0 0
 outer loop
 vertex -0.178396 0.000216506 0.0172123
 vertex -0.178458 0.00025 0.017104
 vertex -0.198208 0.00025 0.017104
 endloop
endfacet
facet normal 0 0 0
 outer loop
 vertex -0.178396 0.000216506 0.0172123
 vertex -0.198208 0.00025 0.017104
 vertex -0.198271 0.000216506 0.0172123
 endloop
endfacet
facet normal 0 0 0
 outer loop
 vertex -0.178458 0.00025 0.017104
 vertex -0.178521 0.000216506 0.0169957
 vertex -0.198146 0.000216506 0.0169957
 endloop
endfacet
facet normal 0 0 0
 outer loop
 vertex -0.178458 0.00025 0.017104
 vertex -0.198146 0.000216506 0.0169957
 vertex -0.198208 0.00025 0.017104
 endloop
endfacet
facet normal 0 0 0
 outer loop
 vertex -0.178521 0.000216506 0.0169957
 vertex -0.178567 0.000125 0.0169165
 vertex -0.1981 0.000125 0.0169165
 endloop
endfacet
facet normal 0 0 0
 outer loop
 vertex -0.178521 0.000216506 0.0169957
 vertex -0.1981 0.000125 0.0169165
 vertex -0.198146 0.000216506 0.0169957
 endloop
endfacet
facet normal 0 0 0
 outer loop
 vertex -0.178567 0.000125 0.0169165
 vertex -0.178583 -2.18557e-11 0.0168875
 vertex -0.198083 -2.18557e-11 0.0168875
 endloop
endfacet
facet normal 0 0 0
 outer loop
 vertex -0.178567 0.000125 0.0169165
 vertex -0.198083 -2.18557e-11 0.0168875
 vertex -0.1981 0.000125 0.0169165
 endloop
endfacet
facet normal 0 0 0
 outer loop
 vertex -0.178583 -2.18557e-11 0.0168875
 vertex -0.178567 -0.000125 0.0169165
 vertex -0.1981 -0.000125 0.0169165
 endloop
endfacet
facet normal 0 0 0
 outer loop
 vertex -0.178583 -2.18557e-11 0.0168875
 vertex -0.1981 -0.000125 0.0169165
 vertex -0.198083 -2.18557e-11 0.0168875
 endloop
endfacet
facet normal 0 0 0
 outer loop
 vertex -0.178567 -0.000125 0.0169165
 vertex -0.178521 -0.000216506 0.0169957
 vertex -0.198146 -0.000216506 0.0169957
 endloop
endfacet
facet normal 0 0 0
 outer loop
 vertex -0.178567 -0.000125 0.0169165
 vertex -0.198146 -0.000216506 0.0169957
 vertex -0.1981 -0.000125 0.0169165
 endloop
endfacet
facet normal 0 0 0
 outer loop
 vertex -0.178521 -0.000216506 0.0169957
 vertex -0.178458 -0.00025 0.017104
 vertex -0.198208 -0.00025 0.017104
 endloop
endfacet
facet normal 0 0 0
 outer loop
 vertex -0.178521 -0.000216506 0.0169957
 vertex -0.198208 -0.00025 0.017104
 vertex -0.198146 -0.000216506 0.0169957
 endloop
endfacet
facet normal 0 0 0
 outer loop
 vertex -0.178458 -0.00025 0.017104
 vertex -0.178396 -0.000216506 0.0172123
 vertex -0.198271 -0.000216506 0.0172123
 endloop
endfacet
facet normal 0 0 0
 outer loop
 vertex -0.178458 -0.00025 0.017104
 vertex -0.198271 -0.000216506 0.0172123
 vertex -0.198208 -0.00025 0.017104
 endloop
endfacet
facet normal 0 0 0
 outer loop
 vertex -0.178396 -0.000216506 0.0172123
 vertex -0.17835 -0.000125 0.0172915
 vertex -0.198317 -0.000125 0.0172915
 endloop
endfacet
facet normal 0 0 0
 outer loop
 vertex -0.178396 -0.000216506 0.0172123
 vertex -0.198317 -0.000125 0.0172915
 vertex -0.198271 -0.000216506 0.0172123
 endloop
endfacet
facet normal 0 0 0
 outer loop
 vertex -0.17835 -0.000125 0.0172915
 vertex -0.178333 4.37113e-11 0.0173205
 vertex -0.198333 4.37113e-11 0.0173205
 endloop
endfacet
facet normal 0 0 0
 outer loop
 vertex -0.17835 -0.000125 0.0172915
 vertex -0.198333 4.37113e-11 0.0173205
 vertex -0.198317 -0.000125 0.0172915
 endloop
endfacet
facet normal 0 0 0
 outer loop
 vertex -0.198333 0 0.0173205
 vertex -0.198317 0.000125 0.0172915
 vertex -0.2083 0.000125 -1.74553e-09
 endloop
endfacet
facet normal 0 0 0
 outer loop
 vertex -0.198333 0 0.0173205
 vertex -0.2083 0.000125 -1.74553e-09
 vertex -0.208333 0 -1.74846e-09
 endloop
endfacet
facet normal 0 0 0
 outer loop
 vertex -0.198317 0.000125 0.0172915
 vertex -0.198271 0.000216506 0.0172123
 vertex -0.208208 0.000216506 -1.73753e-09
 endloop
endfacet
facet normal 0 0 0
 outer loop
 vertex -0.198317 0.000125 0.0172915
 vertex -0.208208 0.000216506 -1.73753e-09
 vertex -0.2083 0.000125 -1.74553e-09
 endloop
endfacet
facet normal 0 0 0
 outer loop
 vertex -0.198271 0.000216506 0.0172123
 vertex -0.198208 0.00025 0.017104
 vertex -0.208083 0.00025 -1.7266e-09
 endloop
endfacet
facet normal 0 0 0
 outer loop
 vertex -0.198271 0.000216506 0.0172123
 vertex -0.208083 0.00025 -1.7266e-09
 vertex -0.208208 0.000216506 -1.73753e-09
 endloop
endfacet
facet normal 0 0 0
 outer loop
 vertex -0.198208 0.00025 0.017104
 vertex -0.198146 0.000216506 0.0169957
 vertex -0.207958 0.000216506 -1.71567e-09
 endloop
endfacet
facet normal 0 0 0
 outer loop
 vertex -0.198208 0.00025 0.017104
 vertex -0.207958 0.000216506 -1.71567e-09
 vertex -0.208083 0.00025 -1.7266e-09
 endloop
endfacet
facet normal 0 0 0
 outer loop
 vertex -0.198146 0.000216506 0.0169957
 vertex -0.1981 0.000125 0.0169165
 vertex -0.207867 0.000125 -1.70767e-09
 endloop
endfacet
facet normal 0 0 0
 outer loop
 vertex -0.198146 0.000216506 0.0169957
 vertex -0.207867 0.000125 -1.70767e-09
 vertex -0.207958 0.000216506 -1.71567e-09
 endloop
endfacet
facet normal 0 0 0
 outer loop
 vertex -0.1981 0.000125 0.0169165
 vertex -0.198083 -2.18557e-11 0.0168875
 vertex -0.207833 -2.18557e-11 -1.70474e-09
 endloop
endfacet
facet normal 0 0 0
 outer loop
 vertex -0.1981 0.000125 0.0169165
 vertex -0.207833 -2.18557e-11 -1.70474e-09
 vertex -0.207867 0.000125 -1.70767e-09
 endloop
endfacet
facet normal 0 0 0
 outer loop
 vertex -0.198083 -2.18557e-11 0.0168875
 vertex -0.1981 -0.000125 0.0169165
 vertex -0.207867 -0.000125 -1.70767e-09
 endloop
endfacet
facet normal 0 0 0
 outer loop
 vertex -0.198083 -2.18557e-11 0.0168875
 vertex -0.207867 -0.000125 -1.70767e-09
 vertex -0.207833 -2.18557e-11 -1.70474e-09
 endloop
endfacet
facet normal 0 0 0
 outer loop
 vertex -0.1981 -0.000125 0.0169165
 vertex -0.198146 -0.000216506 0.0169957
 vertex -0.207958 -0.000216506 -1.71567e-09
 endloop
endfacet
facet normal 0 0 0
 outer loop
 vertex -0.1981 -0.000125 0.0169165
 vertex -0.207958 -0.000216506 -1.71567e-09
 vertex -0.207867 -0.000125 -1.70767e-09
 endloop
endfacet
facet normal 0 0 0
 outer loop
 vertex -0.198146 -0.000216506 0.0169957
 vertex -0.198208 -0.00025 0.017104
 vertex -0.208083 -0.00025 -1.7266e-09
 endloop
endfacet
facet normal 0 0 0
 outer loop
 vertex -0.198146 -0.000216506 0.0169957
 vertex -0.208083 -0.00025 -1.7266e-09
 vertex -0.207958 -0.000216506 -1.71567e-09
 endloop
endfacet
facet normal 0 0 0
 outer loop
 vertex -0.198208 -0.00025 0.017104
 vertex -0.198271 -0.000216506 0.0172123
 vertex -0.208208 -0.000216506 -1.73753e-09
 endloop
endfacet
facet normal 0 0 0
 outer loop
 vertex -0.198208 -0.00025 0.017104
 vertex -0.208208 -0.000216506 -1.73753e-09
 vertex -0.208083 -0.00025 -1.7266e-09
 endloop
endfacet
facet normal 0 0 0
 outer loop
 vertex -0.198271 -0.000216506 0.0172123
 vertex -0.198317 -0.000125 0.0172915
 vertex -0.2083 -0.000125 -1.74553e-09
 endloop
endfacet
facet normal 0 0 0
 outer loop
 vertex -0.198271 -0.000216506 0.0172123
 vertex -0.2083 -0.000125 -1.74553e-09
 vertex -0.208208 -0.000216506 -1.73753e-09
 endloop
endfacet
facet normal 0 0 0
 outer loop
 vertex -0.198317 -0.000125 0.0172915
 vertex -0.198333 4.37113e-11 0.0173205
 vertex -0.208333 4.37113e-11 -1.74846e-09
 endloop
endfacet
facet normal 0 0 0
 outer loop
 vertex -0.198317 -0.000125 0.0172915
 vertex -0.208333 4.37113e-11 -1.74846e-09
 vertex -0.2083 -0.000125 -1.74553e-09
 endloop
endfacet
facet normal 0 0 0
 outer loop
 vertex -0.208333 0 -1.74846e-09
 vertex -0.2083 0.000125 -1.74553e-09
 vertex -0.198317 0.000125 -0.0172915
 endloop
endfacet
facet normal 0 0 0
 outer loop
 vertex -0.208333 0 -1.74846e-09
 vertex -0.198317 0.000125 -0.0172915
 vertex -0.198333 0 -0.0173205
 endloop
endfacet
facet normal 0 0 0
 outer loop
 vertex -0.2083 0.000125 -1.74553e-09
 vertex -0.208208 0.000216506 -1.73753e-09
 vertex -0.198271 0.000216506 -0.0172123
 endloop
endfacet
facet normal 0 0 0
 outer loop
 vertex -0.2083 0.000125 -1.74553e-09
 vertex -0.198271 0.000216506 -0.0172123
 vertex -0.198317 0.000125 -0.0172915
 endloop
endfacet
facet normal 0 0 0
 outer loop
 vertex -0.208208 0.000216506 -1.73753e-09
 vertex -0.208083 0.00025 -1.7266e-09
 vertex -0.198208 0.00025 -0.017104
 endloop
endfacet
facet normal 0 0 0
 outer loop
 vertex -0.208208 0.000216506 -1.73753e-09
 vertex -0.198208 0.00025 -0.017104
 vertex -0.198271 0.000216506 -0.0172123
 endloop
endfacet
facet normal 0 0 0
 outer loop
 vertex -0.208083 0.00025 -1.7266e-09
 vertex -0.207958 0.000216506 -1.71567e-09
 vertex -0.198146 0.000216506 -0.0169957
 endloop
endfacet
facet normal 0 0 0
 outer loop
 vertex -0.208083 0.00025 -1.7266e-09
 vertex -0.198146 0.000216506 -0.0169957
 vertex -0.198208 0.00025 -0.017104
 endloop
endfacet
facet normal 0 0 0
 outer loop
 vertex -0.207958 0.000216506 -1.71567e-09
 vertex -0.207867 0.000125 -1.70767e-09
 vertex -0.1981 0.000125 -0.0169165
 endloop
endfacet
facet normal 0 0 0
 outer loop
 vertex -0.207958 0.000216506 -1.71567e-09
 vertex -0.1981 0.000125 -0.0169165
 vertex -0.198146 0.000216506 -0.0169957
 endloop
endfacet
facet normal 0 0 0
 outer loop
 vertex -0.207867 0.000125 -1.70767e-09
 vertex -0.207833 -2.18557e-11 -1.70474e-09
 vertex -0.198083 -2.18557e-11 -0.0168875
 endloop
endfacet
facet normal 0 0 0
 outer loop
 vertex -0.207867 0.000125 -1.70767e-09
 vertex -0.198083 -2.18557e-11 -0.0168875
 vertex -0.1981 0.000125 -0.0169165
 endloop
endfacet
facet normal 0 0 0
 outer loop
 vertex -0.207833 -2.18557e-11 -1.70474e-09
 vertex -0.207867 -0.000125 -1.70767e-09
 vertex -0.1981 -0.000125 -0.0169165
 endloop
endfacet
facet normal 0 0 0
 outer loop
 vertex -0.207833 -2.18557e-11 -1.70474e-09
 vertex -0.1981 -0.000125 -0.0169165
 vertex -0.198083 -2.18557e-11 -0.0168875
 endloop
endfacet
facet normal 0 0 0
 outer loop
 vertex -0.207867 -0.000125 -1.70767e-09
 vertex -0.207958 -0.000216506 -1.71567e-09
 vertex -0.198146 -0.000216506 -0.0169957
 endloop
endfacet
facet normal 0 0 0
 outer loop
 vertex -0.207867 -0.000125 -1.70767e-09
 vertex -0.198146 -0.000216506 -0.0169957
 vertex -0.1981 -0.000125 -0.0169165
 endloop
endfacet
facet normal 0 0 0
 outer loop
 vertex -0.207958 -0.000216506 -1.71567e-09
 vertex -0.208083 -0.00025 -1.7266e-09
 vertex -0.198208 -0.00025 -0.017104
 endloop
endfacet
facet normal 0 0 0
 outer loop
 vertex -0.207958 -0.000216506 -1.71567e-09
 vertex -0.198208 -0.00025 -0.017104
 vertex -0.198146 -0.000216506 -0.0169957
 endloop
endfacet
facet normal 0 0 0
 outer loop
 vertex -0.208083 -0.00025 -1.7266e-09
 vertex -0.208208 -0.000216506 -1.73753e-09
 vertex -0.198271 -0.000216506 -0.0172123
 endloop
endfacet
facet normal 0 0 0
 outer loop
 vertex -0.208083 -0.00025 -1.7266e-09
 vertex -0.198271 -0.000216506 -0.0172123
 vertex -0.198208 -0.00025 -0.017104
 endloop
endfacet
facet normal 0 0 0
 outer loop
 vertex -0.208208 -0.000216506 -1.73753e-09
 vertex -0.2083 -0.000125 -1.74553e-09
 vertex -0.198317 -0.000125 -0.0172915
 endloop
endfacet
facet normal 0 0 0
 outer loop
 vertex -0.208208 -0.000216506 -1.73753e-09
 vertex -0.198317 -0.000125 -0.0172915
 vertex -0.198271 -0.000216506 -0.0172123
 endloop
endfacet
facet normal 0 0 0
 outer loop
 vertex -0.2083 -0.000125 -1.74553e-09
 vertex -0.208333 4.37113e-11 -1.74846e-09
 vertex -0.198333 4.37113e-11 -0.0173205
 endloop
endfacet
facet normal 0 0 0
 outer loop
 vertex -0.2083 -0.000125 -1.74553e-09
 vertex -0.198333 4.37113e-11 -0.0173205
 vertex -0.198317 -0.000125 -0.0172915
 endloop
endfacet
facet normal 0 0 0
 outer loop
 vertex -0.198333 0 -0.0173205
 vertex -0.198317 0.000125 -0.0172915
 vertex -0.17835 0.000125 -0.0172915
 endloop
endfacet
facet normal 0 0 0
 outer loop
 vertex -0.198333 0 -0.0173205
 vertex -0.17835 0.000125 -0.0172915
 vertex -0.178333 0 -0.0173205
 endloop
endfacet
facet normal 0 0 0
 outer loop
 vertex -0.198317 0.000125 -0.0172915
 vertex -0.198271 0.000216506 -0.0172123
 vertex -0.178396 0.000216506 -0.0172123
 endloop
endfacet
facet normal 0 0 0
 outer loop
 vertex -0.198317 0.000125 -0.0172915
 vertex -0.178396 0.000216506 -0.0172123
 vertex -0.17835 0.000125 -0.0172915
 endloop
endfacet
facet normal 0 0 0
 outer loop
 vertex -0.198271 0.000216506 -0.0172123
 vertex -0.198208 0.00025 -0.017104
 vertex -0.178458 0.00025 -0.017104
 endloop
endfacet
facet normal 0 0 0
 outer loop
 vertex -0.198271 0.000216506 -0.0172123
 vertex -0.178458 0.00025 -0.017104
 vertex -0.178396 0.000216506 -0.0172123
 endloop
endfacet
facet normal 0 0 0
 outer loop
 vertex -0.198208 0.00025 -0.017104
 vertex -0.198146 0.000216506 -0.0169957
 vertex -0.178521 0.000216506 -0.0169957
 endloop
endfacet
facet normal 0 0 0
 outer loop
 vertex -0.198208 0.00025 -0.017104
 vertex -0.178521 0.000216506 -0.0169957
 vertex -0.178458 0.00025 -0.017104
 endloop
endfacet
facet normal 0 0 0
 outer loop
 vertex -0.198146 0.000216506 -0.0169957
 vertex -0.1981 0.000125 -0.0169165
 vertex -0.178567 0.000125 -0.0169165
 endloop
endfacet
facet normal 0 0 0
 outer loop
 vertex -0.198146 0.000216506 -0.0169957
 vertex -0.178567 0.000125 -0.0169165
 vertex -0.178521 0.000216506 -0.0169957
 endloop
endfacet
facet normal 0 0 0
 outer loop
 vertex -0.1981 0.000125 -0.0169165
 vertex -0.198083 -2.18557e-11 -0.0168875
 vertex -0.178583 -2.18557e-11 -0.0168875
 endloop
endfacet
facet normal 0 0 0
 outer loop
 vertex -0.1981 0.000125 -0.0169165
 vertex -0.178583 -2.18557e-11 -0.0168875
 vertex -0.178567 0.000125 -0.0169165
 endloop
endfacet
facet normal 0 0 0
 outer loop
 vertex -0.198083 -2.18557e-11 -0.0168875
 vertex -0.1981 -0.000125 -0.0169165
 vertex -0.178567 -0.000125 -0.0169165
 endloop
endfacet
facet normal 0 0 0
 outer loop
 vertex -0.198083 -2.18557e-11 -0.0168875
 vertex -0.178567 -0.000125 -0.0169165
 vertex -0.178583 -2.18557e-11 -0.0168875
 endloop
endfacet
facet normal 0 0 0
 outer loop
 vertex -0.1981 -0.000125 -0.0169165
 vertex -0.198146 -0.000216506 -0.0169957
 vertex -0.178521 -0.000216506 -0.0169957
 endloop
endfacet
facet normal 0 0 0
 outer loop
 vertex -0.1981 -0.000125 -0.0169165
 vertex -0.178521 -0.000216506 -0.0169957
 vertex -0.178567 -0.000125 -0.0169165
 endloop
endfacet
facet normal 0 0 0
 outer loop
 vertex -0.198146 -0.000216506 -0.0169957
 vertex -0.198208 -0.00025 -0.017104
 vertex -0.178458 -0.00025 -0.017104
 endloop
endfacet
facet normal 0 0 0
 outer loop
 vertex -0.198146 -0.000216506 -0.0169957
 vertex -0.178458 -0.00025 -0.017104
 vertex -0.178521 -0.000216506 -0.0169957
 endloop
endfacet
facet normal 0 0 0
 outer loop
 vertex -0.198208 -0.00025 -0.017104
 vertex -0.198271 -0.000216506 -0.0172123
 vertex -0.178396 -0.000216506 -0.0172123
 endloop
endfacet
facet normal 0 0 0
 outer loop
 vertex -0.198208 -0.00025 -0.017104
 vertex -0.178396 -0.000216506 -0.0172123
 vertex -0.178458 -0.00025 -0.017104
 endloop
endfacet
facet normal 0 0 0
 outer loop
 vertex -0.198271 -0.000216506 -0.0172123
 vertex -0.198317 -0.000125 -0.0172915
 vertex -0.17835 -0.000125 -0.0172915
 endloop
endfacet
facet normal 0 0 0
 outer loop
 vertex -0.198271 -0.000216506 -0.0172123
 vertex -0.17835 -0.000125 -0.0172915
 vertex -0.178396 -0.000216506 -0.0172123
 endloop
endfacet
facet normal 0 0 0
 outer loop
 vertex -0.198317 -0.000125 -0.0172915
 vertex -0.198333 4.37113e-11 -0.0173205
 vertex -0.178333 4.37113e-11 -0.0173205
 endloop
endfacet
facet normal 0 0 0
 outer loop
 vertex -0.198317 -0.000125 -0.0172915
 vertex -0.178333 4.37113e-11 -0.0173205
 vertex -0.17835 -0.000125 -0.0172915
 endloop
endfacet
facet normal 0 0 0
 outer loop
 vertex -0.178333 0 -0.0173205
 vertex -0.17835 0.000125 -0.0172915
 vertex -0.168367 0.000125 3.49105e-09
 endloop
endfacet
facet normal 0 0 0
 outer loop
 vertex -0.178333 0 -0.0173205
 vertex -0.168367 0.000125 3.49105e-09
 vertex -0.168333 0 3.49691e-09
 endloop
endfacet
facet normal 0 0 0
 outer loop
 vertex -0.17835 0.000125 -0.0172915
 vertex -0.178396 0.000216506 -0.0172123
 vertex -0.168458 0.000216506 3.47506e-09
 endloop
endfacet
facet normal 0 0 0
 outer loop
 vertex -0.17835 0.000125 -0.0172915
 vertex -0.168458 0.000216506 3.47506e-09
 vertex -0.168367 0.000125 3.49105e-09
 endloop
endfacet
facet normal 0 0 0
 outer loop
 vertex -0.178396 0.000216506 -0.0172123
 vertex -0.178458 0.00025 -0.017104
 vertex -0.168583 0.00025 3.4532e-09
 endloop
endfacet
facet normal 0 0 0
 outer loop
 vertex -0.178396 0.000216506 -0.0172123
 vertex -0.168583 0.00025 3.4532e-09
 vertex -0.168458 0.000216506 3.47506e-09
 endloop
endfacet
facet normal 0 0 0
 outer loop
 vertex -0.178458 0.00025 -0.017104
 vertex -0.178521 0.000216506 -0.0169957
 vertex -0.168708 0.000216506 3.43134e-09
 endloop
endfacet
facet normal 0 0 0
 outer loop
 vertex -0.178458 0.00025 -0.017104
 vertex -0.168708 0.000216506 3.43134e-09
 vertex -0.168583 0.00025 3.4532e-09
 endloop
endfacet
facet normal 0 0 0
 outer loop
 vertex -0.178521 0.000216506 -0.0169957
 vertex -0.178567 0.000125 -0.0169165
 vertex -0.1688 0.000125 3.41534e-09
 endloop
endfacet
facet normal 0 0 0
 outer loop
 vertex -0.178521 0.000216506 -0.0169957
 vertex -0.1688 0.000125 3.41534e-09
 vertex -0.168708 0.000216506 3.43134e-09
 endloop
endfacet
facet normal 0 0 0
 outer loop
 vertex -0.178567 0.000125 -0.0169165
 vertex -0.178583 -2.18557e-11 -0.0168875
 vertex -0.168833 -2.18557e-11 3.40949e-09
 endloop
endfacet
facet normal 0 0 0
 outer loop
 vertex -0.178567 0.000125 -0.0169165
 vertex -0.168833 -2.18557e-11 3.40949e-09
 vertex -0.1688 0.000125 3.41534e-09
 endloop
endfacet
facet normal 0 0 0
 outer loop
 vertex -0.178583 -2.18557e-11 -0.0168875
 vertex -0.178567 -0.000125 -0.0169165
 vertex -0.1688 -0.000125 3.41534e-09
 endloop
endfacet
facet normal 0 0 0
 outer loop
 vertex -0.178583 -2.18557e-11 -0.0168875
 vertex -0.1688 -0.000125 3.41534e-09
 vertex -0.168833 -2.18557e-11 3.40949e-09
 endloop
endfacet
facet normal 0 0 0
 outer loop
 vertex -0.178567 -0.000125 -0.0169165
 vertex -0.178521 -0.000216506 -0.0169957
 vertex -0.168708 -0.000216506 3.43134e-09
 endloop
endfacet
facet normal 0 0 0
 outer loop
 vertex -0.178567 -0.000125 -0.0169165
 vertex -0.168708 -0.000216506 3.43134e-09
 vertex -0.1688 -0.000125 3.41534e-09
 endloop
endfacet
facet normal 0 0 0
 outer loop
 vertex -0.178521 -0.000216506 -0.0169957
 vertex -0.178458 -0.00025 -0.017104
 vertex -0.168583 -0.00025 3.4532e-09
 endloop
endfacet
facet normal 0 0 0
 outer loop
 vertex -0.178521 -0.000216506 -0.0169957
 vertex -0.168583 -0.00025 3.4532e-09
 vertex -0.168708 -0.000216506 3.43134e-09
 endloop
endfacet
facet normal 0 0 0
 outer loop
 vertex -0.178458 -0.00025 -0.017104
 vertex -0.178396 -0.000216506 -0.0172123
 vertex -0.168458 -0.000216506 3.47506e-09
 endloop
endfacet
facet normal 0 0 0
 outer loop
 vertex -0.178458 -0.00025 -0.017104
 vertex -0.168458 -0.000216506 3.47506e-09
 vertex -0.168583 -0.00025 3.4532e-09
 endloop
endfacet
facet normal 0 0 0
 outer loop
 vertex -0.178396 -0.000216506 -0.0172123
 vertex -0.17835 -0.000125 -0.0172915
 vertex -0.168367 -0.000125 3.49105e-09
 endloop
endfacet
facet normal 0 0 0
 outer loop
 vertex -0.178396 -0.000216506 -0.0172123
 vertex -0.168367 -0.000125 3.49105e-09
 vertex -0.168458 -0.000216506 3.47506e-09
 endloop
endfacet
facet normal 0 0 0
 outer loop
 vertex -0.17835 -0.000125 -0.0172915
 vertex -0.178333 4.37113e-11 -0.0173205
 vertex -0.168333 4.37113e-11 3.49691e-09
 endloop
endfacet
facet normal 0 0 0
 outer loop
 vertex -0.17835 -0.000125 -0.0172915
 vertex -0.168333 4.37113e-11 3.49691e-09
 vertex -0.168367 -0.000125 3.49105e-09
 endloop
endfacet
facet normal 0 0 0
 outer loop
 vertex -0.151667 0 0
 vertex -0.1517 0.000125 0
 vertex -0.161683 0.000125 0.0172915
 endloop
endfacet
facet normal 0 0 0
 outer loop
 vertex -0.151667 0 0
 vertex -0.161683 0.000125 0.0172915
 vertex -0.161667 0 0.0173205
 endloop
endfacet
facet normal 0 0 0
 outer loop
 vertex -0.1517 0.000125 0
 vertex -0.151792 0.000216506 0
 vertex -0.161729 0.000216506 0.0172123
 endloop
endfacet
facet normal 0 0 0
 outer loop
 vertex -0.1517 0.000125 0
 vertex -0.161729 0.000216506 0.0172123
 vertex -0.161683 0.000125 0.0172915
 endloop
endfacet
facet normal 0 0 0
 outer loop
 vertex -0.151792 0.000216506 0
 vertex -0.151917 0.00025 0
 vertex -0.161792 0.00025 0.017104
 endloop
endfacet
facet normal 0 0 0
 outer loop
 vertex -0.151792 0.000216506 0
 vertex -0.161792 0.00025 0.017104
 vertex -0.161729 0.000216506 0.0172123
 endloop
endfacet
facet normal 0 0 0
 outer loop
 vertex -0.151917 0.00025 0
 vertex -0.152042 0.000216506 0
 vertex -0.161854 0.000216506 0.0169957
 endloop
endfacet
facet normal 0 0 0
 outer loop
 vertex -0.151917 0.00025 0
 vertex -0.161854 0.000216506 0.0169957
 vertex -0.161792 0.00025 0.017104
 endloop
endfacet
facet normal 0 0 0
 outer loop
 vertex -0.152042 0.000216506 0
 vertex -0.152133 0.000125 0
 vertex -0.1619 0.000125 0.0169165
 endloop
endfacet
facet normal 0 0 0
 outer loop
 vertex -0.152042 0.000216506 0
 vertex -0.1619 0.000125 0.0169165
 vertex -0.161854 0.000216506 0.0169957
 endloop
endfacet
facet normal 0 0 0
 outer loop
 vertex -0.152133 0.000125 0
 vertex -0.152167 -2.18557e-11 0
 vertex -0.161917 -2.18557e-11 0.0168875
 endloop
endfacet
facet normal 0 0 0
 outer loop
 vertex -0.152133 0.000125 0
 vertex -0.161917 -2.18557e-11 0.0168875
 vertex -0.1619 0.000125 0.0169165
 endloop
endfacet
facet normal 0 0 0
 outer loop
 vertex -0.152167 -2.18557e-11 0
 vertex -0.152133 -0.000125 0
 vertex -0.1619 -0.000125 0.0169165
 endloop
endfacet
facet normal 0 0 0
 outer loop
 vertex -0.152167 -2.18557e-11 0
 vertex -0.1619 -0.000125 0.0169165
 vertex -0.161917 -2.18557e-11 0.0168875
 endloop
endfacet
facet normal 0 0 0
 outer loop
 vertex -0.152133 -0.000125 0
 vertex -0.152042 -0.000216506 0
 vertex -0.161854 -0.000216506 0.0169957
 endloop
endfacet
facet normal 0 0 0
 outer loop
 vertex -0.152133 -0.000125 0
 vertex -0.161854 -0.000216506 0.0169957
 vertex -0.1619 -0.000125 0.0169165
 endloop
endfacet
facet normal 0 0 0
 outer loop
 vertex -0.152042 -0.000216506 0
 vertex -0.151917 -0.00025 0
 vertex -0.161792 -0.00025 0.017104
 endloop
endfacet
facet normal 0 0 0
 outer loop
 vertex -0.152042 -0.000216506 0
 vertex -0.161792 -0.00025 0.017104
 vertex -0.161854 -0.000216506 0.0169957
 endloop
endfacet
facet normal 0 0 0
 outer loop
 vertex -0.151917 -0.00025 0
 vertex -0.151792 -0.000216506 0
 vertex -0.161729 -0.000216506 0.0172123
 endloop
endfacet
facet normal 0 0 0
 outer loop
 vertex -0.151917 -0.00025 0
 vertex -0.161729 -0.000216506 0.0172123
 vertex -0.161792 -0.00025 0.017104
 endloop
endfacet
facet normal 0 0 0
 outer loop
 vertex -0.151792 -0.000216506 0
 vertex -0.1517 -0.000125 0
 vertex -0.161683 -0.000125 0.0172915
 endloop
endfacet
facet normal 0 0 0
 outer loop
 vertex -0.151792 -0.000216506 0
 vertex -0.161683 -0.000125 0.0172915
 vertex -0.161729 -0.000216506 0.0172123
 endloop
endfacet
facet normal 0 0 0
 outer loop
 vertex -0.1517 -0.000125 0
 vertex -0.151667 4.37113e-11 0
 vertex -0.161667 4.37113e-11 0.0173205
 endloop
endfacet
facet normal 0 0 0
 outer loop
 vertex -0.1517 -0.000125 0
 vertex -0.161667 4.37113e-11 0.0173205
 vertex -0.161683 -0.000125 0.0172915
 endloop
endfacet
facet normal 0 0 0
 outer loop
 vertex -0.161667 0 0.0173205
 vertex -0.161683 0.000125 0.0172915
 vertex -0.18165 0.000125 0.0172915
 endloop
endfacet
facet normal 0 0 0
 outer loop
 vertex -0.161667 0 0.0173205
 vertex -0.18165 0.000125 0.0172915
 vertex -0.181667 0 0.0173205
 endloop
endfacet
facet normal 0 0 0
 outer loop
 vertex -0.161683 0.000125 0.0172915
 vertex -0.161729 0.000216506 0.0172123
 vertex -0.181604 0.000216506 0.0172123
 endloop
endfacet
facet normal 0 0 0
 outer loop
 vertex -0.161683 0.000125 0.0172915
 vertex -0.181604 0.000216506 0.0172123
 vertex -0.18165 0.000125 0.0172915
 endloop
endfacet
facet normal 0 0 0
 outer loop
 vertex -0.161729 0.000216506 0.0172123
 vertex -0.161792 0.00025 0.017104
 vertex -0.181542 0.00025 0.017104
 endloop
endfacet
facet normal 0 0 0
 outer loop
 vertex -0.161729 0.000216506 0.0172123
 vertex -0.181542 0.00025 0.017104
 vertex -0.181604 0.000216506 0.0172123
 endloop
endfacet
facet normal 0 0 0
 outer loop
 vertex -0.161792 0.00025 0.017104
 vertex -0.161854 0.000216506 0.0169957
 vertex -0.181479 0.000216506 0.0169957
 endloop
endfacet
facet normal 0 0 0
 outer loop
 vertex -0.161792 0.00025 0.017104
 vertex -0.181479 0.000216506 0.0169957
 vertex -0.181542 0.00025 0.017104
 endloop
endfacet
facet normal 0 0 0
 outer loop
 vertex -0.161854 0.000216506 0.0169957
 vertex -0.1619 0.000125 0.0169165
 vertex -0.181433 0.000125 0.0169165
 endloop
endfacet
facet normal 0 0 0
 outer loop
 vertex -0.161854 0.000216506 0.0169957
 vertex -0.181433 0.000125 0.0169165
 vertex -0.181479 0.000216506 0.0169957
 endloop
endfacet
facet normal 0 0 0
 outer loop
 vertex -0.1619 0.000125 0.0169165
 vertex -0.161917 -2.18557e-11 0.0168875
 vertex -0.181417 -2.18557e-11 0.0168875
 endloop
endfacet
facet normal 0 0 0
 outer loop
 vertex -0.1619 0.000125 0.0169165
 vertex -0.181417 -2.18557e-11 0.0168875
 vertex -0.181433 0.000125 0.0169165
 endloop
endfacet
facet normal 0 0 0
 outer loop
 vertex -0.161917 -2.18557e-11 0.0168875
 vertex -0.1619 -0.000125 0.0169165
 vertex -0.181433 -0.000125 0.0169165
 endloop
endfacet
facet normal 0 0 0
 outer loop
 vertex -0.161917 -2.18557e-11 0.0168875
 vertex -0.181433 -0.000125 0.0169165
 vertex -0.181417 -2.18557e-11 0.0168875
 endloop
endfacet
facet normal 0 0 0
 outer loop
 vertex -0.1619 -0.000125 0.0169165
 vertex -0.161854 -0.000216506 0.0169957
 vertex -0.181479 -0.000216506 0.0169957
 endloop
endfacet
facet normal 0 0 0
 outer loop
 vertex -0.1619 -0.000125 0.0169165
 vertex -0.181479 -0.000216506 0.0169957
 vertex -0.181433 -0.000125 0.0169165
 endloop
endfacet
facet normal 0 0 0
 outer loop
 vertex -0.161854 -0.000216506 0.0169957
 vertex -0.161792 -0.00025 0.017104
 vertex -0.181542 -0.00025 0.017104
 endloop
endfacet
facet normal 0 0 0
 outer loop
 vertex -0.161854 -0.000216506 0.0169957
 vertex -0.181542 -0.00025 0.017104
 vertex -0.181479 -0.000216506 0.0169957
 endloop
endfacet
facet normal 0 0 0
 outer loop
 vertex -0.161792 -0.00025 0.017104
 vertex -0.161729 -0.000216506 0.0172123
 vertex -0.181604 -0.000216506 0.0172123
 endloop
endfacet
facet normal 0 0 0
 outer loop
 vertex -0.161792 -0.00025 0.017104
 vertex -0.181604 -0.000216506 0.0172123
 vertex -0.181542 -0.00025 0.017104
 endloop
endfacet
facet normal 0 0 0
 outer loop
 vertex -0.161729 -0.000216506 0.0172123
 vertex -0.161683 -0.000125 0.0172915
 vertex -0.18165 -0.000125 0.0172915
 endloop
endfacet
facet normal 0 0 0
 outer loop
 vertex -0.161729 -0.000216506 0.0172123
 vertex -0.18165 -0.000125 0.0172915
 vertex -0.181604 -0.000216506 0.0172123
 endloop
endfacet
facet normal 0 0 0
 outer loop
 vertex -0.161683 -0.000125 0.0172915
 vertex -0.161667 4.37113e-11 0.0173205
 vertex -0.181667 4.37113e-11 0.0173205
 endloop
endfacet
facet normal 0 0 0
 outer loop
 vertex -0.161683 -0.000125 0.0172915
 vertex -0.181667 4.37113e-11 0.0173205
 vertex -0.18165 -0.000125 0.0172915
 endloop
endfacet
facet normal 0 0 0
 outer loop
 vertex -0.181667 0 0.0173205
 vertex -0.18165 0.000125 0.0172915
 vertex -0.191633 0.000125 -1.74553e-09
 endloop
endfacet
facet normal 0 0 0
 outer loop
 vertex -0.181667 0 0.0173205
 vertex -0.191633 0.000125 -1.74553e-09
 vertex -0.191667 0 -1.74846e-09
 endloop
endfacet
facet normal 0 0 0
 outer loop
 vertex -0.18165 0.000125 0.0172915
 vertex -0.181604 0.000216506 0.0172123
 vertex -0.191542 0.000216506 -1.73753e-09
 endloop
endfacet
facet normal 0 0 0
 outer loop
 vertex -0.18165 0.000125 0.0172915
 vertex -0.191542 0.000216506 -1.73753e-09
 vertex -0.191633 0.000125 -1.74553e-09
 endloop
endfacet
facet normal 0 0 0
 outer loop
 vertex -0.181604 0.000216506 0.0172123
 vertex -0.181542 0.00025 0.017104
 vertex -0.191417 0.00025 -1.7266e-09
 endloop
endfacet
facet normal 0 0 0
 outer loop
 vertex -0.181604 0.000216506 0.0172123
 vertex -0.191417 0.00025 -1.7266e-09
 vertex -0.191542 0.000216506 -1.73753e-09
 endloop
endfacet
facet normal 0 0 0
 outer loop
 vertex -0.181542 0.00025 0.017104
 vertex -0.181479 0.000216506 0.0169957
 vertex -0.191292 0.000216506 -1.71567e-09
 endloop
endfacet
facet normal 0 0 0
 outer loop
 vertex -0.181542 0.00025 0.017104
 vertex -0.191292 0.000216506 -1.71567e-09
 vertex -0.191417 0.00025 -1.7266e-09
 endloop
endfacet
facet normal 0 0 0
 outer loop
 vertex -0.181479 0.000216506 0.0169957
 vertex -0.181433 0.000125 0.0169165
 vertex -0.1912 0.000125 -1.70767e-09
 endloop
endfacet
facet normal 0 0 0
 outer loop
 vertex -0.181479 0.000216506 0.0169957
 vertex -0.1912 0.000125 -1.70767e-09
 vertex -0.191292 0.000216506 -1.71567e-09
 endloop
endfacet
facet normal 0 0 0
 outer loop
 vertex -0.181433 0.000125 0.0169165
 vertex -0.181417 -2.18557e-11 0.0168875
 vertex -0.191167 -2.18557e-11 -1.70474e-09
 endloop
endfacet
facet normal 0 0 0
 outer loop
 vertex -0.181433 0.000125 0.0169165
 vertex -0.191167 -2.18557e-11 -1.70474e-09
 vertex -0.1912 0.000125 -1.70767e-09
 endloop
endfacet
facet normal 0 0 0
 outer loop
 vertex -0.181417 -2.18557e-11 0.0168875
 vertex -0.181433 -0.000125 0.0169165
 vertex -0.1912 -0.000125 -1.70767e-09
 endloop
endfacet
facet normal 0 0 0
 outer loop
 vertex -0.181417 -2.18557e-11 0.0168875
 vertex -0.1912 -0.000125 -1.70767e-09
 vertex -0.191167 -2.18557e-11 -1.70474e-09
 endloop
endfacet
facet normal 0 0 0
 outer loop
 vertex -0.181433 -0.000125 0.0169165
 vertex -0.181479 -0.000216506 0.0169957
 vertex -0.191292 -0.000216506 -1.71567e-09
 endloop
endfacet
facet normal 0 0 0
 outer loop
 vertex -0.181433 -0.000125 0.0169165
 vertex -0.191292 -0.000216506 -1.71567e-09
 vertex -0.1912 -0.000125 -1.70767e-09
 endloop
endfacet
facet normal 0 0 0
 outer loop
 vertex -0.181479 -0.000216506 0.0169957
 vertex -0.181542 -0.00025 0.017104
 vertex -0.191417 -0.00025 -1.7266e-09
 endloop
endfacet
facet normal 0 0 0
 outer loop
 vertex -0.181479 -0.000216506 0.0169957
 vertex -0.191417 -0.00025 -1.7266e-09
 vertex -0.191292 -0.000216506 -1.71567e-09
 endloop
endfacet
facet normal 0 0 0
 outer loop
 vertex -0.181542 -0.00025 0.017104
 vertex -0.181604 -0.000216506 0.0172123
 vertex -0.191542 -0.000216506 -1.73753e-09
 endloop
endfacet
facet normal 0 0 0
 outer loop
 vertex -0.181542 -0.00025 0.017104
 vertex -0.191542 -0.000216506 -1.73753e-09
 vertex -0.191417 -0.00025 -1.7266e-09
 endloop
endfacet
facet normal 0 0 0
 outer loop
 vertex -0.181604 -0.000216506 0.0172123
 vertex -0.18165 -0.000125 0.0172915
 vertex -0.191633 -0.000125 -1.74553e-09
 endloop
endfacet
facet normal 0 0 0
 outer loop
 vertex -0.181604 -0.000216506 0.0172123
 vertex -0.191633 -0.000125 -1.74553e-09
 vertex -0.191542 -0.000216506 -1.73753e-09
 endloop
endfacet
facet normal 0 0 0
 outer loop
 vertex -0.18165 -0.000125 0.0172915
 vertex -0.181667 4.37113e-11 0.0173205
 vertex -0.191667 4.37113e-11 -1.74846e-09
 endloop
endfacet
facet normal 0 0 0
 outer loop
 vertex -0.18165 -0.000125 0.0172915
 vertex -0.191667 4.37113e-11 -1.74846e-09
 vertex -0.191633 -0.000125 -1.74553e-09
 endloop
endfacet
facet normal 0 0 0
 outer loop
 vertex -0.191667 0 -1.74846e-09
 vertex -0.191633 0.000125 -1.74553e-09
 vertex -0.18165 0.000125 -0.0172915
 endloop
endfacet
facet normal 0 0 0
 outer loop
 vertex -0.191667 0 -1.74846e-09
 vertex -0.18165 0.000125 -0.0172915
 vertex -0.181667 0 -0.0173205
 endloop
endfacet
facet normal 0 0 0
 outer loop
 vertex -0.191633 0.000125 -1.74553e-09
 vertex -0.191542 0.000216506 -1.73753e-09
 vertex -0.181604 0.000216506 -0.0172123
 endloop
endfacet
facet normal 0 0 0
 outer loop
 vertex -0.191633 0.000125 -1.74553e-09
 vertex -0.181604 0.000216506 -0.0172123
 vertex -0.18165 0.000125 -0.0172915
 endloop
endfacet
facet normal 0 0 0
 outer loop
 vertex -0.191542 0.000216506 -1.73753e-09
 vertex -0.191417 0.00025 -1.7266e-09
 vertex -0.181542 0.00025 -0.017104
 endloop
endfacet
facet normal 0 0 0
 outer loop
 vertex -0.191542 0.000216506 -1.73753e-09
 vertex -0.181542 0.00025 -0.017104
 vertex -0.181604 0.000216506 -0.0172123
 endloop
endfacet
facet normal 0 0 0
 outer loop
 vertex -0.191417 0.00025 -1.7266e-09
 vertex -0.191292 0.000216506 -1.71567e-09
 vertex -0.181479 0.000216506 -0.0169957
 endloop
endfacet
facet normal 0 0 0
 outer loop
 vertex -0.191417 0.00025 -1.7266e-09
 vertex -0.181479 0.000216506 -0.0169957
 vertex -0.181542 0.00025 -0.017104
 endloop
endfacet
facet normal 0 0 0
 outer loop
 vertex -0.191292 0.000216506 -1.71567e-09
 vertex -0.1912 0.000125 -1.70767e-09
 vertex -0.181433 0.000125 -0.0169165
 endloop
endfacet
facet normal 0 0 0
 outer loop
 vertex -0.191292 0.000216506 -1.71567e-09
 vertex -0.181433 0.000125 -0.0169165
 vertex -0.181479 0.000216506 -0.0169957
 endloop
endfacet
facet normal 0 0 0
 outer loop
 vertex -0.1912 0.000125 -1.70767e-09
 vertex -0.191167 -2.18557e-11 -1.70474e-09
 vertex -0.181417 -2.18557e-11 -0.0168875
 endloop
endfacet
facet normal 0 0 0
 outer loop
 vertex -0.1912 0.000125 -1.70767e-09
 vertex -0.181417 -2.18557e-11 -0.0168875
 vertex -0.181433 0.000125 -0.0169165
 endloop
endfacet
facet normal 0 0 0
 outer loop
 vertex -0.191167 -2.18557e-11 -1.70474e-09
 vertex -0.1912 -0.000125 -1.70767e-09
 vertex -0.181433 -0.000125 -0.0169165
 endloop
endfacet
facet normal 0 0 0
 outer loop
 vertex -0.191167 -2.18557e-11 -1.70474e-09
 vertex -0.181433 -0.000125 -0.0169165
 vertex -0.181417 -2.18557e-11 -0.0168875
 endloop
endfacet
facet normal 0 0 0
 outer loop
 vertex -0.1912 -0.000125 -1.70767e-09
 vertex -0.191292 -0.000216506 -1.71567e-09
 vertex -0.181479 -0.000216506 -0.0169957
 endloop
endfacet
facet normal 0 0 0
 outer loop
 vertex -0.1912 -0.000125 -1.70767e-09
 vertex -0.181479 -0.000216506 -0.0169957
 vertex -0.181433 -0.000125 -0.0169165
 endloop
endfacet
facet normal 0 0 0
 outer loop
 vertex -0.191292 -0.000216506 -1.71567e-09
 vertex -0.191417 -0.00025 -1.7266e-09
 vertex -0.181542 -0.00025 -0.017104
 endloop
endfacet
facet normal 0 0 0
 outer loop
 vertex -0.191292 -0.000216506 -1.71567e-09
 vertex -0.181542 -0.00025 -0.017104
 vertex -0.181479 -0.000216506 -0.0169957
 endloop
endfacet
facet normal 0 0 0
 outer loop
 vertex -0.191417 -0.00025 -1.7266e-09
 vertex -0.191542 -0.000216506 -1.73753e-09
 vertex -0.181604 -0.000216506 -0.0172123
 endloop
endfacet
facet normal 0 0 0
 outer loop
 vertex -0.191417 -0.00025 -1.7266e-09
 vertex -0.181604 -0.000216506 -0.0172123
 vertex -0.181542 -0.00025 -0.017104
 endloop
endfacet
facet normal 0 0 0
 outer loop
 vertex -0.191542 -0.000216506 -1.73753e-09
 vertex -0.191633 -0.000125 -1.74553e-09
 vertex -0.18165 -0.000125 -0.0172915
 endloop
endfacet
facet normal 0 0 0
 outer loop
 vertex -0.191542 -0.000216506 -1.73753e-09
 vertex -0.18165 -0.000125 -0.0172915
 vertex -0.181604 -0.000216506 -0.0172123
 endloop
endfacet
facet normal 0 0 0
 outer loop
 vertex -0.191633 -0.000125 -1.74553e-09
 vertex -0.191667 4.37113e-11 -1.74846e-09
 vertex -0.181667 4.37113e-11 -0.0173205
 endloop
endfacet
facet normal 0 0 0
 outer loop
 vertex -0.191633 -0.000125 -1.74553e-09
 vertex -0.181667 4.37113e-11 -0.0173205
 vertex -0.18165 -0.000125 -0.0172915
 endloop
endfacet
facet normal 0 0 0
 outer loop
 vertex -0.181667 0 -0.0173205
 vertex -0.18165 0.000125 -0.0172915
 vertex -0.161683 0.000125 -0.0172915
 endloop
endfacet
facet normal 0 0 0
 outer loop
 vertex -0.181667 0 -0.0173205
 vertex -0.161683 0.000125 -0.0172915
 vertex -0.161667 0 -0.0173205
 endloop
endfacet
facet normal 0 0 0
 outer loop
 vertex -0.18165 0.000125 -0.0172915
 vertex -0.181604 0.000216506 -0.0172123
 vertex -0.161729 0.000216506 -0.0172123
 endloop
endfacet
facet normal 0 0 0
 outer loop
 vertex -0.18165 0.000125 -0.0172915
 vertex -0.161729 0.000216506 -0.0172123
 vertex -0.161683 0.000125 -0.0172915
 endloop
endfacet
facet normal 0 0 0
 outer loop
 vertex -0.181604 0.000216506 -0.0172123
 vertex -0.181542 0.00025 -0.017104
 vertex -0.161792 0.00025 -0.017104
 endloop
endfacet
facet normal 0 0 0
 outer loop
 vertex -0.181604 0.000216506 -0.0172123
 vertex -0.161792 0.00025 -0.017104
 vertex -0.161729 0.000216506 -0.0172123
 endloop
endfacet
facet normal 0 0 0
 outer loop
 vertex -0.181542 0.00025 -0.017104
 vertex -0.181479 0.000216506 -0.0169957
 vertex -0.161854 0.000216506 -0.0169957
 endloop
endfacet
facet normal 0 0 0
 outer loop
 vertex -0.181542 0.00025 -0.017104
 vertex -0.161854 0.000216506 -0.0169957
 vertex -0.161792 0.00025 -0.017104
 endloop
endfacet
facet normal 0 0 0
 outer loop
 vertex -0.181479 0.000216506 -0.0169957
 vertex -0.181433 0.000125 -0.0169165
 vertex -0.1619 0.000125 -0.0169165
 endloop
endfacet
facet normal 0 0 0
 outer loop
 vertex -0.181479 0.000216506 -0.0169957
 vertex -0.1619 0.000125 -0.0169165
 vertex -0.161854 0.000216506 -0.0169957
 endloop
endfacet
facet normal 0 0 0
 outer loop
 vertex -0.181433 0.000125 -0.0169165
 vertex -0.181417 -2.18557e-11 -0.0168875
 vertex -0.161917 -2.18557e-11 -0.0168875
 endloop
endfacet
facet normal 0 0 0
 outer loop
 vertex -0.181433 0.000125 -0.0169165
 vertex -0.161917 -2.18557e-11 -0.0168875
 vertex -0.1619 0.000125 -0.0169165
 endloop
endfacet
facet normal 0 0 0
 outer loop
 vertex -0.181417 -2.18557e-11 -0.0168875
 vertex -0.181433 -0.000125 -0.0169165
 vertex -0.1619 -0.000125 -0.0169165
 endloop
endfacet
facet normal 0 0 0
 outer loop
 vertex -0.181417 -2.18557e-11 -0.0168875
 vertex -0.1619 -0.000125 -0.0169165
 vertex -0.161917 -2.18557e-11 -0.0168875
 endloop
endfacet
facet normal 0 0 0
 outer loop
 vertex -0.181433 -0.000125 -0.0169165
 vertex -0.181479 -0.000216506 -0.0169957
 vertex -0.161854 -0.000216506 -0.0169957
 endloop
endfacet
facet normal 0 0 0
 outer loop
 vertex -0.181433 -0.000125 -0.0169165
 vertex -0.161854 -0.000216506 -0.0169957
 vertex -0.1619 -0.000125 -0.0169165
 endloop
endfacet
facet normal 0 0 0
 outer loop
 vertex -0.181479 -0.000216506 -0.0169957
 vertex -0.181542 -0.00025 -0.017104
 vertex -0.161792 -0.00025 -0.017104
 endloop
endfacet
facet normal 0 0 0
 outer loop
 vertex -0.181479 -0.000216506 -0.0169957
 vertex -0.161792 -0.00025 -0.017104
 vertex -0.161854 -0.000216506 -0.0169957
 endloop
endfacet
facet normal 0 0 0
 outer loop
 vertex -0.181542 -0.00025 -0.017104
 vertex -0.181604 -0.000216506 -0.0172123
 vertex -0.161729 -0.000216506 -0.0172123
 endloop
endfacet
facet normal 0 0 0
 outer loop
 vertex -0.181542 -0.00025 -0.017104
 vertex -0.161729 -0.000216506 -0.0172123
 vertex -0.161792 -0.00025 -0.017104
 endloop
endfacet
facet normal 0 0 0
 outer loop
 vertex -0.181604 -0.000216506 -0.0172123
 vertex -0.18165 -0.000125 -0.0172915
 vertex -0.161683 -0.000125 -0.0172915
 endloop
endfacet
facet normal 0 0 0
 outer loop
 vertex -0.181604 -0.000216506 -0.0172123
 vertex -0.161683 -0.000125 -0.0172915
 vertex -0.161729 -0.000216506 -0.0172123
 endloop
endfacet
facet normal 0 0 0
 outer loop
 vertex -0.18165 -0.000125 -0.0172915
 vertex -0.181667 4.37113e-11 -0.0173205
 vertex -0.161667 4.37113e-11 -0.0173205
 endloop
endfacet
facet normal 0 0 0
 outer loop
 vertex -0.18165 -0.000125 -0.0172915
 vertex -0.161667 4.37113e-11 -0.0173205
 vertex -0.161683 -0.000125 -0.0172915
 endloop
endfacet
facet normal 0 0 0
 outer loop
 vertex -0.161667 0 -0.0173205
 vertex -0.161683 0.000125 -0.0172915
 vertex -0.1517 0.000125 3.49105e-09
 endloop
endfacet
facet normal 0 0 0
 outer loop
 vertex -0.161667 0 -0.0173205
 vertex -0.1517 0.000125 3.49105e-09
 vertex -0.151667 0 3.49691e-09
 endloop
endfacet
facet normal 0 0 0
 outer loop
 vertex -0.161683 0.000125 -0.0172915
 vertex -0.161729 0.000216506 -0.0172123
 vertex -0.151792 0.000216506 3.47506e-09
 endloop
endfacet
facet normal 0 0 0
 outer loop
 vertex -0.161683 0.000125 -0.0172915
 vertex -0.151792 0.000216506 3.47506e-09
 vertex -0.1517 0.000125 3.49105e-09
 endloop
endfacet
facet normal 0 0 0
 outer loop
 vertex -0.161729 0.000216506 -0.0172123
 vertex -0.161792 0.00025 -0.017104
 vertex -0.151917 0.00025 3.4532e-09
 endloop
endfacet
facet normal 0 0 0
 outer loop
 vertex -0.161729 0.000216506 -0.0172123
 vertex -0.151917 0.00025 3.4532e-09
 vertex -0.151792 0.000216506 3.47506e-09
 endloop
endfacet
facet normal 0 0 0
 outer loop
 vertex -0.161792 0.00025 -0.017104
 vertex -0.161854 0.000216506 -0.0169957
 vertex -0.152042 0.000216506 3.43134e-09
 endloop
endfacet
facet normal 0 0 0
 outer loop
 vertex -0.161792 0.00025 -0.017104
 vertex -0.152042 0.000216506 3.43134e-09
 vertex -0.151917 0.00025 3.4532e-09
 endloop
endfacet
facet normal 0 0 0
 outer loop
 vertex -0.161854 0.000216506 -0.0169957
 vertex -0.1619 0.000125 -0.0169165
 vertex -0.152133 0.000125 3.41534e-09
 endloop
endfacet
facet normal 0 0 0
 outer loop
 vertex -0.161854 0.000216506 -0.0169957
 vertex -0.152133 0.000125 3.41534e-09
 vertex -0.152042 0.000216506 3.43134e-09
 endloop
endfacet
facet normal 0 0 0
 outer loop
 vertex -0.1619 0.000125 -0.0169165
 vertex -0.161917 -2.18557e-11 -0.0168875
 vertex -0.152167 -2.18557e-11 3.40949e-09
 endloop
endfacet
facet normal 0 0 0
 outer loop
 vertex -0.1619 0.000125 -0.0169165
 vertex -0.152167 -2.18557e-11 3.40949e-09
 vertex -0.152133 0.000125 3.41534e-09
 endloop
endfacet
facet normal 0 0 0
 outer loop
 vertex -0.161917 -2.18557e-11 -0.0168875
 vertex -0.1619 -0.000125 -0.0169165
 vertex -0.152133 -0.000125 3.41534e-09
 endloop
endfacet
facet normal 0 0 0
 outer loop
 vertex -0.161917 -2.18557e-11 -0.0168875
 vertex -0.152133 -0.000125 3.41534e-09
 vertex -0.152167 -2.18557e-11 3.40949e-09
 endloop
endfacet
facet normal 0 0 0
 outer loop
 vertex -0.1619 -0.000125 -0.0169165
 vertex -0.161854 -0.000216506 -0.0169957
 vertex -0.152042 -0.000216506 3.43134e-09
 endloop
endfacet
facet normal 0 0 0
 outer loop
 vertex -0.1619 -0.000125 -0.0169165
 vertex -0.152042 -0.000216506 3.43134e-09
 vertex -0.152133 -0.000125 3.41534e-09
 endloop
endfacet
facet normal 0 0 0
 outer loop
 vertex -0.161854 -0.000216506 -0.0169957
 vertex -0.161792 -0.00025 -0.017104
 vertex -0.151917 -0.00025 3.4532e-09
 endloop
endfacet
facet normal 0 0 0
 outer loop
 vertex -0.161854 -0.000216506 -0.0169957
 vertex -0.151917 -0.00025 3.4532e-09
 vertex -0.152042 -0.000216506 3.43134e-09
 endloop
endfacet
facet normal 0 0 0
 outer loop
 vertex -0.161792 -0.00025 -0.017104
 vertex -0.161729 -0.000216506 -0.0172123
 vertex -0.151792 -0.000216506 3.47506e-09
 endloop
endfacet
facet normal 0 0 0
 outer loop
 vertex -0.161792 -0.00025 -0.017104
 vertex -0.151792 -0.000216506 3.47506e-09
 vertex -0.151917 -0.00025 3.4532e-09
 endloop
endfacet
facet normal 0 0 0
 outer loop
 vertex -0.161729 -0.000216506 -0.0172123
 vertex -0.161683 -0.000125 -0.0172915
 vertex -0.1517 -0.000125 3.49105e-09
 endloop
endfacet
facet normal 0 0 0
 outer loop
 vertex -0.161729 -0.000216506 -0.0172123
 vertex -0.1517 -0.000125 3.49105e-09
 vertex -0.151792 -0.000216506 3.47506e-09
 endloop
endfacet
facet normal 0 0 0
 outer loop
 vertex -0.161683 -0.000125 -0.0172915
 vertex -0.161667 4.37113e-11 -0.0173205
 vertex -0.151667 4.37113e-11 3.49691e-09
 endloop
endfacet
facet normal 0 0 0
 outer loop
 vertex -0.161683 -0.000125 -0.0172915
 vertex -0.151667 4.37113e-11 3.49691e-09
 vertex -0.1517 -0.000125 3.49105e-09
 endloop
endfacet
facet normal 0 0 0
 outer loop
 vertex -0.135 0 0
 vertex -0.135033 0.000125 0
 vertex -0.145017 0.000125 0.0172915
 endloop
endfacet
facet normal 0 0 0
 outer loop
 vertex -0.135 0 0
 vertex -0.145017 0.000125 0.0172915
 vertex -0.145 0 0.0173205
 endloop
endfacet
facet normal 0 0 0
 outer loop
 vertex -0.135033 0.000125 0
 vertex -0.135125 0.000216506 0
 vertex -0.145063 0.000216506 0.0172123
 endloop
endfacet
facet normal 0 0 0
 outer loop
 vertex -0.135033 0.000125 0
 vertex -0.145063 0.000216506 0.0172123
 vertex -0.145017 0.000125 0.0172915
 endloop
endfacet
facet normal 0 0 0
 outer loop
 vertex -0.135125 0.000216506 0
 vertex -0.13525 0.00025 0
 vertex -0.145125 0.00025 0.017104
 endloop
endfacet
facet normal 0 0 0
 outer loop
 vertex -0.135125 0.000216506 0
 vertex -0.145125 0.00025 0.017104
 vertex -0.145063 0.000216506 0.0172123
 endloop
endfacet
facet normal 0 0 0
 outer loop
 vertex -0.13525 0.00025 0
 vertex -0.135375 0.000216506 0
 vertex -0.145187 0.000216506 0.0169957
 endloop
endfacet
facet normal 0 0 0
 outer loop
 vertex -0.13525 0.00025 0
 vertex -0.145187 0.000216506 0.0169957
 vertex -0.145125 0.00025 0.017104
 endloop
endfacet
facet normal 0 0 0
 outer loop
 vertex -0.135375 0.000216506 0
 vertex -0.135467 0.000125 0
 vertex -0.145233 0.000125 0.0169165
 endloop
endfacet
facet normal 0 0 0
 outer loop
 vertex -0.135375 0.000216506 0
 vertex -0.145233 0.000125 0.0169165
 vertex -0.145187 0.000216506 0.0169957
 endloop
endfacet
facet normal 0 0 0
 outer loop
 vertex -0.135467 0.000125 0
 vertex -0.1355 -2.18557e-11 0
 vertex -0.14525 -2.18557e-11 0.0168875
 endloop
endfacet
facet normal 0 0 0
 outer loop
 vertex -0.135467 0.000125 0
 vertex -0.14525 -2.18557e-11 0.0168875
 vertex -0.145233 0.000125 0.0169165
 endloop
endfacet
facet normal 0 0 0
 outer loop
 vertex -0.1355 -2.18557e-11 0
 vertex -0.135467 -0.000125 0
 vertex -0.145233 -0.000125 0.0169165
 endloop
endfacet
facet normal 0 0 0
 outer loop
 vertex -0.1355 -2.18557e-11 0
 vertex -0.145233 -0.000125 0.0169165
 vertex -0.14525 -2.18557e-11 0.0168875
 endloop
endfacet
facet normal 0 0 0
 outer loop
 vertex -0.135467 -0.000125 0
 vertex -0.135375 -0.000216506 0
 vertex -0.145187 -0.000216506 0.0169957
 endloop
endfacet
facet normal 0 0 0
 outer loop
 vertex -0.135467 -0.000125 0
 vertex -0.145187 -0.000216506 0.0169957
 vertex -0.145233 -0.000125 0.0169165
 endloop
endfacet
facet normal 0 0 0
 outer loop
 vertex -0.135375 -0.000216506 0
 vertex -0.13525 -0.00025 0
 vertex -0.145125 -0.00025 0.017104
 endloop
endfacet
facet normal 0 0 0
 outer loop
 vertex -0.135375 -0.000216506 0
 vertex -0.145125 -0.00025 0.017104
 vertex -0.145187 -0.000216506 0.0169957
 endloop
endfacet
facet normal 0 0 0
 outer loop
 vertex -0.13525 -0.00025 0
 vertex -0.135125 -0.000216506 0
 vertex -0.145063 -0.000216506 0.0172123
 endloop
endfacet
facet normal 0 0 0
 outer loop
 vertex -0.13525 -0.00025 0
 vertex -0.145063 -0.000216506 0.0172123
 vertex -0.145125 -0.00025 0.017104
 endloop
endfacet
facet normal 0 0 0
 outer loop
 vertex -0.135125 -0.000216506 0
 vertex -0.135033 -0.000125 0
 vertex -0.145017 -0.000125 0.0172915
 endloop
endfacet
facet normal 0 0 0
 outer loop
 vertex -0.135125 -0.000216506 0
 vertex -0.145017 -0.000125 0.0172915
 vertex -0.145063 -0.000216506 0.0172123
 endloop
endfacet
facet normal 0 0 0
 outer loop
 vertex -0.135033 -0.000125 0
 vertex -0.135 4.37113e-11 0
 vertex -0.145 4.37113e-11 0.0173205
 endloop
endfacet
facet normal 0 0 0
 outer loop
 vertex -0.135033 -0.000125 0
 vertex -0.145 4.37113e-11 0.0173205
 vertex -0.145017 -0.000125 0.0172915
 endloop
endfacet
facet normal 0 0 0
 outer loop
 vertex -0.145 0 0.0173205
 vertex -0.145017 0.000125 0.0172915
 vertex -0.164983 0.000125 0.0172915
 endloop
endfacet
facet normal 0 0 0
 outer loop
 vertex -0.145 0 0.0173205
 vertex -0.164983 0.000125 0.0172915
 vertex -0.165 0 0.0173205
 endloop
endfacet
facet normal 0 0 0
 outer loop
 vertex -0.145017 0.000125 0.0172915
 vertex -0.145063 0.000216506 0.0172123
 vertex -0.164937 0.000216506 0.0172123
 endloop
endfacet
facet normal 0 0 0
 outer loop
 vertex -0.145017 0.000125 0.0172915
 vertex -0.164937 0.000216506 0.0172123
 vertex -0.164983 0.000125 0.0172915
 endloop
endfacet
facet normal 0 0 0
 outer loop
 vertex -0.145063 0.000216506 0.0172123
 vertex -0.145125 0.00025 0.017104
 vertex -0.164875 0.00025 0.017104
 endloop
endfacet
facet normal 0 0 0
 outer loop
 vertex -0.145063 0.000216506 0.0172123
 vertex -0.164875 0.00025 0.017104
 vertex -0.164937 0.000216506 0.0172123
 endloop
endfacet
facet normal 0 0 0
 outer loop
 vertex -0.145125 0.00025 0.017104
 vertex -0.145187 0.000216506 0.0169957
 vertex -0.164813 0.000216506 0.0169957
 endloop
endfacet
facet normal 0 0 0
 outer loop
 vertex -0.145125 0.00025 0.017104
 vertex -0.164813 0.000216506 0.0169957
 vertex -0.164875 0.00025 0.017104
 endloop
endfacet
facet normal 0 0 0
 outer loop
 vertex -0.145187 0.000216506 0.0169957
 vertex -0.145233 0.000125 0.0169165
 vertex -0.164767 0.000125 0.0169165
 endloop
endfacet
facet normal 0 0 0
 outer loop
 vertex -0.145187 0.000216506 0.0169957
 vertex -0.164767 0.000125 0.0169165
 vertex -0.164813 0.000216506 0.0169957
 endloop
endfacet
facet normal 0 0 0
 outer loop
 vertex -0.145233 0.000125 0.0169165
 vertex -0.14525 -2.18557e-11 0.0168875
 vertex -0.16475 -2.18557e-11 0.0168875
 endloop
endfacet
facet normal 0 0 0
 outer loop
 vertex -0.145233 0.000125 0.0169165
 vertex -0.16475 -2.18557e-11 0.0168875
 vertex -0.164767 0.000125 0.0169165
 endloop
endfacet
facet normal 0 0 0
 outer loop
 vertex -0.14525 -2.18557e-11 0.0168875
 vertex -0.145233 -0.000125 0.0169165
 vertex -0.164767 -0.000125 0.0169165
 endloop
endfacet
facet normal 0 0 0
 outer loop
 vertex -0.14525 -2.18557e-11 0.0168875
 vertex -0.164767 -0.000125 0.0169165
 vertex -0.16475 -2.18557e-11 0.0168875
 endloop
endfacet
facet normal 0 0 0
 outer loop
 vertex -0.145233 -0.000125 0.0169165
 vertex -0.145187 -0.000216506 0.0169957
 vertex -0.164813 -0.000216506 0.0169957
 endloop
endfacet
facet normal 0 0 0
 outer loop
 vertex -0.145233 -0.000125 0.0169165
 vertex -0.164813 -0.000216506 0.0169957
 vertex -0.164767 -0.000125 0.0169165
 endloop
endfacet
facet normal 0 0 0
 outer loop
 vertex -0.145187 -0.000216506 0.0169957
 vertex -0.145125 -0.00025 0.017104
 vertex -0.164875 -0.00025 0.017104
 endloop
endfacet
facet normal 0 0 0
 outer loop
 vertex -0.145187 -0.000216506 0.0169957
 vertex -0.164875 -0.00025 0.017104
 vertex -0.164813 -0.000216506 0.0169957
 endloop
endfacet
facet normal 0 0 0
 outer loop
 vertex -0.145125 -0.00025 0.017104
 vertex -0.145063 -0.000216506 0.0172123
 vertex -0.164937 -0.000216506 0.0172123
 endloop
endfacet
facet normal 0 0 0
 outer loop
 vertex -0.145125 -0.00025 0.017104
 vertex -0.164937 -0.000216506 0.0172123
 vertex -0.164875 -0.00025 0.017104
 endloop
endfacet
facet normal 0 0 0
 outer loop
 vertex -0.145063 -0.000216506 0.0172123
 vertex -0.145017 -0.000125 0.0172915
 vertex -0.164983 -0.000125 0.0172915
 endloop
endfacet
facet normal 0 0 0
 outer loop
 vertex -0.145063 -0.000216506 0.0172123
 vertex -0.164983 -0.000125 0.0172915
 vertex -0.164937 -0.000216506 0.0172123
 endloop
endfacet
facet normal 0 0 0
 outer loop
 vertex -0.145017 -0.000125 0.0172915
 vertex -0.145 4.37113e-11 0.0173205
 vertex -0.165 4.37113e-11 0.0173205
 endloop
endfacet
facet normal 0 0 0
 outer loop
 vertex -0.145017 -0.000125 0.0172915
 vertex -0.165 4.37113e-11 0.0173205
 vertex -0.164983 -0.000125 0.0172915
 endloop
endfacet
facet normal 0 0 0
 outer loop
 vertex -0.165 0 0.0173205
 vertex -0.164983 0.000125 0.0172915
 vertex -0.174967 0.000125 -1.74553e-09
 endloop
endfacet
facet normal 0 0 0
 outer loop
 vertex -0.165 0 0.0173205
 vertex -0.174967 0.000125 -1.74553e-09
 vertex -0.175 0 -1.74846e-09
 endloop
endfacet
facet normal 0 0 0
 outer loop
 vertex -0.164983 0.000125 0.0172915
 vertex -0.164937 0.000216506 0.0172123
 vertex -0.174875 0.000216506 -1.73753e-09
 endloop
endfacet
facet normal 0 0 0
 outer loop
 vertex -0.164983 0.000125 0.0172915
 vertex -0.174875 0.000216506 -1.73753e-09
 vertex -0.174967 0.000125 -1.74553e-09
 endloop
endfacet
facet normal 0 0 0
 outer loop
 vertex -0.164937 0.000216506 0.0172123
 vertex -0.164875 0.00025 0.017104
 vertex -0.17475 0.00025 -1.7266e-09
 endloop
endfacet
facet normal 0 0 0
 outer loop
 vertex -0.164937 0.000216506 0.0172123
 vertex -0.17475 0.00025 -1.7266e-09
 vertex -0.174875 0.000216506 -1.73753e-09
 endloop
endfacet
facet normal 0 0 0
 outer loop
 vertex -0.164875 0.00025 0.017104
 vertex -0.164813 0.000216506 0.0169957
 vertex -0.174625 0.000216506 -1.71567e-09
 endloop
endfacet
facet normal 0 0 0
 outer loop
 vertex -0.164875 0.00025 0.017104
 vertex -0.174625 0.000216506 -1.71567e-09
 vertex -0.17475 0.00025 -1.7266e-09
 endloop
endfacet
facet normal 0 0 0
 outer loop
 vertex -0.164813 0.000216506 0.0169957
 vertex -0.164767 0.000125 0.0169165
 vertex -0.174533 0.000125 -1.70767e-09
 endloop
endfacet
facet normal 0 0 0
 outer loop
 vertex -0.164813 0.000216506 0.0169957
 vertex -0.174533 0.000125 -1.70767e-09
 vertex -0.174625 0.000216506 -1.71567e-09
 endloop
endfacet
facet normal 0 0 0
 outer loop
 vertex -0.164767 0.000125 0.0169165
 vertex -0.16475 -2.18557e-11 0.0168875
 vertex -0.1745 -2.18557e-11 -1.70474e-09
 endloop
endfacet
facet normal 0 0 0
 outer loop
 vertex -0.164767 0.000125 0.0169165
 vertex -0.1745 -2.18557e-11 -1.70474e-09
 vertex -0.174533 0.000125 -1.70767e-09
 endloop
endfacet
facet normal 0 0 0
 outer loop
 vertex -0.16475 -2.18557e-11 0.0168875
 vertex -0.164767 -0.000125 0.0169165
 vertex -0.174533 -0.000125 -1.70767e-09
 endloop
endfacet
facet normal 0 0 0
 outer loop
 vertex -0.16475 -2.18557e-11 0.0168875
 vertex -0.174533 -0.000125 -1.70767e-09
 vertex -0.1745 -2.18557e-11 -1.70474e-09
 endloop
endfacet
facet normal 0 0 0
 outer loop
 vertex -0.164767 -0.000125 0.0169165
 vertex -0.164813 -0.000216506 0.0169957
 vertex -0.174625 -0.000216506 -1.71567e-09
 endloop
endfacet
facet normal 0 0 0
 outer loop
 vertex -0.164767 -0.000125 0.0169165
 vertex -0.174625 -0.000216506 -1.71567e-09
 vertex -0.174533 -0.000125 -1.70767e-09
 endloop
endfacet
facet normal 0 0 0
 outer loop
 vertex -0.164813 -0.000216506 0.0169957
 vertex -0.164875 -0.00025 0.017104
 vertex -0.17475 -0.00025 -1.7266e-09
 endloop
endfacet
facet normal 0 0 0
 outer loop
 vertex -0.164813 -0.000216506 0.0169957
 vertex -0.17475 -0.00025 -1.7266e-09
 vertex -0.174625 -0.000216506 -1.71567e-09
 endloop
endfacet
facet normal 0 0 0
 outer loop
 vertex -0.164875 -0.00025 0.017104
 vertex -0.164937 -0.000216506 0.0172123
 vertex -0.174875 -0.000216506 -1.73753e-09
 endloop
endfacet
facet normal 0 0 0
 outer loop
 vertex -0.164875 -0.00025 0.017104
 vertex -0.174875 -0.000216506 -1.73753e-09
 vertex -0.17475 -0.00025 -1.7266e-09
 endloop
endfacet
facet normal 0 0 0
 outer loop
 vertex -0.164937 -0.000216506 0.0172123
 vertex -0.164983 -0.000125 0.0172915
 vertex -0.174967 -0.000125 -1.74553e-09
 endloop
endfacet
facet normal 0 0 0
 outer loop
 vertex -0.164937 -0.000216506 0.0172123
 vertex -0.174967 -0.000125 -1.74553e-09
 vertex -0.174875 -0.000216506 -1.73753e-09
 endloop
endfacet
facet normal 0 0 0
 outer loop
 vertex -0.164983 -0.000125 0.0172915
 vertex -0.165 4.37113e-11 0.0173205
 vertex -0.175 4.37113e-11 -1.74846e-09
 endloop
endfacet
facet normal 0 0 0
 outer loop
 vertex -0.164983 -0.000125 0.0172915
 vertex -0.175 4.37113e-11 -1.74846e-09
 vertex -0.174967 -0.000125 -1.74553e-09
 endloop
endfacet
facet normal 0 0 0
 outer loop
 vertex -0.175 0 -1.74846e-09
 vertex -0.174967 0.000125 -1.74553e-09
 vertex -0.164983 0.000125 -0.0172915
 endloop
endfacet
facet normal 0 0 0
 outer loop
 vertex -0.175 0 -1.74846e-09
 vertex -0.164983 0.000125 -0.0172915
 vertex -0.165 0 -0.0173205
 endloop
endfacet
facet normal 0 0 0
 outer loop
 vertex -0.174967 0.000125 -1.74553e-09
 vertex -0.174875 0.000216506 -1.73753e-09
 vertex -0.164937 0.000216506 -0.0172123
 endloop
endfacet
facet normal 0 0 0
 outer loop
 vertex -0.174967 0.000125 -1.74553e-09
 vertex -0.164937 0.000216506 -0.0172123
 vertex -0.164983 0.000125 -0.0172915
 endloop
endfacet
facet normal 0 0 0
 outer loop
 vertex -0.174875 0.000216506 -1.73753e-09
 vertex -0.17475 0.00025 -1.7266e-09
 vertex -0.164875 0.00025 -0.017104
 endloop
endfacet
facet normal 0 0 0
 outer loop
 vertex -0.174875 0.000216506 -1.73753e-09
 vertex -0.164875 0.00025 -0.017104
 vertex -0.164937 0.000216506 -0.0172123
 endloop
endfacet
facet normal 0 0 0
 outer loop
 vertex -0.17475 0.00025 -1.7266e-09
 vertex -0.174625 0.000216506 -1.71567e-09
 vertex -0.164813 0.000216506 -0.0169957
 endloop
endfacet
facet normal 0 0 0
 outer loop
 vertex -0.17475 0.00025 -1.7266e-09
 vertex -0.164813 0.000216506 -0.0169957
 vertex -0.164875 0.00025 -0.017104
 endloop
endfacet
facet normal 0 0 0
 outer loop
 vertex -0.174625 0.000216506 -1.71567e-09
 vertex -0.174533 0.000125 -1.70767e-09
 vertex -0.164767 0.000125 -0.0169165
 endloop
endfacet
facet normal 0 0 0
 outer loop
 vertex -0.174625 0.000216506 -1.71567e-09
 vertex -0.164767 0.000125 -0.0169165
 vertex -0.164813 0.000216506 -0.0169957
 endloop
endfacet
facet normal 0 0 0
 outer loop
 vertex -0.174533 0.000125 -1.70767e-09
 vertex -0.1745 -2.18557e-11 -1.70474e-09
 vertex -0.16475 -2.18557e-11 -0.0168875
 endloop
endfacet
facet normal 0 0 0
 outer loop
 vertex -0.174533 0.000125 -1.70767e-09
 vertex -0.16475 -2.18557e-11 -0.0168875
 vertex -0.164767 0.000125 -0.0169165
 endloop
endfacet
facet normal 0 0 0
 outer loop
 vertex -0.1745 -2.18557e-11 -1.70474e-09
 vertex -0.174533 -0.000125 -1.70767e-09
 vertex -0.164767 -0.000125 -0.0169165
 endloop
endfacet
facet normal 0 0 0
 outer loop
 vertex -0.1745 -2.18557e-11 -1.70474e-09
 vertex -0.164767 -0.000125 -0.0169165
 vertex -0.16475 -2.18557e-11 -0.0168875
 endloop
endfacet
facet normal 0 0 0
 outer loop
 vertex -0.174533 -0.000125 -1.70767e-09
 vertex -0.174625 -0.000216506 -1.71567e-09
 vertex -0.164813 -0.000216506 -0.0169957
 endloop
endfacet
facet normal 0 0 0
 outer loop
 vertex -0.174533 -0.000125 -1.70767e-09
 vertex -0.164813 -0.000216506 -0.0169957
 vertex -0.164767 -0.000125 -0.0169165
 endloop
endfacet
facet normal 0 0 0
 outer loop
 vertex -0.174625 -0.000216506 -1.71567e-09
 vertex -0.17475 -0.00025 -1.7266e-09
 vertex -0.164875 -0.00025 -0.017104
 endloop
endfacet
facet normal 0 0 0
 outer loop
 vertex -0.174625 -0.000216506 -1.71567e-09
 vertex -0.164875 -0.00025 -0.017104
 vertex -0.164813 -0.000216506 -0.0169957
 endloop
endfacet
facet normal 0 0 0
 outer loop
 vertex -0.17475 -0.00025 -1.7266e-09
 vertex -0.174875 -0.000216506 -1.73753e-09
 vertex -0.164937 -0.000216506 -0.0172123
 endloop
endfacet
facet normal 0 0 0
 outer loop
 vertex -0.17475 -0.00025 -1.7266e-09
 vertex -0.164937 -0.000216506 -0.0172123
 vertex -0.164875 -0.00025 -0.017104
 endloop
endfacet
facet normal 0 0 0
 outer loop
 vertex -0.174875 -0.000216506 -1.73753e-09
 vertex -0.174967 -0.000125 -1.74553e-09
 vertex -0.164983 -0.000125 -0.0172915
 endloop
endfacet
facet normal 0 0 0
 outer loop
 vertex -0.174875 -0.000216506 -1.73753e-09
 vertex -0.164983 -0.000125 -0.0172915
 vertex -0.164937 -0.000216506 -0.0172123
 endloop
endfacet
facet normal 0 0 0
 outer loop
 vertex -0.174967 -0.000125 -1.74553e-09
 vertex -0.175 4.37113e-11 -1.74846e-09
 vertex -0.165 4.37113e-11 -0.0173205
 endloop
endfacet
facet normal 0 0 0
 outer loop
 vertex -0.174967 -0.000125 -1.74553e-09
 vertex -0.165 4.37113e-11 -0.0173205
 vertex -0.164983 -0.000125 -0.0172915
 endloop
endfacet
facet normal 0 0 0
 outer loop
 vertex -0.165 0 -0.0173205
 vertex -0.164983 0.000125 -0.0172915
 vertex -0.145017 0.000125 -0.0172915
 endloop
endfacet
facet normal 0 0 0
 outer loop
 vertex -0.165 0 -0.0173205
 vertex -0.145017 0.000125 -0.0172915
 vertex -0.145 0 -0.0173205
 endloop
endfacet
facet normal 0 0 0
 outer loop
 vertex -0.164983 0.000125 -0.0172915
 vertex -0.164937 0.000216506 -0.0172123
 vertex -0.145062 0.000216506 -0.0172123
 endloop
endfacet
facet normal 0 0 0
 outer loop
 vertex -0.164983 0.000125 -0.0172915
 vertex -0.145062 0.000216506 -0.0172123
 vertex -0.145017 0.000125 -0.0172915
 endloop
endfacet
facet normal 0 0 0
 outer loop
 vertex -0.164937 0.000216506 -0.0172123
 vertex -0.164875 0.00025 -0.017104
 vertex -0.145125 0.00025 -0.017104
 endloop
endfacet
facet normal 0 0 0
 outer loop
 vertex -0.164937 0.000216506 -0.0172123
 vertex -0.145125 0.00025 -0.017104
 vertex -0.145062 0.000216506 -0.0172123
 endloop
endfacet
facet normal 0 0 0
 outer loop
 vertex -0.164875 0.00025 -0.017104
 vertex -0.164813 0.000216506 -0.0169957
 vertex -0.145187 0.000216506 -0.0169957
 endloop
endfacet
facet normal 0 0 0
 outer loop
 vertex -0.164875 0.00025 -0.017104
 vertex -0.145187 0.000216506 -0.0169957
 vertex -0.145125 0.00025 -0.017104
 endloop
endfacet
facet normal 0 0 0
 outer loop
 vertex -0.164813 0.000216506 -0.0169957
 vertex -0.164767 0.000125 -0.0169165
 vertex -0.145233 0.000125 -0.0169165
 endloop
endfacet
facet normal 0 0 0
 outer loop
 vertex -0.164813 0.000216506 -0.0169957
 vertex -0.145233 0.000125 -0.0169165
 vertex -0.145187 0.000216506 -0.0169957
 endloop
endfacet
facet normal 0 0 0
 outer loop
 vertex -0.164767 0.000125 -0.0169165
 vertex -0.16475 -2.18557e-11 -0.0168875
 vertex -0.14525 -2.18557e-11 -0.0168875
 endloop
endfacet
facet normal 0 0 0
 outer loop
 vertex -0.164767 0.000125 -0.0169165
 vertex -0.14525 -2.18557e-11 -0.0168875
 vertex -0.145233 0.000125 -0.0169165
 endloop
endfacet
facet normal 0 0 0
 outer loop
 vertex -0.16475 -2.18557e-11 -0.0168875
 vertex -0.164767 -0.000125 -0.0169165
 vertex -0.145233 -0.000125 -0.0169165
 endloop
endfacet
facet normal 0 0 0
 outer loop
 vertex -0.16475 -2.18557e-11 -0.0168875
 vertex -0.145233 -0.000125 -0.0169165
 vertex -0.14525 -2.18557e-11 -0.0168875
 endloop
endfacet
facet normal 0 0 0
 outer loop
 vertex -0.164767 -0.000125 -0.0169165
 vertex -0.164813 -0.000216506 -0.0169957
 vertex -0.145187 -0.000216506 -0.0169957
 endloop
endfacet
facet normal 0 0 0
 outer loop
 vertex -0.164767 -0.000125 -0.0169165
 vertex -0.145187 -0.000216506 -0.0169957
 vertex -0.145233 -0.000125 -0.0169165
 endloop
endfacet
facet normal 0 0 0
 outer loop
 vertex -0.164813 -0.000216506 -0.0169957
 vertex -0.164875 -0.00025 -0.017104
 vertex -0.145125 -0.00025 -0.017104
 endloop
endfacet
facet normal 0 0 0
 outer loop
 vertex -0.164813 -0.000216506 -0.0169957
 vertex -0.145125 -0.00025 -0.017104
 vertex -0.145187 -0.000216506 -0.0169957
 endloop
endfacet
facet normal 0 0 0
 outer loop
 vertex -0.164875 -0.00025 -0.017104
 vertex -0.164937 -0.000216506 -0.0172123
 vertex -0.145062 -0.000216506 -0.0172123
 endloop
endfacet
facet normal 0 0 0
 outer loop
 vertex -0.164875 -0.00025 -0.017104
 vertex -0.145062 -0.000216506 -0.0172123
 vertex -0.145125 -0.00025 -0.017104
 endloop
endfacet
facet normal 0 0 0
 outer loop
 vertex -0.164937 -0.000216506 -0.0172123
 vertex -0.164983 -0.000125 -0.0172915
 vertex -0.145017 -0.000125 -0.0172915
 endloop
endfacet
facet normal 0 0 0
 outer loop
 vertex -0.164937 -0.000216506 -0.0172123
 vertex -0.145017 -0.000125 -0.0172915
 vertex -0.145062 -0.000216506 -0.0172123
 endloop
endfacet
facet normal 0 0 0
 outer loop
 vertex -0.164983 -0.000125 -0.0172915
 vertex -0.165 4.37113e-11 -0.0173205
 vertex -0.145 4.37113e-11 -0.0173205
 endloop
endfacet
facet normal 0 0 0
 outer loop
 vertex -0.164983 -0.000125 -0.0172915
 vertex -0.145 4.37113e-11 -0.0173205
 vertex -0.145017 -0.000125 -0.0172915
 endloop
endfacet
facet normal 0 0 0
 outer loop
 vertex -0.145 0 -0.0173205
 vertex -0.145017 0.000125 -0.0172915
 vertex -0.135033 0.000125 3.49105e-09
 endloop
endfacet
facet normal 0 0 0
 outer loop
 vertex -0.145 0 -0.0173205
 vertex -0.135033 0.000125 3.49105e-09
 vertex -0.135 0 3.49691e-09
 endloop
endfacet
facet normal 0 0 0
 outer loop
 vertex -0.145017 0.000125 -0.0172915
 vertex -0.145062 0.000216506 -0.0172123
 vertex -0.135125 0.000216506 3.47506e-09
 endloop
endfacet
facet normal 0 0 0
 outer loop
 vertex -0.145017 0.000125 -0.0172915
 vertex -0.135125 0.000216506 3.47506e-09
 vertex -0.135033 0.000125 3.49105e-09
 endloop
endfacet
facet normal 0 0 0
 outer loop
 vertex -0.145062 0.000216506 -0.0172123
 vertex -0.145125 0.00025 -0.017104
 vertex -0.13525 0.00025 3.4532e-09
 endloop
endfacet
facet normal 0 0 0
 outer loop
 vertex -0.145062 0.000216506 -0.0172123
 vertex -0.13525 0.00025 3.4532e-09
 vertex -0.135125 0.000216506 3.47506e-09
 endloop
endfacet
facet normal 0 0 0
 outer loop
 vertex -0.145125 0.00025 -0.017104
 vertex -0.145187 0.000216506 -0.0169957
 vertex -0.135375 0.000216506 3.43134e-09
 endloop
endfacet
facet normal 0 0 0
 outer loop
 vertex -0.145125 0.00025 -0.017104
 vertex -0.135375 0.000216506 3.43134e-09
 vertex -0.13525 0.00025 3.4532e-09
 endloop
endfacet
facet normal 0 0 0
 outer loop
 vertex -0.145187 0.000216506 -0.0169957
 vertex -0.145233 0.000125 -0.0169165
 vertex -0.135467 0.000125 3.41534e-09
 endloop
endfacet
facet normal 0 0 0
 outer loop
 vertex -0.145187 0.000216506 -0.0169957
 vertex -0.135467 0.000125 3.41534e-09
 vertex -0.135375 0.000216506 3.43134e-09
 endloop
endfacet
facet normal 0 0 0
 outer loop
 vertex -0.145233 0.000125 -0.0169165
 vertex -0.14525 -2.18557e-11 -0.0168875
 vertex -0.1355 -2.18557e-11 3.40949e-09
 endloop
endfacet
facet normal 0 0 0
 outer loop
 vertex -0.145233 0.000125 -0.0169165
 vertex -0.1355 -2.18557e-11 3.40949e-09
 vertex -0.135467 0.000125 3.41534e-09
 endloop
endfacet
facet normal 0 0 0
 outer loop
 vertex -0.14525 -2.18557e-11 -0.0168875
 vertex -0.145233 -0.000125 -0.0169165
 vertex -0.135467 -0.000125 3.41534e-09
 endloop
endfacet
facet normal 0 0 0
 outer loop
 vertex -0.14525 -2.18557e-11 -0.0168875
 vertex -0.135467 -0.000125 3.41534e-09
 vertex -0.1355 -2.18557e-11 3.40949e-09
 endloop
endfacet
facet normal 0 0 0
 outer loop
 vertex -0.145233 -0.000125 -0.0169165
 vertex -0.145187 -0.000216506 -0.0169957
 vertex -0.135375 -0.000216506 3.43134e-09
 endloop
endfacet
facet normal 0 0 0
 outer loop
 vertex -0.145233 -0.000125 -0.0169165
 vertex -0.135375 -0.000216506 3.43134e-09
 vertex -0.135467 -0.000125 3.41534e-09
 endloop
endfacet
facet normal 0 0 0
 outer loop
 vertex -0.145187 -0.000216506 -0.0169957
 vertex -0.145125 -0.00025 -0.017104
 vertex -0.13525 -0.00025 3.4532e-09
 endloop
endfacet
facet normal 0 0 0
 outer loop
 vertex -0.145187 -0.000216506 -0.0169957
 vertex -0.13525 -0.00025 3.4532e-09
 vertex -0.135375 -0.000216506 3.43134e-09
 endloop
endfacet
facet normal 0 0 0
 outer loop
 vertex -0.145125 -0.00025 -0.017104
 vertex -0.145062 -0.000216506 -0.0172123
 vertex -0.135125 -0.000216506 3.47506e-09
 endloop
endfacet
facet normal 0 0 0
 outer loop
 vertex -0.145125 -0.00025 -0.017104
 vertex -0.135125 -0.000216506 3.47506e-09
 vertex -0.13525 -0.00025 3.4532e-09
 endloop
endfacet
facet normal 0 0 0
 outer loop
 vertex -0.145062 -0.000216506 -0.0172123
 vertex -0.145017 -0.000125 -0.0172915
 vertex -0.135033 -0.000125 3.49105e-09
 endloop
endfacet
facet normal 0 0 0
 outer loop
 vertex -0.145062 -0.000216506 -0.0172123
 vertex -0.135033 -0.000125 3.49105e-09
 vertex -0.135125 -0.000216506 3.47506e-09
 endloop
endfacet
facet normal 0 0 0
 outer loop
 vertex -0.145017 -0.000125 -0.0172915
 vertex -0.145 4.37113e-11 -0.0173205
 vertex -0.135 4.37113e-11 3.49691e-09
 endloop
endfacet
facet normal 0 0 0
 outer loop
 vertex -0.145017 -0.000125 -0.0172915
 vertex -0.135 4.37113e-11 3.49691e-09
 vertex -0.135033 -0.000125 3.49105e-09
 endloop
endfacet
facet normal 0 0 0
 outer loop
 vertex -0.118333 0 0
 vertex -0.118367 0.000125 0
 vertex -0.12835 0.000125 0.0172915
 endloop
endfacet
facet normal 0 0 0
 outer loop
 vertex -0.118333 0 0
 vertex -0.12835 0.000125 0.0172915
 vertex -0.128333 0 0.0173205
 endloop
endfacet
facet normal 0 0 0
 outer loop
 vertex -0.118367 0.000125 0
 vertex -0.118458 0.000216506 0
 vertex -0.128396 0.000216506 0.0172123
 endloop
endfacet
facet normal 0 0 0
 outer loop
 vertex -0.118367 0.000125 0
 vertex -0.128396 0.000216506 0.0172123
 vertex -0.12835 0.000125 0.0172915
 endloop
endfacet
facet normal 0 0 0
 outer loop
 vertex -0.118458 0.000216506 0
 vertex -0.118583 0.00025 0
 vertex -0.128458 0.00025 0.017104
 endloop
endfacet
facet normal 0 0 0
 outer loop
 vertex -0.118458 0.000216506 0
 vertex -0.128458 0.00025 0.017104
 vertex -0.128396 0.000216506 0.0172123
 endloop
endfacet
facet normal 0 0 0
 outer loop
 vertex -0.118583 0.00025 0
 vertex -0.118708 0.000216506 0
 vertex -0.128521 0.000216506 0.0169957
 endloop
endfacet
facet normal 0 0 0
 outer loop
 vertex -0.118583 0.00025 0
 vertex -0.128521 0.000216506 0.0169957
 vertex -0.128458 0.00025 0.017104
 endloop
endfacet
facet normal 0 0 0
 outer loop
 vertex -0.118708 0.000216506 0
 vertex -0.1188 0.000125 0
 vertex -0.128567 0.000125 0.0169165
 endloop
endfacet
facet normal 0 0 0
 outer loop
 vertex -0.118708 0.000216506 0
 vertex -0.128567 0.000125 0.0169165
 vertex -0.128521 0.000216506 0.0169957
 endloop
endfacet
facet normal 0 0 0
 outer loop
 vertex -0.1188 0.000125 0
 vertex -0.118833 -2.18557e-11 0
 vertex -0.128583 -2.18557e-11 0.0168875
 endloop
endfacet
facet normal 0 0 0
 outer loop
 vertex -0.1188 0.000125 0
 vertex -0.128583 -2.18557e-11 0.0168875
 vertex -0.128567 0.000125 0.0169165
 endloop
endfacet
facet normal 0 0 0
 outer loop
 vertex -0.118833 -2.18557e-11 0
 vertex -0.1188 -0.000125 0
 vertex -0.128567 -0.000125 0.0169165
 endloop
endfacet
facet normal 0 0 0
 outer loop
 vertex -0.118833 -2.18557e-11 0
 vertex -0.128567 -0.000125 0.0169165
 vertex -0.128583 -2.18557e-11 0.0168875
 endloop
endfacet
facet normal 0 0 0
 outer loop
 vertex -0.1188 -0.000125 0
 vertex -0.118708 -0.000216506 0
 vertex -0.128521 -0.000216506 0.0169957
 endloop
endfacet
facet normal 0 0 0
 outer loop
 vertex -0.1188 -0.000125 0
 vertex -0.128521 -0.000216506 0.0169957
 vertex -0.128567 -0.000125 0.0169165
 endloop
endfacet
facet normal 0 0 0
 outer loop
 vertex -0.118708 -0.000216506 0
 vertex -0.118583 -0.00025 0
 vertex -0.128458 -0.00025 0.017104
 endloop
endfacet
facet normal 0 0 0
 outer loop
 vertex -0.118708 -0.000216506 0
 vertex -0.128458 -0.00025 0.017104
 vertex -0.128521 -0.000216506 0.0169957
 endloop
endfacet
facet normal 0 0 0
 outer loop
 vertex -0.118583 -0.00025 0
 vertex -0.118458 -0.000216506 0
 vertex -0.128396 -0.000216506 0.0172123
 endloop
endfacet
facet normal 0 0 0
 outer loop
 vertex -0.118583 -0.00025 0
 vertex -0.128396 -0.000216506 0.0172123
 vertex -0.128458 -0.00025 0.017104
 endloop
endfacet
facet normal 0 0 0
 outer loop
 vertex -0.118458 -0.000216506 0
 vertex -0.118367 -0.000125 0
 vertex -0.12835 -0.000125 0.0172915
 endloop
endfacet
facet normal 0 0 0
 outer loop
 vertex -0.118458 -0.000216506 0
 vertex -0.12835 -0.000125 0.0172915
 vertex -0.128396 -0.000216506 0.0172123
 endloop
endfacet
facet normal 0 0 0
 outer loop
 vertex -0.118367 -0.000125 0
 vertex -0.118333 4.37113e-11 0
 vertex -0.128333 4.37113e-11 0.0173205
 endloop
endfacet
facet normal 0 0 0
 outer loop
 vertex -0.118367 -0.000125 0
 vertex -0.128333 4.37113e-11 0.0173205
 vertex -0.12835 -0.000125 0.0172915
 endloop
endfacet
facet normal 0 0 0
 outer loop
 vertex -0.128333 0 0.0173205
 vertex -0.12835 0.000125 0.0172915
 vertex -0.148317 0.000125 0.0172915
 endloop
endfacet
facet normal 0 0 0
 outer loop
 vertex -0.128333 0 0.0173205
 vertex -0.148317 0.000125 0.0172915
 vertex -0.148333 0 0.0173205
 endloop
endfacet
facet normal 0 0 0
 outer loop
 vertex -0.12835 0.000125 0.0172915
 vertex -0.128396 0.000216506 0.0172123
 vertex -0.148271 0.000216506 0.0172123
 endloop
endfacet
facet normal 0 0 0
 outer loop
 vertex -0.12835 0.000125 0.0172915
 vertex -0.148271 0.000216506 0.0172123
 vertex -0.148317 0.000125 0.0172915
 endloop
endfacet
facet normal 0 0 0
 outer loop
 vertex -0.128396 0.000216506 0.0172123
 vertex -0.128458 0.00025 0.017104
 vertex -0.148208 0.00025 0.017104
 endloop
endfacet
facet normal 0 0 0
 outer loop
 vertex -0.128396 0.000216506 0.0172123
 vertex -0.148208 0.00025 0.017104
 vertex -0.148271 0.000216506 0.0172123
 endloop
endfacet
facet normal 0 0 0
 outer loop
 vertex -0.128458 0.00025 0.017104
 vertex -0.128521 0.000216506 0.0169957
 vertex -0.148146 0.000216506 0.0169957
 endloop
endfacet
facet normal 0 0 0
 outer loop
 vertex -0.128458 0.00025 0.017104
 vertex -0.148146 0.000216506 0.0169957
 vertex -0.148208 0.00025 0.017104
 endloop
endfacet
facet normal 0 0 0
 outer loop
 vertex -0.128521 0.000216506 0.0169957
 vertex -0.128567 0.000125 0.0169165
 vertex -0.1481 0.000125 0.0169165
 endloop
endfacet
facet normal 0 0 0
 outer loop
 vertex -0.128521 0.000216506 0.0169957
 vertex -0.1481 0.000125 0.0169165
 vertex -0.148146 0.000216506 0.0169957
 endloop
endfacet
facet normal 0 0 0
 outer loop
 vertex -0.128567 0.000125 0.0169165
 vertex -0.128583 -2.18557e-11 0.0168875
 vertex -0.148083 -2.18557e-11 0.0168875
 endloop
endfacet
facet normal 0 0 0
 outer loop
 vertex -0.128567 0.000125 0.0169165
 vertex -0.148083 -2.18557e-11 0.0168875
 vertex -0.1481 0.000125 0.0169165
 endloop
endfacet
facet normal 0 0 0
 outer loop
 vertex -0.128583 -2.18557e-11 0.0168875
 vertex -0.128567 -0.000125 0.0169165
 vertex -0.1481 -0.000125 0.0169165
 endloop
endfacet
facet normal 0 0 0
 outer loop
 vertex -0.128583 -2.18557e-11 0.0168875
 vertex -0.1481 -0.000125 0.0169165
 vertex -0.148083 -2.18557e-11 0.0168875
 endloop
endfacet
facet normal 0 0 0
 outer loop
 vertex -0.128567 -0.000125 0.0169165
 vertex -0.128521 -0.000216506 0.0169957
 vertex -0.148146 -0.000216506 0.0169957
 endloop
endfacet
facet normal 0 0 0
 outer loop
 vertex -0.128567 -0.000125 0.0169165
 vertex -0.148146 -0.000216506 0.0169957
 vertex -0.1481 -0.000125 0.0169165
 endloop
endfacet
facet normal 0 0 0
 outer loop
 vertex -0.128521 -0.000216506 0.0169957
 vertex -0.128458 -0.00025 0.017104
 vertex -0.148208 -0.00025 0.017104
 endloop
endfacet
facet normal 0 0 0
 outer loop
 vertex -0.128521 -0.000216506 0.0169957
 vertex -0.148208 -0.00025 0.017104
 vertex -0.148146 -0.000216506 0.0169957
 endloop
endfacet
facet normal 0 0 0
 outer loop
 vertex -0.128458 -0.00025 0.017104
 vertex -0.128396 -0.000216506 0.0172123
 vertex -0.148271 -0.000216506 0.0172123
 endloop
endfacet
facet normal 0 0 0
 outer loop
 vertex -0.128458 -0.00025 0.017104
 vertex -0.148271 -0.000216506 0.0172123
 vertex -0.148208 -0.00025 0.017104
 endloop
endfacet
facet normal 0 0 0
 outer loop
 vertex -0.128396 -0.000216506 0.0172123
 vertex -0.12835 -0.000125 0.0172915
 vertex -0.148317 -0.000125 0.0172915
 endloop
endfacet
facet normal 0 0 0
 outer loop
 vertex -0.128396 -0.000216506 0.0172123
 vertex -0.148317 -0.000125 0.0172915
 vertex -0.148271 -0.000216506 0.0172123
 endloop
endfacet
facet normal 0 0 0
 outer loop
 vertex -0.12835 -0.000125 0.0172915
 vertex -0.128333 4.37113e-11 0.0173205
 vertex -0.148333 4.37113e-11 0.0173205
 endloop
endfacet
facet normal 0 0 0
 outer loop
 vertex -0.12835 -0.000125 0.0172915
 vertex -0.148333 4.37113e-11 0.0173205
 vertex -0.148317 -0.000125 0.0172915
 endloop
endfacet
facet normal 0 0 0
 outer loop
 vertex -0.148333 0 0.0173205
 vertex -0.148317 0.000125 0.0172915
 vertex -0.1583 0.000125 -1.74553e-09
 endloop
endfacet
facet normal 0 0 0
 outer loop
 vertex -0.148333 0 0.0173205
 vertex -0.1583 0.000125 -1.74553e-09
 vertex -0.158333 0 -1.74846e-09
 endloop
endfacet
facet normal 0 0 0
 outer loop
 vertex -0.148317 0.000125 0.0172915
 vertex -0.148271 0.000216506 0.0172123
 vertex -0.158208 0.000216506 -1.73753e-09
 endloop
endfacet
facet normal 0 0 0
 outer loop
 vertex -0.148317 0.000125 0.0172915
 vertex -0.158208 0.000216506 -1.73753e-09
 vertex -0.1583 0.000125 -1.74553e-09
 endloop
endfacet
facet normal 0 0 0
 outer loop
 vertex -0.148271 0.000216506 0.0172123
 vertex -0.148208 0.00025 0.017104
 vertex -0.158083 0.00025 -1.7266e-09
 endloop
endfacet
facet normal 0 0 0
 outer loop
 vertex -0.148271 0.000216506 0.0172123
 vertex -0.158083 0.00025 -1.7266e-09
 vertex -0.158208 0.000216506 -1.73753e-09
 endloop
endfacet
facet normal 0 0 0
 outer loop
 vertex -0.148208 0.00025 0.017104
 vertex -0.148146 0.000216506 0.0169957
 vertex -0.157958 0.000216506 -1.71567e-09
 endloop
endfacet
facet normal 0 0 0
 outer loop
 vertex -0.148208 0.00025 0.017104
 vertex -0.157958 0.000216506 -1.71567e-09
 vertex -0.158083 0.00025 -1.7266e-09
 endloop
endfacet
facet normal 0 0 0
 outer loop
 vertex -0.148146 0.000216506 0.0169957
 vertex -0.1481 0.000125 0.0169165
 vertex -0.157867 0.000125 -1.70767e-09
 endloop
endfacet
facet normal 0 0 0
 outer loop
 vertex -0.148146 0.000216506 0.0169957
 vertex -0.157867 0.000125 -1.70767e-09
 vertex -0.157958 0.000216506 -1.71567e-09
 endloop
endfacet
facet normal 0 0 0
 outer loop
 vertex -0.1481 0.000125 0.0169165
 vertex -0.148083 -2.18557e-11 0.0168875
 vertex -0.157833 -2.18557e-11 -1.70474e-09
 endloop
endfacet
facet normal 0 0 0
 outer loop
 vertex -0.1481 0.000125 0.0169165
 vertex -0.157833 -2.18557e-11 -1.70474e-09
 vertex -0.157867 0.000125 -1.70767e-09
 endloop
endfacet
facet normal 0 0 0
 outer loop
 vertex -0.148083 -2.18557e-11 0.0168875
 vertex -0.1481 -0.000125 0.0169165
 vertex -0.157867 -0.000125 -1.70767e-09
 endloop
endfacet
facet normal 0 0 0
 outer loop
 vertex -0.148083 -2.18557e-11 0.0168875
 vertex -0.157867 -0.000125 -1.70767e-09
 vertex -0.157833 -2.18557e-11 -1.70474e-09
 endloop
endfacet
facet normal 0 0 0
 outer loop
 vertex -0.1481 -0.000125 0.0169165
 vertex -0.148146 -0.000216506 0.0169957
 vertex -0.157958 -0.000216506 -1.71567e-09
 endloop
endfacet
facet normal 0 0 0
 outer loop
 vertex -0.1481 -0.000125 0.0169165
 vertex -0.157958 -0.000216506 -1.71567e-09
 vertex -0.157867 -0.000125 -1.70767e-09
 endloop
endfacet
facet normal 0 0 0
 outer loop
 vertex -0.148146 -0.000216506 0.0169957
 vertex -0.148208 -0.00025 0.017104
 vertex -0.158083 -0.00025 -1.7266e-09
 endloop
endfacet
facet normal 0 0 0
 outer loop
 vertex -0.148146 -0.000216506 0.0169957
 vertex -0.158083 -0.00025 -1.7266e-09
 vertex -0.157958 -0.000216506 -1.71567e-09
 endloop
endfacet
facet normal 0 0 0
 outer loop
 vertex -0.148208 -0.00025 0.017104
 vertex -0.148271 -0.000216506 0.0172123
 vertex -0.158208 -0.000216506 -1.73753e-09
 endloop
endfacet
facet normal 0 0 0
 outer loop
 vertex -0.148208 -0.00025 0.017104
 vertex -0.158208 -0.000216506 -1.73753e-09
 vertex -0.158083 -0.00025 -1.7266e-09
 endloop
endfacet
facet normal 0 0 0
 outer loop
 vertex -0.148271 -0.000216506 0.0172123
 vertex -0.148317 -0.000125 0.0172915
 vertex -0.1583 -0.000125 -1.74553e-09
 endloop
endfacet
facet normal 0 0 0
 outer loop
 vertex -0.148271 -0.000216506 0.0172123
 vertex -0.1583 -0.000125 -1.74553e-09
 vertex -0.158208 -0.000216506 -1.73753e-09
 endloop
endfacet
facet normal 0 0 0
 outer loop
 vertex -0.148317 -0.000125 0.0172915
 vertex -0.148333 4.37113e-11 0.0173205
 vertex -0.158333 4.37113e-11 -1.74846e-09
 endloop
endfacet
facet normal 0 0 0
 outer loop
 vertex -0.148317 -0.000125 0.0172915
 vertex -0.158333 4.37113e-11 -1.74846e-09
 vertex -0.1583 -0.000125 -1.74553e-09
 endloop
endfacet
facet normal 0 0 0
 outer loop
 vertex -0.158333 0 -1.74846e-09
 vertex -0.1583 0.000125 -1.74553e-09
 vertex -0.148317 0.000125 -0.0172915
 endloop
endfacet
facet normal 0 0 0
 outer loop
 vertex -0.158333 0 -1.74846e-09
 vertex -0.148317 0.000125 -0.0172915
 vertex -0.148333 0 -0.0173205
 endloop
endfacet
facet normal 0 0 0
 outer loop
 vertex -0.1583 0.000125 -1.74553e-09
 vertex -0.158208 0.000216506 -1.73753e-09
 vertex -0.148271 0.000216506 -0.0172123
 endloop
endfacet
facet normal 0 0 0
 outer loop
 vertex -0.1583 0.000125 -1.74553e-09
 vertex -0.148271 0.000216506 -0.0172123
 vertex -0.148317 0.000125 -0.0172915
 endloop
endfacet
facet normal 0 0 0
 outer loop
 vertex -0.158208 0.000216506 -1.73753e-09
 vertex -0.158083 0.00025 -1.7266e-09
 vertex -0.148208 0.00025 -0.017104
 endloop
endfacet
facet normal 0 0 0
 outer loop
 vertex -0.158208 0.000216506 -1.73753e-09
 vertex -0.148208 0.00025 -0.017104
 vertex -0.148271 0.000216506 -0.0172123
 endloop
endfacet
facet normal 0 0 0
 outer loop
 vertex -0.158083 0.00025 -1.7266e-09
 vertex -0.157958 0.000216506 -1.71567e-09
 vertex -0.148146 0.000216506 -0.0169957
 endloop
endfacet
facet normal 0 0 0
 outer loop
 vertex -0.158083 0.00025 -1.7266e-09
 vertex -0.148146 0.000216506 -0.0169957
 vertex -0.148208 0.00025 -0.017104
 endloop
endfacet
facet normal 0 0 0
 outer loop
 vertex -0.157958 0.000216506 -1.71567e-09
 vertex -0.157867 0.000125 -1.70767e-09
 vertex -0.1481 0.000125 -0.0169165
 endloop
endfacet
facet normal 0 0 0
 outer loop
 vertex -0.157958 0.000216506 -1.71567e-09
 vertex -0.1481 0.000125 -0.0169165
 vertex -0.148146 0.000216506 -0.0169957
 endloop
endfacet
facet normal 0 0 0
 outer loop
 vertex -0.157867 0.000125 -1.70767e-09
 vertex -0.157833 -2.18557e-11 -1.70474e-09
 vertex -0.148083 -2.18557e-11 -0.0168875
 endloop
endfacet
facet normal 0 0 0
 outer loop
 vertex -0.157867 0.000125 -1.70767e-09
 vertex -0.148083 -2.18557e-11 -0.0168875
 vertex -0.1481 0.000125 -0.0169165
 endloop
endfacet
facet normal 0 0 0
 outer loop
 vertex -0.157833 -2.18557e-11 -1.70474e-09
 vertex -0.157867 -0.000125 -1.70767e-09
 vertex -0.1481 -0.000125 -0.0169165
 endloop
endfacet
facet normal 0 0 0
 outer loop
 vertex -0.157833 -2.18557e-11 -1.70474e-09
 vertex -0.1481 -0.000125 -0.0169165
 vertex -0.148083 -2.18557e-11 -0.0168875
 endloop
endfacet
facet normal 0 0 0
 outer loop
 vertex -0.157867 -0.000125 -1.70767e-09
 vertex -0.157958 -0.000216506 -1.71567e-09
 vertex -0.148146 -0.000216506 -0.0169957
 endloop
endfacet
facet normal 0 0 0
 outer loop
 vertex -0.157867 -0.000125 -1.70767e-09
 vertex -0.148146 -0.000216506 -0.0169957
 vertex -0.1481 -0.000125 -0.0169165
 endloop
endfacet
facet normal 0 0 0
 outer loop
 vertex -0.157958 -0.000216506 -1.71567e-09
 vertex -0.158083 -0.00025 -1.7266e-09
 vertex -0.148208 -0.00025 -0.017104
 endloop
endfacet
facet normal 0 0 0
 outer loop
 vertex -0.157958 -0.000216506 -1.71567e-09
 vertex -0.148208 -0.00025 -0.017104
 vertex -0.148146 -0.000216506 -0.0169957
 endloop
endfacet
facet normal 0 0 0
 outer loop
 vertex -0.158083 -0.00025 -1.7266e-09
 vertex -0.158208 -0.000216506 -1.73753e-09
 vertex -0.148271 -0.000216506 -0.0172123
 endloop
endfacet
facet normal 0 0 0
 outer loop
 vertex -0.158083 -0.00025 -1.7266e-09
 vertex -0.148271 -0.000216506 -0.0172123
 vertex -0.148208 -0.00025 -0.017104
 endloop
endfacet
facet normal 0 0 0
 outer loop
 vertex -0.158208 -0.000216506 -1.73753e-09
 vertex -0.1583 -0.000125 -1.74553e-09
 vertex -0.148317 -0.000125 -0.0172915
 endloop
endfacet
facet normal 0 0 0
 outer loop
 vertex -0.158208 -0.000216506 -1.73753e-09
 vertex -0.148317 -0.000125 -0.0172915
 vertex -0.148271 -0.000216506 -0.0172123
 endloop
endfacet
facet normal 0 0 0
 outer loop
 vertex -0.1583 -0.000125 -1.74553e-09
 vertex -0.158333 4.37113e-11 -1.74846e-09
 vertex -0.148333 4.37113e-11 -0.0173205
 endloop
endfacet
facet normal 0 0 0
 outer loop
 vertex -0.1583 -0.000125 -1.74553e-09
 vertex -0.148333 4.37113e-11 -0.0173205
 vertex -0.148317 -0.000125 -0.0172915
 endloop
endfacet
facet normal 0 0 0
 outer loop
 vertex -0.148333 0 -0.0173205
 vertex -0.148317 0.000125 -0.0172915
 vertex -0.12835 0.000125 -0.0172915
 endloop
endfacet
facet normal 0 0 0
 outer loop
 vertex -0.148333 0 -0.0173205
 vertex -0.12835 0.000125 -0.0172915
 vertex -0.128333 0 -0.0173205
 endloop
endfacet
facet normal 0 0 0
 outer loop
 vertex -0.148317 0.000125 -0.0172915
 vertex -0.148271 0.000216506 -0.0172123
 vertex -0.128396 0.000216506 -0.0172123
 endloop
endfacet
facet normal 0 0 0
 outer loop
 vertex -0.148317 0.000125 -0.0172915
 vertex -0.128396 0.000216506 -0.0172123
 vertex -0.12835 0.000125 -0.0172915
 endloop
endfacet
facet normal 0 0 0
 outer loop
 vertex -0.148271 0.000216506 -0.0172123
 vertex -0.148208 0.00025 -0.017104
 vertex -0.128458 0.00025 -0.017104
 endloop
endfacet
facet normal 0 0 0
 outer loop
 vertex -0.148271 0.000216506 -0.0172123
 vertex -0.128458 0.00025 -0.017104
 vertex -0.128396 0.000216506 -0.0172123
 endloop
endfacet
facet normal 0 0 0
 outer loop
 vertex -0.148208 0.00025 -0.017104
 vertex -0.148146 0.000216506 -0.0169957
 vertex -0.128521 0.000216506 -0.0169957
 endloop
endfacet
facet normal 0 0 0
 outer loop
 vertex -0.148208 0.00025 -0.017104
 vertex -0.128521 0.000216506 -0.0169957
 vertex -0.128458 0.00025 -0.017104
 endloop
endfacet
facet normal 0 0 0
 outer loop
 vertex -0.148146 0.000216506 -0.0169957
 vertex -0.1481 0.000125 -0.0169165
 vertex -0.128567 0.000125 -0.0169165
 endloop
endfacet
facet normal 0 0 0
 outer loop
 vertex -0.148146 0.000216506 -0.0169957
 vertex -0.128567 0.000125 -0.0169165
 vertex -0.128521 0.000216506 -0.0169957
 endloop
endfacet
facet normal 0 0 0
 outer loop
 vertex -0.1481 0.000125 -0.0169165
 vertex -0.148083 -2.18557e-11 -0.0168875
 vertex -0.128583 -2.18557e-11 -0.0168875
 endloop
endfacet
facet normal 0 0 0
 outer loop
 vertex -0.1481 0.000125 -0.0169165
 vertex -0.128583 -2.18557e-11 -0.0168875
 vertex -0.128567 0.000125 -0.0169165
 endloop
endfacet
facet normal 0 0 0
 outer loop
 vertex -0.148083 -2.18557e-11 -0.0168875
 vertex -0.1481 -0.000125 -0.0169165
 vertex -0.128567 -0.000125 -0.0169165
 endloop
endfacet
facet normal 0 0 0
 outer loop
 vertex -0.148083 -2.18557e-11 -0.0168875
 vertex -0.128567 -0.000125 -0.0169165
 vertex -0.128583 -2.18557e-11 -0.0168875
 endloop
endfacet
facet normal 0 0 0
 outer loop
 vertex -0.1481 -0.000125 -0.0169165
 vertex -0.148146 -0.000216506 -0.0169957
 vertex -0.128521 -0.000216506 -0.0169957
 endloop
endfacet
facet normal 0 0 0
 outer loop
 vertex -0.1481 -0.000125 -0.0169165
 vertex -0.128521 -0.000216506 -0.0169957
 vertex -0.128567 -0.000125 -0.0169165
 endloop
endfacet
facet normal 0 0 0
 outer loop
 vertex -0.148146 -0.000216506 -0.0169957
 vertex -0.148208 -0.00025 -0.017104
 vertex -0.128458 -0.00025 -0.017104
 endloop
endfacet
facet normal 0 0 0
 outer loop
 vertex -0.148146 -0.000216506 -0.0169957
 vertex -0.128458 -0.00025 -0.017104
 vertex -0.128521 -0.000216506 -0.0169957
 endloop
endfacet
facet normal 0 0 0
 outer loop
 vertex -0.148208 -0.00025 -0.017104
 vertex -0.148271 -0.000216506 -0.0172123
 vertex -0.128396 -0.000216506 -0.0172123
 endloop
endfacet
facet normal 0 0 0
 outer loop
 vertex -0.148208 -0.00025 -0.017104
 vertex -0.128396 -0.000216506 -0.0172123
 vertex -0.128458 -0.00025 -0.017104
 endloop
endfacet
facet normal 0 0 0
 outer loop
 vertex -0.148271 -0.000216506 -0.0172123
 vertex -0.148317 -0.000125 -0.0172915
 vertex -0.12835 -0.000125 -0.0172915
 endloop
endfacet
facet normal 0 0 0
 outer loop
 vertex -0.148271 -0.000216506 -0.0172123
 vertex -0.12835 -0.000125 -0.0172915
 vertex -0.128396 -0.000216506 -0.0172123
 endloop
endfacet
facet normal 0 0 0
 outer loop
 vertex -0.148317 -0.000125 -0.0172915
 vertex -0.148333 4.37113e-11 -0.0173205
 vertex -0.128333 4.37113e-11 -0.0173205
 endloop
endfacet
facet normal 0 0 0
 outer loop
 vertex -0.148317 -0.000125 -0.0172915
 vertex -0.128333 4.37113e-11 -0.0173205
 vertex -0.12835 -0.000125 -0.0172915
 endloop
endfacet
facet normal 0 0 0
 outer loop
 vertex -0.128333 0 -0.0173205
 vertex -0.12835 0.000125 -0.0172915
 vertex -0.118367 0.000125 3.49105e-09
 endloop
endfacet
facet normal 0 0 0
 outer loop
 vertex -0.128333 0 -0.0173205
 vertex -0.118367 0.000125 3.49105e-09
 vertex -0.118333 0 3.49691e-09
 endloop
endfacet
facet normal 0 0 0
 outer loop
 vertex -0.12835 0.000125 -0.0172915
 vertex -0.128396 0.000216506 -0.0172123
 vertex -0.118458 0.000216506 3.47506e-09
 endloop
endfacet
facet normal 0 0 0
 outer loop
 vertex -0.12835 0.000125 -0.0172915
 vertex -0.118458 0.000216506 3.47506e-09
 vertex -0.118367 0.000125 3.49105e-09
 endloop
endfacet
facet normal 0 0 0
 outer loop
 vertex -0.128396 0.000216506 -0.0172123
 vertex -0.128458 0.00025 -0.017104
 vertex -0.118583 0.00025 3.4532e-09
 endloop
endfacet
facet normal 0 0 0
 outer loop
 vertex -0.128396 0.000216506 -0.0172123
 vertex -0.118583 0.00025 3.4532e-09
 vertex -0.118458 0.000216506 3.47506e-09
 endloop
endfacet
facet normal 0 0 0
 outer loop
 vertex -0.128458 0.00025 -0.017104
 vertex -0.128521 0.000216506 -0.0169957
 vertex -0.118708 0.000216506 3.43134e-09
 endloop
endfacet
facet normal 0 0 0
 outer loop
 vertex -0.128458 0.00025 -0.017104
 vertex -0.118708 0.000216506 3.43134e-09
 vertex -0.118583 0.00025 3.4532e-09
 endloop
endfacet
facet normal 0 0 0
 outer loop
 vertex -0.128521 0.000216506 -0.0169957
 vertex -0.128567 0.000125 -0.0169165
 vertex -0.1188 0.000125 3.41534e-09
 endloop
endfacet
facet normal 0 0 0
 outer loop
 vertex -0.128521 0.000216506 -0.0169957
 vertex -0.1188 0.000125 3.41534e-09
 vertex -0.118708 0.000216506 3.43134e-09
 endloop
endfacet
facet normal 0 0 0
 outer loop
 vertex -0.128567 0.000125 -0.0169165
 vertex -0.128583 -2.18557e-11 -0.0168875
 vertex -0.118833 -2.18557e-11 3.40949e-09
 endloop
endfacet
facet normal 0 0 0
 outer loop
 vertex -0.128567 0.000125 -0.0169165
 vertex -0.118833 -2.18557e-11 3.40949e-09
 vertex -0.1188 0.000125 3.41534e-09
 endloop
endfacet
facet normal 0 0 0
 outer loop
 vertex -0.128583 -2.18557e-11 -0.0168875
 vertex -0.128567 -0.000125 -0.0169165
 vertex -0.1188 -0.000125 3.41534e-09
 endloop
endfacet
facet normal 0 0 0
 outer loop
 vertex -0.128583 -2.18557e-11 -0.0168875
 vertex -0.1188 -0.000125 3.41534e-09
 vertex -0.118833 -2.18557e-11 3.40949e-09
 endloop
endfacet
facet normal 0 0 0
 outer loop
 vertex -0.128567 -0.000125 -0.0169165
 vertex -0.128521 -0.000216506 -0.0169957
 vertex -0.118708 -0.000216506 3.43134e-09
 endloop
endfacet
facet normal 0 0 0
 outer loop
 vertex -0.128567 -0.000125 -0.0169165
 vertex -0.118708 -0.000216506 3.43134e-09
 vertex -0.1188 -0.000125 3.41534e-09
 endloop
endfacet
facet normal 0 0 0
 outer loop
 vertex -0.128521 -0.000216506 -0.0169957
 vertex -0.128458 -0.00025 -0.017104
 vertex -0.118583 -0.00025 3.4532e-09
 endloop
endfacet
facet normal 0 0 0
 outer loop
 vertex -0.128521 -0.000216506 -0.0169957
 vertex -0.118583 -0.00025 3.4532e-09
 vertex -0.118708 -0.000216506 3.43134e-09
 endloop
endfacet
facet normal 0 0 0
 outer loop
 vertex -0.128458 -0.00025 -0.017104
 vertex -0.128396 -0.000216506 -0.0172123
 vertex -0.118458 -0.000216506 3.47506e-09
 endloop
endfacet
facet normal 0 0 0
 outer loop
 vertex -0.128458 -0.00025 -0.017104
 vertex -0.118458 -0.000216506 3.47506e-09
 vertex -0.118583 -0.00025 3.4532e-09
 endloop
endfacet
facet normal 0 0 0
 outer loop
 vertex -0.128396 -0.000216506 -0.0172123
 vertex -0.12835 -0.000125 -0.0172915
 vertex -0.118367 -0.000125 3.49105e-09
 endloop
endfacet
facet normal 0 0 0
 outer loop
 vertex -0.128396 -0.000216506 -0.0172123
 vertex -0.118367 -0.000125 3.49105e-09
 vertex -0.118458 -0.000216506 3.47506e-09
 endloop
endfacet
facet normal 0 0 0
 outer loop
 vertex -0.12835 -0.000125 -0.0172915
 vertex -0.128333 4.37113e-11 -0.0173205
 vertex -0.118333 4.37113e-11 3.49691e-09
 endloop
endfacet
facet normal 0 0 0
 outer loop
 vertex -0.12835 -0.000125 -0.0172915
 vertex -0.118333 4.37113e-11 3.49691e-09
 vertex -0.118367 -0.000125 3.49105e-09
 endloop
endfacet
facet normal 0 0 0
 outer loop
 vertex -0.101667 0 0
 vertex -0.1017 0.000125 0
 vertex -0.111683 0.000125 0.0172915
 endloop
endfacet
facet normal 0 0 0
 outer loop
 vertex -0.101667 0 0
 vertex -0.111683 0.000125 0.0172915
 vertex -0.111667 0 0.0173205
 endloop
endfacet
facet normal 0 0 0
 outer loop
 vertex -0.1017 0.000125 0
 vertex -0.101792 0.000216506 0
 vertex -0.111729 0.000216506 0.0172123
 endloop
endfacet
facet normal 0 0 0
 outer loop
 vertex -0.1017 0.000125 0
 vertex -0.111729 0.000216506 0.0172123
 vertex -0.111683 0.000125 0.0172915
 endloop
endfacet
facet normal 0 0 0
 outer loop
 vertex -0.101792 0.000216506 0
 vertex -0.101917 0.00025 0
 vertex -0.111792 0.00025 0.017104
 endloop
endfacet
facet normal 0 0 0
 outer loop
 vertex -0.101792 0.000216506 0
 vertex -0.111792 0.00025 0.017104
 vertex -0.111729 0.000216506 0.0172123
 endloop
endfacet
facet normal 0 0 0
 outer loop
 vertex -0.101917 0.00025 0
 vertex -0.102042 0.000216506 0
 vertex -0.111854 0.000216506 0.0169957
 endloop
endfacet
facet normal 0 0 0
 outer loop
 vertex -0.101917 0.00025 0
 vertex -0.111854 0.000216506 0.0169957
 vertex -0.111792 0.00025 0.017104
 endloop
endfacet
facet normal 0 0 0
 outer loop
 vertex -0.102042 0.000216506 0
 vertex -0.102133 0.000125 0
 vertex -0.1119 0.000125 0.0169165
 endloop
endfacet
facet normal 0 0 0
 outer loop
 vertex -0.102042 0.000216506 0
 vertex -0.1119 0.000125 0.0169165
 vertex -0.111854 0.000216506 0.0169957
 endloop
endfacet
facet normal 0 0 0
 outer loop
 vertex -0.102133 0.000125 0
 vertex -0.102167 -2.18557e-11 0
 vertex -0.111917 -2.18557e-11 0.0168875
 endloop
endfacet
facet normal 0 0 0
 outer loop
 vertex -0.102133 0.000125 0
 vertex -0.111917 -2.18557e-11 0.0168875
 vertex -0.1119 0.000125 0.0169165
 endloop
endfacet
facet normal 0 0 0
 outer loop
 vertex -0.102167 -2.18557e-11 0
 vertex -0.102133 -0.000125 0
 vertex -0.1119 -0.000125 0.0169165
 endloop
endfacet
facet normal 0 0 0
 outer loop
 vertex -0.102167 -2.18557e-11 0
 vertex -0.1119 -0.000125 0.0169165
 vertex -0.111917 -2.18557e-11 0.0168875
 endloop
endfacet
facet normal 0 0 0
 outer loop
 vertex -0.102133 -0.000125 0
 vertex -0.102042 -0.000216506 0
 vertex -0.111854 -0.000216506 0.0169957
 endloop
endfacet
facet normal 0 0 0
 outer loop
 vertex -0.102133 -0.000125 0
 vertex -0.111854 -0.000216506 0.0169957
 vertex -0.1119 -0.000125 0.0169165
 endloop
endfacet
facet normal 0 0 0
 outer loop
 vertex -0.102042 -0.000216506 0
 vertex -0.101917 -0.00025 0
 vertex -0.111792 -0.00025 0.017104
 endloop
endfacet
facet normal 0 0 0
 outer loop
 vertex -0.102042 -0.000216506 0
 vertex -0.111792 -0.00025 0.017104
 vertex -0.111854 -0.000216506 0.0169957
 endloop
endfacet
facet normal 0 0 0
 outer loop
 vertex -0.101917 -0.00025 0
 vertex -0.101792 -0.000216506 0
 vertex -0.111729 -0.000216506 0.0172123
 endloop
endfacet
facet normal 0 0 0
 outer loop
 vertex -0.101917 -0.00025 0
 vertex -0.111729 -0.000216506 0.0172123
 vertex -0.111792 -0.00025 0.017104
 endloop
endfacet
facet normal 0 0 0
 outer loop
 vertex -0.101792 -0.000216506 0
 vertex -0.1017 -0.000125 0
 vertex -0.111683 -0.000125 0.0172915
 endloop
endfacet
facet normal 0 0 0
 outer loop
 vertex -0.101792 -0.000216506 0
 vertex -0.111683 -0.000125 0.0172915
 vertex -0.111729 -0.000216506 0.0172123
 endloop
endfacet
facet normal 0 0 0
 outer loop
 vertex -0.1017 -0.000125 0
 vertex -0.101667 4.37113e-11 0
 vertex -0.111667 4.37113e-11 0.0173205
 endloop
endfacet
facet normal 0 0 0
 outer loop
 vertex -0.1017 -0.000125 0
 vertex -0.111667 4.37113e-11 0.0173205
 vertex -0.111683 -0.000125 0.0172915
 endloop
endfacet
facet normal 0 0 0
 outer loop
 vertex -0.111667 0 0.0173205
 vertex -0.111683 0.000125 0.0172915
 vertex -0.13165 0.000125 0.0172915
 endloop
endfacet
facet normal 0 0 0
 outer loop
 vertex -0.111667 0 0.0173205
 vertex -0.13165 0.000125 0.0172915
 vertex -0.131667 0 0.0173205
 endloop
endfacet
facet normal 0 0 0
 outer loop
 vertex -0.111683 0.000125 0.0172915
 vertex -0.111729 0.000216506 0.0172123
 vertex -0.131604 0.000216506 0.0172123
 endloop
endfacet
facet normal 0 0 0
 outer loop
 vertex -0.111683 0.000125 0.0172915
 vertex -0.131604 0.000216506 0.0172123
 vertex -0.13165 0.000125 0.0172915
 endloop
endfacet
facet normal 0 0 0
 outer loop
 vertex -0.111729 0.000216506 0.0172123
 vertex -0.111792 0.00025 0.017104
 vertex -0.131542 0.00025 0.017104
 endloop
endfacet
facet normal 0 0 0
 outer loop
 vertex -0.111729 0.000216506 0.0172123
 vertex -0.131542 0.00025 0.017104
 vertex -0.131604 0.000216506 0.0172123
 endloop
endfacet
facet normal 0 0 0
 outer loop
 vertex -0.111792 0.00025 0.017104
 vertex -0.111854 0.000216506 0.0169957
 vertex -0.131479 0.000216506 0.0169957
 endloop
endfacet
facet normal 0 0 0
 outer loop
 vertex -0.111792 0.00025 0.017104
 vertex -0.131479 0.000216506 0.0169957
 vertex -0.131542 0.00025 0.017104
 endloop
endfacet
facet normal 0 0 0
 outer loop
 vertex -0.111854 0.000216506 0.0169957
 vertex -0.1119 0.000125 0.0169165
 vertex -0.131433 0.000125 0.0169165
 endloop
endfacet
facet normal 0 0 0
 outer loop
 vertex -0.111854 0.000216506 0.0169957
 vertex -0.131433 0.000125 0.0169165
 vertex -0.131479 0.000216506 0.0169957
 endloop
endfacet
facet normal 0 0 0
 outer loop
 vertex -0.1119 0.000125 0.0169165
 vertex -0.111917 -2.18557e-11 0.0168875
 vertex -0.131417 -2.18557e-11 0.0168875
 endloop
endfacet
facet normal 0 0 0
 outer loop
 vertex -0.1119 0.000125 0.0169165
 vertex -0.131417 -2.18557e-11 0.0168875
 vertex -0.131433 0.000125 0.0169165
 endloop
endfacet
facet normal 0 0 0
 outer loop
 vertex -0.111917 -2.18557e-11 0.0168875
 vertex -0.1119 -0.000125 0.0169165
 vertex -0.131433 -0.000125 0.0169165
 endloop
endfacet
facet normal 0 0 0
 outer loop
 vertex -0.111917 -2.18557e-11 0.0168875
 vertex -0.131433 -0.000125 0.0169165
 vertex -0.131417 -2.18557e-11 0.0168875
 endloop
endfacet
facet normal 0 0 0
 outer loop
 vertex -0.1119 -0.000125 0.0169165
 vertex -0.111854 -0.000216506 0.0169957
 vertex -0.131479 -0.000216506 0.0169957
 endloop
endfacet
facet normal 0 0 0
 outer loop
 vertex -0.1119 -0.000125 0.0169165
 vertex -0.131479 -0.000216506 0.0169957
 vertex -0.131433 -0.000125 0.0169165
 endloop
endfacet
facet normal 0 0 0
 outer loop
 vertex -0.111854 -0.000216506 0.0169957
 vertex -0.111792 -0.00025 0.017104
 vertex -0.131542 -0.00025 0.017104
 endloop
endfacet
facet normal 0 0 0
 outer loop
 vertex -0.111854 -0.000216506 0.0169957
 vertex -0.131542 -0.00025 0.017104
 vertex -0.131479 -0.000216506 0.0169957
 endloop
endfacet
facet normal 0 0 0
 outer loop
 vertex -0.111792 -0.00025 0.017104
 vertex -0.111729 -0.000216506 0.0172123
 vertex -0.131604 -0.000216506 0.0172123
 endloop
endfacet
facet normal 0 0 0
 outer loop
 vertex -0.111792 -0.00025 0.017104
 vertex -0.131604 -0.000216506 0.0172123
 vertex -0.131542 -0.00025 0.017104
 endloop
endfacet
facet normal 0 0 0
 outer loop
 vertex -0.111729 -0.000216506 0.0172123
 vertex -0.111683 -0.000125 0.0172915
 vertex -0.13165 -0.000125 0.0172915
 endloop
endfacet
facet normal 0 0 0
 outer loop
 vertex -0.111729 -0.000216506 0.0172123
 vertex -0.13165 -0.000125 0.0172915
 vertex -0.131604 -0.000216506 0.0172123
 endloop
endfacet
facet normal 0 0 0
 outer loop
 vertex -0.111683 -0.000125 0.0172915
 vertex -0.111667 4.37113e-11 0.0173205
 vertex -0.131667 4.37113e-11 0.0173205
 endloop
endfacet
facet normal 0 0 0
 outer loop
 vertex -0.111683 -0.000125 0.0172915
 vertex -0.131667 4.37113e-11 0.0173205
 vertex -0.13165 -0.000125 0.0172915
 endloop
endfacet
facet normal 0 0 0
 outer loop
 vertex -0.131667 0 0.0173205
 vertex -0.13165 0.000125 0.0172915
 vertex -0.141633 0.000125 -1.74553e-09
 endloop
endfacet
facet normal 0 0 0
 outer loop
 vertex -0.131667 0 0.0173205
 vertex -0.141633 0.000125 -1.74553e-09
 vertex -0.141667 0 -1.74846e-09
 endloop
endfacet
facet normal 0 0 0
 outer loop
 vertex -0.13165 0.000125 0.0172915
 vertex -0.131604 0.000216506 0.0172123
 vertex -0.141542 0.000216506 -1.73753e-09
 endloop
endfacet
facet normal 0 0 0
 outer loop
 vertex -0.13165 0.000125 0.0172915
 vertex -0.141542 0.000216506 -1.73753e-09
 vertex -0.141633 0.000125 -1.74553e-09
 endloop
endfacet
facet normal 0 0 0
 outer loop
 vertex -0.131604 0.000216506 0.0172123
 vertex -0.131542 0.00025 0.017104
 vertex -0.141417 0.00025 -1.7266e-09
 endloop
endfacet
facet normal 0 0 0
 outer loop
 vertex -0.131604 0.000216506 0.0172123
 vertex -0.141417 0.00025 -1.7266e-09
 vertex -0.141542 0.000216506 -1.73753e-09
 endloop
endfacet
facet normal 0 0 0
 outer loop
 vertex -0.131542 0.00025 0.017104
 vertex -0.131479 0.000216506 0.0169957
 vertex -0.141292 0.000216506 -1.71567e-09
 endloop
endfacet
facet normal 0 0 0
 outer loop
 vertex -0.131542 0.00025 0.017104
 vertex -0.141292 0.000216506 -1.71567e-09
 vertex -0.141417 0.00025 -1.7266e-09
 endloop
endfacet
facet normal 0 0 0
 outer loop
 vertex -0.131479 0.000216506 0.0169957
 vertex -0.131433 0.000125 0.0169165
 vertex -0.1412 0.000125 -1.70767e-09
 endloop
endfacet
facet normal 0 0 0
 outer loop
 vertex -0.131479 0.000216506 0.0169957
 vertex -0.1412 0.000125 -1.70767e-09
 vertex -0.141292 0.000216506 -1.71567e-09
 endloop
endfacet
facet normal 0 0 0
 outer loop
 vertex -0.131433 0.000125 0.0169165
 vertex -0.131417 -2.18557e-11 0.0168875
 vertex -0.141167 -2.18557e-11 -1.70474e-09
 endloop
endfacet
facet normal 0 0 0
 outer loop
 vertex -0.131433 0.000125 0.0169165
 vertex -0.141167 -2.18557e-11 -1.70474e-09
 vertex -0.1412 0.000125 -1.70767e-09
 endloop
endfacet
facet normal 0 0 0
 outer loop
 vertex -0.131417 -2.18557e-11 0.0168875
 vertex -0.131433 -0.000125 0.0169165
 vertex -0.1412 -0.000125 -1.70767e-09
 endloop
endfacet
facet normal 0 0 0
 outer loop
 vertex -0.131417 -2.18557e-11 0.0168875
 vertex -0.1412 -0.000125 -1.70767e-09
 vertex -0.141167 -2.18557e-11 -1.70474e-09
 endloop
endfacet
facet normal 0 0 0
 outer loop
 vertex -0.131433 -0.000125 0.0169165
 vertex -0.131479 -0.000216506 0.0169957
 vertex -0.141292 -0.000216506 -1.71567e-09
 endloop
endfacet
facet normal 0 0 0
 outer loop
 vertex -0.131433 -0.000125 0.0169165
 vertex -0.141292 -0.000216506 -1.71567e-09
 vertex -0.1412 -0.000125 -1.70767e-09
 endloop
endfacet
facet normal 0 0 0
 outer loop
 vertex -0.131479 -0.000216506 0.0169957
 vertex -0.131542 -0.00025 0.017104
 vertex -0.141417 -0.00025 -1.7266e-09
 endloop
endfacet
facet normal 0 0 0
 outer loop
 vertex -0.131479 -0.000216506 0.0169957
 vertex -0.141417 -0.00025 -1.7266e-09
 vertex -0.141292 -0.000216506 -1.71567e-09
 endloop
endfacet
facet normal 0 0 0
 outer loop
 vertex -0.131542 -0.00025 0.017104
 vertex -0.131604 -0.000216506 0.0172123
 vertex -0.141542 -0.000216506 -1.73753e-09
 endloop
endfacet
facet normal 0 0 0
 outer loop
 vertex -0.131542 -0.00025 0.017104
 vertex -0.141542 -0.000216506 -1.73753e-09
 vertex -0.141417 -0.00025 -1.7266e-09
 endloop
endfacet
facet normal 0 0 0
 outer loop
 vertex -0.131604 -0.000216506 0.0172123
 vertex -0.13165 -0.000125 0.0172915
 vertex -0.141633 -0.000125 -1.74553e-09
 endloop
endfacet
facet normal 0 0 0
 outer loop
 vertex -0.131604 -0.000216506 0.0172123
 vertex -0.141633 -0.000125 -1.74553e-09
 vertex -0.141542 -0.000216506 -1.73753e-09
 endloop
endfacet
facet normal 0 0 0
 outer loop
 vertex -0.13165 -0.000125 0.0172915
 vertex -0.131667 4.37113e-11 0.0173205
 vertex -0.141667 4.37113e-11 -1.74846e-09
 endloop
endfacet
facet normal 0 0 0
 outer loop
 vertex -0.13165 -0.000125 0.0172915
 vertex -0.141667 4.37113e-11 -1.74846e-09
 vertex -0.141633 -0.000125 -1.74553e-09
 endloop
endfacet
facet normal 0 0 0
 outer loop
 vertex -0.141667 0 -1.74846e-09
 vertex -0.141633 0.000125 -1.74553e-09
 vertex -0.13165 0.000125 -0.0172915
 endloop
endfacet
facet normal 0 0 0
 outer loop
 vertex -0.141667 0 -1.74846e-09
 vertex -0.13165 0.000125 -0.0172915
 vertex -0.131667 0 -0.0173205
 endloop
endfacet
facet normal 0 0 0
 outer loop
 vertex -0.141633 0.000125 -1.74553e-09
 vertex -0.141542 0.000216506 -1.73753e-09
 vertex -0.131604 0.000216506 -0.0172123
 endloop
endfacet
facet normal 0 0 0
 outer loop
 vertex -0.141633 0.000125 -1.74553e-09
 vertex -0.131604 0.000216506 -0.0172123
 vertex -0.13165 0.000125 -0.0172915
 endloop
endfacet
facet normal 0 0 0
 outer loop
 vertex -0.141542 0.000216506 -1.73753e-09
 vertex -0.141417 0.00025 -1.7266e-09
 vertex -0.131542 0.00025 -0.017104
 endloop
endfacet
facet normal 0 0 0
 outer loop
 vertex -0.141542 0.000216506 -1.73753e-09
 vertex -0.131542 0.00025 -0.017104
 vertex -0.131604 0.000216506 -0.0172123
 endloop
endfacet
facet normal 0 0 0
 outer loop
 vertex -0.141417 0.00025 -1.7266e-09
 vertex -0.141292 0.000216506 -1.71567e-09
 vertex -0.131479 0.000216506 -0.0169957
 endloop
endfacet
facet normal 0 0 0
 outer loop
 vertex -0.141417 0.00025 -1.7266e-09
 vertex -0.131479 0.000216506 -0.0169957
 vertex -0.131542 0.00025 -0.017104
 endloop
endfacet
facet normal 0 0 0
 outer loop
 vertex -0.141292 0.000216506 -1.71567e-09
 vertex -0.1412 0.000125 -1.70767e-09
 vertex -0.131433 0.000125 -0.0169165
 endloop
endfacet
facet normal 0 0 0
 outer loop
 vertex -0.141292 0.000216506 -1.71567e-09
 vertex -0.131433 0.000125 -0.0169165
 vertex -0.131479 0.000216506 -0.0169957
 endloop
endfacet
facet normal 0 0 0
 outer loop
 vertex -0.1412 0.000125 -1.70767e-09
 vertex -0.141167 -2.18557e-11 -1.70474e-09
 vertex -0.131417 -2.18557e-11 -0.0168875
 endloop
endfacet
facet normal 0 0 0
 outer loop
 vertex -0.1412 0.000125 -1.70767e-09
 vertex -0.131417 -2.18557e-11 -0.0168875
 vertex -0.131433 0.000125 -0.0169165
 endloop
endfacet
facet normal 0 0 0
 outer loop
 vertex -0.141167 -2.18557e-11 -1.70474e-09
 vertex -0.1412 -0.000125 -1.70767e-09
 vertex -0.131433 -0.000125 -0.0169165
 endloop
endfacet
facet normal 0 0 0
 outer loop
 vertex -0.141167 -2.18557e-11 -1.70474e-09
 vertex -0.131433 -0.000125 -0.0169165
 vertex -0.131417 -2.18557e-11 -0.0168875
 endloop
endfacet
facet normal 0 0 0
 outer loop
 vertex -0.1412 -0.000125 -1.70767e-09
 vertex -0.141292 -0.000216506 -1.71567e-09
 vertex -0.131479 -0.000216506 -0.0169957
 endloop
endfacet
facet normal 0 0 0
 outer loop
 vertex -0.1412 -0.000125 -1.70767e-09
 vertex -0.131479 -0.000216506 -0.0169957
 vertex -0.131433 -0.000125 -0.0169165
 endloop
endfacet
facet normal 0 0 0
 outer loop
 vertex -0.141292 -0.000216506 -1.71567e-09
 vertex -0.141417 -0.00025 -1.7266e-09
 vertex -0.131542 -0.00025 -0.017104
 endloop
endfacet
facet normal 0 0 0
 outer loop
 vertex -0.141292 -0.000216506 -1.71567e-09
 vertex -0.131542 -0.00025 -0.017104
 vertex -0.131479 -0.000216506 -0.0169957
 endloop
endfacet
facet normal 0 0 0
 outer loop
 vertex -0.141417 -0.00025 -1.7266e-09
 vertex -0.141542 -0.000216506 -1.73753e-09
 vertex -0.131604 -0.000216506 -0.0172123
 endloop
endfacet
facet normal 0 0 0
 outer loop
 vertex -0.141417 -0.00025 -1.7266e-09
 vertex -0.131604 -0.000216506 -0.0172123
 vertex -0.131542 -0.00025 -0.017104
 endloop
endfacet
facet normal 0 0 0
 outer loop
 vertex -0.141542 -0.000216506 -1.73753e-09
 vertex -0.141633 -0.000125 -1.74553e-09
 vertex -0.13165 -0.000125 -0.0172915
 endloop
endfacet
facet normal 0 0 0
 outer loop
 vertex -0.141542 -0.000216506 -1.73753e-09
 vertex -0.13165 -0.000125 -0.0172915
 vertex -0.131604 -0.000216506 -0.0172123
 endloop
endfacet
facet normal 0 0 0
 outer loop
 vertex -0.141633 -0.000125 -1.74553e-09
 vertex -0.141667 4.37113e-11 -1.74846e-09
 vertex -0.131667 4.37113e-11 -0.0173205
 endloop
endfacet
facet normal 0 0 0
 outer loop
 vertex -0.141633 -0.000125 -1.74553e-09
 vertex -0.131667 4.37113e-11 -0.0173205
 vertex -0.13165 -0.000125 -0.0172915
 endloop
endfacet
facet normal 0 0 0
 outer loop
 vertex -0.131667 0 -0.0173205
 vertex -0.13165 0.000125 -0.0172915
 vertex -0.111683 0.000125 -0.0172915
 endloop
endfacet
facet normal 0 0 0
 outer loop
 vertex -0.131667 0 -0.0173205
 vertex -0.111683 0.000125 -0.0172915
 vertex -0.111667 0 -0.0173205
 endloop
endfacet
facet normal 0 0 0
 outer loop
 vertex -0.13165 0.000125 -0.0172915
 vertex -0.131604 0.000216506 -0.0172123
 vertex -0.111729 0.000216506 -0.0172123
 endloop
endfacet
facet normal 0 0 0
 outer loop
 vertex -0.13165 0.000125 -0.0172915
 vertex -0.111729 0.000216506 -0.0172123
 vertex -0.111683 0.000125 -0.0172915
 endloop
endfacet
facet normal 0 0 0
 outer loop
 vertex -0.131604 0.000216506 -0.0172123
 vertex -0.131542 0.00025 -0.017104
 vertex -0.111792 0.00025 -0.017104
 endloop
endfacet
facet normal 0 0 0
 outer loop
 vertex -0.131604 0.000216506 -0.0172123
 vertex -0.111792 0.00025 -0.017104
 vertex -0.111729 0.000216506 -0.0172123
 endloop
endfacet
facet normal 0 0 0
 outer loop
 vertex -0.131542 0.00025 -0.017104
 vertex -0.131479 0.000216506 -0.0169957
 vertex -0.111854 0.000216506 -0.0169957
 endloop
endfacet
facet normal 0 0 0
 outer loop
 vertex -0.131542 0.00025 -0.017104
 vertex -0.111854 0.000216506 -0.0169957
 vertex -0.111792 0.00025 -0.017104
 endloop
endfacet
facet normal 0 0 0
 outer loop
 vertex -0.131479 0.000216506 -0.0169957
 vertex -0.131433 0.000125 -0.0169165
 vertex -0.1119 0.000125 -0.0169165
 endloop
endfacet
facet normal 0 0 0
 outer loop
 vertex -0.131479 0.000216506 -0.0169957
 vertex -0.1119 0.000125 -0.0169165
 vertex -0.111854 0.000216506 -0.0169957
 endloop
endfacet
facet normal 0 0 0
 outer loop
 vertex -0.131433 0.000125 -0.0169165
 vertex -0.131417 -2.18557e-11 -0.0168875
 vertex -0.111917 -2.18557e-11 -0.0168875
 endloop
endfacet
facet normal 0 0 0
 outer loop
 vertex -0.131433 0.000125 -0.0169165
 vertex -0.111917 -2.18557e-11 -0.0168875
 vertex -0.1119 0.000125 -0.0169165
 endloop
endfacet
facet normal 0 0 0
 outer loop
 vertex -0.131417 -2.18557e-11 -0.0168875
 vertex -0.131433 -0.000125 -0.0169165
 vertex -0.1119 -0.000125 -0.0169165
 endloop
endfacet
facet normal 0 0 0
 outer loop
 vertex -0.131417 -2.18557e-11 -0.0168875
 vertex -0.1119 -0.000125 -0.0169165
 vertex -0.111917 -2.18557e-11 -0.0168875
 endloop
endfacet
facet normal 0 0 0
 outer loop
 vertex -0.131433 -0.000125 -0.0169165
 vertex -0.131479 -0.000216506 -0.0169957
 vertex -0.111854 -0.000216506 -0.0169957
 endloop
endfacet
facet normal 0 0 0
 outer loop
 vertex -0.131433 -0.000125 -0.0169165
 vertex -0.111854 -0.000216506 -0.0169957
 vertex -0.1119 -0.000125 -0.0169165
 endloop
endfacet
facet normal 0 0 0
 outer loop
 vertex -0.131479 -0.000216506 -0.0169957
 vertex -0.131542 -0.00025 -0.017104
 vertex -0.111792 -0.00025 -0.017104
 endloop
endfacet
facet normal 0 0 0
 outer loop
 vertex -0.131479 -0.000216506 -0.0169957
 vertex -0.111792 -0.00025 -0.017104
 vertex -0.111854 -0.000216506 -0.0169957
 endloop
endfacet
facet normal 0 0 0
 outer loop
 vertex -0.131542 -0.00025 -0.017104
 vertex -0.131604 -0.000216506 -0.0172123
 vertex -0.111729 -0.000216506 -0.0172123
 endloop
endfacet
facet normal 0 0 0
 outer loop
 vertex -0.131542 -0.00025 -0.017104
 vertex -0.111729 -0.000216506 -0.0172123
 vertex -0.111792 -0.00025 -0.017104
 endloop
endfacet
facet normal 0 0 0
 outer loop
 vertex -0.131604 -0.000216506 -0.0172123
 vertex -0.13165 -0.000125 -0.0172915
 vertex -0.111683 -0.000125 -0.0172915
 endloop
endfacet
facet normal 0 0 0
 outer loop
 vertex -0.131604 -0.000216506 -0.0172123
 vertex -0.111683 -0.000125 -0.0172915
 vertex -0.111729 -0.000216506 -0.0172123
 endloop
endfacet
facet normal 0 0 0
 outer loop
 vertex -0.13165 -0.000125 -0.0172915
 vertex -0.131667 4.37113e-11 -0.0173205
 vertex -0.111667 4.37113e-11 -0.0173205
 endloop
endfacet
facet normal 0 0 0
 outer loop
 vertex -0.13165 -0.000125 -0.0172915
 vertex -0.111667 4.37113e-11 -0.0173205
 vertex -0.111683 -0.000125 -0.0172915
 endloop
endfacet
facet normal 0 0 0
 outer loop
 vertex -0.111667 0 -0.0173205
 vertex -0.111683 0.000125 -0.0172915
 vertex -0.1017 0.000125 3.49105e-09
 endloop
endfacet
facet normal 0 0 0
 outer loop
 vertex -0.111667 0 -0.0173205
 vertex -0.1017 0.000125 3.49105e-09
 vertex -0.101667 0 3.49691e-09
 endloop
endfacet
facet normal 0 0 0
 outer loop
 vertex -0.111683 0.000125 -0.0172915
 vertex -0.111729 0.000216506 -0.0172123
 vertex -0.101792 0.000216506 3.47506e-09
 endloop
endfacet
facet normal 0 0 0
 outer loop
 vertex -0.111683 0.000125 -0.0172915
 vertex -0.101792 0.000216506 3.47506e-09
 vertex -0.1017 0.000125 3.49105e-09
 endloop
endfacet
facet normal 0 0 0
 outer loop
 vertex -0.111729 0.000216506 -0.0172123
 vertex -0.111792 0.00025 -0.017104
 vertex -0.101917 0.00025 3.4532e-09
 endloop
endfacet
facet normal 0 0 0
 outer loop
 vertex -0.111729 0.000216506 -0.0172123
 vertex -0.101917 0.00025 3.4532e-09
 vertex -0.101792 0.000216506 3.47506e-09
 endloop
endfacet
facet normal 0 0 0
 outer loop
 vertex -0.111792 0.00025 -0.017104
 vertex -0.111854 0.000216506 -0.0169957
 vertex -0.102042 0.000216506 3.43134e-09
 endloop
endfacet
facet normal 0 0 0
 outer loop
 vertex -0.111792 0.00025 -0.017104
 vertex -0.102042 0.000216506 3.43134e-09
 vertex -0.101917 0.00025 3.4532e-09
 endloop
endfacet
facet normal 0 0 0
 outer loop
 vertex -0.111854 0.000216506 -0.0169957
 vertex -0.1119 0.000125 -0.0169165
 vertex -0.102133 0.000125 3.41534e-09
 endloop
endfacet
facet normal 0 0 0
 outer loop
 vertex -0.111854 0.000216506 -0.0169957
 vertex -0.102133 0.000125 3.41534e-09
 vertex -0.102042 0.000216506 3.43134e-09
 endloop
endfacet
facet normal 0 0 0
 outer loop
 vertex -0.1119 0.000125 -0.0169165
 vertex -0.111917 -2.18557e-11 -0.0168875
 vertex -0.102167 -2.18557e-11 3.40949e-09
 endloop
endfacet
facet normal 0 0 0
 outer loop
 vertex -0.1119 0.000125 -0.0169165
 vertex -0.102167 -2.18557e-11 3.40949e-09
 vertex -0.102133 0.000125 3.41534e-09
 endloop
endfacet
facet normal 0 0 0
 outer loop
 vertex -0.111917 -2.18557e-11 -0.0168875
 vertex -0.1119 -0.000125 -0.0169165
 vertex -0.102133 -0.000125 3.41534e-09
 endloop
endfacet
facet normal 0 0 0
 outer loop
 vertex -0.111917 -2.18557e-11 -0.0168875
 vertex -0.102133 -0.000125 3.41534e-09
 vertex -0.102167 -2.18557e-11 3.40949e-09
 endloop
endfacet
facet normal 0 0 0
 outer loop
 vertex -0.1119 -0.000125 -0.0169165
 vertex -0.111854 -0.000216506 -0.0169957
 vertex -0.102042 -0.000216506 3.43134e-09
 endloop
endfacet
facet normal 0 0 0
 outer loop
 vertex -0.1119 -0.000125 -0.0169165
 vertex -0.102042 -0.000216506 3.43134e-09
 vertex -0.102133 -0.000125 3.41534e-09
 endloop
endfacet
facet normal 0 0 0
 outer loop
 vertex -0.111854 -0.000216506 -0.0169957
 vertex -0.111792 -0.00025 -0.017104
 vertex -0.101917 -0.00025 3.4532e-09
 endloop
endfacet
facet normal 0 0 0
 outer loop
 vertex -0.111854 -0.000216506 -0.0169957
 vertex -0.101917 -0.00025 3.4532e-09
 vertex -0.102042 -0.000216506 3.43134e-09
 endloop
endfacet
facet normal 0 0 0
 outer loop
 vertex -0.111792 -0.00025 -0.017104
 vertex -0.111729 -0.000216506 -0.0172123
 vertex -0.101792 -0.000216506 3.47506e-09
 endloop
endfacet
facet normal 0 0 0
 outer loop
 vertex -0.111792 -0.00025 -0.017104
 vertex -0.101792 -0.000216506 3.47506e-09
 vertex -0.101917 -0.00025 3.4532e-09
 endloop
endfacet
facet normal 0 0 0
 outer loop
 vertex -0.111729 -0.000216506 -0.0172123
 vertex -0.111683 -0.000125 -0.0172915
 vertex -0.1017 -0.000125 3.49105e-09
 endloop
endfacet
facet normal 0 0 0
 outer loop
 vertex -0.111729 -0.000216506 -0.0172123
 vertex -0.1017 -0.000125 3.49105e-09
 vertex -0.101792 -0.000216506 3.47506e-09
 endloop
endfacet
facet normal 0 0 0
 outer loop
 vertex -0.111683 -0.000125 -0.0172915
 vertex -0.111667 4.37113e-11 -0.0173205
 vertex -0.101667 4.37113e-11 3.49691e-09
 endloop
endfacet
facet normal 0 0 0
 outer loop
 vertex -0.111683 -0.000125 -0.0172915
 vertex -0.101667 4.37113e-11 3.49691e-09
 vertex -0.1017 -0.000125 3.49105e-09
 endloop
endfacet
facet normal 0 0 0
 outer loop
 vertex -0.085 0 0
 vertex -0.0850335 0.000125 0
 vertex -0.0950168 0.000125 0.0172915
 endloop
endfacet
facet normal 0 0 0
 outer loop
 vertex -0.085 0 0
 vertex -0.0950168 0.000125 0.0172915
 vertex -0.095 0 0.0173205
 endloop
endfacet
facet normal 0 0 0
 outer loop
 vertex -0.0850335 0.000125 0
 vertex -0.085125 0.000216506 0
 vertex -0.0950625 0.000216506 0.0172123
 endloop
endfacet
facet normal 0 0 0
 outer loop
 vertex -0.0850335 0.000125 0
 vertex -0.0950625 0.000216506 0.0172123
 vertex -0.0950168 0.000125 0.0172915
 endloop
endfacet
facet normal 0 0 0
 outer loop
 vertex -0.085125 0.000216506 0
 vertex -0.08525 0.00025 0
 vertex -0.095125 0.00025 0.017104
 endloop
endfacet
facet normal 0 0 0
 outer loop
 vertex -0.085125 0.000216506 0
 vertex -0.095125 0.00025 0.017104
 vertex -0.0950625 0.000216506 0.0172123
 endloop
endfacet
facet normal 0 0 0
 outer loop
 vertex -0.08525 0.00025 0
 vertex -0.085375 0.000216506 0
 vertex -0.0951875 0.000216506 0.0169957
 endloop
endfacet
facet normal 0 0 0
 outer loop
 vertex -0.08525 0.00025 0
 vertex -0.0951875 0.000216506 0.0169957
 vertex -0.095125 0.00025 0.017104
 endloop
endfacet
facet normal 0 0 0
 outer loop
 vertex -0.085375 0.000216506 0
 vertex -0.0854665 0.000125 0
 vertex -0.0952333 0.000125 0.0169165
 endloop
endfacet
facet normal 0 0 0
 outer loop
 vertex -0.085375 0.000216506 0
 vertex -0.0952333 0.000125 0.0169165
 vertex -0.0951875 0.000216506 0.0169957
 endloop
endfacet
facet normal 0 0 0
 outer loop
 vertex -0.0854665 0.000125 0
 vertex -0.0855 -2.18557e-11 0
 vertex -0.09525 -2.18557e-11 0.0168875
 endloop
endfacet
facet normal 0 0 0
 outer loop
 vertex -0.0854665 0.000125 0
 vertex -0.09525 -2.18557e-11 0.0168875
 vertex -0.0952333 0.000125 0.0169165
 endloop
endfacet
facet normal 0 0 0
 outer loop
 vertex -0.0855 -2.18557e-11 0
 vertex -0.0854665 -0.000125 0
 vertex -0.0952333 -0.000125 0.0169165
 endloop
endfacet
facet normal 0 0 0
 outer loop
 vertex -0.0855 -2.18557e-11 0
 vertex -0.0952333 -0.000125 0.0169165
 vertex -0.09525 -2.18557e-11 0.0168875
 endloop
endfacet
facet normal 0 0 0
 outer loop
 vertex -0.0854665 -0.000125 0
 vertex -0.085375 -0.000216506 0
 vertex -0.0951875 -0.000216506 0.0169957
 endloop
endfacet
facet normal 0 0 0
 outer loop
 vertex -0.0854665 -0.000125 0
 vertex -0.0951875 -0.000216506 0.0169957
 vertex -0.0952333 -0.000125 0.0169165
 endloop
endfacet
facet normal 0 0 0
 outer loop
 vertex -0.085375 -0.000216506 0
 vertex -0.08525 -0.00025 0
 vertex -0.095125 -0.00025 0.017104
 endloop
endfacet
facet normal 0 0 0
 outer loop
 vertex -0.085375 -0.000216506 0
 vertex -0.095125 -0.00025 0.017104
 vertex -0.0951875 -0.000216506 0.0169957
 endloop
endfacet
facet normal 0 0 0
 outer loop
 vertex -0.08525 -0.00025 0
 vertex -0.085125 -0.000216506 0
 vertex -0.0950625 -0.000216506 0.0172123
 endloop
endfacet
facet normal 0 0 0
 outer loop
 vertex -0.08525 -0.00025 0
 vertex -0.0950625 -0.000216506 0.0172123
 vertex -0.095125 -0.00025 0.017104
 endloop
endfacet
facet normal 0 0 0
 outer loop
 vertex -0.085125 -0.000216506 0
 vertex -0.0850335 -0.000125 0
 vertex -0.0950168 -0.000125 0.0172915
 endloop
endfacet
facet normal 0 0 0
 outer loop
 vertex -0.085125 -0.000216506 0
 vertex -0.0950168 -0.000125 0.0172915
 vertex -0.0950625 -0.000216506 0.0172123
 endloop
endfacet
facet normal 0 0 0
 outer loop
 vertex -0.0850335 -0.000125 0
 vertex -0.085 4.37113e-11 0
 vertex -0.095 4.37113e-11 0.0173205
 endloop
endfacet
facet normal 0 0 0
 outer loop
 vertex -0.0850335 -0.000125 0
 vertex -0.095 4.37113e-11 0.0173205
 vertex -0.0950168 -0.000125 0.0172915
 endloop
endfacet
facet normal 0 0 0
 outer loop
 vertex -0.095 0 0.0173205
 vertex -0.0950168 0.000125 0.0172915
 vertex -0.114983 0.000125 0.0172915
 endloop
endfacet
facet normal 0 0 0
 outer loop
 vertex -0.095 0 0.0173205
 vertex -0.114983 0.000125 0.0172915
 vertex -0.115 0 0.0173205
 endloop
endfacet
facet normal 0 0 0
 outer loop
 vertex -0.0950168 0.000125 0.0172915
 vertex -0.0950625 0.000216506 0.0172123
 vertex -0.114938 0.000216506 0.0172123
 endloop
endfacet
facet normal 0 0 0
 outer loop
 vertex -0.0950168 0.000125 0.0172915
 vertex -0.114938 0.000216506 0.0172123
 vertex -0.114983 0.000125 0.0172915
 endloop
endfacet
facet normal 0 0 0
 outer loop
 vertex -0.0950625 0.000216506 0.0172123
 vertex -0.095125 0.00025 0.017104
 vertex -0.114875 0.00025 0.017104
 endloop
endfacet
facet normal 0 0 0
 outer loop
 vertex -0.0950625 0.000216506 0.0172123
 vertex -0.114875 0.00025 0.017104
 vertex -0.114938 0.000216506 0.0172123
 endloop
endfacet
facet normal 0 0 0
 outer loop
 vertex -0.095125 0.00025 0.017104
 vertex -0.0951875 0.000216506 0.0169957
 vertex -0.114813 0.000216506 0.0169957
 endloop
endfacet
facet normal 0 0 0
 outer loop
 vertex -0.095125 0.00025 0.017104
 vertex -0.114813 0.000216506 0.0169957
 vertex -0.114875 0.00025 0.017104
 endloop
endfacet
facet normal 0 0 0
 outer loop
 vertex -0.0951875 0.000216506 0.0169957
 vertex -0.0952333 0.000125 0.0169165
 vertex -0.114767 0.000125 0.0169165
 endloop
endfacet
facet normal 0 0 0
 outer loop
 vertex -0.0951875 0.000216506 0.0169957
 vertex -0.114767 0.000125 0.0169165
 vertex -0.114813 0.000216506 0.0169957
 endloop
endfacet
facet normal 0 0 0
 outer loop
 vertex -0.0952333 0.000125 0.0169165
 vertex -0.09525 -2.18557e-11 0.0168875
 vertex -0.11475 -2.18557e-11 0.0168875
 endloop
endfacet
facet normal 0 0 0
 outer loop
 vertex -0.0952333 0.000125 0.0169165
 vertex -0.11475 -2.18557e-11 0.0168875
 vertex -0.114767 0.000125 0.0169165
 endloop
endfacet
facet normal 0 0 0
 outer loop
 vertex -0.09525 -2.18557e-11 0.0168875
 vertex -0.0952333 -0.000125 0.0169165
 vertex -0.114767 -0.000125 0.0169165
 endloop
endfacet
facet normal 0 0 0
 outer loop
 vertex -0.09525 -2.18557e-11 0.0168875
 vertex -0.114767 -0.000125 0.0169165
 vertex -0.11475 -2.18557e-11 0.0168875
 endloop
endfacet
facet normal 0 0 0
 outer loop
 vertex -0.0952333 -0.000125 0.0169165
 vertex -0.0951875 -0.000216506 0.0169957
 vertex -0.114813 -0.000216506 0.0169957
 endloop
endfacet
facet normal 0 0 0
 outer loop
 vertex -0.0952333 -0.000125 0.0169165
 vertex -0.114813 -0.000216506 0.0169957
 vertex -0.114767 -0.000125 0.0169165
 endloop
endfacet
facet normal 0 0 0
 outer loop
 vertex -0.0951875 -0.000216506 0.0169957
 vertex -0.095125 -0.00025 0.017104
 vertex -0.114875 -0.00025 0.017104
 endloop
endfacet
facet normal 0 0 0
 outer loop
 vertex -0.0951875 -0.000216506 0.0169957
 vertex -0.114875 -0.00025 0.017104
 vertex -0.114813 -0.000216506 0.0169957
 endloop
endfacet
facet normal 0 0 0
 outer loop
 vertex -0.095125 -0.00025 0.017104
 vertex -0.0950625 -0.000216506 0.0172123
 vertex -0.114938 -0.000216506 0.0172123
 endloop
endfacet
facet normal 0 0 0
 outer loop
 vertex -0.095125 -0.00025 0.017104
 vertex -0.114938 -0.000216506 0.0172123
 vertex -0.114875 -0.00025 0.017104
 endloop
endfacet
facet normal 0 0 0
 outer loop
 vertex -0.0950625 -0.000216506 0.0172123
 vertex -0.0950168 -0.000125 0.0172915
 vertex -0.114983 -0.000125 0.0172915
 endloop
endfacet
facet normal 0 0 0
 outer loop
 vertex -0.0950625 -0.000216506 0.0172123
 vertex -0.114983 -0.000125 0.0172915
 vertex -0.114938 -0.000216506 0.0172123
 endloop
endfacet
facet normal 0 0 0
 outer loop
 vertex -0.0950168 -0.000125 0.0172915
 vertex -0.095 4.37113e-11 0.0173205
 vertex -0.115 4.37113e-11 0.0173205
 endloop
endfacet
facet normal 0 0 0
 outer loop
 vertex -0.0950168 -0.000125 0.0172915
 vertex -0.115 4.37113e-11 0.0173205
 vertex -0.114983 -0.000125 0.0172915
 endloop
endfacet
facet normal 0 0 0
 outer loop
 vertex -0.115 0 0.0173205
 vertex -0.114983 0.000125 0.0172915
 vertex -0.124967 0.000125 -1.74553e-09
 endloop
endfacet
facet normal 0 0 0
 outer loop
 vertex -0.115 0 0.0173205
 vertex -0.124967 0.000125 -1.74553e-09
 vertex -0.125 0 -1.74846e-09
 endloop
endfacet
facet normal 0 0 0
 outer loop
 vertex -0.114983 0.000125 0.0172915
 vertex -0.114938 0.000216506 0.0172123
 vertex -0.124875 0.000216506 -1.73753e-09
 endloop
endfacet
facet normal 0 0 0
 outer loop
 vertex -0.114983 0.000125 0.0172915
 vertex -0.124875 0.000216506 -1.73753e-09
 vertex -0.124967 0.000125 -1.74553e-09
 endloop
endfacet
facet normal 0 0 0
 outer loop
 vertex -0.114938 0.000216506 0.0172123
 vertex -0.114875 0.00025 0.017104
 vertex -0.12475 0.00025 -1.7266e-09
 endloop
endfacet
facet normal 0 0 0
 outer loop
 vertex -0.114938 0.000216506 0.0172123
 vertex -0.12475 0.00025 -1.7266e-09
 vertex -0.124875 0.000216506 -1.73753e-09
 endloop
endfacet
facet normal 0 0 0
 outer loop
 vertex -0.114875 0.00025 0.017104
 vertex -0.114813 0.000216506 0.0169957
 vertex -0.124625 0.000216506 -1.71567e-09
 endloop
endfacet
facet normal 0 0 0
 outer loop
 vertex -0.114875 0.00025 0.017104
 vertex -0.124625 0.000216506 -1.71567e-09
 vertex -0.12475 0.00025 -1.7266e-09
 endloop
endfacet
facet normal 0 0 0
 outer loop
 vertex -0.114813 0.000216506 0.0169957
 vertex -0.114767 0.000125 0.0169165
 vertex -0.124533 0.000125 -1.70767e-09
 endloop
endfacet
facet normal 0 0 0
 outer loop
 vertex -0.114813 0.000216506 0.0169957
 vertex -0.124533 0.000125 -1.70767e-09
 vertex -0.124625 0.000216506 -1.71567e-09
 endloop
endfacet
facet normal 0 0 0
 outer loop
 vertex -0.114767 0.000125 0.0169165
 vertex -0.11475 -2.18557e-11 0.0168875
 vertex -0.1245 -2.18557e-11 -1.70474e-09
 endloop
endfacet
facet normal 0 0 0
 outer loop
 vertex -0.114767 0.000125 0.0169165
 vertex -0.1245 -2.18557e-11 -1.70474e-09
 vertex -0.124533 0.000125 -1.70767e-09
 endloop
endfacet
facet normal 0 0 0
 outer loop
 vertex -0.11475 -2.18557e-11 0.0168875
 vertex -0.114767 -0.000125 0.0169165
 vertex -0.124533 -0.000125 -1.70767e-09
 endloop
endfacet
facet normal 0 0 0
 outer loop
 vertex -0.11475 -2.18557e-11 0.0168875
 vertex -0.124533 -0.000125 -1.70767e-09
 vertex -0.1245 -2.18557e-11 -1.70474e-09
 endloop
endfacet
facet normal 0 0 0
 outer loop
 vertex -0.114767 -0.000125 0.0169165
 vertex -0.114813 -0.000216506 0.0169957
 vertex -0.124625 -0.000216506 -1.71567e-09
 endloop
endfacet
facet normal 0 0 0
 outer loop
 vertex -0.114767 -0.000125 0.0169165
 vertex -0.124625 -0.000216506 -1.71567e-09
 vertex -0.124533 -0.000125 -1.70767e-09
 endloop
endfacet
facet normal 0 0 0
 outer loop
 vertex -0.114813 -0.000216506 0.0169957
 vertex -0.114875 -0.00025 0.017104
 vertex -0.12475 -0.00025 -1.7266e-09
 endloop
endfacet
facet normal 0 0 0
 outer loop
 vertex -0.114813 -0.000216506 0.0169957
 vertex -0.12475 -0.00025 -1.7266e-09
 vertex -0.124625 -0.000216506 -1.71567e-09
 endloop
endfacet
facet normal 0 0 0
 outer loop
 vertex -0.114875 -0.00025 0.017104
 vertex -0.114938 -0.000216506 0.0172123
 vertex -0.124875 -0.000216506 -1.73753e-09
 endloop
endfacet
facet normal 0 0 0
 outer loop
 vertex -0.114875 -0.00025 0.017104
 vertex -0.124875 -0.000216506 -1.73753e-09
 vertex -0.12475 -0.00025 -1.7266e-09
 endloop
endfacet
facet normal 0 0 0
 outer loop
 vertex -0.114938 -0.000216506 0.0172123
 vertex -0.114983 -0.000125 0.0172915
 vertex -0.124967 -0.000125 -1.74553e-09
 endloop
endfacet
facet normal 0 0 0
 outer loop
 vertex -0.114938 -0.000216506 0.0172123
 vertex -0.124967 -0.000125 -1.74553e-09
 vertex -0.124875 -0.000216506 -1.73753e-09
 endloop
endfacet
facet normal 0 0 0
 outer loop
 vertex -0.114983 -0.000125 0.0172915
 vertex -0.115 4.37113e-11 0.0173205
 vertex -0.125 4.37113e-11 -1.74846e-09
 endloop
endfacet
facet normal 0 0 0
 outer loop
 vertex -0.114983 -0.000125 0.0172915
 vertex -0.125 4.37113e-11 -1.74846e-09
 vertex -0.124967 -0.000125 -1.74553e-09
 endloop
endfacet
facet normal 0 0 0
 outer loop
 vertex -0.125 0 -1.74846e-09
 vertex -0.124967 0.000125 -1.74553e-09
 vertex -0.114983 0.000125 -0.0172915
 endloop
endfacet
facet normal 0 0 0
 outer loop
 vertex -0.125 0 -1.74846e-09
 vertex -0.114983 0.000125 -0.0172915
 vertex -0.115 0 -0.0173205
 endloop
endfacet
facet normal 0 0 0
 outer loop
 vertex -0.124967 0.000125 -1.74553e-09
 vertex -0.124875 0.000216506 -1.73753e-09
 vertex -0.114937 0.000216506 -0.0172123
 endloop
endfacet
facet normal 0 0 0
 outer loop
 vertex -0.124967 0.000125 -1.74553e-09
 vertex -0.114937 0.000216506 -0.0172123
 vertex -0.114983 0.000125 -0.0172915
 endloop
endfacet
facet normal 0 0 0
 outer loop
 vertex -0.124875 0.000216506 -1.73753e-09
 vertex -0.12475 0.00025 -1.7266e-09
 vertex -0.114875 0.00025 -0.017104
 endloop
endfacet
facet normal 0 0 0
 outer loop
 vertex -0.124875 0.000216506 -1.73753e-09
 vertex -0.114875 0.00025 -0.017104
 vertex -0.114937 0.000216506 -0.0172123
 endloop
endfacet
facet normal 0 0 0
 outer loop
 vertex -0.12475 0.00025 -1.7266e-09
 vertex -0.124625 0.000216506 -1.71567e-09
 vertex -0.114813 0.000216506 -0.0169957
 endloop
endfacet
facet normal 0 0 0
 outer loop
 vertex -0.12475 0.00025 -1.7266e-09
 vertex -0.114813 0.000216506 -0.0169957
 vertex -0.114875 0.00025 -0.017104
 endloop
endfacet
facet normal 0 0 0
 outer loop
 vertex -0.124625 0.000216506 -1.71567e-09
 vertex -0.124533 0.000125 -1.70767e-09
 vertex -0.114767 0.000125 -0.0169165
 endloop
endfacet
facet normal 0 0 0
 outer loop
 vertex -0.124625 0.000216506 -1.71567e-09
 vertex -0.114767 0.000125 -0.0169165
 vertex -0.114813 0.000216506 -0.0169957
 endloop
endfacet
facet normal 0 0 0
 outer loop
 vertex -0.124533 0.000125 -1.70767e-09
 vertex -0.1245 -2.18557e-11 -1.70474e-09
 vertex -0.11475 -2.18557e-11 -0.0168875
 endloop
endfacet
facet normal 0 0 0
 outer loop
 vertex -0.124533 0.000125 -1.70767e-09
 vertex -0.11475 -2.18557e-11 -0.0168875
 vertex -0.114767 0.000125 -0.0169165
 endloop
endfacet
facet normal 0 0 0
 outer loop
 vertex -0.1245 -2.18557e-11 -1.70474e-09
 vertex -0.124533 -0.000125 -1.70767e-09
 vertex -0.114767 -0.000125 -0.0169165
 endloop
endfacet
facet normal 0 0 0
 outer loop
 vertex -0.1245 -2.18557e-11 -1.70474e-09
 vertex -0.114767 -0.000125 -0.0169165
 vertex -0.11475 -2.18557e-11 -0.0168875
 endloop
endfacet
facet normal 0 0 0
 outer loop
 vertex -0.124533 -0.000125 -1.70767e-09
 vertex -0.124625 -0.000216506 -1.71567e-09
 vertex -0.114813 -0.000216506 -0.0169957
 endloop
endfacet
facet normal 0 0 0
 outer loop
 vertex -0.124533 -0.000125 -1.70767e-09
 vertex -0.114813 -0.000216506 -0.0169957
 vertex -0.114767 -0.000125 -0.0169165
 endloop
endfacet
facet normal 0 0 0
 outer loop
 vertex -0.124625 -0.000216506 -1.71567e-09
 vertex -0.12475 -0.00025 -1.7266e-09
 vertex -0.114875 -0.00025 -0.017104
 endloop
endfacet
facet normal 0 0 0
 outer loop
 vertex -0.124625 -0.000216506 -1.71567e-09
 vertex -0.114875 -0.00025 -0.017104
 vertex -0.114813 -0.000216506 -0.0169957
 endloop
endfacet
facet normal 0 0 0
 outer loop
 vertex -0.12475 -0.00025 -1.7266e-09
 vertex -0.124875 -0.000216506 -1.73753e-09
 vertex -0.114937 -0.000216506 -0.0172123
 endloop
endfacet
facet normal 0 0 0
 outer loop
 vertex -0.12475 -0.00025 -1.7266e-09
 vertex -0.114937 -0.000216506 -0.0172123
 vertex -0.114875 -0.00025 -0.017104
 endloop
endfacet
facet normal 0 0 0
 outer loop
 vertex -0.124875 -0.000216506 -1.73753e-09
 vertex -0.124967 -0.000125 -1.74553e-09
 vertex -0.114983 -0.000125 -0.0172915
 endloop
endfacet
facet normal 0 0 0
 outer loop
 vertex -0.124875 -0.000216506 -1.73753e-09
 vertex -0.114983 -0.000125 -0.0172915
 vertex -0.114937 -0.000216506 -0.0172123
 endloop
endfacet
facet normal 0 0 0
 outer loop
 vertex -0.124967 -0.000125 -1.74553e-09
 vertex -0.125 4.37113e-11 -1.74846e-09
 vertex -0.115 4.37113e-11 -0.0173205
 endloop
endfacet
facet normal 0 0 0
 outer loop
 vertex -0.124967 -0.000125 -1.74553e-09
 vertex -0.115 4.37113e-11 -0.0173205
 vertex -0.114983 -0.000125 -0.0172915
 endloop
endfacet
facet normal 0 0 0
 outer loop
 vertex -0.115 0 -0.0173205
 vertex -0.114983 0.000125 -0.0172915
 vertex -0.0950167 0.000125 -0.0172915
 endloop
endfacet
facet normal 0 0 0
 outer loop
 vertex -0.115 0 -0.0173205
 vertex -0.0950167 0.000125 -0.0172915
 vertex -0.095 0 -0.0173205
 endloop
endfacet
facet normal 0 0 0
 outer loop
 vertex -0.114983 0.000125 -0.0172915
 vertex -0.114937 0.000216506 -0.0172123
 vertex -0.0950625 0.000216506 -0.0172123
 endloop
endfacet
facet normal 0 0 0
 outer loop
 vertex -0.114983 0.000125 -0.0172915
 vertex -0.0950625 0.000216506 -0.0172123
 vertex -0.0950167 0.000125 -0.0172915
 endloop
endfacet
facet normal 0 0 0
 outer loop
 vertex -0.114937 0.000216506 -0.0172123
 vertex -0.114875 0.00025 -0.017104
 vertex -0.095125 0.00025 -0.017104
 endloop
endfacet
facet normal 0 0 0
 outer loop
 vertex -0.114937 0.000216506 -0.0172123
 vertex -0.095125 0.00025 -0.017104
 vertex -0.0950625 0.000216506 -0.0172123
 endloop
endfacet
facet normal 0 0 0
 outer loop
 vertex -0.114875 0.00025 -0.017104
 vertex -0.114813 0.000216506 -0.0169957
 vertex -0.0951875 0.000216506 -0.0169957
 endloop
endfacet
facet normal 0 0 0
 outer loop
 vertex -0.114875 0.00025 -0.017104
 vertex -0.0951875 0.000216506 -0.0169957
 vertex -0.095125 0.00025 -0.017104
 endloop
endfacet
facet normal 0 0 0
 outer loop
 vertex -0.114813 0.000216506 -0.0169957
 vertex -0.114767 0.000125 -0.0169165
 vertex -0.0952332 0.000125 -0.0169165
 endloop
endfacet
facet normal 0 0 0
 outer loop
 vertex -0.114813 0.000216506 -0.0169957
 vertex -0.0952332 0.000125 -0.0169165
 vertex -0.0951875 0.000216506 -0.0169957
 endloop
endfacet
facet normal 0 0 0
 outer loop
 vertex -0.114767 0.000125 -0.0169165
 vertex -0.11475 -2.18557e-11 -0.0168875
 vertex -0.09525 -2.18557e-11 -0.0168875
 endloop
endfacet
facet normal 0 0 0
 outer loop
 vertex -0.114767 0.000125 -0.0169165
 vertex -0.09525 -2.18557e-11 -0.0168875
 vertex -0.0952332 0.000125 -0.0169165
 endloop
endfacet
facet normal 0 0 0
 outer loop
 vertex -0.11475 -2.18557e-11 -0.0168875
 vertex -0.114767 -0.000125 -0.0169165
 vertex -0.0952332 -0.000125 -0.0169165
 endloop
endfacet
facet normal 0 0 0
 outer loop
 vertex -0.11475 -2.18557e-11 -0.0168875
 vertex -0.0952332 -0.000125 -0.0169165
 vertex -0.09525 -2.18557e-11 -0.0168875
 endloop
endfacet
facet normal 0 0 0
 outer loop
 vertex -0.114767 -0.000125 -0.0169165
 vertex -0.114813 -0.000216506 -0.0169957
 vertex -0.0951875 -0.000216506 -0.0169957
 endloop
endfacet
facet normal 0 0 0
 outer loop
 vertex -0.114767 -0.000125 -0.0169165
 vertex -0.0951875 -0.000216506 -0.0169957
 vertex -0.0952332 -0.000125 -0.0169165
 endloop
endfacet
facet normal 0 0 0
 outer loop
 vertex -0.114813 -0.000216506 -0.0169957
 vertex -0.114875 -0.00025 -0.017104
 vertex -0.095125 -0.00025 -0.017104
 endloop
endfacet
facet normal 0 0 0
 outer loop
 vertex -0.114813 -0.000216506 -0.0169957
 vertex -0.095125 -0.00025 -0.017104
 vertex -0.0951875 -0.000216506 -0.0169957
 endloop
endfacet
facet normal 0 0 0
 outer loop
 vertex -0.114875 -0.00025 -0.017104
 vertex -0.114937 -0.000216506 -0.0172123
 vertex -0.0950625 -0.000216506 -0.0172123
 endloop
endfacet
facet normal 0 0 0
 outer loop
 vertex -0.114875 -0.00025 -0.017104
 vertex -0.0950625 -0.000216506 -0.0172123
 vertex -0.095125 -0.00025 -0.017104
 endloop
endfacet
facet normal 0 0 0
 outer loop
 vertex -0.114937 -0.000216506 -0.0172123
 vertex -0.114983 -0.000125 -0.0172915
 vertex -0.0950167 -0.000125 -0.0172915
 endloop
endfacet
facet normal 0 0 0
 outer loop
 vertex -0.114937 -0.000216506 -0.0172123
 vertex -0.0950167 -0.000125 -0.0172915
 vertex -0.0950625 -0.000216506 -0.0172123
 endloop
endfacet
facet normal 0 0 0
 outer loop
 vertex -0.114983 -0.000125 -0.0172915
 vertex -0.115 4.37113e-11 -0.0173205
 vertex -0.095 4.37113e-11 -0.0173205
 endloop
endfacet
facet normal 0 0 0
 outer loop
 vertex -0.114983 -0.000125 -0.0172915
 vertex -0.095 4.37113e-11 -0.0173205
 vertex -0.0950167 -0.000125 -0.0172915
 endloop
endfacet
facet normal 0 0 0
 outer loop
 vertex -0.095 0 -0.0173205
 vertex -0.0950167 0.000125 -0.0172915
 vertex -0.0850335 0.000125 3.49105e-09
 endloop
endfacet
facet normal 0 0 0
 outer loop
 vertex -0.095 0 -0.0173205
 vertex -0.0850335 0.000125 3.49105e-09
 vertex -0.085 0 3.49691e-09
 endloop
endfacet
facet normal 0 0 0
 outer loop
 vertex -0.0950167 0.000125 -0.0172915
 vertex -0.0950625 0.000216506 -0.0172123
 vertex -0.085125 0.000216506 3.47506e-09
 endloop
endfacet
facet normal 0 0 0
 outer loop
 vertex -0.0950167 0.000125 -0.0172915
 vertex -0.085125 0.000216506 3.47506e-09
 vertex -0.0850335 0.000125 3.49105e-09
 endloop
endfacet
facet normal 0 0 0
 outer loop
 vertex -0.0950625 0.000216506 -0.0172123
 vertex -0.095125 0.00025 -0.017104
 vertex -0.08525 0.00025 3.4532e-09
 endloop
endfacet
facet normal 0 0 0
 outer loop
 vertex -0.0950625 0.000216506 -0.0172123
 vertex -0.08525 0.00025 3.4532e-09
 vertex -0.085125 0.000216506 3.47506e-09
 endloop
endfacet
facet normal 0 0 0
 outer loop
 vertex -0.095125 0.00025 -0.017104
 vertex -0.0951875 0.000216506 -0.0169957
 vertex -0.085375 0.000216506 3.43134e-09
 endloop
endfacet
facet normal 0 0 0
 outer loop
 vertex -0.095125 0.00025 -0.017104
 vertex -0.085375 0.000216506 3.43134e-09
 vertex -0.08525 0.00025 3.4532e-09
 endloop
endfacet
facet normal 0 0 0
 outer loop
 vertex -0.0951875 0.000216506 -0.0169957
 vertex -0.0952332 0.000125 -0.0169165
 vertex -0.0854665 0.000125 3.41534e-09
 endloop
endfacet
facet normal 0 0 0
 outer loop
 vertex -0.0951875 0.000216506 -0.0169957
 vertex -0.0854665 0.000125 3.41534e-09
 vertex -0.085375 0.000216506 3.43134e-09
 endloop
endfacet
facet normal 0 0 0
 outer loop
 vertex -0.0952332 0.000125 -0.0169165
 vertex -0.09525 -2.18557e-11 -0.0168875
 vertex -0.0855 -2.18557e-11 3.40949e-09
 endloop
endfacet
facet normal 0 0 0
 outer loop
 vertex -0.0952332 0.000125 -0.0169165
 vertex -0.0855 -2.18557e-11 3.40949e-09
 vertex -0.0854665 0.000125 3.41534e-09
 endloop
endfacet
facet normal 0 0 0
 outer loop
 vertex -0.09525 -2.18557e-11 -0.0168875
 vertex -0.0952332 -0.000125 -0.0169165
 vertex -0.0854665 -0.000125 3.41534e-09
 endloop
endfacet
facet normal 0 0 0
 outer loop
 vertex -0.09525 -2.18557e-11 -0.0168875
 vertex -0.0854665 -0.000125 3.41534e-09
 vertex -0.0855 -2.18557e-11 3.40949e-09
 endloop
endfacet
facet normal 0 0 0
 outer loop
 vertex -0.0952332 -0.000125 -0.0169165
 vertex -0.0951875 -0.000216506 -0.0169957
 vertex -0.085375 -0.000216506 3.43134e-09
 endloop
endfacet
facet normal 0 0 0
 outer loop
 vertex -0.0952332 -0.000125 -0.0169165
 vertex -0.085375 -0.000216506 3.43134e-09
 vertex -0.0854665 -0.000125 3.41534e-09
 endloop
endfacet
facet normal 0 0 0
 outer loop
 vertex -0.0951875 -0.000216506 -0.0169957
 vertex -0.095125 -0.00025 -0.017104
 vertex -0.08525 -0.00025 3.4532e-09
 endloop
endfacet
facet normal 0 0 0
 outer loop
 vertex -0.0951875 -0.000216506 -0.0169957
 vertex -0.08525 -0.00025 3.4532e-09
 vertex -0.085375 -0.000216506 3.43134e-09
 endloop
endfacet
facet normal 0 0 0
 outer loop
 vertex -0.095125 -0.00025 -0.017104
 vertex -0.0950625 -0.000216506 -0.0172123
 vertex -0.085125 -0.000216506 3.47506e-09
 endloop
endfacet
facet normal 0 0 0
 outer loop
 vertex -0.095125 -0.00025 -0.017104
 vertex -0.085125 -0.000216506 3.47506e-09
 vertex -0.08525 -0.00025 3.4532e-09
 endloop
endfacet
facet normal 0 0 0
 outer loop
 vertex -0.0950625 -0.000216506 -0.0172123
 vertex -0.0950167 -0.000125 -0.0172915
 vertex -0.0850335 -0.000125 3.49105e-09
 endloop
endfacet
facet normal 0 0 0
 outer loop
 vertex -0.0950625 -0.000216506 -0.0172123
 vertex -0.0850335 -0.000125 3.49105e-09
 vertex -0.085125 -0.000216506 3.47506e-09
 endloop
endfacet
facet normal 0 0 0
 outer loop
 vertex -0.0950167 -0.000125 -0.0172915
 vertex -0.095 4.37113e-11 -0.0173205
 vertex -0.085 4.37113e-11 3.49691e-09
 endloop
endfacet
facet normal 0 0 0
 outer loop
 vertex -0.0950167 -0.000125 -0.0172915
 vertex -0.085 4.37113e-11 3.49691e-09
 vertex -0.0850335 -0.000125 3.49105e-09
 endloop
endfacet
facet normal 0 0 0
 outer loop
 vertex -0.0683333 0 0
 vertex -0.0683668 0.000125 0
 vertex -0.0783501 0.000125 0.0172915
 endloop
endfacet
facet normal 0 0 0
 outer loop
 vertex -0.0683333 0 0
 vertex -0.0783501 0.000125 0.0172915
 vertex -0.0783333 0 0.0173205
 endloop
endfacet
facet normal 0 0 0
 outer loop
 vertex -0.0683668 0.000125 0
 vertex -0.0684583 0.000216506 0
 vertex -0.0783958 0.000216506 0.0172123
 endloop
endfacet
facet normal 0 0 0
 outer loop
 vertex -0.0683668 0.000125 0
 vertex -0.0783958 0.000216506 0.0172123
 vertex -0.0783501 0.000125 0.0172915
 endloop
endfacet
facet normal 0 0 0
 outer loop
 vertex -0.0684583 0.000216506 0
 vertex -0.0685833 0.00025 0
 vertex -0.0784583 0.00025 0.017104
 endloop
endfacet
facet normal 0 0 0
 outer loop
 vertex -0.0684583 0.000216506 0
 vertex -0.0784583 0.00025 0.017104
 vertex -0.0783958 0.000216506 0.0172123
 endloop
endfacet
facet normal 0 0 0
 outer loop
 vertex -0.0685833 0.00025 0
 vertex -0.0687083 0.000216506 0
 vertex -0.0785208 0.000216506 0.0169957
 endloop
endfacet
facet normal 0 0 0
 outer loop
 vertex -0.0685833 0.00025 0
 vertex -0.0785208 0.000216506 0.0169957
 vertex -0.0784583 0.00025 0.017104
 endloop
endfacet
facet normal 0 0 0
 outer loop
 vertex -0.0687083 0.000216506 0
 vertex -0.0687998 0.000125 0
 vertex -0.0785666 0.000125 0.0169165
 endloop
endfacet
facet normal 0 0 0
 outer loop
 vertex -0.0687083 0.000216506 0
 vertex -0.0785666 0.000125 0.0169165
 vertex -0.0785208 0.000216506 0.0169957
 endloop
endfacet
facet normal 0 0 0
 outer loop
 vertex -0.0687998 0.000125 0
 vertex -0.0688333 -2.18557e-11 0
 vertex -0.0785833 -2.18557e-11 0.0168875
 endloop
endfacet
facet normal 0 0 0
 outer loop
 vertex -0.0687998 0.000125 0
 vertex -0.0785833 -2.18557e-11 0.0168875
 vertex -0.0785666 0.000125 0.0169165
 endloop
endfacet
facet normal 0 0 0
 outer loop
 vertex -0.0688333 -2.18557e-11 0
 vertex -0.0687998 -0.000125 0
 vertex -0.0785666 -0.000125 0.0169165
 endloop
endfacet
facet normal 0 0 0
 outer loop
 vertex -0.0688333 -2.18557e-11 0
 vertex -0.0785666 -0.000125 0.0169165
 vertex -0.0785833 -2.18557e-11 0.0168875
 endloop
endfacet
facet normal 0 0 0
 outer loop
 vertex -0.0687998 -0.000125 0
 vertex -0.0687083 -0.000216506 0
 vertex -0.0785208 -0.000216506 0.0169957
 endloop
endfacet
facet normal 0 0 0
 outer loop
 vertex -0.0687998 -0.000125 0
 vertex -0.0785208 -0.000216506 0.0169957
 vertex -0.0785666 -0.000125 0.0169165
 endloop
endfacet
facet normal 0 0 0
 outer loop
 vertex -0.0687083 -0.000216506 0
 vertex -0.0685833 -0.00025 0
 vertex -0.0784583 -0.00025 0.017104
 endloop
endfacet
facet normal 0 0 0
 outer loop
 vertex -0.0687083 -0.000216506 0
 vertex -0.0784583 -0.00025 0.017104
 vertex -0.0785208 -0.000216506 0.0169957
 endloop
endfacet
facet normal 0 0 0
 outer loop
 vertex -0.0685833 -0.00025 0
 vertex -0.0684583 -0.000216506 0
 vertex -0.0783958 -0.000216506 0.0172123
 endloop
endfacet
facet normal 0 0 0
 outer loop
 vertex -0.0685833 -0.00025 0
 vertex -0.0783958 -0.000216506 0.0172123
 vertex -0.0784583 -0.00025 0.017104
 endloop
endfacet
facet normal 0 0 0
 outer loop
 vertex -0.0684583 -0.000216506 0
 vertex -0.0683668 -0.000125 0
 vertex -0.0783501 -0.000125 0.0172915
 endloop
endfacet
facet normal 0 0 0
 outer loop
 vertex -0.0684583 -0.000216506 0
 vertex -0.0783501 -0.000125 0.0172915
 vertex -0.0783958 -0.000216506 0.0172123
 endloop
endfacet
facet normal 0 0 0
 outer loop
 vertex -0.0683668 -0.000125 0
 vertex -0.0683333 4.37113e-11 0
 vertex -0.0783333 4.37113e-11 0.0173205
 endloop
endfacet
facet normal 0 0 0
 outer loop
 vertex -0.0683668 -0.000125 0
 vertex -0.0783333 4.37113e-11 0.0173205
 vertex -0.0783501 -0.000125 0.0172915
 endloop
endfacet
facet normal 0 0 0
 outer loop
 vertex -0.0783333 0 0.0173205
 vertex -0.0783501 0.000125 0.0172915
 vertex -0.0983166 0.000125 0.0172915
 endloop
endfacet
facet normal 0 0 0
 outer loop
 vertex -0.0783333 0 0.0173205
 vertex -0.0983166 0.000125 0.0172915
 vertex -0.0983333 0 0.0173205
 endloop
endfacet
facet normal 0 0 0
 outer loop
 vertex -0.0783501 0.000125 0.0172915
 vertex -0.0783958 0.000216506 0.0172123
 vertex -0.0982708 0.000216506 0.0172123
 endloop
endfacet
facet normal 0 0 0
 outer loop
 vertex -0.0783501 0.000125 0.0172915
 vertex -0.0982708 0.000216506 0.0172123
 vertex -0.0983166 0.000125 0.0172915
 endloop
endfacet
facet normal 0 0 0
 outer loop
 vertex -0.0783958 0.000216506 0.0172123
 vertex -0.0784583 0.00025 0.017104
 vertex -0.0982083 0.00025 0.017104
 endloop
endfacet
facet normal 0 0 0
 outer loop
 vertex -0.0783958 0.000216506 0.0172123
 vertex -0.0982083 0.00025 0.017104
 vertex -0.0982708 0.000216506 0.0172123
 endloop
endfacet
facet normal 0 0 0
 outer loop
 vertex -0.0784583 0.00025 0.017104
 vertex -0.0785208 0.000216506 0.0169957
 vertex -0.0981458 0.000216506 0.0169957
 endloop
endfacet
facet normal 0 0 0
 outer loop
 vertex -0.0784583 0.00025 0.017104
 vertex -0.0981458 0.000216506 0.0169957
 vertex -0.0982083 0.00025 0.017104
 endloop
endfacet
facet normal 0 0 0
 outer loop
 vertex -0.0785208 0.000216506 0.0169957
 vertex -0.0785666 0.000125 0.0169165
 vertex -0.0981001 0.000125 0.0169165
 endloop
endfacet
facet normal 0 0 0
 outer loop
 vertex -0.0785208 0.000216506 0.0169957
 vertex -0.0981001 0.000125 0.0169165
 vertex -0.0981458 0.000216506 0.0169957
 endloop
endfacet
facet normal 0 0 0
 outer loop
 vertex -0.0785666 0.000125 0.0169165
 vertex -0.0785833 -2.18557e-11 0.0168875
 vertex -0.0980833 -2.18557e-11 0.0168875
 endloop
endfacet
facet normal 0 0 0
 outer loop
 vertex -0.0785666 0.000125 0.0169165
 vertex -0.0980833 -2.18557e-11 0.0168875
 vertex -0.0981001 0.000125 0.0169165
 endloop
endfacet
facet normal 0 0 0
 outer loop
 vertex -0.0785833 -2.18557e-11 0.0168875
 vertex -0.0785666 -0.000125 0.0169165
 vertex -0.0981001 -0.000125 0.0169165
 endloop
endfacet
facet normal 0 0 0
 outer loop
 vertex -0.0785833 -2.18557e-11 0.0168875
 vertex -0.0981001 -0.000125 0.0169165
 vertex -0.0980833 -2.18557e-11 0.0168875
 endloop
endfacet
facet normal 0 0 0
 outer loop
 vertex -0.0785666 -0.000125 0.0169165
 vertex -0.0785208 -0.000216506 0.0169957
 vertex -0.0981458 -0.000216506 0.0169957
 endloop
endfacet
facet normal 0 0 0
 outer loop
 vertex -0.0785666 -0.000125 0.0169165
 vertex -0.0981458 -0.000216506 0.0169957
 vertex -0.0981001 -0.000125 0.0169165
 endloop
endfacet
facet normal 0 0 0
 outer loop
 vertex -0.0785208 -0.000216506 0.0169957
 vertex -0.0784583 -0.00025 0.017104
 vertex -0.0982083 -0.00025 0.017104
 endloop
endfacet
facet normal 0 0 0
 outer loop
 vertex -0.0785208 -0.000216506 0.0169957
 vertex -0.0982083 -0.00025 0.017104
 vertex -0.0981458 -0.000216506 0.0169957
 endloop
endfacet
facet normal 0 0 0
 outer loop
 vertex -0.0784583 -0.00025 0.017104
 vertex -0.0783958 -0.000216506 0.0172123
 vertex -0.0982708 -0.000216506 0.0172123
 endloop
endfacet
facet normal 0 0 0
 outer loop
 vertex -0.0784583 -0.00025 0.017104
 vertex -0.0982708 -0.000216506 0.0172123
 vertex -0.0982083 -0.00025 0.017104
 endloop
endfacet
facet normal 0 0 0
 outer loop
 vertex -0.0783958 -0.000216506 0.0172123
 vertex -0.0783501 -0.000125 0.0172915
 vertex -0.0983166 -0.000125 0.0172915
 endloop
endfacet
facet normal 0 0 0
 outer loop
 vertex -0.0783958 -0.000216506 0.0172123
 vertex -0.0983166 -0.000125 0.0172915
 vertex -0.0982708 -0.000216506 0.0172123
 endloop
endfacet
facet normal 0 0 0
 outer loop
 vertex -0.0783501 -0.000125 0.0172915
 vertex -0.0783333 4.37113e-11 0.0173205
 vertex -0.0983333 4.37113e-11 0.0173205
 endloop
endfacet
facet normal 0 0 0
 outer loop
 vertex -0.0783501 -0.000125 0.0172915
 vertex -0.0983333 4.37113e-11 0.0173205
 vertex -0.0983166 -0.000125 0.0172915
 endloop
endfacet
facet normal 0 0 0
 outer loop
 vertex -0.0983333 0 0.0173205
 vertex -0.0983166 0.000125 0.0172915
 vertex -0.1083 0.000125 -1.74553e-09
 endloop
endfacet
facet normal 0 0 0
 outer loop
 vertex -0.0983333 0 0.0173205
 vertex -0.1083 0.000125 -1.74553e-09
 vertex -0.108333 0 -1.74846e-09
 endloop
endfacet
facet normal 0 0 0
 outer loop
 vertex -0.0983166 0.000125 0.0172915
 vertex -0.0982708 0.000216506 0.0172123
 vertex -0.108208 0.000216506 -1.73753e-09
 endloop
endfacet
facet normal 0 0 0
 outer loop
 vertex -0.0983166 0.000125 0.0172915
 vertex -0.108208 0.000216506 -1.73753e-09
 vertex -0.1083 0.000125 -1.74553e-09
 endloop
endfacet
facet normal 0 0 0
 outer loop
 vertex -0.0982708 0.000216506 0.0172123
 vertex -0.0982083 0.00025 0.017104
 vertex -0.108083 0.00025 -1.7266e-09
 endloop
endfacet
facet normal 0 0 0
 outer loop
 vertex -0.0982708 0.000216506 0.0172123
 vertex -0.108083 0.00025 -1.7266e-09
 vertex -0.108208 0.000216506 -1.73753e-09
 endloop
endfacet
facet normal 0 0 0
 outer loop
 vertex -0.0982083 0.00025 0.017104
 vertex -0.0981458 0.000216506 0.0169957
 vertex -0.107958 0.000216506 -1.71567e-09
 endloop
endfacet
facet normal 0 0 0
 outer loop
 vertex -0.0982083 0.00025 0.017104
 vertex -0.107958 0.000216506 -1.71567e-09
 vertex -0.108083 0.00025 -1.7266e-09
 endloop
endfacet
facet normal 0 0 0
 outer loop
 vertex -0.0981458 0.000216506 0.0169957
 vertex -0.0981001 0.000125 0.0169165
 vertex -0.107867 0.000125 -1.70767e-09
 endloop
endfacet
facet normal 0 0 0
 outer loop
 vertex -0.0981458 0.000216506 0.0169957
 vertex -0.107867 0.000125 -1.70767e-09
 vertex -0.107958 0.000216506 -1.71567e-09
 endloop
endfacet
facet normal 0 0 0
 outer loop
 vertex -0.0981001 0.000125 0.0169165
 vertex -0.0980833 -2.18557e-11 0.0168875
 vertex -0.107833 -2.18557e-11 -1.70474e-09
 endloop
endfacet
facet normal 0 0 0
 outer loop
 vertex -0.0981001 0.000125 0.0169165
 vertex -0.107833 -2.18557e-11 -1.70474e-09
 vertex -0.107867 0.000125 -1.70767e-09
 endloop
endfacet
facet normal 0 0 0
 outer loop
 vertex -0.0980833 -2.18557e-11 0.0168875
 vertex -0.0981001 -0.000125 0.0169165
 vertex -0.107867 -0.000125 -1.70767e-09
 endloop
endfacet
facet normal 0 0 0
 outer loop
 vertex -0.0980833 -2.18557e-11 0.0168875
 vertex -0.107867 -0.000125 -1.70767e-09
 vertex -0.107833 -2.18557e-11 -1.70474e-09
 endloop
endfacet
facet normal 0 0 0
 outer loop
 vertex -0.0981001 -0.000125 0.0169165
 vertex -0.0981458 -0.000216506 0.0169957
 vertex -0.107958 -0.000216506 -1.71567e-09
 endloop
endfacet
facet normal 0 0 0
 outer loop
 vertex -0.0981001 -0.000125 0.0169165
 vertex -0.107958 -0.000216506 -1.71567e-09
 vertex -0.107867 -0.000125 -1.70767e-09
 endloop
endfacet
facet normal 0 0 0
 outer loop
 vertex -0.0981458 -0.000216506 0.0169957
 vertex -0.0982083 -0.00025 0.017104
 vertex -0.108083 -0.00025 -1.7266e-09
 endloop
endfacet
facet normal 0 0 0
 outer loop
 vertex -0.0981458 -0.000216506 0.0169957
 vertex -0.108083 -0.00025 -1.7266e-09
 vertex -0.107958 -0.000216506 -1.71567e-09
 endloop
endfacet
facet normal 0 0 0
 outer loop
 vertex -0.0982083 -0.00025 0.017104
 vertex -0.0982708 -0.000216506 0.0172123
 vertex -0.108208 -0.000216506 -1.73753e-09
 endloop
endfacet
facet normal 0 0 0
 outer loop
 vertex -0.0982083 -0.00025 0.017104
 vertex -0.108208 -0.000216506 -1.73753e-09
 vertex -0.108083 -0.00025 -1.7266e-09
 endloop
endfacet
facet normal 0 0 0
 outer loop
 vertex -0.0982708 -0.000216506 0.0172123
 vertex -0.0983166 -0.000125 0.0172915
 vertex -0.1083 -0.000125 -1.74553e-09
 endloop
endfacet
facet normal 0 0 0
 outer loop
 vertex -0.0982708 -0.000216506 0.0172123
 vertex -0.1083 -0.000125 -1.74553e-09
 vertex -0.108208 -0.000216506 -1.73753e-09
 endloop
endfacet
facet normal 0 0 0
 outer loop
 vertex -0.0983166 -0.000125 0.0172915
 vertex -0.0983333 4.37113e-11 0.0173205
 vertex -0.108333 4.37113e-11 -1.74846e-09
 endloop
endfacet
facet normal 0 0 0
 outer loop
 vertex -0.0983166 -0.000125 0.0172915
 vertex -0.108333 4.37113e-11 -1.74846e-09
 vertex -0.1083 -0.000125 -1.74553e-09
 endloop
endfacet
facet normal 0 0 0
 outer loop
 vertex -0.108333 0 -1.74846e-09
 vertex -0.1083 0.000125 -1.74553e-09
 vertex -0.0983166 0.000125 -0.0172915
 endloop
endfacet
facet normal 0 0 0
 outer loop
 vertex -0.108333 0 -1.74846e-09
 vertex -0.0983166 0.000125 -0.0172915
 vertex -0.0983333 0 -0.0173205
 endloop
endfacet
facet normal 0 0 0
 outer loop
 vertex -0.1083 0.000125 -1.74553e-09
 vertex -0.108208 0.000216506 -1.73753e-09
 vertex -0.0982708 0.000216506 -0.0172123
 endloop
endfacet
facet normal 0 0 0
 outer loop
 vertex -0.1083 0.000125 -1.74553e-09
 vertex -0.0982708 0.000216506 -0.0172123
 vertex -0.0983166 0.000125 -0.0172915
 endloop
endfacet
facet normal 0 0 0
 outer loop
 vertex -0.108208 0.000216506 -1.73753e-09
 vertex -0.108083 0.00025 -1.7266e-09
 vertex -0.0982083 0.00025 -0.017104
 endloop
endfacet
facet normal 0 0 0
 outer loop
 vertex -0.108208 0.000216506 -1.73753e-09
 vertex -0.0982083 0.00025 -0.017104
 vertex -0.0982708 0.000216506 -0.0172123
 endloop
endfacet
facet normal 0 0 0
 outer loop
 vertex -0.108083 0.00025 -1.7266e-09
 vertex -0.107958 0.000216506 -1.71567e-09
 vertex -0.0981458 0.000216506 -0.0169957
 endloop
endfacet
facet normal 0 0 0
 outer loop
 vertex -0.108083 0.00025 -1.7266e-09
 vertex -0.0981458 0.000216506 -0.0169957
 vertex -0.0982083 0.00025 -0.017104
 endloop
endfacet
facet normal 0 0 0
 outer loop
 vertex -0.107958 0.000216506 -1.71567e-09
 vertex -0.107867 0.000125 -1.70767e-09
 vertex -0.0981001 0.000125 -0.0169165
 endloop
endfacet
facet normal 0 0 0
 outer loop
 vertex -0.107958 0.000216506 -1.71567e-09
 vertex -0.0981001 0.000125 -0.0169165
 vertex -0.0981458 0.000216506 -0.0169957
 endloop
endfacet
facet normal 0 0 0
 outer loop
 vertex -0.107867 0.000125 -1.70767e-09
 vertex -0.107833 -2.18557e-11 -1.70474e-09
 vertex -0.0980833 -2.18557e-11 -0.0168875
 endloop
endfacet
facet normal 0 0 0
 outer loop
 vertex -0.107867 0.000125 -1.70767e-09
 vertex -0.0980833 -2.18557e-11 -0.0168875
 vertex -0.0981001 0.000125 -0.0169165
 endloop
endfacet
facet normal 0 0 0
 outer loop
 vertex -0.107833 -2.18557e-11 -1.70474e-09
 vertex -0.107867 -0.000125 -1.70767e-09
 vertex -0.0981001 -0.000125 -0.0169165
 endloop
endfacet
facet normal 0 0 0
 outer loop
 vertex -0.107833 -2.18557e-11 -1.70474e-09
 vertex -0.0981001 -0.000125 -0.0169165
 vertex -0.0980833 -2.18557e-11 -0.0168875
 endloop
endfacet
facet normal 0 0 0
 outer loop
 vertex -0.107867 -0.000125 -1.70767e-09
 vertex -0.107958 -0.000216506 -1.71567e-09
 vertex -0.0981458 -0.000216506 -0.0169957
 endloop
endfacet
facet normal 0 0 0
 outer loop
 vertex -0.107867 -0.000125 -1.70767e-09
 vertex -0.0981458 -0.000216506 -0.0169957
 vertex -0.0981001 -0.000125 -0.0169165
 endloop
endfacet
facet normal 0 0 0
 outer loop
 vertex -0.107958 -0.000216506 -1.71567e-09
 vertex -0.108083 -0.00025 -1.7266e-09
 vertex -0.0982083 -0.00025 -0.017104
 endloop
endfacet
facet normal 0 0 0
 outer loop
 vertex -0.107958 -0.000216506 -1.71567e-09
 vertex -0.0982083 -0.00025 -0.017104
 vertex -0.0981458 -0.000216506 -0.0169957
 endloop
endfacet
facet normal 0 0 0
 outer loop
 vertex -0.108083 -0.00025 -1.7266e-09
 vertex -0.108208 -0.000216506 -1.73753e-09
 vertex -0.0982708 -0.000216506 -0.0172123
 endloop
endfacet
facet normal 0 0 0
 outer loop
 vertex -0.108083 -0.00025 -1.7266e-09
 vertex -0.0982708 -0.000216506 -0.0172123
 vertex -0.0982083 -0.00025 -0.017104
 endloop
endfacet
facet normal 0 0 0
 outer loop
 vertex -0.108208 -0.000216506 -1.73753e-09
 vertex -0.1083 -0.000125 -1.74553e-09
 vertex -0.0983166 -0.000125 -0.0172915
 endloop
endfacet
facet normal 0 0 0
 outer loop
 vertex -0.108208 -0.000216506 -1.73753e-09
 vertex -0.0983166 -0.000125 -0.0172915
 vertex -0.0982708 -0.000216506 -0.0172123
 endloop
endfacet
facet normal 0 0 0
 outer loop
 vertex -0.1083 -0.000125 -1.74553e-09
 vertex -0.108333 4.37113e-11 -1.74846e-09
 vertex -0.0983333 4.37113e-11 -0.0173205
 endloop
endfacet
facet normal 0 0 0
 outer loop
 vertex -0.1083 -0.000125 -1.74553e-09
 vertex -0.0983333 4.37113e-11 -0.0173205
 vertex -0.0983166 -0.000125 -0.0172915
 endloop
endfacet
facet normal 0 0 0
 outer loop
 vertex -0.0983333 0 -0.0173205
 vertex -0.0983166 0.000125 -0.0172915
 vertex -0.0783501 0.000125 -0.0172915
 endloop
endfacet
facet normal 0 0 0
 outer loop
 vertex -0.0983333 0 -0.0173205
 vertex -0.0783501 0.000125 -0.0172915
 vertex -0.0783333 0 -0.0173205
 endloop
endfacet
facet normal 0 0 0
 outer loop
 vertex -0.0983166 0.000125 -0.0172915
 vertex -0.0982708 0.000216506 -0.0172123
 vertex -0.0783958 0.000216506 -0.0172123
 endloop
endfacet
facet normal 0 0 0
 outer loop
 vertex -0.0983166 0.000125 -0.0172915
 vertex -0.0783958 0.000216506 -0.0172123
 vertex -0.0783501 0.000125 -0.0172915
 endloop
endfacet
facet normal 0 0 0
 outer loop
 vertex -0.0982708 0.000216506 -0.0172123
 vertex -0.0982083 0.00025 -0.017104
 vertex -0.0784583 0.00025 -0.017104
 endloop
endfacet
facet normal 0 0 0
 outer loop
 vertex -0.0982708 0.000216506 -0.0172123
 vertex -0.0784583 0.00025 -0.017104
 vertex -0.0783958 0.000216506 -0.0172123
 endloop
endfacet
facet normal 0 0 0
 outer loop
 vertex -0.0982083 0.00025 -0.017104
 vertex -0.0981458 0.000216506 -0.0169957
 vertex -0.0785208 0.000216506 -0.0169957
 endloop
endfacet
facet normal 0 0 0
 outer loop
 vertex -0.0982083 0.00025 -0.017104
 vertex -0.0785208 0.000216506 -0.0169957
 vertex -0.0784583 0.00025 -0.017104
 endloop
endfacet
facet normal 0 0 0
 outer loop
 vertex -0.0981458 0.000216506 -0.0169957
 vertex -0.0981001 0.000125 -0.0169165
 vertex -0.0785666 0.000125 -0.0169165
 endloop
endfacet
facet normal 0 0 0
 outer loop
 vertex -0.0981458 0.000216506 -0.0169957
 vertex -0.0785666 0.000125 -0.0169165
 vertex -0.0785208 0.000216506 -0.0169957
 endloop
endfacet
facet normal 0 0 0
 outer loop
 vertex -0.0981001 0.000125 -0.0169165
 vertex -0.0980833 -2.18557e-11 -0.0168875
 vertex -0.0785833 -2.18557e-11 -0.0168875
 endloop
endfacet
facet normal 0 0 0
 outer loop
 vertex -0.0981001 0.000125 -0.0169165
 vertex -0.0785833 -2.18557e-11 -0.0168875
 vertex -0.0785666 0.000125 -0.0169165
 endloop
endfacet
facet normal 0 0 0
 outer loop
 vertex -0.0980833 -2.18557e-11 -0.0168875
 vertex -0.0981001 -0.000125 -0.0169165
 vertex -0.0785666 -0.000125 -0.0169165
 endloop
endfacet
facet normal 0 0 0
 outer loop
 vertex -0.0980833 -2.18557e-11 -0.0168875
 vertex -0.0785666 -0.000125 -0.0169165
 vertex -0.0785833 -2.18557e-11 -0.0168875
 endloop
endfacet
facet normal 0 0 0
 outer loop
 vertex -0.0981001 -0.000125 -0.0169165
 vertex -0.0981458 -0.000216506 -0.0169957
 vertex -0.0785208 -0.000216506 -0.0169957
 endloop
endfacet
facet normal 0 0 0
 outer loop
 vertex -0.0981001 -0.000125 -0.0169165
 vertex -0.0785208 -0.000216506 -0.0169957
 vertex -0.0785666 -0.000125 -0.0169165
 endloop
endfacet
facet normal 0 0 0
 outer loop
 vertex -0.0981458 -0.000216506 -0.0169957
 vertex -0.0982083 -0.00025 -0.017104
 vertex -0.0784583 -0.00025 -0.017104
 endloop
endfacet
facet normal 0 0 0
 outer loop
 vertex -0.0981458 -0.000216506 -0.0169957
 vertex -0.0784583 -0.00025 -0.017104
 vertex -0.0785208 -0.000216506 -0.0169957
 endloop
endfacet
facet normal 0 0 0
 outer loop
 vertex -0.0982083 -0.00025 -0.017104
 vertex -0.0982708 -0.000216506 -0.0172123
 vertex -0.0783958 -0.000216506 -0.0172123
 endloop
endfacet
facet normal 0 0 0
 outer loop
 vertex -0.0982083 -0.00025 -0.017104
 vertex -0.0783958 -0.000216506 -0.0172123
 vertex -0.0784583 -0.00025 -0.017104
 endloop
endfacet
facet normal 0 0 0
 outer loop
 vertex -0.0982708 -0.000216506 -0.0172123
 vertex -0.0983166 -0.000125 -0.0172915
 vertex -0.0783501 -0.000125 -0.0172915
 endloop
endfacet
facet normal 0 0 0
 outer loop
 vertex -0.0982708 -0.000216506 -0.0172123
 vertex -0.0783501 -0.000125 -0.0172915
 vertex -0.0783958 -0.000216506 -0.0172123
 endloop
endfacet
facet normal 0 0 0
 outer loop
 vertex -0.0983166 -0.000125 -0.0172915
 vertex -0.0983333 4.37113e-11 -0.0173205
 vertex -0.0783333 4.37113e-11 -0.0173205
 endloop
endfacet
facet normal 0 0 0
 outer loop
 vertex -0.0983166 -0.000125 -0.0172915
 vertex -0.0783333 4.37113e-11 -0.0173205
 vertex -0.0783501 -0.000125 -0.0172915
 endloop
endfacet
facet normal 0 0 0
 outer loop
 vertex -0.0783333 0 -0.0173205
 vertex -0.0783501 0.000125 -0.0172915
 vertex -0.0683668 0.000125 3.49105e-09
 endloop
endfacet
facet normal 0 0 0
 outer loop
 vertex -0.0783333 0 -0.0173205
 vertex -0.0683668 0.000125 3.49105e-09
 vertex -0.0683333 0 3.49691e-09
 endloop
endfacet
facet normal 0 0 0
 outer loop
 vertex -0.0783501 0.000125 -0.0172915
 vertex -0.0783958 0.000216506 -0.0172123
 vertex -0.0684583 0.000216506 3.47506e-09
 endloop
endfacet
facet normal 0 0 0
 outer loop
 vertex -0.0783501 0.000125 -0.0172915
 vertex -0.0684583 0.000216506 3.47506e-09
 vertex -0.0683668 0.000125 3.49105e-09
 endloop
endfacet
facet normal 0 0 0
 outer loop
 vertex -0.0783958 0.000216506 -0.0172123
 vertex -0.0784583 0.00025 -0.017104
 vertex -0.0685833 0.00025 3.4532e-09
 endloop
endfacet
facet normal 0 0 0
 outer loop
 vertex -0.0783958 0.000216506 -0.0172123
 vertex -0.0685833 0.00025 3.4532e-09
 vertex -0.0684583 0.000216506 3.47506e-09
 endloop
endfacet
facet normal 0 0 0
 outer loop
 vertex -0.0784583 0.00025 -0.017104
 vertex -0.0785208 0.000216506 -0.0169957
 vertex -0.0687083 0.000216506 3.43134e-09
 endloop
endfacet
facet normal 0 0 0
 outer loop
 vertex -0.0784583 0.00025 -0.017104
 vertex -0.0687083 0.000216506 3.43134e-09
 vertex -0.0685833 0.00025 3.4532e-09
 endloop
endfacet
facet normal 0 0 0
 outer loop
 vertex -0.0785208 0.000216506 -0.0169957
 vertex -0.0785666 0.000125 -0.0169165
 vertex -0.0687998 0.000125 3.41534e-09
 endloop
endfacet
facet normal 0 0 0
 outer loop
 vertex -0.0785208 0.000216506 -0.0169957
 vertex -0.0687998 0.000125 3.41534e-09
 vertex -0.0687083 0.000216506 3.43134e-09
 endloop
endfacet
facet normal 0 0 0
 outer loop
 vertex -0.0785666 0.000125 -0.0169165
 vertex -0.0785833 -2.18557e-11 -0.0168875
 vertex -0.0688333 -2.18557e-11 3.40949e-09
 endloop
endfacet
facet normal 0 0 0
 outer loop
 vertex -0.0785666 0.000125 -0.0169165
 vertex -0.0688333 -2.18557e-11 3.40949e-09
 vertex -0.0687998 0.000125 3.41534e-09
 endloop
endfacet
facet normal 0 0 0
 outer loop
 vertex -0.0785833 -2.18557e-11 -0.0168875
 vertex -0.0785666 -0.000125 -0.0169165
 vertex -0.0687998 -0.000125 3.41534e-09
 endloop
endfacet
facet normal 0 0 0
 outer loop
 vertex -0.0785833 -2.18557e-11 -0.0168875
 vertex -0.0687998 -0.000125 3.41534e-09
 vertex -0.0688333 -2.18557e-11 3.40949e-09
 endloop
endfacet
facet normal 0 0 0
 outer loop
 vertex -0.0785666 -0.000125 -0.0169165
 vertex -0.0785208 -0.000216506 -0.0169957
 vertex -0.0687083 -0.000216506 3.43134e-09
 endloop
endfacet
facet normal 0 0 0
 outer loop
 vertex -0.0785666 -0.000125 -0.0169165
 vertex -0.0687083 -0.000216506 3.43134e-09
 vertex -0.0687998 -0.000125 3.41534e-09
 endloop
endfacet
facet normal 0 0 0
 outer loop
 vertex -0.0785208 -0.000216506 -0.0169957
 vertex -0.0784583 -0.00025 -0.017104
 vertex -0.0685833 -0.00025 3.4532e-09
 endloop
endfacet
facet normal 0 0 0
 outer loop
 vertex -0.0785208 -0.000216506 -0.0169957
 vertex -0.0685833 -0.00025 3.4532e-09
 vertex -0.0687083 -0.000216506 3.43134e-09
 endloop
endfacet
facet normal 0 0 0
 outer loop
 vertex -0.0784583 -0.00025 -0.017104
 vertex -0.0783958 -0.000216506 -0.0172123
 vertex -0.0684583 -0.000216506 3.47506e-09
 endloop
endfacet
facet normal 0 0 0
 outer loop
 vertex -0.0784583 -0.00025 -0.017104
 vertex -0.0684583 -0.000216506 3.47506e-09
 vertex -0.0685833 -0.00025 3.4532e-09
 endloop
endfacet
facet normal 0 0 0
 outer loop
 vertex -0.0783958 -0.000216506 -0.0172123
 vertex -0.0783501 -0.000125 -0.0172915
 vertex -0.0683668 -0.000125 3.49105e-09
 endloop
endfacet
facet normal 0 0 0
 outer loop
 vertex -0.0783958 -0.000216506 -0.0172123
 vertex -0.0683668 -0.000125 3.49105e-09
 vertex -0.0684583 -0.000216506 3.47506e-09
 endloop
endfacet
facet normal 0 0 0
 outer loop
 vertex -0.0783501 -0.000125 -0.0172915
 vertex -0.0783333 4.37113e-11 -0.0173205
 vertex -0.0683333 4.37113e-11 3.49691e-09
 endloop
endfacet
facet normal 0 0 0
 outer loop
 vertex -0.0783501 -0.000125 -0.0172915
 vertex -0.0683333 4.37113e-11 3.49691e-09
 vertex -0.0683668 -0.000125 3.49105e-09
 endloop
endfacet
facet normal 0 0 0
 outer loop
 vertex -0.0516667 0 0
 vertex -0.0517002 0.000125 0
 vertex -0.0616834 0.000125 0.0172915
 endloop
endfacet
facet normal 0 0 0
 outer loop
 vertex -0.0516667 0 0
 vertex -0.0616834 0.000125 0.0172915
 vertex -0.0616667 0 0.0173205
 endloop
endfacet
facet normal 0 0 0
 outer loop
 vertex -0.0517002 0.000125 0
 vertex -0.0517917 0.000216506 0
 vertex -0.0617292 0.000216506 0.0172123
 endloop
endfacet
facet normal 0 0 0
 outer loop
 vertex -0.0517002 0.000125 0
 vertex -0.0617292 0.000216506 0.0172123
 vertex -0.0616834 0.000125 0.0172915
 endloop
endfacet
facet normal 0 0 0
 outer loop
 vertex -0.0517917 0.000216506 0
 vertex -0.0519167 0.00025 0
 vertex -0.0617917 0.00025 0.017104
 endloop
endfacet
facet normal 0 0 0
 outer loop
 vertex -0.0517917 0.000216506 0
 vertex -0.0617917 0.00025 0.017104
 vertex -0.0617292 0.000216506 0.0172123
 endloop
endfacet
facet normal 0 0 0
 outer loop
 vertex -0.0519167 0.00025 0
 vertex -0.0520417 0.000216506 0
 vertex -0.0618542 0.000216506 0.0169957
 endloop
endfacet
facet normal 0 0 0
 outer loop
 vertex -0.0519167 0.00025 0
 vertex -0.0618542 0.000216506 0.0169957
 vertex -0.0617917 0.00025 0.017104
 endloop
endfacet
facet normal 0 0 0
 outer loop
 vertex -0.0520417 0.000216506 0
 vertex -0.0521332 0.000125 0
 vertex -0.0618999 0.000125 0.0169165
 endloop
endfacet
facet normal 0 0 0
 outer loop
 vertex -0.0520417 0.000216506 0
 vertex -0.0618999 0.000125 0.0169165
 vertex -0.0618542 0.000216506 0.0169957
 endloop
endfacet
facet normal 0 0 0
 outer loop
 vertex -0.0521332 0.000125 0
 vertex -0.0521667 -2.18557e-11 0
 vertex -0.0619167 -2.18557e-11 0.0168875
 endloop
endfacet
facet normal 0 0 0
 outer loop
 vertex -0.0521332 0.000125 0
 vertex -0.0619167 -2.18557e-11 0.0168875
 vertex -0.0618999 0.000125 0.0169165
 endloop
endfacet
facet normal 0 0 0
 outer loop
 vertex -0.0521667 -2.18557e-11 0
 vertex -0.0521332 -0.000125 0
 vertex -0.0618999 -0.000125 0.0169165
 endloop
endfacet
facet normal 0 0 0
 outer loop
 vertex -0.0521667 -2.18557e-11 0
 vertex -0.0618999 -0.000125 0.0169165
 vertex -0.0619167 -2.18557e-11 0.0168875
 endloop
endfacet
facet normal 0 0 0
 outer loop
 vertex -0.0521332 -0.000125 0
 vertex -0.0520417 -0.000216506 0
 vertex -0.0618542 -0.000216506 0.0169957
 endloop
endfacet
facet normal 0 0 0
 outer loop
 vertex -0.0521332 -0.000125 0
 vertex -0.0618542 -0.000216506 0.0169957
 vertex -0.0618999 -0.000125 0.0169165
 endloop
endfacet
facet normal 0 0 0
 outer loop
 vertex -0.0520417 -0.000216506 0
 vertex -0.0519167 -0.00025 0
 vertex -0.0617917 -0.00025 0.017104
 endloop
endfacet
facet normal 0 0 0
 outer loop
 vertex -0.0520417 -0.000216506 0
 vertex -0.0617917 -0.00025 0.017104
 vertex -0.0618542 -0.000216506 0.0169957
 endloop
endfacet
facet normal 0 0 0
 outer loop
 vertex -0.0519167 -0.00025 0
 vertex -0.0517917 -0.000216506 0
 vertex -0.0617292 -0.000216506 0.0172123
 endloop
endfacet
facet normal 0 0 0
 outer loop
 vertex -0.0519167 -0.00025 0
 vertex -0.0617292 -0.000216506 0.0172123
 vertex -0.0617917 -0.00025 0.017104
 endloop
endfacet
facet normal 0 0 0
 outer loop
 vertex -0.0517917 -0.000216506 0
 vertex -0.0517002 -0.000125 0
 vertex -0.0616834 -0.000125 0.0172915
 endloop
endfacet
facet normal 0 0 0
 outer loop
 vertex -0.0517917 -0.000216506 0
 vertex -0.0616834 -0.000125 0.0172915
 vertex -0.0617292 -0.000216506 0.0172123
 endloop
endfacet
facet normal 0 0 0
 outer loop
 vertex -0.0517002 -0.000125 0
 vertex -0.0516667 4.37113e-11 0
 vertex -0.0616667 4.37113e-11 0.0173205
 endloop
endfacet
facet normal 0 0 0
 outer loop
 vertex -0.0517002 -0.000125 0
 vertex -0.0616667 4.37113e-11 0.0173205
 vertex -0.0616834 -0.000125 0.0172915
 endloop
endfacet
facet normal 0 0 0
 outer loop
 vertex -0.0616667 0 0.0173205
 vertex -0.0616834 0.000125 0.0172915
 vertex -0.0816499 0.000125 0.0172915
 endloop
endfacet
facet normal 0 0 0
 outer loop
 vertex -0.0616667 0 0.0173205
 vertex -0.0816499 0.000125 0.0172915
 vertex -0.0816667 0 0.0173205
 endloop
endfacet
facet normal 0 0 0
 outer loop
 vertex -0.0616834 0.000125 0.0172915
 vertex -0.0617292 0.000216506 0.0172123
 vertex -0.0816042 0.000216506 0.0172123
 endloop
endfacet
facet normal 0 0 0
 outer loop
 vertex -0.0616834 0.000125 0.0172915
 vertex -0.0816042 0.000216506 0.0172123
 vertex -0.0816499 0.000125 0.0172915
 endloop
endfacet
facet normal 0 0 0
 outer loop
 vertex -0.0617292 0.000216506 0.0172123
 vertex -0.0617917 0.00025 0.017104
 vertex -0.0815417 0.00025 0.017104
 endloop
endfacet
facet normal 0 0 0
 outer loop
 vertex -0.0617292 0.000216506 0.0172123
 vertex -0.0815417 0.00025 0.017104
 vertex -0.0816042 0.000216506 0.0172123
 endloop
endfacet
facet normal 0 0 0
 outer loop
 vertex -0.0617917 0.00025 0.017104
 vertex -0.0618542 0.000216506 0.0169957
 vertex -0.0814792 0.000216506 0.0169957
 endloop
endfacet
facet normal 0 0 0
 outer loop
 vertex -0.0617917 0.00025 0.017104
 vertex -0.0814792 0.000216506 0.0169957
 vertex -0.0815417 0.00025 0.017104
 endloop
endfacet
facet normal 0 0 0
 outer loop
 vertex -0.0618542 0.000216506 0.0169957
 vertex -0.0618999 0.000125 0.0169165
 vertex -0.0814334 0.000125 0.0169165
 endloop
endfacet
facet normal 0 0 0
 outer loop
 vertex -0.0618542 0.000216506 0.0169957
 vertex -0.0814334 0.000125 0.0169165
 vertex -0.0814792 0.000216506 0.0169957
 endloop
endfacet
facet normal 0 0 0
 outer loop
 vertex -0.0618999 0.000125 0.0169165
 vertex -0.0619167 -2.18557e-11 0.0168875
 vertex -0.0814167 -2.18557e-11 0.0168875
 endloop
endfacet
facet normal 0 0 0
 outer loop
 vertex -0.0618999 0.000125 0.0169165
 vertex -0.0814167 -2.18557e-11 0.0168875
 vertex -0.0814334 0.000125 0.0169165
 endloop
endfacet
facet normal 0 0 0
 outer loop
 vertex -0.0619167 -2.18557e-11 0.0168875
 vertex -0.0618999 -0.000125 0.0169165
 vertex -0.0814334 -0.000125 0.0169165
 endloop
endfacet
facet normal 0 0 0
 outer loop
 vertex -0.0619167 -2.18557e-11 0.0168875
 vertex -0.0814334 -0.000125 0.0169165
 vertex -0.0814167 -2.18557e-11 0.0168875
 endloop
endfacet
facet normal 0 0 0
 outer loop
 vertex -0.0618999 -0.000125 0.0169165
 vertex -0.0618542 -0.000216506 0.0169957
 vertex -0.0814792 -0.000216506 0.0169957
 endloop
endfacet
facet normal 0 0 0
 outer loop
 vertex -0.0618999 -0.000125 0.0169165
 vertex -0.0814792 -0.000216506 0.0169957
 vertex -0.0814334 -0.000125 0.0169165
 endloop
endfacet
facet normal 0 0 0
 outer loop
 vertex -0.0618542 -0.000216506 0.0169957
 vertex -0.0617917 -0.00025 0.017104
 vertex -0.0815417 -0.00025 0.017104
 endloop
endfacet
facet normal 0 0 0
 outer loop
 vertex -0.0618542 -0.000216506 0.0169957
 vertex -0.0815417 -0.00025 0.017104
 vertex -0.0814792 -0.000216506 0.0169957
 endloop
endfacet
facet normal 0 0 0
 outer loop
 vertex -0.0617917 -0.00025 0.017104
 vertex -0.0617292 -0.000216506 0.0172123
 vertex -0.0816042 -0.000216506 0.0172123
 endloop
endfacet
facet normal 0 0 0
 outer loop
 vertex -0.0617917 -0.00025 0.017104
 vertex -0.0816042 -0.000216506 0.0172123
 vertex -0.0815417 -0.00025 0.017104
 endloop
endfacet
facet normal 0 0 0
 outer loop
 vertex -0.0617292 -0.000216506 0.0172123
 vertex -0.0616834 -0.000125 0.0172915
 vertex -0.0816499 -0.000125 0.0172915
 endloop
endfacet
facet normal 0 0 0
 outer loop
 vertex -0.0617292 -0.000216506 0.0172123
 vertex -0.0816499 -0.000125 0.0172915
 vertex -0.0816042 -0.000216506 0.0172123
 endloop
endfacet
facet normal 0 0 0
 outer loop
 vertex -0.0616834 -0.000125 0.0172915
 vertex -0.0616667 4.37113e-11 0.0173205
 vertex -0.0816667 4.37113e-11 0.0173205
 endloop
endfacet
facet normal 0 0 0
 outer loop
 vertex -0.0616834 -0.000125 0.0172915
 vertex -0.0816667 4.37113e-11 0.0173205
 vertex -0.0816499 -0.000125 0.0172915
 endloop
endfacet
facet normal 0 0 0
 outer loop
 vertex -0.0816667 0 0.0173205
 vertex -0.0816499 0.000125 0.0172915
 vertex -0.0916332 0.000125 -1.74553e-09
 endloop
endfacet
facet normal 0 0 0
 outer loop
 vertex -0.0816667 0 0.0173205
 vertex -0.0916332 0.000125 -1.74553e-09
 vertex -0.0916667 0 -1.74846e-09
 endloop
endfacet
facet normal 0 0 0
 outer loop
 vertex -0.0816499 0.000125 0.0172915
 vertex -0.0816042 0.000216506 0.0172123
 vertex -0.0915417 0.000216506 -1.73753e-09
 endloop
endfacet
facet normal 0 0 0
 outer loop
 vertex -0.0816499 0.000125 0.0172915
 vertex -0.0915417 0.000216506 -1.73753e-09
 vertex -0.0916332 0.000125 -1.74553e-09
 endloop
endfacet
facet normal 0 0 0
 outer loop
 vertex -0.0816042 0.000216506 0.0172123
 vertex -0.0815417 0.00025 0.017104
 vertex -0.0914167 0.00025 -1.7266e-09
 endloop
endfacet
facet normal 0 0 0
 outer loop
 vertex -0.0816042 0.000216506 0.0172123
 vertex -0.0914167 0.00025 -1.7266e-09
 vertex -0.0915417 0.000216506 -1.73753e-09
 endloop
endfacet
facet normal 0 0 0
 outer loop
 vertex -0.0815417 0.00025 0.017104
 vertex -0.0814792 0.000216506 0.0169957
 vertex -0.0912917 0.000216506 -1.71567e-09
 endloop
endfacet
facet normal 0 0 0
 outer loop
 vertex -0.0815417 0.00025 0.017104
 vertex -0.0912917 0.000216506 -1.71567e-09
 vertex -0.0914167 0.00025 -1.7266e-09
 endloop
endfacet
facet normal 0 0 0
 outer loop
 vertex -0.0814792 0.000216506 0.0169957
 vertex -0.0814334 0.000125 0.0169165
 vertex -0.0912002 0.000125 -1.70767e-09
 endloop
endfacet
facet normal 0 0 0
 outer loop
 vertex -0.0814792 0.000216506 0.0169957
 vertex -0.0912002 0.000125 -1.70767e-09
 vertex -0.0912917 0.000216506 -1.71567e-09
 endloop
endfacet
facet normal 0 0 0
 outer loop
 vertex -0.0814334 0.000125 0.0169165
 vertex -0.0814167 -2.18557e-11 0.0168875
 vertex -0.0911667 -2.18557e-11 -1.70474e-09
 endloop
endfacet
facet normal 0 0 0
 outer loop
 vertex -0.0814334 0.000125 0.0169165
 vertex -0.0911667 -2.18557e-11 -1.70474e-09
 vertex -0.0912002 0.000125 -1.70767e-09
 endloop
endfacet
facet normal 0 0 0
 outer loop
 vertex -0.0814167 -2.18557e-11 0.0168875
 vertex -0.0814334 -0.000125 0.0169165
 vertex -0.0912002 -0.000125 -1.70767e-09
 endloop
endfacet
facet normal 0 0 0
 outer loop
 vertex -0.0814167 -2.18557e-11 0.0168875
 vertex -0.0912002 -0.000125 -1.70767e-09
 vertex -0.0911667 -2.18557e-11 -1.70474e-09
 endloop
endfacet
facet normal 0 0 0
 outer loop
 vertex -0.0814334 -0.000125 0.0169165
 vertex -0.0814792 -0.000216506 0.0169957
 vertex -0.0912917 -0.000216506 -1.71567e-09
 endloop
endfacet
facet normal 0 0 0
 outer loop
 vertex -0.0814334 -0.000125 0.0169165
 vertex -0.0912917 -0.000216506 -1.71567e-09
 vertex -0.0912002 -0.000125 -1.70767e-09
 endloop
endfacet
facet normal 0 0 0
 outer loop
 vertex -0.0814792 -0.000216506 0.0169957
 vertex -0.0815417 -0.00025 0.017104
 vertex -0.0914167 -0.00025 -1.7266e-09
 endloop
endfacet
facet normal 0 0 0
 outer loop
 vertex -0.0814792 -0.000216506 0.0169957
 vertex -0.0914167 -0.00025 -1.7266e-09
 vertex -0.0912917 -0.000216506 -1.71567e-09
 endloop
endfacet
facet normal 0 0 0
 outer loop
 vertex -0.0815417 -0.00025 0.017104
 vertex -0.0816042 -0.000216506 0.0172123
 vertex -0.0915417 -0.000216506 -1.73753e-09
 endloop
endfacet
facet normal 0 0 0
 outer loop
 vertex -0.0815417 -0.00025 0.017104
 vertex -0.0915417 -0.000216506 -1.73753e-09
 vertex -0.0914167 -0.00025 -1.7266e-09
 endloop
endfacet
facet normal 0 0 0
 outer loop
 vertex -0.0816042 -0.000216506 0.0172123
 vertex -0.0816499 -0.000125 0.0172915
 vertex -0.0916332 -0.000125 -1.74553e-09
 endloop
endfacet
facet normal 0 0 0
 outer loop
 vertex -0.0816042 -0.000216506 0.0172123
 vertex -0.0916332 -0.000125 -1.74553e-09
 vertex -0.0915417 -0.000216506 -1.73753e-09
 endloop
endfacet
facet normal 0 0 0
 outer loop
 vertex -0.0816499 -0.000125 0.0172915
 vertex -0.0816667 4.37113e-11 0.0173205
 vertex -0.0916667 4.37113e-11 -1.74846e-09
 endloop
endfacet
facet normal 0 0 0
 outer loop
 vertex -0.0816499 -0.000125 0.0172915
 vertex -0.0916667 4.37113e-11 -1.74846e-09
 vertex -0.0916332 -0.000125 -1.74553e-09
 endloop
endfacet
facet normal 0 0 0
 outer loop
 vertex -0.0916667 0 -1.74846e-09
 vertex -0.0916332 0.000125 -1.74553e-09
 vertex -0.0816499 0.000125 -0.0172915
 endloop
endfacet
facet normal 0 0 0
 outer loop
 vertex -0.0916667 0 -1.74846e-09
 vertex -0.0816499 0.000125 -0.0172915
 vertex -0.0816667 0 -0.0173205
 endloop
endfacet
facet normal 0 0 0
 outer loop
 vertex -0.0916332 0.000125 -1.74553e-09
 vertex -0.0915417 0.000216506 -1.73753e-09
 vertex -0.0816042 0.000216506 -0.0172123
 endloop
endfacet
facet normal 0 0 0
 outer loop
 vertex -0.0916332 0.000125 -1.74553e-09
 vertex -0.0816042 0.000216506 -0.0172123
 vertex -0.0816499 0.000125 -0.0172915
 endloop
endfacet
facet normal 0 0 0
 outer loop
 vertex -0.0915417 0.000216506 -1.73753e-09
 vertex -0.0914167 0.00025 -1.7266e-09
 vertex -0.0815417 0.00025 -0.017104
 endloop
endfacet
facet normal 0 0 0
 outer loop
 vertex -0.0915417 0.000216506 -1.73753e-09
 vertex -0.0815417 0.00025 -0.017104
 vertex -0.0816042 0.000216506 -0.0172123
 endloop
endfacet
facet normal 0 0 0
 outer loop
 vertex -0.0914167 0.00025 -1.7266e-09
 vertex -0.0912917 0.000216506 -1.71567e-09
 vertex -0.0814792 0.000216506 -0.0169957
 endloop
endfacet
facet normal 0 0 0
 outer loop
 vertex -0.0914167 0.00025 -1.7266e-09
 vertex -0.0814792 0.000216506 -0.0169957
 vertex -0.0815417 0.00025 -0.017104
 endloop
endfacet
facet normal 0 0 0
 outer loop
 vertex -0.0912917 0.000216506 -1.71567e-09
 vertex -0.0912002 0.000125 -1.70767e-09
 vertex -0.0814334 0.000125 -0.0169165
 endloop
endfacet
facet normal 0 0 0
 outer loop
 vertex -0.0912917 0.000216506 -1.71567e-09
 vertex -0.0814334 0.000125 -0.0169165
 vertex -0.0814792 0.000216506 -0.0169957
 endloop
endfacet
facet normal 0 0 0
 outer loop
 vertex -0.0912002 0.000125 -1.70767e-09
 vertex -0.0911667 -2.18557e-11 -1.70474e-09
 vertex -0.0814167 -2.18557e-11 -0.0168875
 endloop
endfacet
facet normal 0 0 0
 outer loop
 vertex -0.0912002 0.000125 -1.70767e-09
 vertex -0.0814167 -2.18557e-11 -0.0168875
 vertex -0.0814334 0.000125 -0.0169165
 endloop
endfacet
facet normal 0 0 0
 outer loop
 vertex -0.0911667 -2.18557e-11 -1.70474e-09
 vertex -0.0912002 -0.000125 -1.70767e-09
 vertex -0.0814334 -0.000125 -0.0169165
 endloop
endfacet
facet normal 0 0 0
 outer loop
 vertex -0.0911667 -2.18557e-11 -1.70474e-09
 vertex -0.0814334 -0.000125 -0.0169165
 vertex -0.0814167 -2.18557e-11 -0.0168875
 endloop
endfacet
facet normal 0 0 0
 outer loop
 vertex -0.0912002 -0.000125 -1.70767e-09
 vertex -0.0912917 -0.000216506 -1.71567e-09
 vertex -0.0814792 -0.000216506 -0.0169957
 endloop
endfacet
facet normal 0 0 0
 outer loop
 vertex -0.0912002 -0.000125 -1.70767e-09
 vertex -0.0814792 -0.000216506 -0.0169957
 vertex -0.0814334 -0.000125 -0.0169165
 endloop
endfacet
facet normal 0 0 0
 outer loop
 vertex -0.0912917 -0.000216506 -1.71567e-09
 vertex -0.0914167 -0.00025 -1.7266e-09
 vertex -0.0815417 -0.00025 -0.017104
 endloop
endfacet
facet normal 0 0 0
 outer loop
 vertex -0.0912917 -0.000216506 -1.71567e-09
 vertex -0.0815417 -0.00025 -0.017104
 vertex -0.0814792 -0.000216506 -0.0169957
 endloop
endfacet
facet normal 0 0 0
 outer loop
 vertex -0.0914167 -0.00025 -1.7266e-09
 vertex -0.0915417 -0.000216506 -1.73753e-09
 vertex -0.0816042 -0.000216506 -0.0172123
 endloop
endfacet
facet normal 0 0 0
 outer loop
 vertex -0.0914167 -0.00025 -1.7266e-09
 vertex -0.0816042 -0.000216506 -0.0172123
 vertex -0.0815417 -0.00025 -0.017104
 endloop
endfacet
facet normal 0 0 0
 outer loop
 vertex -0.0915417 -0.000216506 -1.73753e-09
 vertex -0.0916332 -0.000125 -1.74553e-09
 vertex -0.0816499 -0.000125 -0.0172915
 endloop
endfacet
facet normal 0 0 0
 outer loop
 vertex -0.0915417 -0.000216506 -1.73753e-09
 vertex -0.0816499 -0.000125 -0.0172915
 vertex -0.0816042 -0.000216506 -0.0172123
 endloop
endfacet
facet normal 0 0 0
 outer loop
 vertex -0.0916332 -0.000125 -1.74553e-09
 vertex -0.0916667 4.37113e-11 -1.74846e-09
 vertex -0.0816667 4.37113e-11 -0.0173205
 endloop
endfacet
facet normal 0 0 0
 outer loop
 vertex -0.0916332 -0.000125 -1.74553e-09
 vertex -0.0816667 4.37113e-11 -0.0173205
 vertex -0.0816499 -0.000125 -0.0172915
 endloop
endfacet
facet normal 0 0 0
 outer loop
 vertex -0.0816667 0 -0.0173205
 vertex -0.0816499 0.000125 -0.0172915
 vertex -0.0616834 0.000125 -0.0172915
 endloop
endfacet
facet normal 0 0 0
 outer loop
 vertex -0.0816667 0 -0.0173205
 vertex -0.0616834 0.000125 -0.0172915
 vertex -0.0616667 0 -0.0173205
 endloop
endfacet
facet normal 0 0 0
 outer loop
 vertex -0.0816499 0.000125 -0.0172915
 vertex -0.0816042 0.000216506 -0.0172123
 vertex -0.0617292 0.000216506 -0.0172123
 endloop
endfacet
facet normal 0 0 0
 outer loop
 vertex -0.0816499 0.000125 -0.0172915
 vertex -0.0617292 0.000216506 -0.0172123
 vertex -0.0616834 0.000125 -0.0172915
 endloop
endfacet
facet normal 0 0 0
 outer loop
 vertex -0.0816042 0.000216506 -0.0172123
 vertex -0.0815417 0.00025 -0.017104
 vertex -0.0617917 0.00025 -0.017104
 endloop
endfacet
facet normal 0 0 0
 outer loop
 vertex -0.0816042 0.000216506 -0.0172123
 vertex -0.0617917 0.00025 -0.017104
 vertex -0.0617292 0.000216506 -0.0172123
 endloop
endfacet
facet normal 0 0 0
 outer loop
 vertex -0.0815417 0.00025 -0.017104
 vertex -0.0814792 0.000216506 -0.0169957
 vertex -0.0618542 0.000216506 -0.0169957
 endloop
endfacet
facet normal 0 0 0
 outer loop
 vertex -0.0815417 0.00025 -0.017104
 vertex -0.0618542 0.000216506 -0.0169957
 vertex -0.0617917 0.00025 -0.017104
 endloop
endfacet
facet normal 0 0 0
 outer loop
 vertex -0.0814792 0.000216506 -0.0169957
 vertex -0.0814334 0.000125 -0.0169165
 vertex -0.0618999 0.000125 -0.0169165
 endloop
endfacet
facet normal 0 0 0
 outer loop
 vertex -0.0814792 0.000216506 -0.0169957
 vertex -0.0618999 0.000125 -0.0169165
 vertex -0.0618542 0.000216506 -0.0169957
 endloop
endfacet
facet normal 0 0 0
 outer loop
 vertex -0.0814334 0.000125 -0.0169165
 vertex -0.0814167 -2.18557e-11 -0.0168875
 vertex -0.0619167 -2.18557e-11 -0.0168875
 endloop
endfacet
facet normal 0 0 0
 outer loop
 vertex -0.0814334 0.000125 -0.0169165
 vertex -0.0619167 -2.18557e-11 -0.0168875
 vertex -0.0618999 0.000125 -0.0169165
 endloop
endfacet
facet normal 0 0 0
 outer loop
 vertex -0.0814167 -2.18557e-11 -0.0168875
 vertex -0.0814334 -0.000125 -0.0169165
 vertex -0.0618999 -0.000125 -0.0169165
 endloop
endfacet
facet normal 0 0 0
 outer loop
 vertex -0.0814167 -2.18557e-11 -0.0168875
 vertex -0.0618999 -0.000125 -0.0169165
 vertex -0.0619167 -2.18557e-11 -0.0168875
 endloop
endfacet
facet normal 0 0 0
 outer loop
 vertex -0.0814334 -0.000125 -0.0169165
 vertex -0.0814792 -0.000216506 -0.0169957
 vertex -0.0618542 -0.000216506 -0.0169957
 endloop
endfacet
facet normal 0 0 0
 outer loop
 vertex -0.0814334 -0.000125 -0.0169165
 vertex -0.0618542 -0.000216506 -0.0169957
 vertex -0.0618999 -0.000125 -0.0169165
 endloop
endfacet
facet normal 0 0 0
 outer loop
 vertex -0.0814792 -0.000216506 -0.0169957
 vertex -0.0815417 -0.00025 -0.017104
 vertex -0.0617917 -0.00025 -0.017104
 endloop
endfacet
facet normal 0 0 0
 outer loop
 vertex -0.0814792 -0.000216506 -0.0169957
 vertex -0.0617917 -0.00025 -0.017104
 vertex -0.0618542 -0.000216506 -0.0169957
 endloop
endfacet
facet normal 0 0 0
 outer loop
 vertex -0.0815417 -0.00025 -0.017104
 vertex -0.0816042 -0.000216506 -0.0172123
 vertex -0.0617292 -0.000216506 -0.0172123
 endloop
endfacet
facet normal 0 0 0
 outer loop
 vertex -0.0815417 -0.00025 -0.017104
 vertex -0.0617292 -0.000216506 -0.0172123
 vertex -0.0617917 -0.00025 -0.017104
 endloop
endfacet
facet normal 0 0 0
 outer loop
 vertex -0.0816042 -0.000216506 -0.0172123
 vertex -0.0816499 -0.000125 -0.0172915
 vertex -0.0616834 -0.000125 -0.0172915
 endloop
endfacet
facet normal 0 0 0
 outer loop
 vertex -0.0816042 -0.000216506 -0.0172123
 vertex -0.0616834 -0.000125 -0.0172915
 vertex -0.0617292 -0.000216506 -0.0172123
 endloop
endfacet
facet normal 0 0 0
 outer loop
 vertex -0.0816499 -0.000125 -0.0172915
 vertex -0.0816667 4.37113e-11 -0.0173205
 vertex -0.0616667 4.37113e-11 -0.0173205
 endloop
endfacet
facet normal 0 0 0
 outer loop
 vertex -0.0816499 -0.000125 -0.0172915
 vertex -0.0616667 4.37113e-11 -0.0173205
 vertex -0.0616834 -0.000125 -0.0172915
 endloop
endfacet
facet normal 0 0 0
 outer loop
 vertex -0.0616667 0 -0.0173205
 vertex -0.0616834 0.000125 -0.0172915
 vertex -0.0517002 0.000125 3.49105e-09
 endloop
endfacet
facet normal 0 0 0
 outer loop
 vertex -0.0616667 0 -0.0173205
 vertex -0.0517002 0.000125 3.49105e-09
 vertex -0.0516667 0 3.49691e-09
 endloop
endfacet
facet normal 0 0 0
 outer loop
 vertex -0.0616834 0.000125 -0.0172915
 vertex -0.0617292 0.000216506 -0.0172123
 vertex -0.0517917 0.000216506 3.47506e-09
 endloop
endfacet
facet normal 0 0 0
 outer loop
 vertex -0.0616834 0.000125 -0.0172915
 vertex -0.0517917 0.000216506 3.47506e-09
 vertex -0.0517002 0.000125 3.49105e-09
 endloop
endfacet
facet normal 0 0 0
 outer loop
 vertex -0.0617292 0.000216506 -0.0172123
 vertex -0.0617917 0.00025 -0.017104
 vertex -0.0519167 0.00025 3.4532e-09
 endloop
endfacet
facet normal 0 0 0
 outer loop
 vertex -0.0617292 0.000216506 -0.0172123
 vertex -0.0519167 0.00025 3.4532e-09
 vertex -0.0517917 0.000216506 3.47506e-09
 endloop
endfacet
facet normal 0 0 0
 outer loop
 vertex -0.0617917 0.00025 -0.017104
 vertex -0.0618542 0.000216506 -0.0169957
 vertex -0.0520417 0.000216506 3.43134e-09
 endloop
endfacet
facet normal 0 0 0
 outer loop
 vertex -0.0617917 0.00025 -0.017104
 vertex -0.0520417 0.000216506 3.43134e-09
 vertex -0.0519167 0.00025 3.4532e-09
 endloop
endfacet
facet normal 0 0 0
 outer loop
 vertex -0.0618542 0.000216506 -0.0169957
 vertex -0.0618999 0.000125 -0.0169165
 vertex -0.0521332 0.000125 3.41534e-09
 endloop
endfacet
facet normal 0 0 0
 outer loop
 vertex -0.0618542 0.000216506 -0.0169957
 vertex -0.0521332 0.000125 3.41534e-09
 vertex -0.0520417 0.000216506 3.43134e-09
 endloop
endfacet
facet normal 0 0 0
 outer loop
 vertex -0.0618999 0.000125 -0.0169165
 vertex -0.0619167 -2.18557e-11 -0.0168875
 vertex -0.0521667 -2.18557e-11 3.40949e-09
 endloop
endfacet
facet normal 0 0 0
 outer loop
 vertex -0.0618999 0.000125 -0.0169165
 vertex -0.0521667 -2.18557e-11 3.40949e-09
 vertex -0.0521332 0.000125 3.41534e-09
 endloop
endfacet
facet normal 0 0 0
 outer loop
 vertex -0.0619167 -2.18557e-11 -0.0168875
 vertex -0.0618999 -0.000125 -0.0169165
 vertex -0.0521332 -0.000125 3.41534e-09
 endloop
endfacet
facet normal 0 0 0
 outer loop
 vertex -0.0619167 -2.18557e-11 -0.0168875
 vertex -0.0521332 -0.000125 3.41534e-09
 vertex -0.0521667 -2.18557e-11 3.40949e-09
 endloop
endfacet
facet normal 0 0 0
 outer loop
 vertex -0.0618999 -0.000125 -0.0169165
 vertex -0.0618542 -0.000216506 -0.0169957
 vertex -0.0520417 -0.000216506 3.43134e-09
 endloop
endfacet
facet normal 0 0 0
 outer loop
 vertex -0.0618999 -0.000125 -0.0169165
 vertex -0.0520417 -0.000216506 3.43134e-09
 vertex -0.0521332 -0.000125 3.41534e-09
 endloop
endfacet
facet normal 0 0 0
 outer loop
 vertex -0.0618542 -0.000216506 -0.0169957
 vertex -0.0617917 -0.00025 -0.017104
 vertex -0.0519167 -0.00025 3.4532e-09
 endloop
endfacet
facet normal 0 0 0
 outer loop
 vertex -0.0618542 -0.000216506 -0.0169957
 vertex -0.0519167 -0.00025 3.4532e-09
 vertex -0.0520417 -0.000216506 3.43134e-09
 endloop
endfacet
facet normal 0 0 0
 outer loop
 vertex -0.0617917 -0.00025 -0.017104
 vertex -0.0617292 -0.000216506 -0.0172123
 vertex -0.0517917 -0.000216506 3.47506e-09
 endloop
endfacet
facet normal 0 0 0
 outer loop
 vertex -0.0617917 -0.00025 -0.017104
 vertex -0.0517917 -0.000216506 3.47506e-09
 vertex -0.0519167 -0.00025 3.4532e-09
 endloop
endfacet
facet normal 0 0 0
 outer loop
 vertex -0.0617292 -0.000216506 -0.0172123
 vertex -0.0616834 -0.000125 -0.0172915
 vertex -0.0517002 -0.000125 3.49105e-09
 endloop
endfacet
facet normal 0 0 0
 outer loop
 vertex -0.0617292 -0.000216506 -0.0172123
 vertex -0.0517002 -0.000125 3.49105e-09
 vertex -0.0517917 -0.000216506 3.47506e-09
 endloop
endfacet
facet normal 0 0 0
 outer loop
 vertex -0.0616834 -0.000125 -0.0172915
 vertex -0.0616667 4.37113e-11 -0.0173205
 vertex -0.0516667 4.37113e-11 3.49691e-09
 endloop
endfacet
facet normal 0 0 0
 outer loop
 vertex -0.0616834 -0.000125 -0.0172915
 vertex -0.0516667 4.37113e-11 3.49691e-09
 vertex -0.0517002 -0.000125 3.49105e-09
 endloop
endfacet
facet normal 0 0 0
 outer loop
 vertex -0.035 0 0
 vertex -0.0350335 0.000125 0
 vertex -0.0450167 0.000125 0.0172915
 endloop
endfacet
facet normal 0 0 0
 outer loop
 vertex -0.035 0 0
 vertex -0.0450167 0.000125 0.0172915
 vertex -0.045 0 0.0173205
 endloop
endfacet
facet normal 0 0 0
 outer loop
 vertex -0.0350335 0.000125 0
 vertex -0.035125 0.000216506 0
 vertex -0.0450625 0.000216506 0.0172123
 endloop
endfacet
facet normal 0 0 0
 outer loop
 vertex -0.0350335 0.000125 0
 vertex -0.0450625 0.000216506 0.0172123
 vertex -0.0450167 0.000125 0.0172915
 endloop
endfacet
facet normal 0 0 0
 outer loop
 vertex -0.035125 0.000216506 0
 vertex -0.03525 0.00025 0
 vertex -0.045125 0.00025 0.017104
 endloop
endfacet
facet normal 0 0 0
 outer loop
 vertex -0.035125 0.000216506 0
 vertex -0.045125 0.00025 0.017104
 vertex -0.0450625 0.000216506 0.0172123
 endloop
endfacet
facet normal 0 0 0
 outer loop
 vertex -0.03525 0.00025 0
 vertex -0.035375 0.000216506 0
 vertex -0.0451875 0.000216506 0.0169957
 endloop
endfacet
facet normal 0 0 0
 outer loop
 vertex -0.03525 0.00025 0
 vertex -0.0451875 0.000216506 0.0169957
 vertex -0.045125 0.00025 0.017104
 endloop
endfacet
facet normal 0 0 0
 outer loop
 vertex -0.035375 0.000216506 0
 vertex -0.0354665 0.000125 0
 vertex -0.0452332 0.000125 0.0169165
 endloop
endfacet
facet normal 0 0 0
 outer loop
 vertex -0.035375 0.000216506 0
 vertex -0.0452332 0.000125 0.0169165
 vertex -0.0451875 0.000216506 0.0169957
 endloop
endfacet
facet normal 0 0 0
 outer loop
 vertex -0.0354665 0.000125 0
 vertex -0.0355 -2.18557e-11 0
 vertex -0.04525 -2.18557e-11 0.0168875
 endloop
endfacet
facet normal 0 0 0
 outer loop
 vertex -0.0354665 0.000125 0
 vertex -0.04525 -2.18557e-11 0.0168875
 vertex -0.0452332 0.000125 0.0169165
 endloop
endfacet
facet normal 0 0 0
 outer loop
 vertex -0.0355 -2.18557e-11 0
 vertex -0.0354665 -0.000125 0
 vertex -0.0452332 -0.000125 0.0169165
 endloop
endfacet
facet normal 0 0 0
 outer loop
 vertex -0.0355 -2.18557e-11 0
 vertex -0.0452332 -0.000125 0.0169165
 vertex -0.04525 -2.18557e-11 0.0168875
 endloop
endfacet
facet normal 0 0 0
 outer loop
 vertex -0.0354665 -0.000125 0
 vertex -0.035375 -0.000216506 0
 vertex -0.0451875 -0.000216506 0.0169957
 endloop
endfacet
facet normal 0 0 0
 outer loop
 vertex -0.0354665 -0.000125 0
 vertex -0.0451875 -0.000216506 0.0169957
 vertex -0.0452332 -0.000125 0.0169165
 endloop
endfacet
facet normal 0 0 0
 outer loop
 vertex -0.035375 -0.000216506 0
 vertex -0.03525 -0.00025 0
 vertex -0.045125 -0.00025 0.017104
 endloop
endfacet
facet normal 0 0 0
 outer loop
 vertex -0.035375 -0.000216506 0
 vertex -0.045125 -0.00025 0.017104
 vertex -0.0451875 -0.000216506 0.0169957
 endloop
endfacet
facet normal 0 0 0
 outer loop
 vertex -0.03525 -0.00025 0
 vertex -0.035125 -0.000216506 0
 vertex -0.0450625 -0.000216506 0.0172123
 endloop
endfacet
facet normal 0 0 0
 outer loop
 vertex -0.03525 -0.00025 0
 vertex -0.0450625 -0.000216506 0.0172123
 vertex -0.045125 -0.00025 0.017104
 endloop
endfacet
facet normal 0 0 0
 outer loop
 vertex -0.035125 -0.000216506 0
 vertex -0.0350335 -0.000125 0
 vertex -0.0450167 -0.000125 0.0172915
 endloop
endfacet
facet normal 0 0 0
 outer loop
 vertex -0.035125 -0.000216506 0
 vertex -0.0450167 -0.000125 0.0172915
 vertex -0.0450625 -0.000216506 0.0172123
 endloop
endfacet
facet normal 0 0 0
 outer loop
 vertex -0.0350335 -0.000125 0
 vertex -0.035 4.37113e-11 0
 vertex -0.045 4.37113e-11 0.0173205
 endloop
endfacet
facet normal 0 0 0
 outer loop
 vertex -0.0350335 -0.000125 0
 vertex -0.045 4.37113e-11 0.0173205
 vertex -0.0450167 -0.000125 0.0172915
 endloop
endfacet
facet normal 0 0 0
 outer loop
 vertex -0.045 0 0.0173205
 vertex -0.0450167 0.000125 0.0172915
 vertex -0.0649832 0.000125 0.0172915
 endloop
endfacet
facet normal 0 0 0
 outer loop
 vertex -0.045 0 0.0173205
 vertex -0.0649832 0.000125 0.0172915
 vertex -0.065 0 0.0173205
 endloop
endfacet
facet normal 0 0 0
 outer loop
 vertex -0.0450167 0.000125 0.0172915
 vertex -0.0450625 0.000216506 0.0172123
 vertex -0.0649375 0.000216506 0.0172123
 endloop
endfacet
facet normal 0 0 0
 outer loop
 vertex -0.0450167 0.000125 0.0172915
 vertex -0.0649375 0.000216506 0.0172123
 vertex -0.0649832 0.000125 0.0172915
 endloop
endfacet
facet normal 0 0 0
 outer loop
 vertex -0.0450625 0.000216506 0.0172123
 vertex -0.045125 0.00025 0.017104
 vertex -0.064875 0.00025 0.017104
 endloop
endfacet
facet normal 0 0 0
 outer loop
 vertex -0.0450625 0.000216506 0.0172123
 vertex -0.064875 0.00025 0.017104
 vertex -0.0649375 0.000216506 0.0172123
 endloop
endfacet
facet normal 0 0 0
 outer loop
 vertex -0.045125 0.00025 0.017104
 vertex -0.0451875 0.000216506 0.0169957
 vertex -0.0648125 0.000216506 0.0169957
 endloop
endfacet
facet normal 0 0 0
 outer loop
 vertex -0.045125 0.00025 0.017104
 vertex -0.0648125 0.000216506 0.0169957
 vertex -0.064875 0.00025 0.017104
 endloop
endfacet
facet normal 0 0 0
 outer loop
 vertex -0.0451875 0.000216506 0.0169957
 vertex -0.0452332 0.000125 0.0169165
 vertex -0.0647667 0.000125 0.0169165
 endloop
endfacet
facet normal 0 0 0
 outer loop
 vertex -0.0451875 0.000216506 0.0169957
 vertex -0.0647667 0.000125 0.0169165
 vertex -0.0648125 0.000216506 0.0169957
 endloop
endfacet
facet normal 0 0 0
 outer loop
 vertex -0.0452332 0.000125 0.0169165
 vertex -0.04525 -2.18557e-11 0.0168875
 vertex -0.06475 -2.18557e-11 0.0168875
 endloop
endfacet
facet normal 0 0 0
 outer loop
 vertex -0.0452332 0.000125 0.0169165
 vertex -0.06475 -2.18557e-11 0.0168875
 vertex -0.0647667 0.000125 0.0169165
 endloop
endfacet
facet normal 0 0 0
 outer loop
 vertex -0.04525 -2.18557e-11 0.0168875
 vertex -0.0452332 -0.000125 0.0169165
 vertex -0.0647667 -0.000125 0.0169165
 endloop
endfacet
facet normal 0 0 0
 outer loop
 vertex -0.04525 -2.18557e-11 0.0168875
 vertex -0.0647667 -0.000125 0.0169165
 vertex -0.06475 -2.18557e-11 0.0168875
 endloop
endfacet
facet normal 0 0 0
 outer loop
 vertex -0.0452332 -0.000125 0.0169165
 vertex -0.0451875 -0.000216506 0.0169957
 vertex -0.0648125 -0.000216506 0.0169957
 endloop
endfacet
facet normal 0 0 0
 outer loop
 vertex -0.0452332 -0.000125 0.0169165
 vertex -0.0648125 -0.000216506 0.0169957
 vertex -0.0647667 -0.000125 0.0169165
 endloop
endfacet
facet normal 0 0 0
 outer loop
 vertex -0.0451875 -0.000216506 0.0169957
 vertex -0.045125 -0.00025 0.017104
 vertex -0.064875 -0.00025 0.017104
 endloop
endfacet
facet normal 0 0 0
 outer loop
 vertex -0.0451875 -0.000216506 0.0169957
 vertex -0.064875 -0.00025 0.017104
 vertex -0.0648125 -0.000216506 0.0169957
 endloop
endfacet
facet normal 0 0 0
 outer loop
 vertex -0.045125 -0.00025 0.017104
 vertex -0.0450625 -0.000216506 0.0172123
 vertex -0.0649375 -0.000216506 0.0172123
 endloop
endfacet
facet normal 0 0 0
 outer loop
 vertex -0.045125 -0.00025 0.017104
 vertex -0.0649375 -0.000216506 0.0172123
 vertex -0.064875 -0.00025 0.017104
 endloop
endfacet
facet normal 0 0 0
 outer loop
 vertex -0.0450625 -0.000216506 0.0172123
 vertex -0.0450167 -0.000125 0.0172915
 vertex -0.0649832 -0.000125 0.0172915
 endloop
endfacet
facet normal 0 0 0
 outer loop
 vertex -0.0450625 -0.000216506 0.0172123
 vertex -0.0649832 -0.000125 0.0172915
 vertex -0.0649375 -0.000216506 0.0172123
 endloop
endfacet
facet normal 0 0 0
 outer loop
 vertex -0.0450167 -0.000125 0.0172915
 vertex -0.045 4.37113e-11 0.0173205
 vertex -0.065 4.37113e-11 0.0173205
 endloop
endfacet
facet normal 0 0 0
 outer loop
 vertex -0.0450167 -0.000125 0.0172915
 vertex -0.065 4.37113e-11 0.0173205
 vertex -0.0649832 -0.000125 0.0172915
 endloop
endfacet
facet normal 0 0 0
 outer loop
 vertex -0.065 0 0.0173205
 vertex -0.0649832 0.000125 0.0172915
 vertex -0.0749665 0.000125 -1.74553e-09
 endloop
endfacet
facet normal 0 0 0
 outer loop
 vertex -0.065 0 0.0173205
 vertex -0.0749665 0.000125 -1.74553e-09
 vertex -0.075 0 -1.74846e-09
 endloop
endfacet
facet normal 0 0 0
 outer loop
 vertex -0.0649832 0.000125 0.0172915
 vertex -0.0649375 0.000216506 0.0172123
 vertex -0.074875 0.000216506 -1.73753e-09
 endloop
endfacet
facet normal 0 0 0
 outer loop
 vertex -0.0649832 0.000125 0.0172915
 vertex -0.074875 0.000216506 -1.73753e-09
 vertex -0.0749665 0.000125 -1.74553e-09
 endloop
endfacet
facet normal 0 0 0
 outer loop
 vertex -0.0649375 0.000216506 0.0172123
 vertex -0.064875 0.00025 0.017104
 vertex -0.07475 0.00025 -1.7266e-09
 endloop
endfacet
facet normal 0 0 0
 outer loop
 vertex -0.0649375 0.000216506 0.0172123
 vertex -0.07475 0.00025 -1.7266e-09
 vertex -0.074875 0.000216506 -1.73753e-09
 endloop
endfacet
facet normal 0 0 0
 outer loop
 vertex -0.064875 0.00025 0.017104
 vertex -0.0648125 0.000216506 0.0169957
 vertex -0.074625 0.000216506 -1.71567e-09
 endloop
endfacet
facet normal 0 0 0
 outer loop
 vertex -0.064875 0.00025 0.017104
 vertex -0.074625 0.000216506 -1.71567e-09
 vertex -0.07475 0.00025 -1.7266e-09
 endloop
endfacet
facet normal 0 0 0
 outer loop
 vertex -0.0648125 0.000216506 0.0169957
 vertex -0.0647667 0.000125 0.0169165
 vertex -0.0745335 0.000125 -1.70767e-09
 endloop
endfacet
facet normal 0 0 0
 outer loop
 vertex -0.0648125 0.000216506 0.0169957
 vertex -0.0745335 0.000125 -1.70767e-09
 vertex -0.074625 0.000216506 -1.71567e-09
 endloop
endfacet
facet normal 0 0 0
 outer loop
 vertex -0.0647667 0.000125 0.0169165
 vertex -0.06475 -2.18557e-11 0.0168875
 vertex -0.0745 -2.18557e-11 -1.70474e-09
 endloop
endfacet
facet normal 0 0 0
 outer loop
 vertex -0.0647667 0.000125 0.0169165
 vertex -0.0745 -2.18557e-11 -1.70474e-09
 vertex -0.0745335 0.000125 -1.70767e-09
 endloop
endfacet
facet normal 0 0 0
 outer loop
 vertex -0.06475 -2.18557e-11 0.0168875
 vertex -0.0647667 -0.000125 0.0169165
 vertex -0.0745335 -0.000125 -1.70767e-09
 endloop
endfacet
facet normal 0 0 0
 outer loop
 vertex -0.06475 -2.18557e-11 0.0168875
 vertex -0.0745335 -0.000125 -1.70767e-09
 vertex -0.0745 -2.18557e-11 -1.70474e-09
 endloop
endfacet
facet normal 0 0 0
 outer loop
 vertex -0.0647667 -0.000125 0.0169165
 vertex -0.0648125 -0.000216506 0.0169957
 vertex -0.074625 -0.000216506 -1.71567e-09
 endloop
endfacet
facet normal 0 0 0
 outer loop
 vertex -0.0647667 -0.000125 0.0169165
 vertex -0.074625 -0.000216506 -1.71567e-09
 vertex -0.0745335 -0.000125 -1.70767e-09
 endloop
endfacet
facet normal 0 0 0
 outer loop
 vertex -0.0648125 -0.000216506 0.0169957
 vertex -0.064875 -0.00025 0.017104
 vertex -0.07475 -0.00025 -1.7266e-09
 endloop
endfacet
facet normal 0 0 0
 outer loop
 vertex -0.0648125 -0.000216506 0.0169957
 vertex -0.07475 -0.00025 -1.7266e-09
 vertex -0.074625 -0.000216506 -1.71567e-09
 endloop
endfacet
facet normal 0 0 0
 outer loop
 vertex -0.064875 -0.00025 0.017104
 vertex -0.0649375 -0.000216506 0.0172123
 vertex -0.074875 -0.000216506 -1.73753e-09
 endloop
endfacet
facet normal 0 0 0
 outer loop
 vertex -0.064875 -0.00025 0.017104
 vertex -0.074875 -0.000216506 -1.73753e-09
 vertex -0.07475 -0.00025 -1.7266e-09
 endloop
endfacet
facet normal 0 0 0
 outer loop
 vertex -0.0649375 -0.000216506 0.0172123
 vertex -0.0649832 -0.000125 0.0172915
 vertex -0.0749665 -0.000125 -1.74553e-09
 endloop
endfacet
facet normal 0 0 0
 outer loop
 vertex -0.0649375 -0.000216506 0.0172123
 vertex -0.0749665 -0.000125 -1.74553e-09
 vertex -0.074875 -0.000216506 -1.73753e-09
 endloop
endfacet
facet normal 0 0 0
 outer loop
 vertex -0.0649832 -0.000125 0.0172915
 vertex -0.065 4.37113e-11 0.0173205
 vertex -0.075 4.37113e-11 -1.74846e-09
 endloop
endfacet
facet normal 0 0 0
 outer loop
 vertex -0.0649832 -0.000125 0.0172915
 vertex -0.075 4.37113e-11 -1.74846e-09
 vertex -0.0749665 -0.000125 -1.74553e-09
 endloop
endfacet
facet normal 0 0 0
 outer loop
 vertex -0.075 0 -1.74846e-09
 vertex -0.0749665 0.000125 -1.74553e-09
 vertex -0.0649832 0.000125 -0.0172915
 endloop
endfacet
facet normal 0 0 0
 outer loop
 vertex -0.075 0 -1.74846e-09
 vertex -0.0649832 0.000125 -0.0172915
 vertex -0.065 0 -0.0173205
 endloop
endfacet
facet normal 0 0 0
 outer loop
 vertex -0.0749665 0.000125 -1.74553e-09
 vertex -0.074875 0.000216506 -1.73753e-09
 vertex -0.0649375 0.000216506 -0.0172123
 endloop
endfacet
facet normal 0 0 0
 outer loop
 vertex -0.0749665 0.000125 -1.74553e-09
 vertex -0.0649375 0.000216506 -0.0172123
 vertex -0.0649832 0.000125 -0.0172915
 endloop
endfacet
facet normal 0 0 0
 outer loop
 vertex -0.074875 0.000216506 -1.73753e-09
 vertex -0.07475 0.00025 -1.7266e-09
 vertex -0.064875 0.00025 -0.017104
 endloop
endfacet
facet normal 0 0 0
 outer loop
 vertex -0.074875 0.000216506 -1.73753e-09
 vertex -0.064875 0.00025 -0.017104
 vertex -0.0649375 0.000216506 -0.0172123
 endloop
endfacet
facet normal 0 0 0
 outer loop
 vertex -0.07475 0.00025 -1.7266e-09
 vertex -0.074625 0.000216506 -1.71567e-09
 vertex -0.0648125 0.000216506 -0.0169957
 endloop
endfacet
facet normal 0 0 0
 outer loop
 vertex -0.07475 0.00025 -1.7266e-09
 vertex -0.0648125 0.000216506 -0.0169957
 vertex -0.064875 0.00025 -0.017104
 endloop
endfacet
facet normal 0 0 0
 outer loop
 vertex -0.074625 0.000216506 -1.71567e-09
 vertex -0.0745335 0.000125 -1.70767e-09
 vertex -0.0647667 0.000125 -0.0169165
 endloop
endfacet
facet normal 0 0 0
 outer loop
 vertex -0.074625 0.000216506 -1.71567e-09
 vertex -0.0647667 0.000125 -0.0169165
 vertex -0.0648125 0.000216506 -0.0169957
 endloop
endfacet
facet normal 0 0 0
 outer loop
 vertex -0.0745335 0.000125 -1.70767e-09
 vertex -0.0745 -2.18557e-11 -1.70474e-09
 vertex -0.06475 -2.18557e-11 -0.0168875
 endloop
endfacet
facet normal 0 0 0
 outer loop
 vertex -0.0745335 0.000125 -1.70767e-09
 vertex -0.06475 -2.18557e-11 -0.0168875
 vertex -0.0647667 0.000125 -0.0169165
 endloop
endfacet
facet normal 0 0 0
 outer loop
 vertex -0.0745 -2.18557e-11 -1.70474e-09
 vertex -0.0745335 -0.000125 -1.70767e-09
 vertex -0.0647667 -0.000125 -0.0169165
 endloop
endfacet
facet normal 0 0 0
 outer loop
 vertex -0.0745 -2.18557e-11 -1.70474e-09
 vertex -0.0647667 -0.000125 -0.0169165
 vertex -0.06475 -2.18557e-11 -0.0168875
 endloop
endfacet
facet normal 0 0 0
 outer loop
 vertex -0.0745335 -0.000125 -1.70767e-09
 vertex -0.074625 -0.000216506 -1.71567e-09
 vertex -0.0648125 -0.000216506 -0.0169957
 endloop
endfacet
facet normal 0 0 0
 outer loop
 vertex -0.0745335 -0.000125 -1.70767e-09
 vertex -0.0648125 -0.000216506 -0.0169957
 vertex -0.0647667 -0.000125 -0.0169165
 endloop
endfacet
facet normal 0 0 0
 outer loop
 vertex -0.074625 -0.000216506 -1.71567e-09
 vertex -0.07475 -0.00025 -1.7266e-09
 vertex -0.064875 -0.00025 -0.017104
 endloop
endfacet
facet normal 0 0 0
 outer loop
 vertex -0.074625 -0.000216506 -1.71567e-09
 vertex -0.064875 -0.00025 -0.017104
 vertex -0.0648125 -0.000216506 -0.0169957
 endloop
endfacet
facet normal 0 0 0
 outer loop
 vertex -0.07475 -0.00025 -1.7266e-09
 vertex -0.074875 -0.000216506 -1.73753e-09
 vertex -0.0649375 -0.000216506 -0.0172123
 endloop
endfacet
facet normal 0 0 0
 outer loop
 vertex -0.07475 -0.00025 -1.7266e-09
 vertex -0.0649375 -0.000216506 -0.0172123
 vertex -0.064875 -0.00025 -0.017104
 endloop
endfacet
facet normal 0 0 0
 outer loop
 vertex -0.074875 -0.000216506 -1.73753e-09
 vertex -0.0749665 -0.000125 -1.74553e-09
 vertex -0.0649832 -0.000125 -0.0172915
 endloop
endfacet
facet normal 0 0 0
 outer loop
 vertex -0.074875 -0.000216506 -1.73753e-09
 vertex -0.0649832 -0.000125 -0.0172915
 vertex -0.0649375 -0.000216506 -0.0172123
 endloop
endfacet
facet normal 0 0 0
 outer loop
 vertex -0.0749665 -0.000125 -1.74553e-09
 vertex -0.075 4.37113e-11 -1.74846e-09
 vertex -0.065 4.37113e-11 -0.0173205
 endloop
endfacet
facet normal 0 0 0
 outer loop
 vertex -0.0749665 -0.000125 -1.74553e-09
 vertex -0.065 4.37113e-11 -0.0173205
 vertex -0.0649832 -0.000125 -0.0172915
 endloop
endfacet
facet normal 0 0 0
 outer loop
 vertex -0.065 0 -0.0173205
 vertex -0.0649832 0.000125 -0.0172915
 vertex -0.0450167 0.000125 -0.0172915
 endloop
endfacet
facet normal 0 0 0
 outer loop
 vertex -0.065 0 -0.0173205
 vertex -0.0450167 0.000125 -0.0172915
 vertex -0.045 0 -0.0173205
 endloop
endfacet
facet normal 0 0 0
 outer loop
 vertex -0.0649832 0.000125 -0.0172915
 vertex -0.0649375 0.000216506 -0.0172123
 vertex -0.0450625 0.000216506 -0.0172123
 endloop
endfacet
facet normal 0 0 0
 outer loop
 vertex -0.0649832 0.000125 -0.0172915
 vertex -0.0450625 0.000216506 -0.0172123
 vertex -0.0450167 0.000125 -0.0172915
 endloop
endfacet
facet normal 0 0 0
 outer loop
 vertex -0.0649375 0.000216506 -0.0172123
 vertex -0.064875 0.00025 -0.017104
 vertex -0.045125 0.00025 -0.017104
 endloop
endfacet
facet normal 0 0 0
 outer loop
 vertex -0.0649375 0.000216506 -0.0172123
 vertex -0.045125 0.00025 -0.017104
 vertex -0.0450625 0.000216506 -0.0172123
 endloop
endfacet
facet normal 0 0 0
 outer loop
 vertex -0.064875 0.00025 -0.017104
 vertex -0.0648125 0.000216506 -0.0169957
 vertex -0.0451875 0.000216506 -0.0169957
 endloop
endfacet
facet normal 0 0 0
 outer loop
 vertex -0.064875 0.00025 -0.017104
 vertex -0.0451875 0.000216506 -0.0169957
 vertex -0.045125 0.00025 -0.017104
 endloop
endfacet
facet normal 0 0 0
 outer loop
 vertex -0.0648125 0.000216506 -0.0169957
 vertex -0.0647667 0.000125 -0.0169165
 vertex -0.0452332 0.000125 -0.0169165
 endloop
endfacet
facet normal 0 0 0
 outer loop
 vertex -0.0648125 0.000216506 -0.0169957
 vertex -0.0452332 0.000125 -0.0169165
 vertex -0.0451875 0.000216506 -0.0169957
 endloop
endfacet
facet normal 0 0 0
 outer loop
 vertex -0.0647667 0.000125 -0.0169165
 vertex -0.06475 -2.18557e-11 -0.0168875
 vertex -0.04525 -2.18557e-11 -0.0168875
 endloop
endfacet
facet normal 0 0 0
 outer loop
 vertex -0.0647667 0.000125 -0.0169165
 vertex -0.04525 -2.18557e-11 -0.0168875
 vertex -0.0452332 0.000125 -0.0169165
 endloop
endfacet
facet normal 0 0 0
 outer loop
 vertex -0.06475 -2.18557e-11 -0.0168875
 vertex -0.0647667 -0.000125 -0.0169165
 vertex -0.0452332 -0.000125 -0.0169165
 endloop
endfacet
facet normal 0 0 0
 outer loop
 vertex -0.06475 -2.18557e-11 -0.0168875
 vertex -0.0452332 -0.000125 -0.0169165
 vertex -0.04525 -2.18557e-11 -0.0168875
 endloop
endfacet
facet normal 0 0 0
 outer loop
 vertex -0.0647667 -0.000125 -0.0169165
 vertex -0.0648125 -0.000216506 -0.0169957
 vertex -0.0451875 -0.000216506 -0.0169957
 endloop
endfacet
facet normal 0 0 0
 outer loop
 vertex -0.0647667 -0.000125 -0.0169165
 vertex -0.0451875 -0.000216506 -0.0169957
 vertex -0.0452332 -0.000125 -0.0169165
 endloop
endfacet
facet normal 0 0 0
 outer loop
 vertex -0.0648125 -0.000216506 -0.0169957
 vertex -0.064875 -0.00025 -0.017104
 vertex -0.045125 -0.00025 -0.017104
 endloop
endfacet
facet normal 0 0 0
 outer loop
 vertex -0.0648125 -0.000216506 -0.0169957
 vertex -0.045125 -0.00025 -0.017104
 vertex -0.0451875 -0.000216506 -0.0169957
 endloop
endfacet
facet normal 0 0 0
 outer loop
 vertex -0.064875 -0.00025 -0.017104
 vertex -0.0649375 -0.000216506 -0.0172123
 vertex -0.0450625 -0.000216506 -0.0172123
 endloop
endfacet
facet normal 0 0 0
 outer loop
 vertex -0.064875 -0.00025 -0.017104
 vertex -0.0450625 -0.000216506 -0.0172123
 vertex -0.045125 -0.00025 -0.017104
 endloop
endfacet
facet normal 0 0 0
 outer loop
 vertex -0.0649375 -0.000216506 -0.0172123
 vertex -0.0649832 -0.000125 -0.0172915
 vertex -0.0450167 -0.000125 -0.0172915
 endloop
endfacet
facet normal 0 0 0
 outer loop
 vertex -0.0649375 -0.000216506 -0.0172123
 vertex -0.0450167 -0.000125 -0.0172915
 vertex -0.0450625 -0.000216506 -0.0172123
 endloop
endfacet
facet normal 0 0 0
 outer loop
 vertex -0.0649832 -0.000125 -0.0172915
 vertex -0.065 4.37113e-11 -0.0173205
 vertex -0.045 4.37113e-11 -0.0173205
 endloop
endfacet
facet normal 0 0 0
 outer loop
 vertex -0.0649832 -0.000125 -0.0172915
 vertex -0.045 4.37113e-11 -0.0173205
 vertex -0.0450167 -0.000125 -0.0172915
 endloop
endfacet
facet normal 0 0 0
 outer loop
 vertex -0.045 0 -0.0173205
 vertex -0.0450167 0.000125 -0.0172915
 vertex -0.0350335 0.000125 3.49105e-09
 endloop
endfacet
facet normal 0 0 0
 outer loop
 vertex -0.045 0 -0.0173205
 vertex -0.0350335 0.000125 3.49105e-09
 vertex -0.035 0 3.49691e-09
 endloop
endfacet
facet normal 0 0 0
 outer loop
 vertex -0.0450167 0.000125 -0.0172915
 vertex -0.0450625 0.000216506 -0.0172123
 vertex -0.035125 0.000216506 3.47506e-09
 endloop
endfacet
facet normal 0 0 0
 outer loop
 vertex -0.0450167 0.000125 -0.0172915
 vertex -0.035125 0.000216506 3.47506e-09
 vertex -0.0350335 0.000125 3.49105e-09
 endloop
endfacet
facet normal 0 0 0
 outer loop
 vertex -0.0450625 0.000216506 -0.0172123
 vertex -0.045125 0.00025 -0.017104
 vertex -0.03525 0.00025 3.4532e-09
 endloop
endfacet
facet normal 0 0 0
 outer loop
 vertex -0.0450625 0.000216506 -0.0172123
 vertex -0.03525 0.00025 3.4532e-09
 vertex -0.035125 0.000216506 3.47506e-09
 endloop
endfacet
facet normal 0 0 0
 outer loop
 vertex -0.045125 0.00025 -0.017104
 vertex -0.0451875 0.000216506 -0.0169957
 vertex -0.035375 0.000216506 3.43134e-09
 endloop
endfacet
facet normal 0 0 0
 outer loop
 vertex -0.045125 0.00025 -0.017104
 vertex -0.035375 0.000216506 3.43134e-09
 vertex -0.03525 0.00025 3.4532e-09
 endloop
endfacet
facet normal 0 0 0
 outer loop
 vertex -0.0451875 0.000216506 -0.0169957
 vertex -0.0452332 0.000125 -0.0169165
 vertex -0.0354665 0.000125 3.41534e-09
 endloop
endfacet
facet normal 0 0 0
 outer loop
 vertex -0.0451875 0.000216506 -0.0169957
 vertex -0.0354665 0.000125 3.41534e-09
 vertex -0.035375 0.000216506 3.43134e-09
 endloop
endfacet
facet normal 0 0 0
 outer loop
 vertex -0.0452332 0.000125 -0.0169165
 vertex -0.04525 -2.18557e-11 -0.0168875
 vertex -0.0355 -2.18557e-11 3.40949e-09
 endloop
endfacet
facet normal 0 0 0
 outer loop
 vertex -0.0452332 0.000125 -0.0169165
 vertex -0.0355 -2.18557e-11 3.40949e-09
 vertex -0.0354665 0.000125 3.41534e-09
 endloop
endfacet
facet normal 0 0 0
 outer loop
 vertex -0.04525 -2.18557e-11 -0.0168875
 vertex -0.0452332 -0.000125 -0.0169165
 vertex -0.0354665 -0.000125 3.41534e-09
 endloop
endfacet
facet normal 0 0 0
 outer loop
 vertex -0.04525 -2.18557e-11 -0.0168875
 vertex -0.0354665 -0.000125 3.41534e-09
 vertex -0.0355 -2.18557e-11 3.40949e-09
 endloop
endfacet
facet normal 0 0 0
 outer loop
 vertex -0.0452332 -0.000125 -0.0169165
 vertex -0.0451875 -0.000216506 -0.0169957
 vertex -0.035375 -0.000216506 3.43134e-09
 endloop
endfacet
facet normal 0 0 0
 outer loop
 vertex -0.0452332 -0.000125 -0.0169165
 vertex -0.035375 -0.000216506 3.43134e-09
 vertex -0.0354665 -0.000125 3.41534e-09
 endloop
endfacet
facet normal 0 0 0
 outer loop
 vertex -0.0451875 -0.000216506 -0.0169957
 vertex -0.045125 -0.00025 -0.017104
 vertex -0.03525 -0.00025 3.4532e-09
 endloop
endfacet
facet normal 0 0 0
 outer loop
 vertex -0.0451875 -0.000216506 -0.0169957
 vertex -0.03525 -0.00025 3.4532e-09
 vertex -0.035375 -0.000216506 3.43134e-09
 endloop
endfacet
facet normal 0 0 0
 outer loop
 vertex -0.045125 -0.00025 -0.017104
 vertex -0.0450625 -0.000216506 -0.0172123
 vertex -0.035125 -0.000216506 3.47506e-09
 endloop
endfacet
facet normal 0 0 0
 outer loop
 vertex -0.045125 -0.00025 -0.017104
 vertex -0.035125 -0.000216506 3.47506e-09
 vertex -0.03525 -0.00025 3.4532e-09
 endloop
endfacet
facet normal 0 0 0
 outer loop
 vertex -0.0450625 -0.000216506 -0.0172123
 vertex -0.0450167 -0.000125 -0.0172915
 vertex -0.0350335 -0.000125 3.49105e-09
 endloop
endfacet
facet normal 0 0 0
 outer loop
 vertex -0.0450625 -0.000216506 -0.0172123
 vertex -0.0350335 -0.000125 3.49105e-09
 vertex -0.035125 -0.000216506 3.47506e-09
 endloop
endfacet
facet normal 0 0 0
 outer loop
 vertex -0.0450167 -0.000125 -0.0172915
 vertex -0.045 4.37113e-11 -0.0173205
 vertex -0.035 4.37113e-11 3.49691e-09
 endloop
endfacet
facet normal 0 0 0
 outer loop
 vertex -0.0450167 -0.000125 -0.0172915
 vertex -0.035 4.37113e-11 3.49691e-09
 vertex -0.0350335 -0.000125 3.49105e-09
 endloop
endfacet
facet normal 0 0 0
 outer loop
 vertex -0.0183333 0 0
 vertex -0.0183668 0.000125 0
 vertex -0.0283501 0.000125 0.0172915
 endloop
endfacet
facet normal 0 0 0
 outer loop
 vertex -0.0183333 0 0
 vertex -0.0283501 0.000125 0.0172915
 vertex -0.0283333 0 0.0173205
 endloop
endfacet
facet normal 0 0 0
 outer loop
 vertex -0.0183668 0.000125 0
 vertex -0.0184583 0.000216506 0
 vertex -0.0283958 0.000216506 0.0172123
 endloop
endfacet
facet normal 0 0 0
 outer loop
 vertex -0.0183668 0.000125 0
 vertex -0.0283958 0.000216506 0.0172123
 vertex -0.0283501 0.000125 0.0172915
 endloop
endfacet
facet normal 0 0 0
 outer loop
 vertex -0.0184583 0.000216506 0
 vertex -0.0185833 0.00025 0
 vertex -0.0284583 0.00025 0.017104
 endloop
endfacet
facet normal 0 0 0
 outer loop
 vertex -0.0184583 0.000216506 0
 vertex -0.0284583 0.00025 0.017104
 vertex -0.0283958 0.000216506 0.0172123
 endloop
endfacet
facet normal 0 0 0
 outer loop
 vertex -0.0185833 0.00025 0
 vertex -0.0187083 0.000216506 0
 vertex -0.0285208 0.000216506 0.0169957
 endloop
endfacet
facet normal 0 0 0
 outer loop
 vertex -0.0185833 0.00025 0
 vertex -0.0285208 0.000216506 0.0169957
 vertex -0.0284583 0.00025 0.017104
 endloop
endfacet
facet normal 0 0 0
 outer loop
 vertex -0.0187083 0.000216506 0
 vertex -0.0187998 0.000125 0
 vertex -0.0285666 0.000125 0.0169165
 endloop
endfacet
facet normal 0 0 0
 outer loop
 vertex -0.0187083 0.000216506 0
 vertex -0.0285666 0.000125 0.0169165
 vertex -0.0285208 0.000216506 0.0169957
 endloop
endfacet
facet normal 0 0 0
 outer loop
 vertex -0.0187998 0.000125 0
 vertex -0.0188333 -2.18557e-11 0
 vertex -0.0285833 -2.18557e-11 0.0168875
 endloop
endfacet
facet normal 0 0 0
 outer loop
 vertex -0.0187998 0.000125 0
 vertex -0.0285833 -2.18557e-11 0.0168875
 vertex -0.0285666 0.000125 0.0169165
 endloop
endfacet
facet normal 0 0 0
 outer loop
 vertex -0.0188333 -2.18557e-11 0
 vertex -0.0187998 -0.000125 0
 vertex -0.0285666 -0.000125 0.0169165
 endloop
endfacet
facet normal 0 0 0
 outer loop
 vertex -0.0188333 -2.18557e-11 0
 vertex -0.0285666 -0.000125 0.0169165
 vertex -0.0285833 -2.18557e-11 0.0168875
 endloop
endfacet
facet normal 0 0 0
 outer loop
 vertex -0.0187998 -0.000125 0
 vertex -0.0187083 -0.000216506 0
 vertex -0.0285208 -0.000216506 0.0169957
 endloop
endfacet
facet normal 0 0 0
 outer loop
 vertex -0.0187998 -0.000125 0
 vertex -0.0285208 -0.000216506 0.0169957
 vertex -0.0285666 -0.000125 0.0169165
 endloop
endfacet
facet normal 0 0 0
 outer loop
 vertex -0.0187083 -0.000216506 0
 vertex -0.0185833 -0.00025 0
 vertex -0.0284583 -0.00025 0.017104
 endloop
endfacet
facet normal 0 0 0
 outer loop
 vertex -0.0187083 -0.000216506 0
 vertex -0.0284583 -0.00025 0.017104
 vertex -0.0285208 -0.000216506 0.0169957
 endloop
endfacet
facet normal 0 0 0
 outer loop
 vertex -0.0185833 -0.00025 0
 vertex -0.0184583 -0.000216506 0
 vertex -0.0283958 -0.000216506 0.0172123
 endloop
endfacet
facet normal 0 0 0
 outer loop
 vertex -0.0185833 -0.00025 0
 vertex -0.0283958 -0.000216506 0.0172123
 vertex -0.0284583 -0.00025 0.017104
 endloop
endfacet
facet normal 0 0 0
 outer loop
 vertex -0.0184583 -0.000216506 0
 vertex -0.0183668 -0.000125 0
 vertex -0.0283501 -0.000125 0.0172915
 endloop
endfacet
facet normal 0 0 0
 outer loop
 vertex -0.0184583 -0.000216506 0
 vertex -0.0283501 -0.000125 0.0172915
 vertex -0.0283958 -0.000216506 0.0172123
 endloop
endfacet
facet normal 0 0 0
 outer loop
 vertex -0.0183668 -0.000125 0
 vertex -0.0183333 4.37113e-11 0
 vertex -0.0283333 4.37113e-11 0.0173205
 endloop
endfacet
facet normal 0 0 0
 outer loop
 vertex -0.0183668 -0.000125 0
 vertex -0.0283333 4.37113e-11 0.0173205
 vertex -0.0283501 -0.000125 0.0172915
 endloop
endfacet
facet normal 0 0 0
 outer loop
 vertex -0.0283333 0 0.0173205
 vertex -0.0283501 0.000125 0.0172915
 vertex -0.0483166 0.000125 0.0172915
 endloop
endfacet
facet normal 0 0 0
 outer loop
 vertex -0.0283333 0 0.0173205
 vertex -0.0483166 0.000125 0.0172915
 vertex -0.0483333 0 0.0173205
 endloop
endfacet
facet normal 0 0 0
 outer loop
 vertex -0.0283501 0.000125 0.0172915
 vertex -0.0283958 0.000216506 0.0172123
 vertex -0.0482708 0.000216506 0.0172123
 endloop
endfacet
facet normal 0 0 0
 outer loop
 vertex -0.0283501 0.000125 0.0172915
 vertex -0.0482708 0.000216506 0.0172123
 vertex -0.0483166 0.000125 0.0172915
 endloop
endfacet
facet normal 0 0 0
 outer loop
 vertex -0.0283958 0.000216506 0.0172123
 vertex -0.0284583 0.00025 0.017104
 vertex -0.0482083 0.00025 0.017104
 endloop
endfacet
facet normal 0 0 0
 outer loop
 vertex -0.0283958 0.000216506 0.0172123
 vertex -0.0482083 0.00025 0.017104
 vertex -0.0482708 0.000216506 0.0172123
 endloop
endfacet
facet normal 0 0 0
 outer loop
 vertex -0.0284583 0.00025 0.017104
 vertex -0.0285208 0.000216506 0.0169957
 vertex -0.0481458 0.000216506 0.0169957
 endloop
endfacet
facet normal 0 0 0
 outer loop
 vertex -0.0284583 0.00025 0.017104
 vertex -0.0481458 0.000216506 0.0169957
 vertex -0.0482083 0.00025 0.017104
 endloop
endfacet
facet normal 0 0 0
 outer loop
 vertex -0.0285208 0.000216506 0.0169957
 vertex -0.0285666 0.000125 0.0169165
 vertex -0.0481001 0.000125 0.0169165
 endloop
endfacet
facet normal 0 0 0
 outer loop
 vertex -0.0285208 0.000216506 0.0169957
 vertex -0.0481001 0.000125 0.0169165
 vertex -0.0481458 0.000216506 0.0169957
 endloop
endfacet
facet normal 0 0 0
 outer loop
 vertex -0.0285666 0.000125 0.0169165
 vertex -0.0285833 -2.18557e-11 0.0168875
 vertex -0.0480833 -2.18557e-11 0.0168875
 endloop
endfacet
facet normal 0 0 0
 outer loop
 vertex -0.0285666 0.000125 0.0169165
 vertex -0.0480833 -2.18557e-11 0.0168875
 vertex -0.0481001 0.000125 0.0169165
 endloop
endfacet
facet normal 0 0 0
 outer loop
 vertex -0.0285833 -2.18557e-11 0.0168875
 vertex -0.0285666 -0.000125 0.0169165
 vertex -0.0481001 -0.000125 0.0169165
 endloop
endfacet
facet normal 0 0 0
 outer loop
 vertex -0.0285833 -2.18557e-11 0.0168875
 vertex -0.0481001 -0.000125 0.0169165
 vertex -0.0480833 -2.18557e-11 0.0168875
 endloop
endfacet
facet normal 0 0 0
 outer loop
 vertex -0.0285666 -0.000125 0.0169165
 vertex -0.0285208 -0.000216506 0.0169957
 vertex -0.0481458 -0.000216506 0.0169957
 endloop
endfacet
facet normal 0 0 0
 outer loop
 vertex -0.0285666 -0.000125 0.0169165
 vertex -0.0481458 -0.000216506 0.0169957
 vertex -0.0481001 -0.000125 0.0169165
 endloop
endfacet
facet normal 0 0 0
 outer loop
 vertex -0.0285208 -0.000216506 0.0169957
 vertex -0.0284583 -0.00025 0.017104
 vertex -0.0482083 -0.00025 0.017104
 endloop
endfacet
facet normal 0 0 0
 outer loop
 vertex -0.0285208 -0.000216506 0.0169957
 vertex -0.0482083 -0.00025 0.017104
 vertex -0.0481458 -0.000216506 0.0169957
 endloop
endfacet
facet normal 0 0 0
 outer loop
 vertex -0.0284583 -0.00025 0.017104
 vertex -0.0283958 -0.000216506 0.0172123
 vertex -0.0482708 -0.000216506 0.0172123
 endloop
endfacet
facet normal 0 0 0
 outer loop
 vertex -0.0284583 -0.00025 0.017104
 vertex -0.0482708 -0.000216506 0.0172123
 vertex -0.0482083 -0.00025 0.017104
 endloop
endfacet
facet normal 0 0 0
 outer loop
 vertex -0.0283958 -0.000216506 0.0172123
 vertex -0.0283501 -0.000125 0.0172915
 vertex -0.0483166 -0.000125 0.0172915
 endloop
endfacet
facet normal 0 0 0
 outer loop
 vertex -0.0283958 -0.000216506 0.0172123
 vertex -0.0483166 -0.000125 0.0172915
 vertex -0.0482708 -0.000216506 0.0172123
 endloop
endfacet
facet normal 0 0 0
 outer loop
 vertex -0.0283501 -0.000125 0.0172915
 vertex -0.0283333 4.37113e-11 0.0173205
 vertex -0.0483333 4.37113e-11 0.0173205
 endloop
endfacet
facet normal 0 0 0
 outer loop
 vertex -0.0283501 -0.000125 0.0172915
 vertex -0.0483333 4.37113e-11 0.0173205
 vertex -0.0483166 -0.000125 0.0172915
 endloop
endfacet
facet normal 0 0 0
 outer loop
 vertex -0.0483333 0 0.0173205
 vertex -0.0483166 0.000125 0.0172915
 vertex -0.0582998 0.000125 -1.74553e-09
 endloop
endfacet
facet normal 0 0 0
 outer loop
 vertex -0.0483333 0 0.0173205
 vertex -0.0582998 0.000125 -1.74553e-09
 vertex -0.0583333 0 -1.74846e-09
 endloop
endfacet
facet normal 0 0 0
 outer loop
 vertex -0.0483166 0.000125 0.0172915
 vertex -0.0482708 0.000216506 0.0172123
 vertex -0.0582083 0.000216506 -1.73753e-09
 endloop
endfacet
facet normal 0 0 0
 outer loop
 vertex -0.0483166 0.000125 0.0172915
 vertex -0.0582083 0.000216506 -1.73753e-09
 vertex -0.0582998 0.000125 -1.74553e-09
 endloop
endfacet
facet normal 0 0 0
 outer loop
 vertex -0.0482708 0.000216506 0.0172123
 vertex -0.0482083 0.00025 0.017104
 vertex -0.0580833 0.00025 -1.7266e-09
 endloop
endfacet
facet normal 0 0 0
 outer loop
 vertex -0.0482708 0.000216506 0.0172123
 vertex -0.0580833 0.00025 -1.7266e-09
 vertex -0.0582083 0.000216506 -1.73753e-09
 endloop
endfacet
facet normal 0 0 0
 outer loop
 vertex -0.0482083 0.00025 0.017104
 vertex -0.0481458 0.000216506 0.0169957
 vertex -0.0579583 0.000216506 -1.71567e-09
 endloop
endfacet
facet normal 0 0 0
 outer loop
 vertex -0.0482083 0.00025 0.017104
 vertex -0.0579583 0.000216506 -1.71567e-09
 vertex -0.0580833 0.00025 -1.7266e-09
 endloop
endfacet
facet normal 0 0 0
 outer loop
 vertex -0.0481458 0.000216506 0.0169957
 vertex -0.0481001 0.000125 0.0169165
 vertex -0.0578668 0.000125 -1.70767e-09
 endloop
endfacet
facet normal 0 0 0
 outer loop
 vertex -0.0481458 0.000216506 0.0169957
 vertex -0.0578668 0.000125 -1.70767e-09
 vertex -0.0579583 0.000216506 -1.71567e-09
 endloop
endfacet
facet normal 0 0 0
 outer loop
 vertex -0.0481001 0.000125 0.0169165
 vertex -0.0480833 -2.18557e-11 0.0168875
 vertex -0.0578333 -2.18557e-11 -1.70474e-09
 endloop
endfacet
facet normal 0 0 0
 outer loop
 vertex -0.0481001 0.000125 0.0169165
 vertex -0.0578333 -2.18557e-11 -1.70474e-09
 vertex -0.0578668 0.000125 -1.70767e-09
 endloop
endfacet
facet normal 0 0 0
 outer loop
 vertex -0.0480833 -2.18557e-11 0.0168875
 vertex -0.0481001 -0.000125 0.0169165
 vertex -0.0578668 -0.000125 -1.70767e-09
 endloop
endfacet
facet normal 0 0 0
 outer loop
 vertex -0.0480833 -2.18557e-11 0.0168875
 vertex -0.0578668 -0.000125 -1.70767e-09
 vertex -0.0578333 -2.18557e-11 -1.70474e-09
 endloop
endfacet
facet normal 0 0 0
 outer loop
 vertex -0.0481001 -0.000125 0.0169165
 vertex -0.0481458 -0.000216506 0.0169957
 vertex -0.0579583 -0.000216506 -1.71567e-09
 endloop
endfacet
facet normal 0 0 0
 outer loop
 vertex -0.0481001 -0.000125 0.0169165
 vertex -0.0579583 -0.000216506 -1.71567e-09
 vertex -0.0578668 -0.000125 -1.70767e-09
 endloop
endfacet
facet normal 0 0 0
 outer loop
 vertex -0.0481458 -0.000216506 0.0169957
 vertex -0.0482083 -0.00025 0.017104
 vertex -0.0580833 -0.00025 -1.7266e-09
 endloop
endfacet
facet normal 0 0 0
 outer loop
 vertex -0.0481458 -0.000216506 0.0169957
 vertex -0.0580833 -0.00025 -1.7266e-09
 vertex -0.0579583 -0.000216506 -1.71567e-09
 endloop
endfacet
facet normal 0 0 0
 outer loop
 vertex -0.0482083 -0.00025 0.017104
 vertex -0.0482708 -0.000216506 0.0172123
 vertex -0.0582083 -0.000216506 -1.73753e-09
 endloop
endfacet
facet normal 0 0 0
 outer loop
 vertex -0.0482083 -0.00025 0.017104
 vertex -0.0582083 -0.000216506 -1.73753e-09
 vertex -0.0580833 -0.00025 -1.7266e-09
 endloop
endfacet
facet normal 0 0 0
 outer loop
 vertex -0.0482708 -0.000216506 0.0172123
 vertex -0.0483166 -0.000125 0.0172915
 vertex -0.0582998 -0.000125 -1.74553e-09
 endloop
endfacet
facet normal 0 0 0
 outer loop
 vertex -0.0482708 -0.000216506 0.0172123
 vertex -0.0582998 -0.000125 -1.74553e-09
 vertex -0.0582083 -0.000216506 -1.73753e-09
 endloop
endfacet
facet normal 0 0 0
 outer loop
 vertex -0.0483166 -0.000125 0.0172915
 vertex -0.0483333 4.37113e-11 0.0173205
 vertex -0.0583333 4.37113e-11 -1.74846e-09
 endloop
endfacet
facet normal 0 0 0
 outer loop
 vertex -0.0483166 -0.000125 0.0172915
 vertex -0.0583333 4.37113e-11 -1.74846e-09
 vertex -0.0582998 -0.000125 -1.74553e-09
 endloop
endfacet
facet normal 0 0 0
 outer loop
 vertex -0.0583333 0 -1.74846e-09
 vertex -0.0582998 0.000125 -1.74553e-09
 vertex -0.0483166 0.000125 -0.0172915
 endloop
endfacet
facet normal 0 0 0
 outer loop
 vertex -0.0583333 0 -1.74846e-09
 vertex -0.0483166 0.000125 -0.0172915
 vertex -0.0483333 0 -0.0173205
 endloop
endfacet
facet normal 0 0 0
 outer loop
 vertex -0.0582998 0.000125 -1.74553e-09
 vertex -0.0582083 0.000216506 -1.73753e-09
 vertex -0.0482708 0.000216506 -0.0172123
 endloop
endfacet
facet normal 0 0 0
 outer loop
 vertex -0.0582998 0.000125 -1.74553e-09
 vertex -0.0482708 0.000216506 -0.0172123
 vertex -0.0483166 0.000125 -0.0172915
 endloop
endfacet
facet normal 0 0 0
 outer loop
 vertex -0.0582083 0.000216506 -1.73753e-09
 vertex -0.0580833 0.00025 -1.7266e-09
 vertex -0.0482083 0.00025 -0.017104
 endloop
endfacet
facet normal 0 0 0
 outer loop
 vertex -0.0582083 0.000216506 -1.73753e-09
 vertex -0.0482083 0.00025 -0.017104
 vertex -0.0482708 0.000216506 -0.0172123
 endloop
endfacet
facet normal 0 0 0
 outer loop
 vertex -0.0580833 0.00025 -1.7266e-09
 vertex -0.0579583 0.000216506 -1.71567e-09
 vertex -0.0481458 0.000216506 -0.0169957
 endloop
endfacet
facet normal 0 0 0
 outer loop
 vertex -0.0580833 0.00025 -1.7266e-09
 vertex -0.0481458 0.000216506 -0.0169957
 vertex -0.0482083 0.00025 -0.017104
 endloop
endfacet
facet normal 0 0 0
 outer loop
 vertex -0.0579583 0.000216506 -1.71567e-09
 vertex -0.0578668 0.000125 -1.70767e-09
 vertex -0.0481001 0.000125 -0.0169165
 endloop
endfacet
facet normal 0 0 0
 outer loop
 vertex -0.0579583 0.000216506 -1.71567e-09
 vertex -0.0481001 0.000125 -0.0169165
 vertex -0.0481458 0.000216506 -0.0169957
 endloop
endfacet
facet normal 0 0 0
 outer loop
 vertex -0.0578668 0.000125 -1.70767e-09
 vertex -0.0578333 -2.18557e-11 -1.70474e-09
 vertex -0.0480833 -2.18557e-11 -0.0168875
 endloop
endfacet
facet normal 0 0 0
 outer loop
 vertex -0.0578668 0.000125 -1.70767e-09
 vertex -0.0480833 -2.18557e-11 -0.0168875
 vertex -0.0481001 0.000125 -0.0169165
 endloop
endfacet
facet normal 0 0 0
 outer loop
 vertex -0.0578333 -2.18557e-11 -1.70474e-09
 vertex -0.0578668 -0.000125 -1.70767e-09
 vertex -0.0481001 -0.000125 -0.0169165
 endloop
endfacet
facet normal 0 0 0
 outer loop
 vertex -0.0578333 -2.18557e-11 -1.70474e-09
 vertex -0.0481001 -0.000125 -0.0169165
 vertex -0.0480833 -2.18557e-11 -0.0168875
 endloop
endfacet
facet normal 0 0 0
 outer loop
 vertex -0.0578668 -0.000125 -1.70767e-09
 vertex -0.0579583 -0.000216506 -1.71567e-09
 vertex -0.0481458 -0.000216506 -0.0169957
 endloop
endfacet
facet normal 0 0 0
 outer loop
 vertex -0.0578668 -0.000125 -1.70767e-09
 vertex -0.0481458 -0.000216506 -0.0169957
 vertex -0.0481001 -0.000125 -0.0169165
 endloop
endfacet
facet normal 0 0 0
 outer loop
 vertex -0.0579583 -0.000216506 -1.71567e-09
 vertex -0.0580833 -0.00025 -1.7266e-09
 vertex -0.0482083 -0.00025 -0.017104
 endloop
endfacet
facet normal 0 0 0
 outer loop
 vertex -0.0579583 -0.000216506 -1.71567e-09
 vertex -0.0482083 -0.00025 -0.017104
 vertex -0.0481458 -0.000216506 -0.0169957
 endloop
endfacet
facet normal 0 0 0
 outer loop
 vertex -0.0580833 -0.00025 -1.7266e-09
 vertex -0.0582083 -0.000216506 -1.73753e-09
 vertex -0.0482708 -0.000216506 -0.0172123
 endloop
endfacet
facet normal 0 0 0
 outer loop
 vertex -0.0580833 -0.00025 -1.7266e-09
 vertex -0.0482708 -0.000216506 -0.0172123
 vertex -0.0482083 -0.00025 -0.017104
 endloop
endfacet
facet normal 0 0 0
 outer loop
 vertex -0.0582083 -0.000216506 -1.73753e-09
 vertex -0.0582998 -0.000125 -1.74553e-09
 vertex -0.0483166 -0.000125 -0.0172915
 endloop
endfacet
facet normal 0 0 0
 outer loop
 vertex -0.0582083 -0.000216506 -1.73753e-09
 vertex -0.0483166 -0.000125 -0.0172915
 vertex -0.0482708 -0.000216506 -0.0172123
 endloop
endfacet
facet normal 0 0 0
 outer loop
 vertex -0.0582998 -0.000125 -1.74553e-09
 vertex -0.0583333 4.37113e-11 -1.74846e-09
 vertex -0.0483333 4.37113e-11 -0.0173205
 endloop
endfacet
facet normal 0 0 0
 outer loop
 vertex -0.0582998 -0.000125 -1.74553e-09
 vertex -0.0483333 4.37113e-11 -0.0173205
 vertex -0.0483166 -0.000125 -0.0172915
 endloop
endfacet
facet normal 0 0 0
 outer loop
 vertex -0.0483333 0 -0.0173205
 vertex -0.0483166 0.000125 -0.0172915
 vertex -0.0283501 0.000125 -0.0172915
 endloop
endfacet
facet normal 0 0 0
 outer loop
 vertex -0.0483333 0 -0.0173205
 vertex -0.0283501 0.000125 -0.0172915
 vertex -0.0283333 0 -0.0173205
 endloop
endfacet
facet normal 0 0 0
 outer loop
 vertex -0.0483166 0.000125 -0.0172915
 vertex -0.0482708 0.000216506 -0.0172123
 vertex -0.0283958 0.000216506 -0.0172123
 endloop
endfacet
facet normal 0 0 0
 outer loop
 vertex -0.0483166 0.000125 -0.0172915
 vertex -0.0283958 0.000216506 -0.0172123
 vertex -0.0283501 0.000125 -0.0172915
 endloop
endfacet
facet normal 0 0 0
 outer loop
 vertex -0.0482708 0.000216506 -0.0172123
 vertex -0.0482083 0.00025 -0.017104
 vertex -0.0284583 0.00025 -0.017104
 endloop
endfacet
facet normal 0 0 0
 outer loop
 vertex -0.0482708 0.000216506 -0.0172123
 vertex -0.0284583 0.00025 -0.017104
 vertex -0.0283958 0.000216506 -0.0172123
 endloop
endfacet
facet normal 0 0 0
 outer loop
 vertex -0.0482083 0.00025 -0.017104
 vertex -0.0481458 0.000216506 -0.0169957
 vertex -0.0285208 0.000216506 -0.0169957
 endloop
endfacet
facet normal 0 0 0
 outer loop
 vertex -0.0482083 0.00025 -0.017104
 vertex -0.0285208 0.000216506 -0.0169957
 vertex -0.0284583 0.00025 -0.017104
 endloop
endfacet
facet normal 0 0 0
 outer loop
 vertex -0.0481458 0.000216506 -0.0169957
 vertex -0.0481001 0.000125 -0.0169165
 vertex -0.0285666 0.000125 -0.0169165
 endloop
endfacet
facet normal 0 0 0
 outer loop
 vertex -0.0481458 0.000216506 -0.0169957
 vertex -0.0285666 0.000125 -0.0169165
 vertex -0.0285208 0.000216506 -0.0169957
 endloop
endfacet
facet normal 0 0 0
 outer loop
 vertex -0.0481001 0.000125 -0.0169165
 vertex -0.0480833 -2.18557e-11 -0.0168875
 vertex -0.0285833 -2.18557e-11 -0.0168875
 endloop
endfacet
facet normal 0 0 0
 outer loop
 vertex -0.0481001 0.000125 -0.0169165
 vertex -0.0285833 -2.18557e-11 -0.0168875
 vertex -0.0285666 0.000125 -0.0169165
 endloop
endfacet
facet normal 0 0 0
 outer loop
 vertex -0.0480833 -2.18557e-11 -0.0168875
 vertex -0.0481001 -0.000125 -0.0169165
 vertex -0.0285666 -0.000125 -0.0169165
 endloop
endfacet
facet normal 0 0 0
 outer loop
 vertex -0.0480833 -2.18557e-11 -0.0168875
 vertex -0.0285666 -0.000125 -0.0169165
 vertex -0.0285833 -2.18557e-11 -0.0168875
 endloop
endfacet
facet normal 0 0 0
 outer loop
 vertex -0.0481001 -0.000125 -0.0169165
 vertex -0.0481458 -0.000216506 -0.0169957
 vertex -0.0285208 -0.000216506 -0.0169957
 endloop
endfacet
facet normal 0 0 0
 outer loop
 vertex -0.0481001 -0.000125 -0.0169165
 vertex -0.0285208 -0.000216506 -0.0169957
 vertex -0.0285666 -0.000125 -0.0169165
 endloop
endfacet
facet normal 0 0 0
 outer loop
 vertex -0.0481458 -0.000216506 -0.0169957
 vertex -0.0482083 -0.00025 -0.017104
 vertex -0.0284583 -0.00025 -0.017104
 endloop
endfacet
facet normal 0 0 0
 outer loop
 vertex -0.0481458 -0.000216506 -0.0169957
 vertex -0.0284583 -0.00025 -0.017104
 vertex -0.0285208 -0.000216506 -0.0169957
 endloop
endfacet
facet normal 0 0 0
 outer loop
 vertex -0.0482083 -0.00025 -0.017104
 vertex -0.0482708 -0.000216506 -0.0172123
 vertex -0.0283958 -0.000216506 -0.0172123
 endloop
endfacet
facet normal 0 0 0
 outer loop
 vertex -0.0482083 -0.00025 -0.017104
 vertex -0.0283958 -0.000216506 -0.0172123
 vertex -0.0284583 -0.00025 -0.017104
 endloop
endfacet
facet normal 0 0 0
 outer loop
 vertex -0.0482708 -0.000216506 -0.0172123
 vertex -0.0483166 -0.000125 -0.0172915
 vertex -0.0283501 -0.000125 -0.0172915
 endloop
endfacet
facet normal 0 0 0
 outer loop
 vertex -0.0482708 -0.000216506 -0.0172123
 vertex -0.0283501 -0.000125 -0.0172915
 vertex -0.0283958 -0.000216506 -0.0172123
 endloop
endfacet
facet normal 0 0 0
 outer loop
 vertex -0.0483166 -0.000125 -0.0172915
 vertex -0.0483333 4.37113e-11 -0.0173205
 vertex -0.0283333 4.37113e-11 -0.0173205
 endloop
endfacet
facet normal 0 0 0
 outer loop
 vertex -0.0483166 -0.000125 -0.0172915
 vertex -0.0283333 4.37113e-11 -0.0173205
 vertex -0.0283501 -0.000125 -0.0172915
 endloop
endfacet
facet normal 0 0 0
 outer loop
 vertex -0.0283333 0 -0.0173205
 vertex -0.0283501 0.000125 -0.0172915
 vertex -0.0183668 0.000125 3.49105e-09
 endloop
endfacet
facet normal 0 0 0
 outer loop
 vertex -0.0283333 0 -0.0173205
 vertex -0.0183668 0.000125 3.49105e-09
 vertex -0.0183333 0 3.49691e-09
 endloop
endfacet
facet normal 0 0 0
 outer loop
 vertex -0.0283501 0.000125 -0.0172915
 vertex -0.0283958 0.000216506 -0.0172123
 vertex -0.0184583 0.000216506 3.47506e-09
 endloop
endfacet
facet normal 0 0 0
 outer loop
 vertex -0.0283501 0.000125 -0.0172915
 vertex -0.0184583 0.000216506 3.47506e-09
 vertex -0.0183668 0.000125 3.49105e-09
 endloop
endfacet
facet normal 0 0 0
 outer loop
 vertex -0.0283958 0.000216506 -0.0172123
 vertex -0.0284583 0.00025 -0.017104
 vertex -0.0185833 0.00025 3.4532e-09
 endloop
endfacet
facet normal 0 0 0
 outer loop
 vertex -0.0283958 0.000216506 -0.0172123
 vertex -0.0185833 0.00025 3.4532e-09
 vertex -0.0184583 0.000216506 3.47506e-09
 endloop
endfacet
facet normal 0 0 0
 outer loop
 vertex -0.0284583 0.00025 -0.017104
 vertex -0.0285208 0.000216506 -0.0169957
 vertex -0.0187083 0.000216506 3.43134e-09
 endloop
endfacet
facet normal 0 0 0
 outer loop
 vertex -0.0284583 0.00025 -0.017104
 vertex -0.0187083 0.000216506 3.43134e-09
 vertex -0.0185833 0.00025 3.4532e-09
 endloop
endfacet
facet normal 0 0 0
 outer loop
 vertex -0.0285208 0.000216506 -0.0169957
 vertex -0.0285666 0.000125 -0.0169165
 vertex -0.0187998 0.000125 3.41534e-09
 endloop
endfacet
facet normal 0 0 0
 outer loop
 vertex -0.0285208 0.000216506 -0.0169957
 vertex -0.0187998 0.000125 3.41534e-09
 vertex -0.0187083 0.000216506 3.43134e-09
 endloop
endfacet
facet normal 0 0 0
 outer loop
 vertex -0.0285666 0.000125 -0.0169165
 vertex -0.0285833 -2.18557e-11 -0.0168875
 vertex -0.0188333 -2.18557e-11 3.40949e-09
 endloop
endfacet
facet normal 0 0 0
 outer loop
 vertex -0.0285666 0.000125 -0.0169165
 vertex -0.0188333 -2.18557e-11 3.40949e-09
 vertex -0.0187998 0.000125 3.41534e-09
 endloop
endfacet
facet normal 0 0 0
 outer loop
 vertex -0.0285833 -2.18557e-11 -0.0168875
 vertex -0.0285666 -0.000125 -0.0169165
 vertex -0.0187998 -0.000125 3.41534e-09
 endloop
endfacet
facet normal 0 0 0
 outer loop
 vertex -0.0285833 -2.18557e-11 -0.0168875
 vertex -0.0187998 -0.000125 3.41534e-09
 vertex -0.0188333 -2.18557e-11 3.40949e-09
 endloop
endfacet
facet normal 0 0 0
 outer loop
 vertex -0.0285666 -0.000125 -0.0169165
 vertex -0.0285208 -0.000216506 -0.0169957
 vertex -0.0187083 -0.000216506 3.43134e-09
 endloop
endfacet
facet normal 0 0 0
 outer loop
 vertex -0.0285666 -0.000125 -0.0169165
 vertex -0.0187083 -0.000216506 3.43134e-09
 vertex -0.0187998 -0.000125 3.41534e-09
 endloop
endfacet
facet normal 0 0 0
 outer loop
 vertex -0.0285208 -0.000216506 -0.0169957
 vertex -0.0284583 -0.00025 -0.017104
 vertex -0.0185833 -0.00025 3.4532e-09
 endloop
endfacet
facet normal 0 0 0
 outer loop
 vertex -0.0285208 -0.000216506 -0.0169957
 vertex -0.0185833 -0.00025 3.4532e-09
 vertex -0.0187083 -0.000216506 3.43134e-09
 endloop
endfacet
facet normal 0 0 0
 outer loop
 vertex -0.0284583 -0.00025 -0.017104
 vertex -0.0283958 -0.000216506 -0.0172123
 vertex -0.0184583 -0.000216506 3.47506e-09
 endloop
endfacet
facet normal 0 0 0
 outer loop
 vertex -0.0284583 -0.00025 -0.017104
 vertex -0.0184583 -0.000216506 3.47506e-09
 vertex -0.0185833 -0.00025 3.4532e-09
 endloop
endfacet
facet normal 0 0 0
 outer loop
 vertex -0.0283958 -0.000216506 -0.0172123
 vertex -0.0283501 -0.000125 -0.0172915
 vertex -0.0183668 -0.000125 3.49105e-09
 endloop
endfacet
facet normal 0 0 0
 outer loop
 vertex -0.0283958 -0.000216506 -0.0172123
 vertex -0.0183668 -0.000125 3.49105e-09
 vertex -0.0184583 -0.000216506 3.47506e-09
 endloop
endfacet
facet normal 0 0 0
 outer loop
 vertex -0.0283501 -0.000125 -0.0172915
 vertex -0.0283333 4.37113e-11 -0.0173205
 vertex -0.0183333 4.37113e-11 3.49691e-09
 endloop
endfacet
facet normal 0 0 0
 outer loop
 vertex -0.0283501 -0.000125 -0.0172915
 vertex -0.0183333 4.37113e-11 3.49691e-09
 vertex -0.0183668 -0.000125 3.49105e-09
 endloop
endfacet
facet normal 0 0 0
 outer loop
 vertex -0.228333 0 0.019575
 vertex -0.228333 0.00506638 0.018908
 vertex -0.0316667 0.00506638 0.018908
 endloop
endfacet
facet normal 0 0 0
 outer loop
 vertex -0.228333 0 0.019575
 vertex -0.0316667 0.00506638 0.018908
 vertex -0.0316667 0 0.019575
 endloop
endfacet
facet normal 0 0 0
 outer loop
 vertex -0.0316667 0 0.0195
 vertex -0.0316667 0.00504697 0.0188356
 vertex -0.228333 0.00504697 0.0188356
 endloop
endfacet
facet normal 0 0 0
 outer loop
 vertex -0.0316667 0 0.0195
 vertex -0.228333 0.00504697 0.0188356
 vertex -0.228333 0 0.0195
 endloop
endfacet
facet normal 0 0 0
 outer loop
 vertex -0.228333 0.00506638 0.018908
 vertex -0.228333 0.0097875 0.0169524
 vertex -0.0316667 0.0097875 0.0169524
 endloop
endfacet
facet normal 0 0 0
 outer loop
 vertex -0.228333 0.00506638 0.018908
 vertex -0.0316667 0.0097875 0.0169524
 vertex -0.0316667 0.00506638 0.018908
 endloop
endfacet
facet normal 0 0 0
 outer loop
 vertex -0.0316667 0.00504697 0.0188356
 vertex -0.0316667 0.00975 0.0168875
 vertex -0.228333 0.00975 0.0168875
 endloop
endfacet
facet normal 0 0 0
 outer loop
 vertex -0.0316667 0.00504697 0.0188356
 vertex -0.228333 0.00975 0.0168875
 vertex -0.228333 0.00504697 0.0188356
 endloop
endfacet
facet normal 0 0 0
 outer loop
 vertex -0.228333 0.0097875 0.0169524
 vertex -0.228333 0.0138416 0.0138416
 vertex -0.0316667 0.0138416 0.0138416
 endloop
endfacet
facet normal 0 0 0
 outer loop
 vertex -0.228333 0.0097875 0.0169524
 vertex -0.0316667 0.0138416 0.0138416
 vertex -0.0316667 0.0097875 0.0169524
 endloop
endfacet
facet normal 0 0 0
 outer loop
 vertex -0.0316667 0.00975 0.0168875
 vertex -0.0316667 0.0137886 0.0137886
 vertex -0.228333 0.0137886 0.0137886
 endloop
endfacet
facet normal 0 0 0
 outer loop
 vertex -0.0316667 0.00975 0.0168875
 vertex -0.228333 0.0137886 0.0137886
 vertex -0.228333 0.00975 0.0168875
 endloop
endfacet
facet normal 0 0 0
 outer loop
 vertex -0.228333 0.0138416 0.0138416
 vertex -0.228333 0.0169524 0.0097875
 vertex -0.0316667 0.0169524 0.0097875
 endloop
endfacet
facet normal 0 0 0
 outer loop
 vertex -0.228333 0.0138416 0.0138416
 vertex -0.0316667 0.0169524 0.0097875
 vertex -0.0316667 0.0138416 0.0138416
 endloop
endfacet
facet normal 0 0 0
 outer loop
 vertex -0.0316667 0.0137886 0.0137886
 vertex -0.0316667 0.0168875 0.00975
 vertex -0.228333 0.0168875 0.00975
 endloop
endfacet
facet normal 0 0 0
 outer loop
 vertex -0.0316667 0.0137886 0.0137886
 vertex -0.228333 0.0168875 0.00975
 vertex -0.228333 0.0137886 0.0137886
 endloop
endfacet
facet normal 0 0 0
 outer loop
 vertex -0.228333 0.0169524 0.0097875
 vertex -0.228333 0.018908 0.00506638
 vertex -0.0316667 0.018908 0.00506638
 endloop
endfacet
facet normal 0 0 0
 outer loop
 vertex -0.228333 0.0169524 0.0097875
 vertex -0.0316667 0.018908 0.00506638
 vertex -0.0316667 0.0169524 0.0097875
 endloop
endfacet
facet normal 0 0 0
 outer loop
 vertex -0.0316667 0.0168875 0.00975
 vertex -0.0316667 0.0188356 0.00504697
 vertex -0.228333 0.0188356 0.00504697
 endloop
endfacet
facet normal 0 0 0
 outer loop
 vertex -0.0316667 0.0168875 0.00975
 vertex -0.228333 0.0188356 0.00504697
 vertex -0.228333 0.0168875 0.00975
 endloop
endfacet
facet normal 0 0 0
 outer loop
 vertex -0.228333 0.018908 0.00506638
 vertex -0.228333 0.019575 -8.5565e-10
 vertex -0.0316667 0.019575 -8.5565e-10
 endloop
endfacet
facet normal 0 0 0
 outer loop
 vertex -0.228333 0.018908 0.00506638
 vertex -0.0316667 0.019575 -8.5565e-10
 vertex -0.0316667 0.018908 0.00506638
 endloop
endfacet
facet normal 0 0 0
 outer loop
 vertex -0.0316667 0.0188356 0.00504697
 vertex -0.0316667 0.0195 -8.52372e-10
 vertex -0.228333 0.0195 -8.52372e-10
 endloop
endfacet
facet normal 0 0 0
 outer loop
 vertex -0.0316667 0.0188356 0.00504697
 vertex -0.228333 0.0195 -8.52372e-10
 vertex -0.228333 0.0188356 0.00504697
 endloop
endfacet
facet normal 0 0 0
 outer loop
 vertex -0.228333 0.019575 -8.5565e-10
 vertex -0.228333 0.018908 -0.00506638
 vertex -0.0316667 0.018908 -0.00506638
 endloop
endfacet
facet normal 0 0 0
 outer loop
 vertex -0.228333 0.019575 -8.5565e-10
 vertex -0.0316667 0.018908 -0.00506638
 vertex -0.0316667 0.019575 -8.5565e-10
 endloop
endfacet
facet normal 0 0 0
 outer loop
 vertex -0.0316667 0.0195 -8.52372e-10
 vertex -0.0316667 0.0188356 -0.00504697
 vertex -0.228333 0.0188356 -0.00504697
 endloop
endfacet
facet normal 0 0 0
 outer loop
 vertex -0.0316667 0.0195 -8.52372e-10
 vertex -0.228333 0.0188356 -0.00504697
 vertex -0.228333 0.0195 -8.52372e-10
 endloop
endfacet
facet normal 0 0 0
 outer loop
 vertex -0.228333 0.018908 -0.00506638
 vertex -0.228333 0.0169524 -0.0097875
 vertex -0.0316667 0.0169524 -0.0097875
 endloop
endfacet
facet normal 0 0 0
 outer loop
 vertex -0.228333 0.018908 -0.00506638
 vertex -0.0316667 0.0169524 -0.0097875
 vertex -0.0316667 0.018908 -0.00506638
 endloop
endfacet
facet normal 0 0 0
 outer loop
 vertex -0.0316667 0.0188356 -0.00504697
 vertex -0.0316667 0.0168875 -0.00975
 vertex -0.228333 0.0168875 -0.00975
 endloop
endfacet
facet normal 0 0 0
 outer loop
 vertex -0.0316667 0.0188356 -0.00504697
 vertex -0.228333 0.0168875 -0.00975
 vertex -0.228333 0.0188356 -0.00504697
 endloop
endfacet
facet normal 0 0 0
 outer loop
 vertex -0.228333 0.0169524 -0.0097875
 vertex -0.228333 0.0138416 -0.0138416
 vertex -0.0316667 0.0138416 -0.0138416
 endloop
endfacet
facet normal 0 0 0
 outer loop
 vertex -0.228333 0.0169524 -0.0097875
 vertex -0.0316667 0.0138416 -0.0138416
 vertex -0.0316667 0.0169524 -0.0097875
 endloop
endfacet
facet normal 0 0 0
 outer loop
 vertex -0.0316667 0.0168875 -0.00975
 vertex -0.0316667 0.0137886 -0.0137886
 vertex -0.228333 0.0137886 -0.0137886
 endloop
endfacet
facet normal 0 0 0
 outer loop
 vertex -0.0316667 0.0168875 -0.00975
 vertex -0.228333 0.0137886 -0.0137886
 vertex -0.228333 0.0168875 -0.00975
 endloop
endfacet
facet normal 0 0 0
 outer loop
 vertex -0.228333 0.0138416 -0.0138416
 vertex -0.228333 0.0097875 -0.0169524
 vertex -0.0316667 0.0097875 -0.0169524
 endloop
endfacet
facet normal 0 0 0
 outer loop
 vertex -0.228333 0.0138416 -0.0138416
 vertex -0.0316667 0.0097875 -0.0169524
 vertex -0.0316667 0.0138416 -0.0138416
 endloop
endfacet
facet normal 0 0 0
 outer loop
 vertex -0.0316667 0.0137886 -0.0137886
 vertex -0.0316667 0.00975 -0.0168875
 vertex -0.228333 0.00975 -0.0168875
 endloop
endfacet
facet normal 0 0 0
 outer loop
 vertex -0.0316667 0.0137886 -0.0137886
 vertex -0.228333 0.00975 -0.0168875
 vertex -0.228333 0.0137886 -0.0137886
 endloop
endfacet
facet normal 0 0 0
 outer loop
 vertex -0.228333 0.0097875 -0.0169524
 vertex -0.228333 0.00506638 -0.018908
 vertex -0.0316667 0.00506638 -0.018908
 endloop
endfacet
facet normal 0 0 0
 outer loop
 vertex -0.228333 0.0097875 -0.0169524
 vertex -0.0316667 0.00506638 -0.018908
 vertex -0.0316667 0.0097875 -0.0169524
 endloop
endfacet
facet normal 0 0 0
 outer loop
 vertex -0.0316667 0.00975 -0.0168875
 vertex -0.0316667 0.00504697 -0.0188356
 vertex -0.228333 0.00504697 -0.0188356
 endloop
endfacet
facet normal 0 0 0
 outer loop
 vertex -0.0316667 0.00975 -0.0168875
 vertex -0.228333 0.00504697 -0.0188356
 vertex -0.228333 0.00975 -0.0168875
 endloop
endfacet
facet normal 0 0 0
 outer loop
 vertex -0.228333 0.00506638 -0.018908
 vertex -0.228333 -1.7113e-09 -0.019575
 vertex -0.0316667 -1.7113e-09 -0.019575
 endloop
endfacet
facet normal 0 0 0
 outer loop
 vertex -0.228333 0.00506638 -0.018908
 vertex -0.0316667 -1.7113e-09 -0.019575
 vertex -0.0316667 0.00506638 -0.018908
 endloop
endfacet
facet normal 0 0 0
 outer loop
 vertex -0.0316667 0.00504697 -0.0188356
 vertex -0.0316667 -1.70474e-09 -0.0195
 vertex -0.228333 -1.70474e-09 -0.0195
 endloop
endfacet
facet normal 0 0 0
 outer loop
 vertex -0.0316667 0.00504697 -0.0188356
 vertex -0.228333 -1.70474e-09 -0.0195
 vertex -0.228333 0.00504697 -0.0188356
 endloop
endfacet
facet normal 0 0 0
 outer loop
 vertex -0.228333 -1.7113e-09 -0.019575
 vertex -0.228333 -0.00506638 -0.018908
 vertex -0.0316667 -0.00506638 -0.018908
 endloop
endfacet
facet normal 0 0 0
 outer loop
 vertex -0.228333 -1.7113e-09 -0.019575
 vertex -0.0316667 -0.00506638 -0.018908
 vertex -0.0316667 -1.7113e-09 -0.019575
 endloop
endfacet
facet normal 0 0 0
 outer loop
 vertex -0.0316667 -1.70474e-09 -0.0195
 vertex -0.0316667 -0.00504697 -0.0188356
 vertex -0.228333 -0.00504697 -0.0188356
 endloop
endfacet
facet normal 0 0 0
 outer loop
 vertex -0.0316667 -1.70474e-09 -0.0195
 vertex -0.228333 -0.00504697 -0.0188356
 vertex -0.228333 -1.70474e-09 -0.0195
 endloop
endfacet
facet normal 0 0 0
 outer loop
 vertex -0.228333 -0.00506638 -0.018908
 vertex -0.228333 -0.0097875 -0.0169524
 vertex -0.0316667 -0.0097875 -0.0169524
 endloop
endfacet
facet normal 0 0 0
 outer loop
 vertex -0.228333 -0.00506638 -0.018908
 vertex -0.0316667 -0.0097875 -0.0169524
 vertex -0.0316667 -0.00506638 -0.018908
 endloop
endfacet
facet normal 0 0 0
 outer loop
 vertex -0.0316667 -0.00504697 -0.0188356
 vertex -0.0316667 -0.00975 -0.0168875
 vertex -0.228333 -0.00975 -0.0168875
 endloop
endfacet
facet normal 0 0 0
 outer loop
 vertex -0.0316667 -0.00504697 -0.0188356
 vertex -0.228333 -0.00975 -0.0168875
 vertex -0.228333 -0.00504697 -0.0188356
 endloop
endfacet
facet normal 0 0 0
 outer loop
 vertex -0.228333 -0.0097875 -0.0169524
 vertex -0.228333 -0.0138416 -0.0138416
 vertex -0.0316667 -0.0138416 -0.0138416
 endloop
endfacet
facet normal 0 0 0
 outer loop
 vertex -0.228333 -0.0097875 -0.0169524
 vertex -0.0316667 -0.0138416 -0.0138416
 vertex -0.0316667 -0.0097875 -0.0169524
 endloop
endfacet
facet normal 0 0 0
 outer loop
 vertex -0.0316667 -0.00975 -0.0168875
 vertex -0.0316667 -0.0137886 -0.0137886
 vertex -0.228333 -0.0137886 -0.0137886
 endloop
endfacet
facet normal 0 0 0
 outer loop
 vertex -0.0316667 -0.00975 -0.0168875
 vertex -0.228333 -0.0137886 -0.0137886
 vertex -0.228333 -0.00975 -0.0168875
 endloop
endfacet
facet normal 0 0 0
 outer loop
 vertex -0.228333 -0.0138416 -0.0138416
 vertex -0.228333 -0.0169524 -0.0097875
 vertex -0.0316667 -0.0169524 -0.0097875
 endloop
endfacet
facet normal 0 0 0
 outer loop
 vertex -0.228333 -0.0138416 -0.0138416
 vertex -0.0316667 -0.0169524 -0.0097875
 vertex -0.0316667 -0.0138416 -0.0138416
 endloop
endfacet
facet normal 0 0 0
 outer loop
 vertex -0.0316667 -0.0137886 -0.0137886
 vertex -0.0316667 -0.0168875 -0.00975
 vertex -0.228333 -0.0168875 -0.00975
 endloop
endfacet
facet normal 0 0 0
 outer loop
 vertex -0.0316667 -0.0137886 -0.0137886
 vertex -0.228333 -0.0168875 -0.00975
 vertex -0.228333 -0.0137886 -0.0137886
 endloop
endfacet
facet normal 0 0 0
 outer loop
 vertex -0.228333 -0.0169524 -0.0097875
 vertex -0.228333 -0.018908 -0.00506638
 vertex -0.0316667 -0.018908 -0.00506638
 endloop
endfacet
facet normal 0 0 0
 outer loop
 vertex -0.228333 -0.0169524 -0.0097875
 vertex -0.0316667 -0.018908 -0.00506638
 vertex -0.0316667 -0.0169524 -0.0097875
 endloop
endfacet
facet normal 0 0 0
 outer loop
 vertex -0.0316667 -0.0168875 -0.00975
 vertex -0.0316667 -0.0188356 -0.00504697
 vertex -0.228333 -0.0188356 -0.00504697
 endloop
endfacet
facet normal 0 0 0
 outer loop
 vertex -0.0316667 -0.0168875 -0.00975
 vertex -0.228333 -0.0188356 -0.00504697
 vertex -0.228333 -0.0168875 -0.00975
 endloop
endfacet
facet normal 0 0 0
 outer loop
 vertex -0.228333 -0.018908 -0.00506638
 vertex -0.228333 -0.019575 2.3343e-10
 vertex -0.0316667 -0.019575 2.3343e-10
 endloop
endfacet
facet normal 0 0 0
 outer loop
 vertex -0.228333 -0.018908 -0.00506638
 vertex -0.0316667 -0.019575 2.3343e-10
 vertex -0.0316667 -0.018908 -0.00506638
 endloop
endfacet
facet normal 0 0 0
 outer loop
 vertex -0.0316667 -0.0188356 -0.00504697
 vertex -0.0316667 -0.0195 2.32535e-10
 vertex -0.228333 -0.0195 2.32535e-10
 endloop
endfacet
facet normal 0 0 0
 outer loop
 vertex -0.0316667 -0.0188356 -0.00504697
 vertex -0.228333 -0.0195 2.32535e-10
 vertex -0.228333 -0.0188356 -0.00504697
 endloop
endfacet
facet normal 0 0 0
 outer loop
 vertex -0.228333 -0.019575 2.3343e-10
 vertex -0.228333 -0.018908 0.00506638
 vertex -0.0316667 -0.018908 0.00506638
 endloop
endfacet
facet normal 0 0 0
 outer loop
 vertex -0.228333 -0.019575 2.3343e-10
 vertex -0.0316667 -0.018908 0.00506638
 vertex -0.0316667 -0.019575 2.3343e-10
 endloop
endfacet
facet normal 0 0 0
 outer loop
 vertex -0.0316667 -0.0195 2.32535e-10
 vertex -0.0316667 -0.0188356 0.00504697
 vertex -0.228333 -0.0188356 0.00504697
 endloop
endfacet
facet normal 0 0 0
 outer loop
 vertex -0.0316667 -0.0195 2.32535e-10
 vertex -0.228333 -0.0188356 0.00504697
 vertex -0.228333 -0.0195 2.32535e-10
 endloop
endfacet
facet normal 0 0 0
 outer loop
 vertex -0.228333 -0.018908 0.00506638
 vertex -0.228333 -0.0169524 0.0097875
 vertex -0.0316667 -0.0169524 0.0097875
 endloop
endfacet
facet normal 0 0 0
 outer loop
 vertex -0.228333 -0.018908 0.00506638
 vertex -0.0316667 -0.0169524 0.0097875
 vertex -0.0316667 -0.018908 0.00506638
 endloop
endfacet
facet normal 0 0 0
 outer loop
 vertex -0.0316667 -0.0188356 0.00504697
 vertex -0.0316667 -0.0168875 0.00975
 vertex -0.228333 -0.0168875 0.00975
 endloop
endfacet
facet normal 0 0 0
 outer loop
 vertex -0.0316667 -0.0188356 0.00504697
 vertex -0.228333 -0.0168875 0.00975
 vertex -0.228333 -0.0188356 0.00504697
 endloop
endfacet
facet normal 0 0 0
 outer loop
 vertex -0.228333 -0.0169524 0.0097875
 vertex -0.228333 -0.0138416 0.0138416
 vertex -0.0316667 -0.0138416 0.0138416
 endloop
endfacet
facet normal 0 0 0
 outer loop
 vertex -0.228333 -0.0169524 0.0097875
 vertex -0.0316667 -0.0138416 0.0138416
 vertex -0.0316667 -0.0169524 0.0097875
 endloop
endfacet
facet normal 0 0 0
 outer loop
 vertex -0.0316667 -0.0168875 0.00975
 vertex -0.0316667 -0.0137886 0.0137886
 vertex -0.228333 -0.0137886 0.0137886
 endloop
endfacet
facet normal 0 0 0
 outer loop
 vertex -0.0316667 -0.0168875 0.00975
 vertex -0.228333 -0.0137886 0.0137886
 vertex -0.228333 -0.0168875 0.00975
 endloop
endfacet
facet normal 0 0 0
 outer loop
 vertex -0.228333 -0.0138416 0.0138416
 vertex -0.228333 -0.0097875 0.0169524
 vertex -0.0316667 -0.0097875 0.0169524
 endloop
endfacet
facet normal 0 0 0
 outer loop
 vertex -0.228333 -0.0138416 0.0138416
 vertex -0.0316667 -0.0097875 0.0169524
 vertex -0.0316667 -0.0138416 0.0138416
 endloop
endfacet
facet normal 0 0 0
 outer loop
 vertex -0.0316667 -0.0137886 0.0137886
 vertex -0.0316667 -0.00975 0.0168875
 vertex -0.228333 -0.00975 0.0168875
 endloop
endfacet
facet normal 0 0 0
 outer loop
 vertex -0.0316667 -0.0137886 0.0137886
 vertex -0.228333 -0.00975 0.0168875
 vertex -0.228333 -0.0137886 0.0137886
 endloop
endfacet
facet normal 0 0 0
 outer loop
 vertex -0.228333 -0.0097875 0.0169524
 vertex -0.228333 -0.00506638 0.018908
 vertex -0.0316667 -0.00506638 0.018908
 endloop
endfacet
facet normal 0 0 0
 outer loop
 vertex -0.228333 -0.0097875 0.0169524
 vertex -0.0316667 -0.00506638 0.018908
 vertex -0.0316667 -0.0097875 0.0169524
 endloop
endfacet
facet normal 0 0 0
 outer loop
 vertex -0.0316667 -0.00975 0.0168875
 vertex -0.0316667 -0.00504697 0.0188356
 vertex -0.228333 -0.00504697 0.0188356
 endloop
endfacet
facet normal 0 0 0
 outer loop
 vertex -0.0316667 -0.00975 0.0168875
 vertex -0.228333 -0.00504697 0.0188356
 vertex -0.228333 -0.00975 0.0168875
 endloop
endfacet
facet normal 0 0 0
 outer loop
 vertex -0.228333 -0.00506638 0.018908
 vertex -0.228333 3.4226e-09 0.019575
 vertex -0.0316667 3.4226e-09 0.019575
 endloop
endfacet
facet normal 0 0 0
 outer loop
 vertex -0.228333 -0.00506638 0.018908
 vertex -0.0316667 3.4226e-09 0.019575
 vertex -0.0316667 -0.00506638 0.018908
 endloop
endfacet
facet normal 0 0 0
 outer loop
 vertex -0.0316667 -0.00504697 0.0188356
 vertex -0.0316667 3.40949e-09 0.0195
 vertex -0.228333 3.40949e-09 0.0195
 endloop
endfacet
facet normal 0 0 0
 outer loop
 vertex -0.0316667 -0.00504697 0.0188356
 vertex -0.228333 3.40949e-09 0.0195
 vertex -0.228333 -0.00504697 0.0188356
 endloop
endfacet
facet normal 0 0 0
 outer loop
 vertex -0.228333 0 0.0195
 vertex -0.228333 0.00504697 0.0188356
 vertex -0.228333 0.00506638 0.018908
 endloop
endfacet
facet normal 0 0 0
 outer loop
 vertex -0.228333 0 0.0195
 vertex -0.228333 0.00506638 0.018908
 vertex -0.228333 0 0.019575
 endloop
endfacet
facet normal 0 0 0
 outer loop
 vertex -0.0316667 0 0.0195
 vertex -0.0316667 0 0.019575
 vertex -0.0316667 0.00506638 0.018908
 endloop
endfacet
facet normal 0 0 0
 outer loop
 vertex -0.0316667 0 0.0195
 vertex -0.0316667 0.00506638 0.018908
 vertex -0.0316667 0.00504697 0.0188356
 endloop
endfacet
facet normal 0 0 0
 outer loop
 vertex -0.228333 0.00504697 0.0188356
 vertex -0.228333 0.00975 0.0168875
 vertex -0.228333 0.0097875 0.0169524
 endloop
endfacet
facet normal 0 0 0
 outer loop
 vertex -0.228333 0.00504697 0.0188356
 vertex -0.228333 0.0097875 0.0169524
 vertex -0.228333 0.00506638 0.018908
 endloop
endfacet
facet normal 0 0 0
 outer loop
 vertex -0.0316667 0.00504697 0.0188356
 vertex -0.0316667 0.00506638 0.018908
 vertex -0.0316667 0.0097875 0.0169524
 endloop
endfacet
facet normal 0 0 0
 outer loop
 vertex -0.0316667 0.00504697 0.0188356
 vertex -0.0316667 0.0097875 0.0169524
 vertex -0.0316667 0.00975 0.0168875
 endloop
endfacet
facet normal 0 0 0
 outer loop
 vertex -0.228333 0.00975 0.0168875
 vertex -0.228333 0.0137886 0.0137886
 vertex -0.228333 0.0138416 0.0138416
 endloop
endfacet
facet normal 0 0 0
 outer loop
 vertex -0.228333 0.00975 0.0168875
 vertex -0.228333 0.0138416 0.0138416
 vertex -0.228333 0.0097875 0.0169524
 endloop
endfacet
facet normal 0 0 0
 outer loop
 vertex -0.0316667 0.00975 0.0168875
 vertex -0.0316667 0.0097875 0.0169524
 vertex -0.0316667 0.0138416 0.0138416
 endloop
endfacet
facet normal 0 0 0
 outer loop
 vertex -0.0316667 0.00975 0.0168875
 vertex -0.0316667 0.0138416 0.0138416
 vertex -0.0316667 0.0137886 0.0137886
 endloop
endfacet
facet normal 0 0 0
 outer loop
 vertex -0.228333 0.0137886 0.0137886
 vertex -0.228333 0.0168875 0.00975
 vertex -0.228333 0.0169524 0.0097875
 endloop
endfacet
facet normal 0 0 0
 outer loop
 vertex -0.228333 0.0137886 0.0137886
 vertex -0.228333 0.0169524 0.0097875
 vertex -0.228333 0.0138416 0.0138416
 endloop
endfacet
facet normal 0 0 0
 outer loop
 vertex -0.0316667 0.0137886 0.0137886
 vertex -0.0316667 0.0138416 0.0138416
 vertex -0.0316667 0.0169524 0.0097875
 endloop
endfacet
facet normal 0 0 0
 outer loop
 vertex -0.0316667 0.0137886 0.0137886
 vertex -0.0316667 0.0169524 0.0097875
 vertex -0.0316667 0.0168875 0.00975
 endloop
endfacet
facet normal 0 0 0
 outer loop
 vertex -0.228333 0.0168875 0.00975
 vertex -0.228333 0.0188356 0.00504697
 vertex -0.228333 0.018908 0.00506638
 endloop
endfacet
facet normal 0 0 0
 outer loop
 vertex -0.228333 0.0168875 0.00975
 vertex -0.228333 0.018908 0.00506638
 vertex -0.228333 0.0169524 0.0097875
 endloop
endfacet
facet normal 0 0 0
 outer loop
 vertex -0.0316667 0.0168875 0.00975
 vertex -0.0316667 0.0169524 0.0097875
 vertex -0.0316667 0.018908 0.00506638
 endloop
endfacet
facet normal 0 0 0
 outer loop
 vertex -0.0316667 0.0168875 0.00975
 vertex -0.0316667 0.018908 0.00506638
 vertex -0.0316667 0.0188356 0.00504697
 endloop
endfacet
facet normal 0 0 0
 outer loop
 vertex -0.228333 0.0188356 0.00504697
 vertex -0.228333 0.0195 -8.52372e-10
 vertex -0.228333 0.019575 -8.5565e-10
 endloop
endfacet
facet normal 0 0 0
 outer loop
 vertex -0.228333 0.0188356 0.00504697
 vertex -0.228333 0.019575 -8.5565e-10
 vertex -0.228333 0.018908 0.00506638
 endloop
endfacet
facet normal 0 0 0
 outer loop
 vertex -0.0316667 0.0188356 0.00504697
 vertex -0.0316667 0.018908 0.00506638
 vertex -0.0316667 0.019575 -8.5565e-10
 endloop
endfacet
facet normal 0 0 0
 outer loop
 vertex -0.0316667 0.0188356 0.00504697
 vertex -0.0316667 0.019575 -8.5565e-10
 vertex -0.0316667 0.0195 -8.52372e-10
 endloop
endfacet
facet normal 0 0 0
 outer loop
 vertex -0.228333 0.0195 -8.52372e-10
 vertex -0.228333 0.0188356 -0.00504697
 vertex -0.228333 0.018908 -0.00506638
 endloop
endfacet
facet normal 0 0 0
 outer loop
 vertex -0.228333 0.0195 -8.52372e-10
 vertex -0.228333 0.018908 -0.00506638
 vertex -0.228333 0.019575 -8.5565e-10
 endloop
endfacet
facet normal 0 0 0
 outer loop
 vertex -0.0316667 0.0195 -8.52372e-10
 vertex -0.0316667 0.019575 -8.5565e-10
 vertex -0.0316667 0.018908 -0.00506638
 endloop
endfacet
facet normal 0 0 0
 outer loop
 vertex -0.0316667 0.0195 -8.52372e-10
 vertex -0.0316667 0.018908 -0.00506638
 vertex -0.0316667 0.0188356 -0.00504697
 endloop
endfacet
facet normal 0 0 0
 outer loop
 vertex -0.228333 0.0188356 -0.00504697
 vertex -0.228333 0.0168875 -0.00975
 vertex -0.228333 0.0169524 -0.0097875
 endloop
endfacet
facet normal 0 0 0
 outer loop
 vertex -0.228333 0.0188356 -0.00504697
 vertex -0.228333 0.0169524 -0.0097875
 vertex -0.228333 0.018908 -0.00506638
 endloop
endfacet
facet normal 0 0 0
 outer loop
 vertex -0.0316667 0.0188356 -0.00504697
 vertex -0.0316667 0.018908 -0.00506638
 vertex -0.0316667 0.0169524 -0.0097875
 endloop
endfacet
facet normal 0 0 0
 outer loop
 vertex -0.0316667 0.0188356 -0.00504697
 vertex -0.0316667 0.0169524 -0.0097875
 vertex -0.0316667 0.0168875 -0.00975
 endloop
endfacet
facet normal 0 0 0
 outer loop
 vertex -0.228333 0.0168875 -0.00975
 vertex -0.228333 0.0137886 -0.0137886
 vertex -0.228333 0.0138416 -0.0138416
 endloop
endfacet
facet normal 0 0 0
 outer loop
 vertex -0.228333 0.0168875 -0.00975
 vertex -0.228333 0.0138416 -0.0138416
 vertex -0.228333 0.0169524 -0.0097875
 endloop
endfacet
facet normal 0 0 0
 outer loop
 vertex -0.0316667 0.0168875 -0.00975
 vertex -0.0316667 0.0169524 -0.0097875
 vertex -0.0316667 0.0138416 -0.0138416
 endloop
endfacet
facet normal 0 0 0
 outer loop
 vertex -0.0316667 0.0168875 -0.00975
 vertex -0.0316667 0.0138416 -0.0138416
 vertex -0.0316667 0.0137886 -0.0137886
 endloop
endfacet
facet normal 0 0 0
 outer loop
 vertex -0.228333 0.0137886 -0.0137886
 vertex -0.228333 0.00975 -0.0168875
 vertex -0.228333 0.0097875 -0.0169524
 endloop
endfacet
facet normal 0 0 0
 outer loop
 vertex -0.228333 0.0137886 -0.0137886
 vertex -0.228333 0.0097875 -0.0169524
 vertex -0.228333 0.0138416 -0.0138416
 endloop
endfacet
facet normal 0 0 0
 outer loop
 vertex -0.0316667 0.0137886 -0.0137886
 vertex -0.0316667 0.0138416 -0.0138416
 vertex -0.0316667 0.0097875 -0.0169524
 endloop
endfacet
facet normal 0 0 0
 outer loop
 vertex -0.0316667 0.0137886 -0.0137886
 vertex -0.0316667 0.0097875 -0.0169524
 vertex -0.0316667 0.00975 -0.0168875
 endloop
endfacet
facet normal 0 0 0
 outer loop
 vertex -0.228333 0.00975 -0.0168875
 vertex -0.228333 0.00504697 -0.0188356
 vertex -0.228333 0.00506638 -0.018908
 endloop
endfacet
facet normal 0 0 0
 outer loop
 vertex -0.228333 0.00975 -0.0168875
 vertex -0.228333 0.00506638 -0.018908
 vertex -0.228333 0.0097875 -0.0169524
 endloop
endfacet
facet normal 0 0 0
 outer loop
 vertex -0.0316667 0.00975 -0.0168875
 vertex -0.0316667 0.0097875 -0.0169524
 vertex -0.0316667 0.00506638 -0.018908
 endloop
endfacet
facet normal 0 0 0
 outer loop
 vertex -0.0316667 0.00975 -0.0168875
 vertex -0.0316667 0.00506638 -0.018908
 vertex -0.0316667 0.00504697 -0.0188356
 endloop
endfacet
facet normal 0 0 0
 outer loop
 vertex -0.228333 0.00504697 -0.0188356
 vertex -0.228333 -1.70474e-09 -0.0195
 vertex -0.228333 -1.7113e-09 -0.019575
 endloop
endfacet
facet normal 0 0 0
 outer loop
 vertex -0.228333 0.00504697 -0.0188356
 vertex -0.228333 -1.7113e-09 -0.019575
 vertex -0.228333 0.00506638 -0.018908
 endloop
endfacet
facet normal 0 0 0
 outer loop
 vertex -0.0316667 0.00504697 -0.0188356
 vertex -0.0316667 0.00506638 -0.018908
 vertex -0.0316667 -1.7113e-09 -0.019575
 endloop
endfacet
facet normal 0 0 0
 outer loop
 vertex -0.0316667 0.00504697 -0.0188356
 vertex -0.0316667 -1.7113e-09 -0.019575
 vertex -0.0316667 -1.70474e-09 -0.0195
 endloop
endfacet
facet normal 0 0 0
 outer loop
 vertex -0.228333 -1.70474e-09 -0.0195
 vertex -0.228333 -0.00504697 -0.0188356
 vertex -0.228333 -0.00506638 -0.018908
 endloop
endfacet
facet normal 0 0 0
 outer loop
 vertex -0.228333 -1.70474e-09 -0.0195
 vertex -0.228333 -0.00506638 -0.018908
 vertex -0.228333 -1.7113e-09 -0.019575
 endloop
endfacet
facet normal 0 0 0
 outer loop
 vertex -0.0316667 -1.70474e-09 -0.0195
 vertex -0.0316667 -1.7113e-09 -0.019575
 vertex -0.0316667 -0.00506638 -0.018908
 endloop
endfacet
facet normal 0 0 0
 outer loop
 vertex -0.0316667 -1.70474e-09 -0.0195
 vertex -0.0316667 -0.00506638 -0.018908
 vertex -0.0316667 -0.00504697 -0.0188356
 endloop
endfacet
facet normal 0 0 0
 outer loop
 vertex -0.228333 -0.00504697 -0.0188356
 vertex -0.228333 -0.00975 -0.0168875
 vertex -0.228333 -0.0097875 -0.0169524
 endloop
endfacet
facet normal 0 0 0
 outer loop
 vertex -0.228333 -0.00504697 -0.0188356
 vertex -0.228333 -0.0097875 -0.0169524
 vertex -0.228333 -0.00506638 -0.018908
 endloop
endfacet
facet normal 0 0 0
 outer loop
 vertex -0.0316667 -0.00504697 -0.0188356
 vertex -0.0316667 -0.00506638 -0.018908
 vertex -0.0316667 -0.0097875 -0.0169524
 endloop
endfacet
facet normal 0 0 0
 outer loop
 vertex -0.0316667 -0.00504697 -0.0188356
 vertex -0.0316667 -0.0097875 -0.0169524
 vertex -0.0316667 -0.00975 -0.0168875
 endloop
endfacet
facet normal 0 0 0
 outer loop
 vertex -0.228333 -0.00975 -0.0168875
 vertex -0.228333 -0.0137886 -0.0137886
 vertex -0.228333 -0.0138416 -0.0138416
 endloop
endfacet
facet normal 0 0 0
 outer loop
 vertex -0.228333 -0.00975 -0.0168875
 vertex -0.228333 -0.0138416 -0.0138416
 vertex -0.228333 -0.0097875 -0.0169524
 endloop
endfacet
facet normal 0 0 0
 outer loop
 vertex -0.0316667 -0.00975 -0.0168875
 vertex -0.0316667 -0.0097875 -0.0169524
 vertex -0.0316667 -0.0138416 -0.0138416
 endloop
endfacet
facet normal 0 0 0
 outer loop
 vertex -0.0316667 -0.00975 -0.0168875
 vertex -0.0316667 -0.0138416 -0.0138416
 vertex -0.0316667 -0.0137886 -0.0137886
 endloop
endfacet
facet normal 0 0 0
 outer loop
 vertex -0.228333 -0.0137886 -0.0137886
 vertex -0.228333 -0.0168875 -0.00975
 vertex -0.228333 -0.0169524 -0.0097875
 endloop
endfacet
facet normal 0 0 0
 outer loop
 vertex -0.228333 -0.0137886 -0.0137886
 vertex -0.228333 -0.0169524 -0.0097875
 vertex -0.228333 -0.0138416 -0.0138416
 endloop
endfacet
facet normal 0 0 0
 outer loop
 vertex -0.0316667 -0.0137886 -0.0137886
 vertex -0.0316667 -0.0138416 -0.0138416
 vertex -0.0316667 -0.0169524 -0.0097875
 endloop
endfacet
facet normal 0 0 0
 outer loop
 vertex -0.0316667 -0.0137886 -0.0137886
 vertex -0.0316667 -0.0169524 -0.0097875
 vertex -0.0316667 -0.0168875 -0.00975
 endloop
endfacet
facet normal 0 0 0
 outer loop
 vertex -0.228333 -0.0168875 -0.00975
 vertex -0.228333 -0.0188356 -0.00504697
 vertex -0.228333 -0.018908 -0.00506638
 endloop
endfacet
facet normal 0 0 0
 outer loop
 vertex -0.228333 -0.0168875 -0.00975
 vertex -0.228333 -0.018908 -0.00506638
 vertex -0.228333 -0.0169524 -0.0097875
 endloop
endfacet
facet normal 0 0 0
 outer loop
 vertex -0.0316667 -0.0168875 -0.00975
 vertex -0.0316667 -0.0169524 -0.0097875
 vertex -0.0316667 -0.018908 -0.00506638
 endloop
endfacet
facet normal 0 0 0
 outer loop
 vertex -0.0316667 -0.0168875 -0.00975
 vertex -0.0316667 -0.018908 -0.00506638
 vertex -0.0316667 -0.0188356 -0.00504697
 endloop
endfacet
facet normal 0 0 0
 outer loop
 vertex -0.228333 -0.0188356 -0.00504697
 vertex -0.228333 -0.0195 2.32535e-10
 vertex -0.228333 -0.019575 2.3343e-10
 endloop
endfacet
facet normal 0 0 0
 outer loop
 vertex -0.228333 -0.0188356 -0.00504697
 vertex -0.228333 -0.019575 2.3343e-10
 vertex -0.228333 -0.018908 -0.00506638
 endloop
endfacet
facet normal 0 0 0
 outer loop
 vertex -0.0316667 -0.0188356 -0.00504697
 vertex -0.0316667 -0.018908 -0.00506638
 vertex -0.0316667 -0.019575 2.3343e-10
 endloop
endfacet
facet normal 0 0 0
 outer loop
 vertex -0.0316667 -0.0188356 -0.00504697
 vertex -0.0316667 -0.019575 2.3343e-10
 vertex -0.0316667 -0.0195 2.32535e-10
 endloop
endfacet
facet normal 0 0 0
 outer loop
 vertex -0.228333 -0.0195 2.32535e-10
 vertex -0.228333 -0.0188356 0.00504697
 vertex -0.228333 -0.018908 0.00506638
 endloop
endfacet
facet normal 0 0 0
 outer loop
 vertex -0.228333 -0.0195 2.32535e-10
 vertex -0.228333 -0.018908 0.00506638
 vertex -0.228333 -0.019575 2.3343e-10
 endloop
endfacet
facet normal 0 0 0
 outer loop
 vertex -0.0316667 -0.0195 2.32535e-10
 vertex -0.0316667 -0.019575 2.3343e-10
 vertex -0.0316667 -0.018908 0.00506638
 endloop
endfacet
facet normal 0 0 0
 outer loop
 vertex -0.0316667 -0.0195 2.32535e-10
 vertex -0.0316667 -0.018908 0.00506638
 vertex -0.0316667 -0.0188356 0.00504697
 endloop
endfacet
facet normal 0 0 0
 outer loop
 vertex -0.228333 -0.0188356 0.00504697
 vertex -0.228333 -0.0168875 0.00975
 vertex -0.228333 -0.0169524 0.0097875
 endloop
endfacet
facet normal 0 0 0
 outer loop
 vertex -0.228333 -0.0188356 0.00504697
 vertex -0.228333 -0.0169524 0.0097875
 vertex -0.228333 -0.018908 0.00506638
 endloop
endfacet
facet normal 0 0 0
 outer loop
 vertex -0.0316667 -0.0188356 0.00504697
 vertex -0.0316667 -0.018908 0.00506638
 vertex -0.0316667 -0.0169524 0.0097875
 endloop
endfacet
facet normal 0 0 0
 outer loop
 vertex -0.0316667 -0.0188356 0.00504697
 vertex -0.0316667 -0.0169524 0.0097875
 vertex -0.0316667 -0.0168875 0.00975
 endloop
endfacet
facet normal 0 0 0
 outer loop
 vertex -0.228333 -0.0168875 0.00975
 vertex -0.228333 -0.0137886 0.0137886
 vertex -0.228333 -0.0138416 0.0138416
 endloop
endfacet
facet normal 0 0 0
 outer loop
 vertex -0.228333 -0.0168875 0.00975
 vertex -0.228333 -0.0138416 0.0138416
 vertex -0.228333 -0.0169524 0.0097875
 endloop
endfacet
facet normal 0 0 0
 outer loop
 vertex -0.0316667 -0.0168875 0.00975
 vertex -0.0316667 -0.0169524 0.0097875
 vertex -0.0316667 -0.0138416 0.0138416
 endloop
endfacet
facet normal 0 0 0
 outer loop
 vertex -0.0316667 -0.0168875 0.00975
 vertex -0.0316667 -0.0138416 0.0138416
 vertex -0.0316667 -0.0137886 0.0137886
 endloop
endfacet
facet normal 0 0 0
 outer loop
 vertex -0.228333 -0.0137886 0.0137886
 vertex -0.228333 -0.00975 0.0168875
 vertex -0.228333 -0.0097875 0.0169524
 endloop
endfacet
facet normal 0 0 0
 outer loop
 vertex -0.228333 -0.0137886 0.0137886
 vertex -0.228333 -0.0097875 0.0169524
 vertex -0.228333 -0.0138416 0.0138416
 endloop
endfacet
facet normal 0 0 0
 outer loop
 vertex -0.0316667 -0.0137886 0.0137886
 vertex -0.0316667 -0.0138416 0.0138416
 vertex -0.0316667 -0.0097875 0.0169524
 endloop
endfacet
facet normal 0 0 0
 outer loop
 vertex -0.0316667 -0.0137886 0.0137886
 vertex -0.0316667 -0.0097875 0.0169524
 vertex -0.0316667 -0.00975 0.0168875
 endloop
endfacet
facet normal 0 0 0
 outer loop
 vertex -0.228333 -0.00975 0.0168875
 vertex -0.228333 -0.00504697 0.0188356
 vertex -0.228333 -0.00506638 0.018908
 endloop
endfacet
facet normal 0 0 0
 outer loop
 vertex -0.228333 -0.00975 0.0168875
 vertex -0.228333 -0.00506638 0.018908
 vertex -0.228333 -0.0097875 0.0169524
 endloop
endfacet
facet normal 0 0 0
 outer loop
 vertex -0.0316667 -0.00975 0.0168875
 vertex -0.0316667 -0.0097875 0.0169524
 vertex -0.0316667 -0.00506638 0.018908
 endloop
endfacet
facet normal 0 0 0
 outer loop
 vertex -0.0316667 -0.00975 0.0168875
 vertex -0.0316667 -0.00506638 0.018908
 vertex -0.0316667 -0.00504697 0.0188356
 endloop
endfacet
facet normal 0 0 0
 outer loop
 vertex -0.228333 -0.00504697 0.0188356
 vertex -0.228333 3.40949e-09 0.0195
 vertex -0.228333 3.4226e-09 0.019575
 endloop
endfacet
facet normal 0 0 0
 outer loop
 vertex -0.228333 -0.00504697 0.0188356
 vertex -0.228333 3.4226e-09 0.019575
 vertex -0.228333 -0.00506638 0.018908
 endloop
endfacet
facet normal 0 0 0
 outer loop
 vertex -0.0316667 -0.00504697 0.0188356
 vertex -0.0316667 -0.00506638 0.018908
 vertex -0.0316667 3.4226e-09 0.019575
 endloop
endfacet
facet normal 0 0 0
 outer loop
 vertex -0.0316667 -0.00504697 0.0188356
 vertex -0.0316667 3.4226e-09 0.019575
 vertex -0.0316667 3.40949e-09 0.0195
 endloop
endfacet
endsolid bellows
