solid stator
facet normal 0 0 0
 outer loop
 vertex -0.152 0 0.025
 vertex -0.152 0.00217889 0.0249049
 vertex -0.04 0.00217889 0.0249049
 endloop
endfacet
facet normal 0 0 0
 outer loop
 vertex -0.152 0 0.025
 vertex -0.04 0.00217889 0.0249049
 vertex -0.04 0 0.025
 endloop
endfacet
facet normal 0 0 0
 outer loop
 vertex -0.04 0 0.021
 vertex -0.04 0.00183027 0.0209201
 vertex -0.152 0.00183027 0.0209201
 endloop
endfacet
facet normal 0 0 0
 outer loop
 vertex -0.04 0 0.021
 vertex -0.152 0.00183027 0.0209201
 vertex -0.152 0 0.021
 endloop
endfacet
facet normal 0 0 0
 outer loop
 vertex -0.152 0.00217889 0.0249049
 vertex -0.152 0.0043412 0.0246202
 vertex -0.04 0.0043412 0.0246202
 endloop
endfacet
facet normal 0 0 0
 outer loop
 vertex -0.152 0.00217889 0.0249049
 vertex -0.04 0.0043412 0.0246202
 vertex -0.04 0.00217889 0.0249049
 endloop
endfacet
facet normal 0 0 0
 outer loop
 vertex -0.04 0.00183027 0.0209201
 vertex -0.04 0.00364661 0.020681
 vertex -0.152 0.00364661 0.020681
 endloop
endfacet
facet normal 0 0 0
 outer loop
 vertex -0.04 0.00183027 0.0209201
 vertex -0.152 0.00364661 0.020681
 vertex -0.152 0.00183027 0.0209201
 endloop
endfacet
facet normal 0 0 0
 outer loop
 vertex -0.152 0.0043412 0.0246202
 vertex -0.152 0.00647048 0.0241481
 vertex -0.04 0.00647048 0.0241481
 endloop
endfacet
facet normal 0 0 0
 outer loop
 vertex -0.152 0.0043412 0.0246202
 vertex -0.04 0.00647048 0.0241481
 vertex -0.04 0.0043412 0.0246202
 endloop
endfacet
facet normal 0 0 0
 outer loop
 vertex -0.04 0.00364661 0.020681
 vertex -0.04 0.0054352 0.0202844
 vertex -0.152 0.0054352 0.0202844
 endloop
endfacet
facet normal 0 0 0
 outer loop
 vertex -0.04 0.00364661 0.020681
 vertex -0.152 0.0054352 0.0202844
 vertex -0.152 0.00364661 0.020681
 endloop
endfacet
facet normal 0 0 0
 outer loop
 vertex -0.152 0.00647048 0.0241481
 vertex -0.152 0.0085505 0.0234923
 vertex -0.04 0.0085505 0.0234923
 endloop
endfacet
facet normal 0 0 0
 outer loop
 vertex -0.152 0.00647048 0.0241481
 vertex -0.04 0.0085505 0.0234923
 vertex -0.04 0.00647048 0.0241481
 endloop
endfacet
facet normal 0 0 0
 outer loop
 vertex -0.04 0.0054352 0.0202844
 vertex -0.04 0.00718242 0.0197335
 vertex -0.152 0.00718242 0.0197335
 endloop
endfacet
facet normal 0 0 0
 outer loop
 vertex -0.04 0.0054352 0.0202844
 vertex -0.152 0.00718242 0.0197335
 vertex -0.152 0.0054352 0.0202844
 endloop
endfacet
facet normal 0 0 0
 outer loop
 vertex -0.152 0.0085505 0.0234923
 vertex -0.152 0.0105655 0.0226577
 vertex -0.04 0.0105655 0.0226577
 endloop
endfacet
facet normal 0 0 0
 outer loop
 vertex -0.152 0.0085505 0.0234923
 vertex -0.04 0.0105655 0.0226577
 vertex -0.04 0.0085505 0.0234923
 endloop
endfacet
facet normal 0 0 0
 outer loop
 vertex -0.04 0.00718242 0.0197335
 vertex -0.04 0.00887498 0.0190325
 vertex -0.152 0.00887498 0.0190325
 endloop
endfacet
facet normal 0 0 0
 outer loop
 vertex -0.04 0.00718242 0.0197335
 vertex -0.152 0.00887498 0.0190325
 vertex -0.152 0.00718242 0.0197335
 endloop
endfacet
facet normal 0 0 0
 outer loop
 vertex -0.152 0.0105655 0.0226577
 vertex -0.152 0.0125 0.0216506
 vertex -0.04 0.0125 0.0216506
 endloop
endfacet
facet normal 0 0 0
 outer loop
 vertex -0.152 0.0105655 0.0226577
 vertex -0.04 0.0125 0.0216506
 vertex -0.04 0.0105655 0.0226577
 endloop
endfacet
facet normal 0 0 0
 outer loop
 vertex -0.04 0.00887498 0.0190325
 vertex -0.04 0.0105 0.0181865
 vertex -0.152 0.0105 0.0181865
 endloop
endfacet
facet normal 0 0 0
 outer loop
 vertex -0.04 0.00887498 0.0190325
 vertex -0.152 0.0105 0.0181865
 vertex -0.152 0.00887498 0.0190325
 endloop
endfacet
facet normal 0 0 0
 outer loop
 vertex -0.152 0.0125 0.0216506
 vertex -0.152 0.0143394 0.0204788
 vertex -0.04 0.0143394 0.0204788
 endloop
endfacet
facet normal 0 0 0
 outer loop
 vertex -0.152 0.0125 0.0216506
 vertex -0.04 0.0143394 0.0204788
 vertex -0.04 0.0125 0.0216506
 endloop
endfacet
facet normal 0 0 0
 outer loop
 vertex -0.04 0.0105 0.0181865
 vertex -0.04 0.0120451 0.0172022
 vertex -0.152 0.0120451 0.0172022
 endloop
endfacet
facet normal 0 0 0
 outer loop
 vertex -0.04 0.0105 0.0181865
 vertex -0.152 0.0120451 0.0172022
 vertex -0.152 0.0105 0.0181865
 endloop
endfacet
facet normal 0 0 0
 outer loop
 vertex -0.152 0.0143394 0.0204788
 vertex -0.152 0.0160697 0.0191511
 vertex -0.04 0.0160697 0.0191511
 endloop
endfacet
facet normal 0 0 0
 outer loop
 vertex -0.152 0.0143394 0.0204788
 vertex -0.04 0.0160697 0.0191511
 vertex -0.04 0.0143394 0.0204788
 endloop
endfacet
facet normal 0 0 0
 outer loop
 vertex -0.04 0.0120451 0.0172022
 vertex -0.04 0.0134985 0.0160869
 vertex -0.152 0.0134985 0.0160869
 endloop
endfacet
facet normal 0 0 0
 outer loop
 vertex -0.04 0.0120451 0.0172022
 vertex -0.152 0.0134985 0.0160869
 vertex -0.152 0.0120451 0.0172022
 endloop
endfacet
facet normal 0 0 0
 outer loop
 vertex -0.152 0.0160697 0.0191511
 vertex -0.152 0.0176777 0.0176777
 vertex -0.04 0.0176777 0.0176777
 endloop
endfacet
facet normal 0 0 0
 outer loop
 vertex -0.152 0.0160697 0.0191511
 vertex -0.04 0.0176777 0.0176777
 vertex -0.04 0.0160697 0.0191511
 endloop
endfacet
facet normal 0 0 0
 outer loop
 vertex -0.04 0.0134985 0.0160869
 vertex -0.04 0.0148492 0.0148492
 vertex -0.152 0.0148492 0.0148492
 endloop
endfacet
facet normal 0 0 0
 outer loop
 vertex -0.04 0.0134985 0.0160869
 vertex -0.152 0.0148492 0.0148492
 vertex -0.152 0.0134985 0.0160869
 endloop
endfacet
facet normal 0 0 0
 outer loop
 vertex -0.152 0.0176777 0.0176777
 vertex -0.152 0.0191511 0.0160697
 vertex -0.04 0.0191511 0.0160697
 endloop
endfacet
facet normal 0 0 0
 outer loop
 vertex -0.152 0.0176777 0.0176777
 vertex -0.04 0.0191511 0.0160697
 vertex -0.04 0.0176777 0.0176777
 endloop
endfacet
facet normal 0 0 0
 outer loop
 vertex -0.04 0.0148492 0.0148492
 vertex -0.04 0.0160869 0.0134985
 vertex -0.152 0.0160869 0.0134985
 endloop
endfacet
facet normal 0 0 0
 outer loop
 vertex -0.04 0.0148492 0.0148492
 vertex -0.152 0.0160869 0.0134985
 vertex -0.152 0.0148492 0.0148492
 endloop
endfacet
facet normal 0 0 0
 outer loop
 vertex -0.152 0.0191511 0.0160697
 vertex -0.152 0.0204788 0.0143394
 vertex -0.04 0.0204788 0.0143394
 endloop
endfacet
facet normal 0 0 0
 outer loop
 vertex -0.152 0.0191511 0.0160697
 vertex -0.04 0.0204788 0.0143394
 vertex -0.04 0.0191511 0.0160697
 endloop
endfacet
facet normal 0 0 0
 outer loop
 vertex -0.04 0.0160869 0.0134985
 vertex -0.04 0.0172022 0.0120451
 vertex -0.152 0.0172022 0.0120451
 endloop
endfacet
facet normal 0 0 0
 outer loop
 vertex -0.04 0.0160869 0.0134985
 vertex -0.152 0.0172022 0.0120451
 vertex -0.152 0.0160869 0.0134985
 endloop
endfacet
facet normal 0 0 0
 outer loop
 vertex -0.152 0.0204788 0.0143394
 vertex -0.152 0.0216506 0.0125
 vertex -0.04 0.0216506 0.0125
 endloop
endfacet
facet normal 0 0 0
 outer loop
 vertex -0.152 0.0204788 0.0143394
 vertex -0.04 0.0216506 0.0125
 vertex -0.04 0.0204788 0.0143394
 endloop
endfacet
facet normal 0 0 0
 outer loop
 vertex -0.04 0.0172022 0.0120451
 vertex -0.04 0.0181865 0.0105
 vertex -0.152 0.0181865 0.0105
 endloop
endfacet
facet normal 0 0 0
 outer loop
 vertex -0.04 0.0172022 0.0120451
 vertex -0.152 0.0181865 0.0105
 vertex -0.152 0.0172022 0.0120451
 endloop
endfacet
facet normal 0 0 0
 outer loop
 vertex -0.152 0.0216506 0.0125
 vertex -0.152 0.0226577 0.0105655
 vertex -0.04 0.0226577 0.0105655
 endloop
endfacet
facet normal 0 0 0
 outer loop
 vertex -0.152 0.0216506 0.0125
 vertex -0.04 0.0226577 0.0105655
 vertex -0.04 0.0216506 0.0125
 endloop
endfacet
facet normal 0 0 0
 outer loop
 vertex -0.04 0.0181865 0.0105
 vertex -0.04 0.0190325 0.00887498
 vertex -0.152 0.0190325 0.00887498
 endloop
endfacet
facet normal 0 0 0
 outer loop
 vertex -0.04 0.0181865 0.0105
 vertex -0.152 0.0190325 0.00887498
 vertex -0.152 0.0181865 0.0105
 endloop
endfacet
facet normal 0 0 0
 outer loop
 vertex -0.152 0.0226577 0.0105655
 vertex -0.152 0.0234923 0.0085505
 vertex -0.04 0.0234923 0.0085505
 endloop
endfacet
facet normal 0 0 0
 outer loop
 vertex -0.152 0.0226577 0.0105655
 vertex -0.04 0.0234923 0.0085505
 vertex -0.04 0.0226577 0.0105655
 endloop
endfacet
facet normal 0 0 0
 outer loop
 vertex -0.04 0.0190325 0.00887498
 vertex -0.04 0.0197335 0.00718242
 vertex -0.152 0.0197335 0.00718242
 endloop
endfacet
facet normal 0 0 0
 outer loop
 vertex -0.04 0.0190325 0.00887498
 vertex -0.152 0.0197335 0.00718242
 vertex -0.152 0.0190325 0.00887498
 endloop
endfacet
facet normal 0 0 0
 outer loop
 vertex -0.152 0.0234923 0.0085505
 vertex -0.152 0.0241481 0.00647048
 vertex -0.04 0.0241481 0.00647048
 endloop
endfacet
facet normal 0 0 0
 outer loop
 vertex -0.152 0.0234923 0.0085505
 vertex -0.04 0.0241481 0.00647048
 vertex -0.04 0.0234923 0.0085505
 endloop
endfacet
facet normal 0 0 0
 outer loop
 vertex -0.04 0.0197335 0.00718242
 vertex -0.04 0.0202844 0.0054352
 vertex -0.152 0.0202844 0.0054352
 endloop
endfacet
facet normal 0 0 0
 outer loop
 vertex -0.04 0.0197335 0.00718242
 vertex -0.152 0.0202844 0.0054352
 vertex -0.152 0.0197335 0.00718242
 endloop
endfacet
facet normal 0 0 0
 outer loop
 vertex -0.152 0.0241481 0.00647048
 vertex -0.152 0.0246202 0.00434121
 vertex -0.04 0.0246202 0.00434121
 endloop
endfacet
facet normal 0 0 0
 outer loop
 vertex -0.152 0.0241481 0.00647048
 vertex -0.04 0.0246202 0.00434121
 vertex -0.04 0.0241481 0.00647048
 endloop
endfacet
facet normal 0 0 0
 outer loop
 vertex -0.04 0.0202844 0.0054352
 vertex -0.04 0.020681 0.00364661
 vertex -0.152 0.020681 0.00364661
 endloop
endfacet
facet normal 0 0 0
 outer loop
 vertex -0.04 0.0202844 0.0054352
 vertex -0.152 0.020681 0.00364661
 vertex -0.152 0.0202844 0.0054352
 endloop
endfacet
facet normal 0 0 0
 outer loop
 vertex -0.152 0.0246202 0.00434121
 vertex -0.152 0.0249049 0.0021789
 vertex -0.04 0.0249049 0.0021789
 endloop
endfacet
facet normal 0 0 0
 outer loop
 vertex -0.152 0.0246202 0.00434121
 vertex -0.04 0.0249049 0.0021789
 vertex -0.04 0.0246202 0.00434121
 endloop
endfacet
facet normal 0 0 0
 outer loop
 vertex -0.04 0.020681 0.00364661
 vertex -0.04 0.0209201 0.00183027
 vertex -0.152 0.0209201 0.00183027
 endloop
endfacet
facet normal 0 0 0
 outer loop
 vertex -0.04 0.020681 0.00364661
 vertex -0.152 0.0209201 0.00183027
 vertex -0.152 0.020681 0.00364661
 endloop
endfacet
facet normal 0 0 0
 outer loop
 vertex -0.152 0.0249049 0.0021789
 vertex -0.152 0.025 -1.09278e-09
 vertex -0.04 0.025 -1.09278e-09
 endloop
endfacet
facet normal 0 0 0
 outer loop
 vertex -0.152 0.0249049 0.0021789
 vertex -0.04 0.025 -1.09278e-09
 vertex -0.04 0.0249049 0.0021789
 endloop
endfacet
facet normal 0 0 0
 outer loop
 vertex -0.04 0.0209201 0.00183027
 vertex -0.04 0.021 -9.17939e-10
 vertex -0.152 0.021 -9.17939e-10
 endloop
endfacet
facet normal 0 0 0
 outer loop
 vertex -0.04 0.0209201 0.00183027
 vertex -0.152 0.021 -9.17939e-10
 vertex -0.152 0.0209201 0.00183027
 endloop
endfacet
facet normal 0 0 0
 outer loop
 vertex -0.152 0.025 -1.09278e-09
 vertex -0.152 0.0249049 -0.00217889
 vertex -0.04 0.0249049 -0.00217889
 endloop
endfacet
facet normal 0 0 0
 outer loop
 vertex -0.152 0.025 -1.09278e-09
 vertex -0.04 0.0249049 -0.00217889
 vertex -0.04 0.025 -1.09278e-09
 endloop
endfacet
facet normal 0 0 0
 outer loop
 vertex -0.04 0.021 -9.17939e-10
 vertex -0.04 0.0209201 -0.00183027
 vertex -0.152 0.0209201 -0.00183027
 endloop
endfacet
facet normal 0 0 0
 outer loop
 vertex -0.04 0.021 -9.17939e-10
 vertex -0.152 0.0209201 -0.00183027
 vertex -0.152 0.021 -9.17939e-10
 endloop
endfacet
facet normal 0 0 0
 outer loop
 vertex -0.152 0.0249049 -0.00217889
 vertex -0.152 0.0246202 -0.00434121
 vertex -0.04 0.0246202 -0.00434121
 endloop
endfacet
facet normal 0 0 0
 outer loop
 vertex -0.152 0.0249049 -0.00217889
 vertex -0.04 0.0246202 -0.00434121
 vertex -0.04 0.0249049 -0.00217889
 endloop
endfacet
facet normal 0 0 0
 outer loop
 vertex -0.04 0.0209201 -0.00183027
 vertex -0.04 0.020681 -0.00364661
 vertex -0.152 0.020681 -0.00364661
 endloop
endfacet
facet normal 0 0 0
 outer loop
 vertex -0.04 0.0209201 -0.00183027
 vertex -0.152 0.020681 -0.00364661
 vertex -0.152 0.0209201 -0.00183027
 endloop
endfacet
facet normal 0 0 0
 outer loop
 vertex -0.152 0.0246202 -0.00434121
 vertex -0.152 0.0241481 -0.00647048
 vertex -0.04 0.0241481 -0.00647048
 endloop
endfacet
facet normal 0 0 0
 outer loop
 vertex -0.152 0.0246202 -0.00434121
 vertex -0.04 0.0241481 -0.00647048
 vertex -0.04 0.0246202 -0.00434121
 endloop
endfacet
facet normal 0 0 0
 outer loop
 vertex -0.04 0.020681 -0.00364661
 vertex -0.04 0.0202844 -0.0054352
 vertex -0.152 0.0202844 -0.0054352
 endloop
endfacet
facet normal 0 0 0
 outer loop
 vertex -0.04 0.020681 -0.00364661
 vertex -0.152 0.0202844 -0.0054352
 vertex -0.152 0.020681 -0.00364661
 endloop
endfacet
facet normal 0 0 0
 outer loop
 vertex -0.152 0.0241481 -0.00647048
 vertex -0.152 0.0234923 -0.0085505
 vertex -0.04 0.0234923 -0.0085505
 endloop
endfacet
facet normal 0 0 0
 outer loop
 vertex -0.152 0.0241481 -0.00647048
 vertex -0.04 0.0234923 -0.0085505
 vertex -0.04 0.0241481 -0.00647048
 endloop
endfacet
facet normal 0 0 0
 outer loop
 vertex -0.04 0.0202844 -0.0054352
 vertex -0.04 0.0197335 -0.00718242
 vertex -0.152 0.0197335 -0.00718242
 endloop
endfacet
facet normal 0 0 0
 outer loop
 vertex -0.04 0.0202844 -0.0054352
 vertex -0.152 0.0197335 -0.00718242
 vertex -0.152 0.0202844 -0.0054352
 endloop
endfacet
facet normal 0 0 0
 outer loop
 vertex -0.152 0.0234923 -0.0085505
 vertex -0.152 0.0226577 -0.0105655
 vertex -0.04 0.0226577 -0.0105655
 endloop
endfacet
facet normal 0 0 0
 outer loop
 vertex -0.152 0.0234923 -0.0085505
 vertex -0.04 0.0226577 -0.0105655
 vertex -0.04 0.0234923 -0.0085505
 endloop
endfacet
facet normal 0 0 0
 outer loop
 vertex -0.04 0.0197335 -0.00718242
 vertex -0.04 0.0190325 -0.00887498
 vertex -0.152 0.0190325 -0.00887498
 endloop
endfacet
facet normal 0 0 0
 outer loop
 vertex -0.04 0.0197335 -0.00718242
 vertex -0.152 0.0190325 -0.00887498
 vertex -0.152 0.0197335 -0.00718242
 endloop
endfacet
facet normal 0 0 0
 outer loop
 vertex -0.152 0.0226577 -0.0105655
 vertex -0.152 0.0216506 -0.0125
 vertex -0.04 0.0216506 -0.0125
 endloop
endfacet
facet normal 0 0 0
 outer loop
 vertex -0.152 0.0226577 -0.0105655
 vertex -0.04 0.0216506 -0.0125
 vertex -0.04 0.0226577 -0.0105655
 endloop
endfacet
facet normal 0 0 0
 outer loop
 vertex -0.04 0.0190325 -0.00887498
 vertex -0.04 0.0181865 -0.0105
 vertex -0.152 0.0181865 -0.0105
 endloop
endfacet
facet normal 0 0 0
 outer loop
 vertex -0.04 0.0190325 -0.00887498
 vertex -0.152 0.0181865 -0.0105
 vertex -0.152 0.0190325 -0.00887498
 endloop
endfacet
facet normal 0 0 0
 outer loop
 vertex -0.152 0.0216506 -0.0125
 vertex -0.152 0.0204788 -0.0143394
 vertex -0.04 0.0204788 -0.0143394
 endloop
endfacet
facet normal 0 0 0
 outer loop
 vertex -0.152 0.0216506 -0.0125
 vertex -0.04 0.0204788 -0.0143394
 vertex -0.04 0.0216506 -0.0125
 endloop
endfacet
facet normal 0 0 0
 outer loop
 vertex -0.04 0.0181865 -0.0105
 vertex -0.04 0.0172022 -0.0120451
 vertex -0.152 0.0172022 -0.0120451
 endloop
endfacet
facet normal 0 0 0
 outer loop
 vertex -0.04 0.0181865 -0.0105
 vertex -0.152 0.0172022 -0.0120451
 vertex -0.152 0.0181865 -0.0105
 endloop
endfacet
facet normal 0 0 0
 outer loop
 vertex -0.152 0.0204788 -0.0143394
 vertex -0.152 0.0191511 -0.0160697
 vertex -0.04 0.0191511 -0.0160697
 endloop
endfacet
facet normal 0 0 0
 outer loop
 vertex -0.152 0.0204788 -0.0143394
 vertex -0.04 0.0191511 -0.0160697
 vertex -0.04 0.0204788 -0.0143394
 endloop
endfacet
facet normal 0 0 0
 outer loop
 vertex -0.04 0.0172022 -0.0120451
 vertex -0.04 0.0160869 -0.0134985
 vertex -0.152 0.0160869 -0.0134985
 endloop
endfacet
facet normal 0 0 0
 outer loop
 vertex -0.04 0.0172022 -0.0120451
 vertex -0.152 0.0160869 -0.0134985
 vertex -0.152 0.0172022 -0.0120451
 endloop
endfacet
facet normal 0 0 0
 outer loop
 vertex -0.152 0.0191511 -0.0160697
 vertex -0.152 0.0176777 -0.0176777
 vertex -0.04 0.0176777 -0.0176777
 endloop
endfacet
facet normal 0 0 0
 outer loop
 vertex -0.152 0.0191511 -0.0160697
 vertex -0.04 0.0176777 -0.0176777
 vertex -0.04 0.0191511 -0.0160697
 endloop
endfacet
facet normal 0 0 0
 outer loop
 vertex -0.04 0.0160869 -0.0134985
 vertex -0.04 0.0148492 -0.0148492
 vertex -0.152 0.0148492 -0.0148492
 endloop
endfacet
facet normal 0 0 0
 outer loop
 vertex -0.04 0.0160869 -0.0134985
 vertex -0.152 0.0148492 -0.0148492
 vertex -0.152 0.0160869 -0.0134985
 endloop
endfacet
facet normal 0 0 0
 outer loop
 vertex -0.152 0.0176777 -0.0176777
 vertex -0.152 0.0160697 -0.0191511
 vertex -0.04 0.0160697 -0.0191511
 endloop
endfacet
facet normal 0 0 0
 outer loop
 vertex -0.152 0.0176777 -0.0176777
 vertex -0.04 0.0160697 -0.0191511
 vertex -0.04 0.0176777 -0.0176777
 endloop
endfacet
facet normal 0 0 0
 outer loop
 vertex -0.04 0.0148492 -0.0148492
 vertex -0.04 0.0134985 -0.0160869
 vertex -0.152 0.0134985 -0.0160869
 endloop
endfacet
facet normal 0 0 0
 outer loop
 vertex -0.04 0.0148492 -0.0148492
 vertex -0.152 0.0134985 -0.0160869
 vertex -0.152 0.0148492 -0.0148492
 endloop
endfacet
facet normal 0 0 0
 outer loop
 vertex -0.152 0.0160697 -0.0191511
 vertex -0.152 0.0143394 -0.0204788
 vertex -0.04 0.0143394 -0.0204788
 endloop
endfacet
facet normal 0 0 0
 outer loop
 vertex -0.152 0.0160697 -0.0191511
 vertex -0.04 0.0143394 -0.0204788
 vertex -0.04 0.0160697 -0.0191511
 endloop
endfacet
facet normal 0 0 0
 outer loop
 vertex -0.04 0.0134985 -0.0160869
 vertex -0.04 0.0120451 -0.0172022
 vertex -0.152 0.0120451 -0.0172022
 endloop
endfacet
facet normal 0 0 0
 outer loop
 vertex -0.04 0.0134985 -0.0160869
 vertex -0.152 0.0120451 -0.0172022
 vertex -0.152 0.0134985 -0.0160869
 endloop
endfacet
facet normal 0 0 0
 outer loop
 vertex -0.152 0.0143394 -0.0204788
 vertex -0.152 0.0125 -0.0216506
 vertex -0.04 0.0125 -0.0216506
 endloop
endfacet
facet normal 0 0 0
 outer loop
 vertex -0.152 0.0143394 -0.0204788
 vertex -0.04 0.0125 -0.0216506
 vertex -0.04 0.0143394 -0.0204788
 endloop
endfacet
facet normal 0 0 0
 outer loop
 vertex -0.04 0.0120451 -0.0172022
 vertex -0.04 0.0105 -0.0181865
 vertex -0.152 0.0105 -0.0181865
 endloop
endfacet
facet normal 0 0 0
 outer loop
 vertex -0.04 0.0120451 -0.0172022
 vertex -0.152 0.0105 -0.0181865
 vertex -0.152 0.0120451 -0.0172022
 endloop
endfacet
facet normal 0 0 0
 outer loop
 vertex -0.152 0.0125 -0.0216506
 vertex -0.152 0.0105655 -0.0226577
 vertex -0.04 0.0105655 -0.0226577
 endloop
endfacet
facet normal 0 0 0
 outer loop
 vertex -0.152 0.0125 -0.0216506
 vertex -0.04 0.0105655 -0.0226577
 vertex -0.04 0.0125 -0.0216506
 endloop
endfacet
facet normal 0 0 0
 outer loop
 vertex -0.04 0.0105 -0.0181865
 vertex -0.04 0.00887498 -0.0190325
 vertex -0.152 0.00887498 -0.0190325
 endloop
endfacet
facet normal 0 0 0
 outer loop
 vertex -0.04 0.0105 -0.0181865
 vertex -0.152 0.00887498 -0.0190325
 vertex -0.152 0.0105 -0.0181865
 endloop
endfacet
facet normal 0 0 0
 outer loop
 vertex -0.152 0.0105655 -0.0226577
 vertex -0.152 0.00855051 -0.0234923
 vertex -0.04 0.00855051 -0.0234923
 endloop
endfacet
facet normal 0 0 0
 outer loop
 vertex -0.152 0.0105655 -0.0226577
 vertex -0.04 0.00855051 -0.0234923
 vertex -0.04 0.0105655 -0.0226577
 endloop
endfacet
facet normal 0 0 0
 outer loop
 vertex -0.04 0.00887498 -0.0190325
 vertex -0.04 0.00718242 -0.0197335
 vertex -0.152 0.00718242 -0.0197335
 endloop
endfacet
facet normal 0 0 0
 outer loop
 vertex -0.04 0.00887498 -0.0190325
 vertex -0.152 0.00718242 -0.0197335
 vertex -0.152 0.00887498 -0.0190325
 endloop
endfacet
facet normal 0 0 0
 outer loop
 vertex -0.152 0.00855051 -0.0234923
 vertex -0.152 0.00647048 -0.0241481
 vertex -0.04 0.00647048 -0.0241481
 endloop
endfacet
facet normal 0 0 0
 outer loop
 vertex -0.152 0.00855051 -0.0234923
 vertex -0.04 0.00647048 -0.0241481
 vertex -0.04 0.00855051 -0.0234923
 endloop
endfacet
facet normal 0 0 0
 outer loop
 vertex -0.04 0.00718242 -0.0197335
 vertex -0.04 0.0054352 -0.0202844
 vertex -0.152 0.0054352 -0.0202844
 endloop
endfacet
facet normal 0 0 0
 outer loop
 vertex -0.04 0.00718242 -0.0197335
 vertex -0.152 0.0054352 -0.0202844
 vertex -0.152 0.00718242 -0.0197335
 endloop
endfacet
facet normal 0 0 0
 outer loop
 vertex -0.152 0.00647048 -0.0241481
 vertex -0.152 0.00434121 -0.0246202
 vertex -0.04 0.00434121 -0.0246202
 endloop
endfacet
facet normal 0 0 0
 outer loop
 vertex -0.152 0.00647048 -0.0241481
 vertex -0.04 0.00434121 -0.0246202
 vertex -0.04 0.00647048 -0.0241481
 endloop
endfacet
facet normal 0 0 0
 outer loop
 vertex -0.04 0.0054352 -0.0202844
 vertex -0.04 0.00364661 -0.020681
 vertex -0.152 0.00364661 -0.020681
 endloop
endfacet
facet normal 0 0 0
 outer loop
 vertex -0.04 0.0054352 -0.0202844
 vertex -0.152 0.00364661 -0.020681
 vertex -0.152 0.0054352 -0.0202844
 endloop
endfacet
facet normal 0 0 0
 outer loop
 vertex -0.152 0.00434121 -0.0246202
 vertex -0.152 0.00217889 -0.0249049
 vertex -0.04 0.00217889 -0.0249049
 endloop
endfacet
facet normal 0 0 0
 outer loop
 vertex -0.152 0.00434121 -0.0246202
 vertex -0.04 0.00217889 -0.0249049
 vertex -0.04 0.00434121 -0.0246202
 endloop
endfacet
facet normal 0 0 0
 outer loop
 vertex -0.04 0.00364661 -0.020681
 vertex -0.04 0.00183027 -0.0209201
 vertex -0.152 0.00183027 -0.0209201
 endloop
endfacet
facet normal 0 0 0
 outer loop
 vertex -0.04 0.00364661 -0.020681
 vertex -0.152 0.00183027 -0.0209201
 vertex -0.152 0.00364661 -0.020681
 endloop
endfacet
facet normal 0 0 0
 outer loop
 vertex -0.152 0.00217889 -0.0249049
 vertex -0.152 -2.18557e-09 -0.025
 vertex -0.04 -2.18557e-09 -0.025
 endloop
endfacet
facet normal 0 0 0
 outer loop
 vertex -0.152 0.00217889 -0.0249049
 vertex -0.04 -2.18557e-09 -0.025
 vertex -0.04 0.00217889 -0.0249049
 endloop
endfacet
facet normal 0 0 0
 outer loop
 vertex -0.04 0.00183027 -0.0209201
 vertex -0.04 -1.83588e-09 -0.021
 vertex -0.152 -1.83588e-09 -0.021
 endloop
endfacet
facet normal 0 0 0
 outer loop
 vertex -0.04 0.00183027 -0.0209201
 vertex -0.152 -1.83588e-09 -0.021
 vertex -0.152 0.00183027 -0.0209201
 endloop
endfacet
facet normal 0 0 0
 outer loop
 vertex -0.152 -2.18557e-09 -0.025
 vertex -0.152 -0.0021789 -0.0249049
 vertex -0.04 -0.0021789 -0.0249049
 endloop
endfacet
facet normal 0 0 0
 outer loop
 vertex -0.152 -2.18557e-09 -0.025
 vertex -0.04 -0.0021789 -0.0249049
 vertex -0.04 -2.18557e-09 -0.025
 endloop
endfacet
facet normal 0 0 0
 outer loop
 vertex -0.04 -1.83588e-09 -0.021
 vertex -0.04 -0.00183027 -0.0209201
 vertex -0.152 -0.00183027 -0.0209201
 endloop
endfacet
facet normal 0 0 0
 outer loop
 vertex -0.04 -1.83588e-09 -0.021
 vertex -0.152 -0.00183027 -0.0209201
 vertex -0.152 -1.83588e-09 -0.021
 endloop
endfacet
facet normal 0 0 0
 outer loop
 vertex -0.152 -0.0021789 -0.0249049
 vertex -0.152 -0.00434121 -0.0246202
 vertex -0.04 -0.00434121 -0.0246202
 endloop
endfacet
facet normal 0 0 0
 outer loop
 vertex -0.152 -0.0021789 -0.0249049
 vertex -0.04 -0.00434121 -0.0246202
 vertex -0.04 -0.0021789 -0.0249049
 endloop
endfacet
facet normal 0 0 0
 outer loop
 vertex -0.04 -0.00183027 -0.0209201
 vertex -0.04 -0.00364661 -0.020681
 vertex -0.152 -0.00364661 -0.020681
 endloop
endfacet
facet normal 0 0 0
 outer loop
 vertex -0.04 -0.00183027 -0.0209201
 vertex -0.152 -0.00364661 -0.020681
 vertex -0.152 -0.00183027 -0.0209201
 endloop
endfacet
facet normal 0 0 0
 outer loop
 vertex -0.152 -0.00434121 -0.0246202
 vertex -0.152 -0.00647048 -0.0241481
 vertex -0.04 -0.00647048 -0.0241481
 endloop
endfacet
facet normal 0 0 0
 outer loop
 vertex -0.152 -0.00434121 -0.0246202
 vertex -0.04 -0.00647048 -0.0241481
 vertex -0.04 -0.00434121 -0.0246202
 endloop
endfacet
facet normal 0 0 0
 outer loop
 vertex -0.04 -0.00364661 -0.020681
 vertex -0.04 -0.0054352 -0.0202844
 vertex -0.152 -0.0054352 -0.0202844
 endloop
endfacet
facet normal 0 0 0
 outer loop
 vertex -0.04 -0.00364661 -0.020681
 vertex -0.152 -0.0054352 -0.0202844
 vertex -0.152 -0.00364661 -0.020681
 endloop
endfacet
facet normal 0 0 0
 outer loop
 vertex -0.152 -0.00647048 -0.0241481
 vertex -0.152 -0.0085505 -0.0234923
 vertex -0.04 -0.0085505 -0.0234923
 endloop
endfacet
facet normal 0 0 0
 outer loop
 vertex -0.152 -0.00647048 -0.0241481
 vertex -0.04 -0.0085505 -0.0234923
 vertex -0.04 -0.00647048 -0.0241481
 endloop
endfacet
facet normal 0 0 0
 outer loop
 vertex -0.04 -0.0054352 -0.0202844
 vertex -0.04 -0.00718242 -0.0197335
 vertex -0.152 -0.00718242 -0.0197335
 endloop
endfacet
facet normal 0 0 0
 outer loop
 vertex -0.04 -0.0054352 -0.0202844
 vertex -0.152 -0.00718242 -0.0197335
 vertex -0.152 -0.0054352 -0.0202844
 endloop
endfacet
facet normal 0 0 0
 outer loop
 vertex -0.152 -0.0085505 -0.0234923
 vertex -0.152 -0.0105655 -0.0226577
 vertex -0.04 -0.0105655 -0.0226577
 endloop
endfacet
facet normal 0 0 0
 outer loop
 vertex -0.152 -0.0085505 -0.0234923
 vertex -0.04 -0.0105655 -0.0226577
 vertex -0.04 -0.0085505 -0.0234923
 endloop
endfacet
facet normal 0 0 0
 outer loop
 vertex -0.04 -0.00718242 -0.0197335
 vertex -0.04 -0.00887498 -0.0190325
 vertex -0.152 -0.00887498 -0.0190325
 endloop
endfacet
facet normal 0 0 0
 outer loop
 vertex -0.04 -0.00718242 -0.0197335
 vertex -0.152 -0.00887498 -0.0190325
 vertex -0.152 -0.00718242 -0.0197335
 endloop
endfacet
facet normal 0 0 0
 outer loop
 vertex -0.152 -0.0105655 -0.0226577
 vertex -0.152 -0.0125 -0.0216506
 vertex -0.04 -0.0125 -0.0216506
 endloop
endfacet
facet normal 0 0 0
 outer loop
 vertex -0.152 -0.0105655 -0.0226577
 vertex -0.04 -0.0125 -0.0216506
 vertex -0.04 -0.0105655 -0.0226577
 endloop
endfacet
facet normal 0 0 0
 outer loop
 vertex -0.04 -0.00887498 -0.0190325
 vertex -0.04 -0.0105 -0.0181865
 vertex -0.152 -0.0105 -0.0181865
 endloop
endfacet
facet normal 0 0 0
 outer loop
 vertex -0.04 -0.00887498 -0.0190325
 vertex -0.152 -0.0105 -0.0181865
 vertex -0.152 -0.00887498 -0.0190325
 endloop
endfacet
facet normal 0 0 0
 outer loop
 vertex -0.152 -0.0125 -0.0216506
 vertex -0.152 -0.0143394 -0.0204788
 vertex -0.04 -0.0143394 -0.0204788
 endloop
endfacet
facet normal 0 0 0
 outer loop
 vertex -0.152 -0.0125 -0.0216506
 vertex -0.04 -0.0143394 -0.0204788
 vertex -0.04 -0.0125 -0.0216506
 endloop
endfacet
facet normal 0 0 0
 outer loop
 vertex -0.04 -0.0105 -0.0181865
 vertex -0.04 -0.0120451 -0.0172022
 vertex -0.152 -0.0120451 -0.0172022
 endloop
endfacet
facet normal 0 0 0
 outer loop
 vertex -0.04 -0.0105 -0.0181865
 vertex -0.152 -0.0120451 -0.0172022
 vertex -0.152 -0.0105 -0.0181865
 endloop
endfacet
facet normal 0 0 0
 outer loop
 vertex -0.152 -0.0143394 -0.0204788
 vertex -0.152 -0.0160697 -0.0191511
 vertex -0.04 -0.0160697 -0.0191511
 endloop
endfacet
facet normal 0 0 0
 outer loop
 vertex -0.152 -0.0143394 -0.0204788
 vertex -0.04 -0.0160697 -0.0191511
 vertex -0.04 -0.0143394 -0.0204788
 endloop
endfacet
facet normal 0 0 0
 outer loop
 vertex -0.04 -0.0120451 -0.0172022
 vertex -0.04 -0.0134985 -0.0160869
 vertex -0.152 -0.0134985 -0.0160869
 endloop
endfacet
facet normal 0 0 0
 outer loop
 vertex -0.04 -0.0120451 -0.0172022
 vertex -0.152 -0.0134985 -0.0160869
 vertex -0.152 -0.0120451 -0.0172022
 endloop
endfacet
facet normal 0 0 0
 outer loop
 vertex -0.152 -0.0160697 -0.0191511
 vertex -0.152 -0.0176777 -0.0176777
 vertex -0.04 -0.0176777 -0.0176777
 endloop
endfacet
facet normal 0 0 0
 outer loop
 vertex -0.152 -0.0160697 -0.0191511
 vertex -0.04 -0.0176777 -0.0176777
 vertex -0.04 -0.0160697 -0.0191511
 endloop
endfacet
facet normal 0 0 0
 outer loop
 vertex -0.04 -0.0134985 -0.0160869
 vertex -0.04 -0.0148492 -0.0148492
 vertex -0.152 -0.0148492 -0.0148492
 endloop
endfacet
facet normal 0 0 0
 outer loop
 vertex -0.04 -0.0134985 -0.0160869
 vertex -0.152 -0.0148492 -0.0148492
 vertex -0.152 -0.0134985 -0.0160869
 endloop
endfacet
facet normal 0 0 0
 outer loop
 vertex -0.152 -0.0176777 -0.0176777
 vertex -0.152 -0.0191511 -0.0160697
 vertex -0.04 -0.0191511 -0.0160697
 endloop
endfacet
facet normal 0 0 0
 outer loop
 vertex -0.152 -0.0176777 -0.0176777
 vertex -0.04 -0.0191511 -0.0160697
 vertex -0.04 -0.0176777 -0.0176777
 endloop
endfacet
facet normal 0 0 0
 outer loop
 vertex -0.04 -0.0148492 -0.0148492
 vertex -0.04 -0.0160869 -0.0134985
 vertex -0.152 -0.0160869 -0.0134985
 endloop
endfacet
facet normal 0 0 0
 outer loop
 vertex -0.04 -0.0148492 -0.0148492
 vertex -0.152 -0.0160869 -0.0134985
 vertex -0.152 -0.0148492 -0.0148492
 endloop
endfacet
facet normal 0 0 0
 outer loop
 vertex -0.152 -0.0191511 -0.0160697
 vertex -0.152 -0.0204788 -0.0143394
 vertex -0.04 -0.0204788 -0.0143394
 endloop
endfacet
facet normal 0 0 0
 outer loop
 vertex -0.152 -0.0191511 -0.0160697
 vertex -0.04 -0.0204788 -0.0143394
 vertex -0.04 -0.0191511 -0.0160697
 endloop
endfacet
facet normal 0 0 0
 outer loop
 vertex -0.04 -0.0160869 -0.0134985
 vertex -0.04 -0.0172022 -0.0120451
 vertex -0.152 -0.0172022 -0.0120451
 endloop
endfacet
facet normal 0 0 0
 outer loop
 vertex -0.04 -0.0160869 -0.0134985
 vertex -0.152 -0.0172022 -0.0120451
 vertex -0.152 -0.0160869 -0.0134985
 endloop
endfacet
facet normal 0 0 0
 outer loop
 vertex -0.152 -0.0204788 -0.0143394
 vertex -0.152 -0.0216506 -0.0125
 vertex -0.04 -0.0216506 -0.0125
 endloop
endfacet
facet normal 0 0 0
 outer loop
 vertex -0.152 -0.0204788 -0.0143394
 vertex -0.04 -0.0216506 -0.0125
 vertex -0.04 -0.0204788 -0.0143394
 endloop
endfacet
facet normal 0 0 0
 outer loop
 vertex -0.04 -0.0172022 -0.0120451
 vertex -0.04 -0.0181865 -0.0105
 vertex -0.152 -0.0181865 -0.0105
 endloop
endfacet
facet normal 0 0 0
 outer loop
 vertex -0.04 -0.0172022 -0.0120451
 vertex -0.152 -0.0181865 -0.0105
 vertex -0.152 -0.0172022 -0.0120451
 endloop
endfacet
facet normal 0 0 0
 outer loop
 vertex -0.152 -0.0216506 -0.0125
 vertex -0.152 -0.0226577 -0.0105655
 vertex -0.04 -0.0226577 -0.0105655
 endloop
endfacet
facet normal 0 0 0
 outer loop
 vertex -0.152 -0.0216506 -0.0125
 vertex -0.04 -0.0226577 -0.0105655
 vertex -0.04 -0.0216506 -0.0125
 endloop
endfacet
facet normal 0 0 0
 outer loop
 vertex -0.04 -0.0181865 -0.0105
 vertex -0.04 -0.0190325 -0.00887498
 vertex -0.152 -0.0190325 -0.00887498
 endloop
endfacet
facet normal 0 0 0
 outer loop
 vertex -0.04 -0.0181865 -0.0105
 vertex -0.152 -0.0190325 -0.00887498
 vertex -0.152 -0.0181865 -0.0105
 endloop
endfacet
facet normal 0 0 0
 outer loop
 vertex -0.152 -0.0226577 -0.0105655
 vertex -0.152 -0.0234923 -0.0085505
 vertex -0.04 -0.0234923 -0.0085505
 endloop
endfacet
facet normal 0 0 0
 outer loop
 vertex -0.152 -0.0226577 -0.0105655
 vertex -0.04 -0.0234923 -0.0085505
 vertex -0.04 -0.0226577 -0.0105655
 endloop
endfacet
facet normal 0 0 0
 outer loop
 vertex -0.04 -0.0190325 -0.00887498
 vertex -0.04 -0.0197335 -0.00718242
 vertex -0.152 -0.0197335 -0.00718242
 endloop
endfacet
facet normal 0 0 0
 outer loop
 vertex -0.04 -0.0190325 -0.00887498
 vertex -0.152 -0.0197335 -0.00718242
 vertex -0.152 -0.0190325 -0.00887498
 endloop
endfacet
facet normal 0 0 0
 outer loop
 vertex -0.152 -0.0234923 -0.0085505
 vertex -0.152 -0.0241481 -0.00647047
 vertex -0.04 -0.0241481 -0.00647047
 endloop
endfacet
facet normal 0 0 0
 outer loop
 vertex -0.152 -0.0234923 -0.0085505
 vertex -0.04 -0.0241481 -0.00647047
 vertex -0.04 -0.0234923 -0.0085505
 endloop
endfacet
facet normal 0 0 0
 outer loop
 vertex -0.04 -0.0197335 -0.00718242
 vertex -0.04 -0.0202844 -0.0054352
 vertex -0.152 -0.0202844 -0.0054352
 endloop
endfacet
facet normal 0 0 0
 outer loop
 vertex -0.04 -0.0197335 -0.00718242
 vertex -0.152 -0.0202844 -0.0054352
 vertex -0.152 -0.0197335 -0.00718242
 endloop
endfacet
facet normal 0 0 0
 outer loop
 vertex -0.152 -0.0241481 -0.00647047
 vertex -0.152 -0.0246202 -0.0043412
 vertex -0.04 -0.0246202 -0.0043412
 endloop
endfacet
facet normal 0 0 0
 outer loop
 vertex -0.152 -0.0241481 -0.00647047
 vertex -0.04 -0.0246202 -0.0043412
 vertex -0.04 -0.0241481 -0.00647047
 endloop
endfacet
facet normal 0 0 0
 outer loop
 vertex -0.04 -0.0202844 -0.0054352
 vertex -0.04 -0.020681 -0.00364661
 vertex -0.152 -0.020681 -0.00364661
 endloop
endfacet
facet normal 0 0 0
 outer loop
 vertex -0.04 -0.0202844 -0.0054352
 vertex -0.152 -0.020681 -0.00364661
 vertex -0.152 -0.0202844 -0.0054352
 endloop
endfacet
facet normal 0 0 0
 outer loop
 vertex -0.152 -0.0246202 -0.0043412
 vertex -0.152 -0.0249049 -0.00217889
 vertex -0.04 -0.0249049 -0.00217889
 endloop
endfacet
facet normal 0 0 0
 outer loop
 vertex -0.152 -0.0246202 -0.0043412
 vertex -0.04 -0.0249049 -0.00217889
 vertex -0.04 -0.0246202 -0.0043412
 endloop
endfacet
facet normal 0 0 0
 outer loop
 vertex -0.04 -0.020681 -0.00364661
 vertex -0.04 -0.0209201 -0.00183027
 vertex -0.152 -0.0209201 -0.00183027
 endloop
endfacet
facet normal 0 0 0
 outer loop
 vertex -0.04 -0.020681 -0.00364661
 vertex -0.152 -0.0209201 -0.00183027
 vertex -0.152 -0.020681 -0.00364661
 endloop
endfacet
facet normal 0 0 0
 outer loop
 vertex -0.152 -0.0249049 -0.00217889
 vertex -0.152 -0.025 2.98122e-10
 vertex -0.04 -0.025 2.98122e-10
 endloop
endfacet
facet normal 0 0 0
 outer loop
 vertex -0.152 -0.0249049 -0.00217889
 vertex -0.04 -0.025 2.98122e-10
 vertex -0.04 -0.0249049 -0.00217889
 endloop
endfacet
facet normal 0 0 0
 outer loop
 vertex -0.04 -0.0209201 -0.00183027
 vertex -0.04 -0.021 2.50422e-10
 vertex -0.152 -0.021 2.50422e-10
 endloop
endfacet
facet normal 0 0 0
 outer loop
 vertex -0.04 -0.0209201 -0.00183027
 vertex -0.152 -0.021 2.50422e-10
 vertex -0.152 -0.0209201 -0.00183027
 endloop
endfacet
facet normal 0 0 0
 outer loop
 vertex -0.152 -0.025 2.98122e-10
 vertex -0.152 -0.0249049 0.00217889
 vertex -0.04 -0.0249049 0.00217889
 endloop
endfacet
facet normal 0 0 0
 outer loop
 vertex -0.152 -0.025 2.98122e-10
 vertex -0.04 -0.0249049 0.00217889
 vertex -0.04 -0.025 2.98122e-10
 endloop
endfacet
facet normal 0 0 0
 outer loop
 vertex -0.04 -0.021 2.50422e-10
 vertex -0.04 -0.0209201 0.00183027
 vertex -0.152 -0.0209201 0.00183027
 endloop
endfacet
facet normal 0 0 0
 outer loop
 vertex -0.04 -0.021 2.50422e-10
 vertex -0.152 -0.0209201 0.00183027
 vertex -0.152 -0.021 2.50422e-10
 endloop
endfacet
facet normal 0 0 0
 outer loop
 vertex -0.152 -0.0249049 0.00217889
 vertex -0.152 -0.0246202 0.0043412
 vertex -0.04 -0.0246202 0.0043412
 endloop
endfacet
facet normal 0 0 0
 outer loop
 vertex -0.152 -0.0249049 0.00217889
 vertex -0.04 -0.0246202 0.0043412
 vertex -0.04 -0.0249049 0.00217889
 endloop
endfacet
facet normal 0 0 0
 outer loop
 vertex -0.04 -0.0209201 0.00183027
 vertex -0.04 -0.020681 0.00364661
 vertex -0.152 -0.020681 0.00364661
 endloop
endfacet
facet normal 0 0 0
 outer loop
 vertex -0.04 -0.0209201 0.00183027
 vertex -0.152 -0.020681 0.00364661
 vertex -0.152 -0.0209201 0.00183027
 endloop
endfacet
facet normal 0 0 0
 outer loop
 vertex -0.152 -0.0246202 0.0043412
 vertex -0.152 -0.0241481 0.00647048
 vertex -0.04 -0.0241481 0.00647048
 endloop
endfacet
facet normal 0 0 0
 outer loop
 vertex -0.152 -0.0246202 0.0043412
 vertex -0.04 -0.0241481 0.00647048
 vertex -0.04 -0.0246202 0.0043412
 endloop
endfacet
facet normal 0 0 0
 outer loop
 vertex -0.04 -0.020681 0.00364661
 vertex -0.04 -0.0202844 0.0054352
 vertex -0.152 -0.0202844 0.0054352
 endloop
endfacet
facet normal 0 0 0
 outer loop
 vertex -0.04 -0.020681 0.00364661
 vertex -0.152 -0.0202844 0.0054352
 vertex -0.152 -0.020681 0.00364661
 endloop
endfacet
facet normal 0 0 0
 outer loop
 vertex -0.152 -0.0241481 0.00647048
 vertex -0.152 -0.0234923 0.0085505
 vertex -0.04 -0.0234923 0.0085505
 endloop
endfacet
facet normal 0 0 0
 outer loop
 vertex -0.152 -0.0241481 0.00647048
 vertex -0.04 -0.0234923 0.0085505
 vertex -0.04 -0.0241481 0.00647048
 endloop
endfacet
facet normal 0 0 0
 outer loop
 vertex -0.04 -0.0202844 0.0054352
 vertex -0.04 -0.0197335 0.00718242
 vertex -0.152 -0.0197335 0.00718242
 endloop
endfacet
facet normal 0 0 0
 outer loop
 vertex -0.04 -0.0202844 0.0054352
 vertex -0.152 -0.0197335 0.00718242
 vertex -0.152 -0.0202844 0.0054352
 endloop
endfacet
facet normal 0 0 0
 outer loop
 vertex -0.152 -0.0234923 0.0085505
 vertex -0.152 -0.0226577 0.0105655
 vertex -0.04 -0.0226577 0.0105655
 endloop
endfacet
facet normal 0 0 0
 outer loop
 vertex -0.152 -0.0234923 0.0085505
 vertex -0.04 -0.0226577 0.0105655
 vertex -0.04 -0.0234923 0.0085505
 endloop
endfacet
facet normal 0 0 0
 outer loop
 vertex -0.04 -0.0197335 0.00718242
 vertex -0.04 -0.0190325 0.00887498
 vertex -0.152 -0.0190325 0.00887498
 endloop
endfacet
facet normal 0 0 0
 outer loop
 vertex -0.04 -0.0197335 0.00718242
 vertex -0.152 -0.0190325 0.00887498
 vertex -0.152 -0.0197335 0.00718242
 endloop
endfacet
facet normal 0 0 0
 outer loop
 vertex -0.152 -0.0226577 0.0105655
 vertex -0.152 -0.0216506 0.0125
 vertex -0.04 -0.0216506 0.0125
 endloop
endfacet
facet normal 0 0 0
 outer loop
 vertex -0.152 -0.0226577 0.0105655
 vertex -0.04 -0.0216506 0.0125
 vertex -0.04 -0.0226577 0.0105655
 endloop
endfacet
facet normal 0 0 0
 outer loop
 vertex -0.04 -0.0190325 0.00887498
 vertex -0.04 -0.0181865 0.0105
 vertex -0.152 -0.0181865 0.0105
 endloop
endfacet
facet normal 0 0 0
 outer loop
 vertex -0.04 -0.0190325 0.00887498
 vertex -0.152 -0.0181865 0.0105
 vertex -0.152 -0.0190325 0.00887498
 endloop
endfacet
facet normal 0 0 0
 outer loop
 vertex -0.152 -0.0216506 0.0125
 vertex -0.152 -0.0204788 0.0143394
 vertex -0.04 -0.0204788 0.0143394
 endloop
endfacet
facet normal 0 0 0
 outer loop
 vertex -0.152 -0.0216506 0.0125
 vertex -0.04 -0.0204788 0.0143394
 vertex -0.04 -0.0216506 0.0125
 endloop
endfacet
facet normal 0 0 0
 outer loop
 vertex -0.04 -0.0181865 0.0105
 vertex -0.04 -0.0172022 0.0120451
 vertex -0.152 -0.0172022 0.0120451
 endloop
endfacet
facet normal 0 0 0
 outer loop
 vertex -0.04 -0.0181865 0.0105
 vertex -0.152 -0.0172022 0.0120451
 vertex -0.152 -0.0181865 0.0105
 endloop
endfacet
facet normal 0 0 0
 outer loop
 vertex -0.152 -0.0204788 0.0143394
 vertex -0.152 -0.0191511 0.0160697
 vertex -0.04 -0.0191511 0.0160697
 endloop
endfacet
facet normal 0 0 0
 outer loop
 vertex -0.152 -0.0204788 0.0143394
 vertex -0.04 -0.0191511 0.0160697
 vertex -0.04 -0.0204788 0.0143394
 endloop
endfacet
facet normal 0 0 0
 outer loop
 vertex -0.04 -0.0172022 0.0120451
 vertex -0.04 -0.0160869 0.0134985
 vertex -0.152 -0.0160869 0.0134985
 endloop
endfacet
facet normal 0 0 0
 outer loop
 vertex -0.04 -0.0172022 0.0120451
 vertex -0.152 -0.0160869 0.0134985
 vertex -0.152 -0.0172022 0.0120451
 endloop
endfacet
facet normal 0 0 0
 outer loop
 vertex -0.152 -0.0191511 0.0160697
 vertex -0.152 -0.0176777 0.0176777
 vertex -0.04 -0.0176777 0.0176777
 endloop
endfacet
facet normal 0 0 0
 outer loop
 vertex -0.152 -0.0191511 0.0160697
 vertex -0.04 -0.0176777 0.0176777
 vertex -0.04 -0.0191511 0.0160697
 endloop
endfacet
facet normal 0 0 0
 outer loop
 vertex -0.04 -0.0160869 0.0134985
 vertex -0.04 -0.0148492 0.0148492
 vertex -0.152 -0.0148492 0.0148492
 endloop
endfacet
facet normal 0 0 0
 outer loop
 vertex -0.04 -0.0160869 0.0134985
 vertex -0.152 -0.0148492 0.0148492
 vertex -0.152 -0.0160869 0.0134985
 endloop
endfacet
facet normal 0 0 0
 outer loop
 vertex -0.152 -0.0176777 0.0176777
 vertex -0.152 -0.0160697 0.0191511
 vertex -0.04 -0.0160697 0.0191511
 endloop
endfacet
facet normal 0 0 0
 outer loop
 vertex -0.152 -0.0176777 0.0176777
 vertex -0.04 -0.0160697 0.0191511
 vertex -0.04 -0.0176777 0.0176777
 endloop
endfacet
facet normal 0 0 0
 outer loop
 vertex -0.04 -0.0148492 0.0148492
 vertex -0.04 -0.0134985 0.0160869
 vertex -0.152 -0.0134985 0.0160869
 endloop
endfacet
facet normal 0 0 0
 outer loop
 vertex -0.04 -0.0148492 0.0148492
 vertex -0.152 -0.0134985 0.0160869
 vertex -0.152 -0.0148492 0.0148492
 endloop
endfacet
facet normal 0 0 0
 outer loop
 vertex -0.152 -0.0160697 0.0191511
 vertex -0.152 -0.0143394 0.0204788
 vertex -0.04 -0.0143394 0.0204788
 endloop
endfacet
facet normal 0 0 0
 outer loop
 vertex -0.152 -0.0160697 0.0191511
 vertex -0.04 -0.0143394 0.0204788
 vertex -0.04 -0.0160697 0.0191511
 endloop
endfacet
facet normal 0 0 0
 outer loop
 vertex -0.04 -0.0134985 0.0160869
 vertex -0.04 -0.0120451 0.0172022
 vertex -0.152 -0.0120451 0.0172022
 endloop
endfacet
facet normal 0 0 0
 outer loop
 vertex -0.04 -0.0134985 0.0160869
 vertex -0.152 -0.0120451 0.0172022
 vertex -0.152 -0.0134985 0.0160869
 endloop
endfacet
facet normal 0 0 0
 outer loop
 vertex -0.152 -0.0143394 0.0204788
 vertex -0.152 -0.0125 0.0216506
 vertex -0.04 -0.0125 0.0216506
 endloop
endfacet
facet normal 0 0 0
 outer loop
 vertex -0.152 -0.0143394 0.0204788
 vertex -0.04 -0.0125 0.0216506
 vertex -0.04 -0.0143394 0.0204788
 endloop
endfacet
facet normal 0 0 0
 outer loop
 vertex -0.04 -0.0120451 0.0172022
 vertex -0.04 -0.0105 0.0181865
 vertex -0.152 -0.0105 0.0181865
 endloop
endfacet
facet normal 0 0 0
 outer loop
 vertex -0.04 -0.0120451 0.0172022
 vertex -0.152 -0.0105 0.0181865
 vertex -0.152 -0.0120451 0.0172022
 endloop
endfacet
facet normal 0 0 0
 outer loop
 vertex -0.152 -0.0125 0.0216506
 vertex -0.152 -0.0105655 0.0226577
 vertex -0.04 -0.0105655 0.0226577
 endloop
endfacet
facet normal 0 0 0
 outer loop
 vertex -0.152 -0.0125 0.0216506
 vertex -0.04 -0.0105655 0.0226577
 vertex -0.04 -0.0125 0.0216506
 endloop
endfacet
facet normal 0 0 0
 outer loop
 vertex -0.04 -0.0105 0.0181865
 vertex -0.04 -0.00887499 0.0190325
 vertex -0.152 -0.00887499 0.0190325
 endloop
endfacet
facet normal 0 0 0
 outer loop
 vertex -0.04 -0.0105 0.0181865
 vertex -0.152 -0.00887499 0.0190325
 vertex -0.152 -0.0105 0.0181865
 endloop
endfacet
facet normal 0 0 0
 outer loop
 vertex -0.152 -0.0105655 0.0226577
 vertex -0.152 -0.00855051 0.0234923
 vertex -0.04 -0.00855051 0.0234923
 endloop
endfacet
facet normal 0 0 0
 outer loop
 vertex -0.152 -0.0105655 0.0226577
 vertex -0.04 -0.00855051 0.0234923
 vertex -0.04 -0.0105655 0.0226577
 endloop
endfacet
facet normal 0 0 0
 outer loop
 vertex -0.04 -0.00887499 0.0190325
 vertex -0.04 -0.00718243 0.0197335
 vertex -0.152 -0.00718243 0.0197335
 endloop
endfacet
facet normal 0 0 0
 outer loop
 vertex -0.04 -0.00887499 0.0190325
 vertex -0.152 -0.00718243 0.0197335
 vertex -0.152 -0.00887499 0.0190325
 endloop
endfacet
facet normal 0 0 0
 outer loop
 vertex -0.152 -0.00855051 0.0234923
 vertex -0.152 -0.00647047 0.0241481
 vertex -0.04 -0.00647047 0.0241481
 endloop
endfacet
facet normal 0 0 0
 outer loop
 vertex -0.152 -0.00855051 0.0234923
 vertex -0.04 -0.00647047 0.0241481
 vertex -0.04 -0.00855051 0.0234923
 endloop
endfacet
facet normal 0 0 0
 outer loop
 vertex -0.04 -0.00718243 0.0197335
 vertex -0.04 -0.0054352 0.0202844
 vertex -0.152 -0.0054352 0.0202844
 endloop
endfacet
facet normal 0 0 0
 outer loop
 vertex -0.04 -0.00718243 0.0197335
 vertex -0.152 -0.0054352 0.0202844
 vertex -0.152 -0.00718243 0.0197335
 endloop
endfacet
facet normal 0 0 0
 outer loop
 vertex -0.152 -0.00647047 0.0241481
 vertex -0.152 -0.0043412 0.0246202
 vertex -0.04 -0.0043412 0.0246202
 endloop
endfacet
facet normal 0 0 0
 outer loop
 vertex -0.152 -0.00647047 0.0241481
 vertex -0.04 -0.0043412 0.0246202
 vertex -0.04 -0.00647047 0.0241481
 endloop
endfacet
facet normal 0 0 0
 outer loop
 vertex -0.04 -0.0054352 0.0202844
 vertex -0.04 -0.00364661 0.020681
 vertex -0.152 -0.00364661 0.020681
 endloop
endfacet
facet normal 0 0 0
 outer loop
 vertex -0.04 -0.0054352 0.0202844
 vertex -0.152 -0.00364661 0.020681
 vertex -0.152 -0.0054352 0.0202844
 endloop
endfacet
facet normal 0 0 0
 outer loop
 vertex -0.152 -0.0043412 0.0246202
 vertex -0.152 -0.00217889 0.0249049
 vertex -0.04 -0.00217889 0.0249049
 endloop
endfacet
facet normal 0 0 0
 outer loop
 vertex -0.152 -0.0043412 0.0246202
 vertex -0.04 -0.00217889 0.0249049
 vertex -0.04 -0.0043412 0.0246202
 endloop
endfacet
facet normal 0 0 0
 outer loop
 vertex -0.04 -0.00364661 0.020681
 vertex -0.04 -0.00183027 0.0209201
 vertex -0.152 -0.00183027 0.0209201
 endloop
endfacet
facet normal 0 0 0
 outer loop
 vertex -0.04 -0.00364661 0.020681
 vertex -0.152 -0.00183027 0.0209201
 vertex -0.152 -0.00364661 0.020681
 endloop
endfacet
facet normal 0 0 0
 outer loop
 vertex -0.152 -0.00217889 0.0249049
 vertex -0.152 4.37114e-09 0.025
 vertex -0.04 4.37114e-09 0.025
 endloop
endfacet
facet normal 0 0 0
 outer loop
 vertex -0.152 -0.00217889 0.0249049
 vertex -0.04 4.37114e-09 0.025
 vertex -0.04 -0.00217889 0.0249049
 endloop
endfacet
facet normal 0 0 0
 outer loop
 vertex -0.04 -0.00183027 0.0209201
 vertex -0.04 3.67176e-09 0.021
 vertex -0.152 3.67176e-09 0.021
 endloop
endfacet
facet normal 0 0 0
 outer loop
 vertex -0.04 -0.00183027 0.0209201
 vertex -0.152 3.67176e-09 0.021
 vertex -0.152 -0.00183027 0.0209201
 endloop
endfacet
facet normal 0 0 0
 outer loop
 vertex -0.152 0 0.021
 vertex -0.152 0.00183027 0.0209201
 vertex -0.152 0.00217889 0.0249049
 endloop
endfacet
facet normal 0 0 0
 outer loop
 vertex -0.152 0 0.021
 vertex -0.152 0.00217889 0.0249049
 vertex -0.152 0 0.025
 endloop
endfacet
facet normal 0 0 0
 outer loop
 vertex -0.04 0 0.021
 vertex -0.04 0 0.025
 vertex -0.04 0.00217889 0.0249049
 endloop
endfacet
facet normal 0 0 0
 outer loop
 vertex -0.04 0 0.021
 vertex -0.04 0.00217889 0.0249049
 vertex -0.04 0.00183027 0.0209201
 endloop
endfacet
facet normal 0 0 0
 outer loop
 vertex -0.152 0.00183027 0.0209201
 vertex -0.152 0.00364661 0.020681
 vertex -0.152 0.0043412 0.0246202
 endloop
endfacet
facet normal 0 0 0
 outer loop
 vertex -0.152 0.00183027 0.0209201
 vertex -0.152 0.0043412 0.0246202
 vertex -0.152 0.00217889 0.0249049
 endloop
endfacet
facet normal 0 0 0
 outer loop
 vertex -0.04 0.00183027 0.0209201
 vertex -0.04 0.00217889 0.0249049
 vertex -0.04 0.0043412 0.0246202
 endloop
endfacet
facet normal 0 0 0
 outer loop
 vertex -0.04 0.00183027 0.0209201
 vertex -0.04 0.0043412 0.0246202
 vertex -0.04 0.00364661 0.020681
 endloop
endfacet
facet normal 0 0 0
 outer loop
 vertex -0.152 0.00364661 0.020681
 vertex -0.152 0.0054352 0.0202844
 vertex -0.152 0.00647048 0.0241481
 endloop
endfacet
facet normal 0 0 0
 outer loop
 vertex -0.152 0.00364661 0.020681
 vertex -0.152 0.00647048 0.0241481
 vertex -0.152 0.0043412 0.0246202
 endloop
endfacet
facet normal 0 0 0
 outer loop
 vertex -0.04 0.00364661 0.020681
 vertex -0.04 0.0043412 0.0246202
 vertex -0.04 0.00647048 0.0241481
 endloop
endfacet
facet normal 0 0 0
 outer loop
 vertex -0.04 0.00364661 0.020681
 vertex -0.04 0.00647048 0.0241481
 vertex -0.04 0.0054352 0.0202844
 endloop
endfacet
facet normal 0 0 0
 outer loop
 vertex -0.152 0.0054352 0.0202844
 vertex -0.152 0.00718242 0.0197335
 vertex -0.152 0.0085505 0.0234923
 endloop
endfacet
facet normal 0 0 0
 outer loop
 vertex -0.152 0.0054352 0.0202844
 vertex -0.152 0.0085505 0.0234923
 vertex -0.152 0.00647048 0.0241481
 endloop
endfacet
facet normal 0 0 0
 outer loop
 vertex -0.04 0.0054352 0.0202844
 vertex -0.04 0.00647048 0.0241481
 vertex -0.04 0.0085505 0.0234923
 endloop
endfacet
facet normal 0 0 0
 outer loop
 vertex -0.04 0.0054352 0.0202844
 vertex -0.04 0.0085505 0.0234923
 vertex -0.04 0.00718242 0.0197335
 endloop
endfacet
facet normal 0 0 0
 outer loop
 vertex -0.152 0.00718242 0.0197335
 vertex -0.152 0.00887498 0.0190325
 vertex -0.152 0.0105655 0.0226577
 endloop
endfacet
facet normal 0 0 0
 outer loop
 vertex -0.152 0.00718242 0.0197335
 vertex -0.152 0.0105655 0.0226577
 vertex -0.152 0.0085505 0.0234923
 endloop
endfacet
facet normal 0 0 0
 outer loop
 vertex -0.04 0.00718242 0.0197335
 vertex -0.04 0.0085505 0.0234923
 vertex -0.04 0.0105655 0.0226577
 endloop
endfacet
facet normal 0 0 0
 outer loop
 vertex -0.04 0.00718242 0.0197335
 vertex -0.04 0.0105655 0.0226577
 vertex -0.04 0.00887498 0.0190325
 endloop
endfacet
facet normal 0 0 0
 outer loop
 vertex -0.152 0.00887498 0.0190325
 vertex -0.152 0.0105 0.0181865
 vertex -0.152 0.0125 0.0216506
 endloop
endfacet
facet normal 0 0 0
 outer loop
 vertex -0.152 0.00887498 0.0190325
 vertex -0.152 0.0125 0.0216506
 vertex -0.152 0.0105655 0.0226577
 endloop
endfacet
facet normal 0 0 0
 outer loop
 vertex -0.04 0.00887498 0.0190325
 vertex -0.04 0.0105655 0.0226577
 vertex -0.04 0.0125 0.0216506
 endloop
endfacet
facet normal 0 0 0
 outer loop
 vertex -0.04 0.00887498 0.0190325
 vertex -0.04 0.0125 0.0216506
 vertex -0.04 0.0105 0.0181865
 endloop
endfacet
facet normal 0 0 0
 outer loop
 vertex -0.152 0.0105 0.0181865
 vertex -0.152 0.0120451 0.0172022
 vertex -0.152 0.0143394 0.0204788
 endloop
endfacet
facet normal 0 0 0
 outer loop
 vertex -0.152 0.0105 0.0181865
 vertex -0.152 0.0143394 0.0204788
 vertex -0.152 0.0125 0.0216506
 endloop
endfacet
facet normal 0 0 0
 outer loop
 vertex -0.04 0.0105 0.0181865
 vertex -0.04 0.0125 0.0216506
 vertex -0.04 0.0143394 0.0204788
 endloop
endfacet
facet normal 0 0 0
 outer loop
 vertex -0.04 0.0105 0.0181865
 vertex -0.04 0.0143394 0.0204788
 vertex -0.04 0.0120451 0.0172022
 endloop
endfacet
facet normal 0 0 0
 outer loop
 vertex -0.152 0.0120451 0.0172022
 vertex -0.152 0.0134985 0.0160869
 vertex -0.152 0.0160697 0.0191511
 endloop
endfacet
facet normal 0 0 0
 outer loop
 vertex -0.152 0.0120451 0.0172022
 vertex -0.152 0.0160697 0.0191511
 vertex -0.152 0.0143394 0.0204788
 endloop
endfacet
facet normal 0 0 0
 outer loop
 vertex -0.04 0.0120451 0.0172022
 vertex -0.04 0.0143394 0.0204788
 vertex -0.04 0.0160697 0.0191511
 endloop
endfacet
facet normal 0 0 0
 outer loop
 vertex -0.04 0.0120451 0.0172022
 vertex -0.04 0.0160697 0.0191511
 vertex -0.04 0.0134985 0.0160869
 endloop
endfacet
facet normal 0 0 0
 outer loop
 vertex -0.152 0.0134985 0.0160869
 vertex -0.152 0.0148492 0.0148492
 vertex -0.152 0.0176777 0.0176777
 endloop
endfacet
facet normal 0 0 0
 outer loop
 vertex -0.152 0.0134985 0.0160869
 vertex -0.152 0.0176777 0.0176777
 vertex -0.152 0.0160697 0.0191511
 endloop
endfacet
facet normal 0 0 0
 outer loop
 vertex -0.04 0.0134985 0.0160869
 vertex -0.04 0.0160697 0.0191511
 vertex -0.04 0.0176777 0.0176777
 endloop
endfacet
facet normal 0 0 0
 outer loop
 vertex -0.04 0.0134985 0.0160869
 vertex -0.04 0.0176777 0.0176777
 vertex -0.04 0.0148492 0.0148492
 endloop
endfacet
facet normal 0 0 0
 outer loop
 vertex -0.152 0.0148492 0.0148492
 vertex -0.152 0.0160869 0.0134985
 vertex -0.152 0.0191511 0.0160697
 endloop
endfacet
facet normal 0 0 0
 outer loop
 vertex -0.152 0.0148492 0.0148492
 vertex -0.152 0.0191511 0.0160697
 vertex -0.152 0.0176777 0.0176777
 endloop
endfacet
facet normal 0 0 0
 outer loop
 vertex -0.04 0.0148492 0.0148492
 vertex -0.04 0.0176777 0.0176777
 vertex -0.04 0.0191511 0.0160697
 endloop
endfacet
facet normal 0 0 0
 outer loop
 vertex -0.04 0.0148492 0.0148492
 vertex -0.04 0.0191511 0.0160697
 vertex -0.04 0.0160869 0.0134985
 endloop
endfacet
facet normal 0 0 0
 outer loop
 vertex -0.152 0.0160869 0.0134985
 vertex -0.152 0.0172022 0.0120451
 vertex -0.152 0.0204788 0.0143394
 endloop
endfacet
facet normal 0 0 0
 outer loop
 vertex -0.152 0.0160869 0.0134985
 vertex -0.152 0.0204788 0.0143394
 vertex -0.152 0.0191511 0.0160697
 endloop
endfacet
facet normal 0 0 0
 outer loop
 vertex -0.04 0.0160869 0.0134985
 vertex -0.04 0.0191511 0.0160697
 vertex -0.04 0.0204788 0.0143394
 endloop
endfacet
facet normal 0 0 0
 outer loop
 vertex -0.04 0.0160869 0.0134985
 vertex -0.04 0.0204788 0.0143394
 vertex -0.04 0.0172022 0.0120451
 endloop
endfacet
facet normal 0 0 0
 outer loop
 vertex -0.152 0.0172022 0.0120451
 vertex -0.152 0.0181865 0.0105
 vertex -0.152 0.0216506 0.0125
 endloop
endfacet
facet normal 0 0 0
 outer loop
 vertex -0.152 0.0172022 0.0120451
 vertex -0.152 0.0216506 0.0125
 vertex -0.152 0.0204788 0.0143394
 endloop
endfacet
facet normal 0 0 0
 outer loop
 vertex -0.04 0.0172022 0.0120451
 vertex -0.04 0.0204788 0.0143394
 vertex -0.04 0.0216506 0.0125
 endloop
endfacet
facet normal 0 0 0
 outer loop
 vertex -0.04 0.0172022 0.0120451
 vertex -0.04 0.0216506 0.0125
 vertex -0.04 0.0181865 0.0105
 endloop
endfacet
facet normal 0 0 0
 outer loop
 vertex -0.152 0.0181865 0.0105
 vertex -0.152 0.0190325 0.00887498
 vertex -0.152 0.0226577 0.0105655
 endloop
endfacet
facet normal 0 0 0
 outer loop
 vertex -0.152 0.0181865 0.0105
 vertex -0.152 0.0226577 0.0105655
 vertex -0.152 0.0216506 0.0125
 endloop
endfacet
facet normal 0 0 0
 outer loop
 vertex -0.04 0.0181865 0.0105
 vertex -0.04 0.0216506 0.0125
 vertex -0.04 0.0226577 0.0105655
 endloop
endfacet
facet normal 0 0 0
 outer loop
 vertex -0.04 0.0181865 0.0105
 vertex -0.04 0.0226577 0.0105655
 vertex -0.04 0.0190325 0.00887498
 endloop
endfacet
facet normal 0 0 0
 outer loop
 vertex -0.152 0.0190325 0.00887498
 vertex -0.152 0.0197335 0.00718242
 vertex -0.152 0.0234923 0.0085505
 endloop
endfacet
facet normal 0 0 0
 outer loop
 vertex -0.152 0.0190325 0.00887498
 vertex -0.152 0.0234923 0.0085505
 vertex -0.152 0.0226577 0.0105655
 endloop
endfacet
facet normal 0 0 0
 outer loop
 vertex -0.04 0.0190325 0.00887498
 vertex -0.04 0.0226577 0.0105655
 vertex -0.04 0.0234923 0.0085505
 endloop
endfacet
facet normal 0 0 0
 outer loop
 vertex -0.04 0.0190325 0.00887498
 vertex -0.04 0.0234923 0.0085505
 vertex -0.04 0.0197335 0.00718242
 endloop
endfacet
facet normal 0 0 0
 outer loop
 vertex -0.152 0.0197335 0.00718242
 vertex -0.152 0.0202844 0.0054352
 vertex -0.152 0.0241481 0.00647048
 endloop
endfacet
facet normal 0 0 0
 outer loop
 vertex -0.152 0.0197335 0.00718242
 vertex -0.152 0.0241481 0.00647048
 vertex -0.152 0.0234923 0.0085505
 endloop
endfacet
facet normal 0 0 0
 outer loop
 vertex -0.04 0.0197335 0.00718242
 vertex -0.04 0.0234923 0.0085505
 vertex -0.04 0.0241481 0.00647048
 endloop
endfacet
facet normal 0 0 0
 outer loop
 vertex -0.04 0.0197335 0.00718242
 vertex -0.04 0.0241481 0.00647048
 vertex -0.04 0.0202844 0.0054352
 endloop
endfacet
facet normal 0 0 0
 outer loop
 vertex -0.152 0.0202844 0.0054352
 vertex -0.152 0.020681 0.00364661
 vertex -0.152 0.0246202 0.00434121
 endloop
endfacet
facet normal 0 0 0
 outer loop
 vertex -0.152 0.0202844 0.0054352
 vertex -0.152 0.0246202 0.00434121
 vertex -0.152 0.0241481 0.00647048
 endloop
endfacet
facet normal 0 0 0
 outer loop
 vertex -0.04 0.0202844 0.0054352
 vertex -0.04 0.0241481 0.00647048
 vertex -0.04 0.0246202 0.00434121
 endloop
endfacet
facet normal 0 0 0
 outer loop
 vertex -0.04 0.0202844 0.0054352
 vertex -0.04 0.0246202 0.00434121
 vertex -0.04 0.020681 0.00364661
 endloop
endfacet
facet normal 0 0 0
 outer loop
 vertex -0.152 0.020681 0.00364661
 vertex -0.152 0.0209201 0.00183027
 vertex -0.152 0.0249049 0.0021789
 endloop
endfacet
facet normal 0 0 0
 outer loop
 vertex -0.152 0.020681 0.00364661
 vertex -0.152 0.0249049 0.0021789
 vertex -0.152 0.0246202 0.00434121
 endloop
endfacet
facet normal 0 0 0
 outer loop
 vertex -0.04 0.020681 0.00364661
 vertex -0.04 0.0246202 0.00434121
 vertex -0.04 0.0249049 0.0021789
 endloop
endfacet
facet normal 0 0 0
 outer loop
 vertex -0.04 0.020681 0.00364661
 vertex -0.04 0.0249049 0.0021789
 vertex -0.04 0.0209201 0.00183027
 endloop
endfacet
facet normal 0 0 0
 outer loop
 vertex -0.152 0.0209201 0.00183027
 vertex -0.152 0.021 -9.17939e-10
 vertex -0.152 0.025 -1.09278e-09
 endloop
endfacet
facet normal 0 0 0
 outer loop
 vertex -0.152 0.0209201 0.00183027
 vertex -0.152 0.025 -1.09278e-09
 vertex -0.152 0.0249049 0.0021789
 endloop
endfacet
facet normal 0 0 0
 outer loop
 vertex -0.04 0.0209201 0.00183027
 vertex -0.04 0.0249049 0.0021789
 vertex -0.04 0.025 -1.09278e-09
 endloop
endfacet
facet normal 0 0 0
 outer loop
 vertex -0.04 0.0209201 0.00183027
 vertex -0.04 0.025 -1.09278e-09
 vertex -0.04 0.021 -9.17939e-10
 endloop
endfacet
facet normal 0 0 0
 outer loop
 vertex -0.152 0.021 -9.17939e-10
 vertex -0.152 0.0209201 -0.00183027
 vertex -0.152 0.0249049 -0.00217889
 endloop
endfacet
facet normal 0 0 0
 outer loop
 vertex -0.152 0.021 -9.17939e-10
 vertex -0.152 0.0249049 -0.00217889
 vertex -0.152 0.025 -1.09278e-09
 endloop
endfacet
facet normal 0 0 0
 outer loop
 vertex -0.04 0.021 -9.17939e-10
 vertex -0.04 0.025 -1.09278e-09
 vertex -0.04 0.0249049 -0.00217889
 endloop
endfacet
facet normal 0 0 0
 outer loop
 vertex -0.04 0.021 -9.17939e-10
 vertex -0.04 0.0249049 -0.00217889
 vertex -0.04 0.0209201 -0.00183027
 endloop
endfacet
facet normal 0 0 0
 outer loop
 vertex -0.152 0.0209201 -0.00183027
 vertex -0.152 0.020681 -0.00364661
 vertex -0.152 0.0246202 -0.00434121
 endloop
endfacet
facet normal 0 0 0
 outer loop
 vertex -0.152 0.0209201 -0.00183027
 vertex -0.152 0.0246202 -0.00434121
 vertex -0.152 0.0249049 -0.00217889
 endloop
endfacet
facet normal 0 0 0
 outer loop
 vertex -0.04 0.0209201 -0.00183027
 vertex -0.04 0.0249049 -0.00217889
 vertex -0.04 0.0246202 -0.00434121
 endloop
endfacet
facet normal 0 0 0
 outer loop
 vertex -0.04 0.0209201 -0.00183027
 vertex -0.04 0.0246202 -0.00434121
 vertex -0.04 0.020681 -0.00364661
 endloop
endfacet
facet normal 0 0 0
 outer loop
 vertex -0.152 0.020681 -0.00364661
 vertex -0.152 0.0202844 -0.0054352
 vertex -0.152 0.0241481 -0.00647048
 endloop
endfacet
facet normal 0 0 0
 outer loop
 vertex -0.152 0.020681 -0.00364661
 vertex -0.152 0.0241481 -0.00647048
 vertex -0.152 0.0246202 -0.00434121
 endloop
endfacet
facet normal 0 0 0
 outer loop
 vertex -0.04 0.020681 -0.00364661
 vertex -0.04 0.0246202 -0.00434121
 vertex -0.04 0.0241481 -0.00647048
 endloop
endfacet
facet normal 0 0 0
 outer loop
 vertex -0.04 0.020681 -0.00364661
 vertex -0.04 0.0241481 -0.00647048
 vertex -0.04 0.0202844 -0.0054352
 endloop
endfacet
facet normal 0 0 0
 outer loop
 vertex -0.152 0.0202844 -0.0054352
 vertex -0.152 0.0197335 -0.00718242
 vertex -0.152 0.0234923 -0.0085505
 endloop
endfacet
facet normal 0 0 0
 outer loop
 vertex -0.152 0.0202844 -0.0054352
 vertex -0.152 0.0234923 -0.0085505
 vertex -0.152 0.0241481 -0.00647048
 endloop
endfacet
facet normal 0 0 0
 outer loop
 vertex -0.04 0.0202844 -0.0054352
 vertex -0.04 0.0241481 -0.00647048
 vertex -0.04 0.0234923 -0.0085505
 endloop
endfacet
facet normal 0 0 0
 outer loop
 vertex -0.04 0.0202844 -0.0054352
 vertex -0.04 0.0234923 -0.0085505
 vertex -0.04 0.0197335 -0.00718242
 endloop
endfacet
facet normal 0 0 0
 outer loop
 vertex -0.152 0.0197335 -0.00718242
 vertex -0.152 0.0190325 -0.00887498
 vertex -0.152 0.0226577 -0.0105655
 endloop
endfacet
facet normal 0 0 0
 outer loop
 vertex -0.152 0.0197335 -0.00718242
 vertex -0.152 0.0226577 -0.0105655
 vertex -0.152 0.0234923 -0.0085505
 endloop
endfacet
facet normal 0 0 0
 outer loop
 vertex -0.04 0.0197335 -0.00718242
 vertex -0.04 0.0234923 -0.0085505
 vertex -0.04 0.0226577 -0.0105655
 endloop
endfacet
facet normal 0 0 0
 outer loop
 vertex -0.04 0.0197335 -0.00718242
 vertex -0.04 0.0226577 -0.0105655
 vertex -0.04 0.0190325 -0.00887498
 endloop
endfacet
facet normal 0 0 0
 outer loop
 vertex -0.152 0.0190325 -0.00887498
 vertex -0.152 0.0181865 -0.0105
 vertex -0.152 0.0216506 -0.0125
 endloop
endfacet
facet normal 0 0 0
 outer loop
 vertex -0.152 0.0190325 -0.00887498
 vertex -0.152 0.0216506 -0.0125
 vertex -0.152 0.0226577 -0.0105655
 endloop
endfacet
facet normal 0 0 0
 outer loop
 vertex -0.04 0.0190325 -0.00887498
 vertex -0.04 0.0226577 -0.0105655
 vertex -0.04 0.0216506 -0.0125
 endloop
endfacet
facet normal 0 0 0
 outer loop
 vertex -0.04 0.0190325 -0.00887498
 vertex -0.04 0.0216506 -0.0125
 vertex -0.04 0.0181865 -0.0105
 endloop
endfacet
facet normal 0 0 0
 outer loop
 vertex -0.152 0.0181865 -0.0105
 vertex -0.152 0.0172022 -0.0120451
 vertex -0.152 0.0204788 -0.0143394
 endloop
endfacet
facet normal 0 0 0
 outer loop
 vertex -0.152 0.0181865 -0.0105
 vertex -0.152 0.0204788 -0.0143394
 vertex -0.152 0.0216506 -0.0125
 endloop
endfacet
facet normal 0 0 0
 outer loop
 vertex -0.04 0.0181865 -0.0105
 vertex -0.04 0.0216506 -0.0125
 vertex -0.04 0.0204788 -0.0143394
 endloop
endfacet
facet normal 0 0 0
 outer loop
 vertex -0.04 0.0181865 -0.0105
 vertex -0.04 0.0204788 -0.0143394
 vertex -0.04 0.0172022 -0.0120451
 endloop
endfacet
facet normal 0 0 0
 outer loop
 vertex -0.152 0.0172022 -0.0120451
 vertex -0.152 0.0160869 -0.0134985
 vertex -0.152 0.0191511 -0.0160697
 endloop
endfacet
facet normal 0 0 0
 outer loop
 vertex -0.152 0.0172022 -0.0120451
 vertex -0.152 0.0191511 -0.0160697
 vertex -0.152 0.0204788 -0.0143394
 endloop
endfacet
facet normal 0 0 0
 outer loop
 vertex -0.04 0.0172022 -0.0120451
 vertex -0.04 0.0204788 -0.0143394
 vertex -0.04 0.0191511 -0.0160697
 endloop
endfacet
facet normal 0 0 0
 outer loop
 vertex -0.04 0.0172022 -0.0120451
 vertex -0.04 0.0191511 -0.0160697
 vertex -0.04 0.0160869 -0.0134985
 endloop
endfacet
facet normal 0 0 0
 outer loop
 vertex -0.152 0.0160869 -0.0134985
 vertex -0.152 0.0148492 -0.0148492
 vertex -0.152 0.0176777 -0.0176777
 endloop
endfacet
facet normal 0 0 0
 outer loop
 vertex -0.152 0.0160869 -0.0134985
 vertex -0.152 0.0176777 -0.0176777
 vertex -0.152 0.0191511 -0.0160697
 endloop
endfacet
facet normal 0 0 0
 outer loop
 vertex -0.04 0.0160869 -0.0134985
 vertex -0.04 0.0191511 -0.0160697
 vertex -0.04 0.0176777 -0.0176777
 endloop
endfacet
facet normal 0 0 0
 outer loop
 vertex -0.04 0.0160869 -0.0134985
 vertex -0.04 0.0176777 -0.0176777
 vertex -0.04 0.0148492 -0.0148492
 endloop
endfacet
facet normal 0 0 0
 outer loop
 vertex -0.152 0.0148492 -0.0148492
 vertex -0.152 0.0134985 -0.0160869
 vertex -0.152 0.0160697 -0.0191511
 endloop
endfacet
facet normal 0 0 0
 outer loop
 vertex -0.152 0.0148492 -0.0148492
 vertex -0.152 0.0160697 -0.0191511
 vertex -0.152 0.0176777 -0.0176777
 endloop
endfacet
facet normal 0 0 0
 outer loop
 vertex -0.04 0.0148492 -0.0148492
 vertex -0.04 0.0176777 -0.0176777
 vertex -0.04 0.0160697 -0.0191511
 endloop
endfacet
facet normal 0 0 0
 outer loop
 vertex -0.04 0.0148492 -0.0148492
 vertex -0.04 0.0160697 -0.0191511
 vertex -0.04 0.0134985 -0.0160869
 endloop
endfacet
facet normal 0 0 0
 outer loop
 vertex -0.152 0.0134985 -0.0160869
 vertex -0.152 0.0120451 -0.0172022
 vertex -0.152 0.0143394 -0.0204788
 endloop
endfacet
facet normal 0 0 0
 outer loop
 vertex -0.152 0.0134985 -0.0160869
 vertex -0.152 0.0143394 -0.0204788
 vertex -0.152 0.0160697 -0.0191511
 endloop
endfacet
facet normal 0 0 0
 outer loop
 vertex -0.04 0.0134985 -0.0160869
 vertex -0.04 0.0160697 -0.0191511
 vertex -0.04 0.0143394 -0.0204788
 endloop
endfacet
facet normal 0 0 0
 outer loop
 vertex -0.04 0.0134985 -0.0160869
 vertex -0.04 0.0143394 -0.0204788
 vertex -0.04 0.0120451 -0.0172022
 endloop
endfacet
facet normal 0 0 0
 outer loop
 vertex -0.152 0.0120451 -0.0172022
 vertex -0.152 0.0105 -0.0181865
 vertex -0.152 0.0125 -0.0216506
 endloop
endfacet
facet normal 0 0 0
 outer loop
 vertex -0.152 0.0120451 -0.0172022
 vertex -0.152 0.0125 -0.0216506
 vertex -0.152 0.0143394 -0.0204788
 endloop
endfacet
facet normal 0 0 0
 outer loop
 vertex -0.04 0.0120451 -0.0172022
 vertex -0.04 0.0143394 -0.0204788
 vertex -0.04 0.0125 -0.0216506
 endloop
endfacet
facet normal 0 0 0
 outer loop
 vertex -0.04 0.0120451 -0.0172022
 vertex -0.04 0.0125 -0.0216506
 vertex -0.04 0.0105 -0.0181865
 endloop
endfacet
facet normal 0 0 0
 outer loop
 vertex -0.152 0.0105 -0.0181865
 vertex -0.152 0.00887498 -0.0190325
 vertex -0.152 0.0105655 -0.0226577
 endloop
endfacet
facet normal 0 0 0
 outer loop
 vertex -0.152 0.0105 -0.0181865
 vertex -0.152 0.0105655 -0.0226577
 vertex -0.152 0.0125 -0.0216506
 endloop
endfacet
facet normal 0 0 0
 outer loop
 vertex -0.04 0.0105 -0.0181865
 vertex -0.04 0.0125 -0.0216506
 vertex -0.04 0.0105655 -0.0226577
 endloop
endfacet
facet normal 0 0 0
 outer loop
 vertex -0.04 0.0105 -0.0181865
 vertex -0.04 0.0105655 -0.0226577
 vertex -0.04 0.00887498 -0.0190325
 endloop
endfacet
facet normal 0 0 0
 outer loop
 vertex -0.152 0.00887498 -0.0190325
 vertex -0.152 0.00718242 -0.0197335
 vertex -0.152 0.00855051 -0.0234923
 endloop
endfacet
facet normal 0 0 0
 outer loop
 vertex -0.152 0.00887498 -0.0190325
 vertex -0.152 0.00855051 -0.0234923
 vertex -0.152 0.0105655 -0.0226577
 endloop
endfacet
facet normal 0 0 0
 outer loop
 vertex -0.04 0.00887498 -0.0190325
 vertex -0.04 0.0105655 -0.0226577
 vertex -0.04 0.00855051 -0.0234923
 endloop
endfacet
facet normal 0 0 0
 outer loop
 vertex -0.04 0.00887498 -0.0190325
 vertex -0.04 0.00855051 -0.0234923
 vertex -0.04 0.00718242 -0.0197335
 endloop
endfacet
facet normal 0 0 0
 outer loop
 vertex -0.152 0.00718242 -0.0197335
 vertex -0.152 0.0054352 -0.0202844
 vertex -0.152 0.00647048 -0.0241481
 endloop
endfacet
facet normal 0 0 0
 outer loop
 vertex -0.152 0.00718242 -0.0197335
 vertex -0.152 0.00647048 -0.0241481
 vertex -0.152 0.00855051 -0.0234923
 endloop
endfacet
facet normal 0 0 0
 outer loop
 vertex -0.04 0.00718242 -0.0197335
 vertex -0.04 0.00855051 -0.0234923
 vertex -0.04 0.00647048 -0.0241481
 endloop
endfacet
facet normal 0 0 0
 outer loop
 vertex -0.04 0.00718242 -0.0197335
 vertex -0.04 0.00647048 -0.0241481
 vertex -0.04 0.0054352 -0.0202844
 endloop
endfacet
facet normal 0 0 0
 outer loop
 vertex -0.152 0.0054352 -0.0202844
 vertex -0.152 0.00364661 -0.020681
 vertex -0.152 0.00434121 -0.0246202
 endloop
endfacet
facet normal 0 0 0
 outer loop
 vertex -0.152 0.0054352 -0.0202844
 vertex -0.152 0.00434121 -0.0246202
 vertex -0.152 0.00647048 -0.0241481
 endloop
endfacet
facet normal 0 0 0
 outer loop
 vertex -0.04 0.0054352 -0.0202844
 vertex -0.04 0.00647048 -0.0241481
 vertex -0.04 0.00434121 -0.0246202
 endloop
endfacet
facet normal 0 0 0
 outer loop
 vertex -0.04 0.0054352 -0.0202844
 vertex -0.04 0.00434121 -0.0246202
 vertex -0.04 0.00364661 -0.020681
 endloop
endfacet
facet normal 0 0 0
 outer loop
 vertex -0.152 0.00364661 -0.020681
 vertex -0.152 0.00183027 -0.0209201
 vertex -0.152 0.00217889 -0.0249049
 endloop
endfacet
facet normal 0 0 0
 outer loop
 vertex -0.152 0.00364661 -0.020681
 vertex -0.152 0.00217889 -0.0249049
 vertex -0.152 0.00434121 -0.0246202
 endloop
endfacet
facet normal 0 0 0
 outer loop
 vertex -0.04 0.00364661 -0.020681
 vertex -0.04 0.00434121 -0.0246202
 vertex -0.04 0.00217889 -0.0249049
 endloop
endfacet
facet normal 0 0 0
 outer loop
 vertex -0.04 0.00364661 -0.020681
 vertex -0.04 0.00217889 -0.0249049
 vertex -0.04 0.00183027 -0.0209201
 endloop
endfacet
facet normal 0 0 0
 outer loop
 vertex -0.152 0.00183027 -0.0209201
 vertex -0.152 -1.83588e-09 -0.021
 vertex -0.152 -2.18557e-09 -0.025
 endloop
endfacet
facet normal 0 0 0
 outer loop
 vertex -0.152 0.00183027 -0.0209201
 vertex -0.152 -2.18557e-09 -0.025
 vertex -0.152 0.00217889 -0.0249049
 endloop
endfacet
facet normal 0 0 0
 outer loop
 vertex -0.04 0.00183027 -0.0209201
 vertex -0.04 0.00217889 -0.0249049
 vertex -0.04 -2.18557e-09 -0.025
 endloop
endfacet
facet normal 0 0 0
 outer loop
 vertex -0.04 0.00183027 -0.0209201
 vertex -0.04 -2.18557e-09 -0.025
 vertex -0.04 -1.83588e-09 -0.021
 endloop
endfacet
facet normal 0 0 0
 outer loop
 vertex -0.152 -1.83588e-09 -0.021
 vertex -0.152 -0.00183027 -0.0209201
 vertex -0.152 -0.0021789 -0.0249049
 endloop
endfacet
facet normal 0 0 0
 outer loop
 vertex -0.152 -1.83588e-09 -0.021
 vertex -0.152 -0.0021789 -0.0249049
 vertex -0.152 -2.18557e-09 -0.025
 endloop
endfacet
facet normal 0 0 0
 outer loop
 vertex -0.04 -1.83588e-09 -0.021
 vertex -0.04 -2.18557e-09 -0.025
 vertex -0.04 -0.0021789 -0.0249049
 endloop
endfacet
facet normal 0 0 0
 outer loop
 vertex -0.04 -1.83588e-09 -0.021
 vertex -0.04 -0.0021789 -0.0249049
 vertex -0.04 -0.00183027 -0.0209201
 endloop
endfacet
facet normal 0 0 0
 outer loop
 vertex -0.152 -0.00183027 -0.0209201
 vertex -0.152 -0.00364661 -0.020681
 vertex -0.152 -0.00434121 -0.0246202
 endloop
endfacet
facet normal 0 0 0
 outer loop
 vertex -0.152 -0.00183027 -0.0209201
 vertex -0.152 -0.00434121 -0.0246202
 vertex -0.152 -0.0021789 -0.0249049
 endloop
endfacet
facet normal 0 0 0
 outer loop
 vertex -0.04 -0.00183027 -0.0209201
 vertex -0.04 -0.0021789 -0.0249049
 vertex -0.04 -0.00434121 -0.0246202
 endloop
endfacet
facet normal 0 0 0
 outer loop
 vertex -0.04 -0.00183027 -0.0209201
 vertex -0.04 -0.00434121 -0.0246202
 vertex -0.04 -0.00364661 -0.020681
 endloop
endfacet
facet normal 0 0 0
 outer loop
 vertex -0.152 -0.00364661 -0.020681
 vertex -0.152 -0.0054352 -0.0202844
 vertex -0.152 -0.00647048 -0.0241481
 endloop
endfacet
facet normal 0 0 0
 outer loop
 vertex -0.152 -0.00364661 -0.020681
 vertex -0.152 -0.00647048 -0.0241481
 vertex -0.152 -0.00434121 -0.0246202
 endloop
endfacet
facet normal 0 0 0
 outer loop
 vertex -0.04 -0.00364661 -0.020681
 vertex -0.04 -0.00434121 -0.0246202
 vertex -0.04 -0.00647048 -0.0241481
 endloop
endfacet
facet normal 0 0 0
 outer loop
 vertex -0.04 -0.00364661 -0.020681
 vertex -0.04 -0.00647048 -0.0241481
 vertex -0.04 -0.0054352 -0.0202844
 endloop
endfacet
facet normal 0 0 0
 outer loop
 vertex -0.152 -0.0054352 -0.0202844
 vertex -0.152 -0.00718242 -0.0197335
 vertex -0.152 -0.0085505 -0.0234923
 endloop
endfacet
facet normal 0 0 0
 outer loop
 vertex -0.152 -0.0054352 -0.0202844
 vertex -0.152 -0.0085505 -0.0234923
 vertex -0.152 -0.00647048 -0.0241481
 endloop
endfacet
facet normal 0 0 0
 outer loop
 vertex -0.04 -0.0054352 -0.0202844
 vertex -0.04 -0.00647048 -0.0241481
 vertex -0.04 -0.0085505 -0.0234923
 endloop
endfacet
facet normal 0 0 0
 outer loop
 vertex -0.04 -0.0054352 -0.0202844
 vertex -0.04 -0.0085505 -0.0234923
 vertex -0.04 -0.00718242 -0.0197335
 endloop
endfacet
facet normal 0 0 0
 outer loop
 vertex -0.152 -0.00718242 -0.0197335
 vertex -0.152 -0.00887498 -0.0190325
 vertex -0.152 -0.0105655 -0.0226577
 endloop
endfacet
facet normal 0 0 0
 outer loop
 vertex -0.152 -0.00718242 -0.0197335
 vertex -0.152 -0.0105655 -0.0226577
 vertex -0.152 -0.0085505 -0.0234923
 endloop
endfacet
facet normal 0 0 0
 outer loop
 vertex -0.04 -0.00718242 -0.0197335
 vertex -0.04 -0.0085505 -0.0234923
 vertex -0.04 -0.0105655 -0.0226577
 endloop
endfacet
facet normal 0 0 0
 outer loop
 vertex -0.04 -0.00718242 -0.0197335
 vertex -0.04 -0.0105655 -0.0226577
 vertex -0.04 -0.00887498 -0.0190325
 endloop
endfacet
facet normal 0 0 0
 outer loop
 vertex -0.152 -0.00887498 -0.0190325
 vertex -0.152 -0.0105 -0.0181865
 vertex -0.152 -0.0125 -0.0216506
 endloop
endfacet
facet normal 0 0 0
 outer loop
 vertex -0.152 -0.00887498 -0.0190325
 vertex -0.152 -0.0125 -0.0216506
 vertex -0.152 -0.0105655 -0.0226577
 endloop
endfacet
facet normal 0 0 0
 outer loop
 vertex -0.04 -0.00887498 -0.0190325
 vertex -0.04 -0.0105655 -0.0226577
 vertex -0.04 -0.0125 -0.0216506
 endloop
endfacet
facet normal 0 0 0
 outer loop
 vertex -0.04 -0.00887498 -0.0190325
 vertex -0.04 -0.0125 -0.0216506
 vertex -0.04 -0.0105 -0.0181865
 endloop
endfacet
facet normal 0 0 0
 outer loop
 vertex -0.152 -0.0105 -0.0181865
 vertex -0.152 -0.0120451 -0.0172022
 vertex -0.152 -0.0143394 -0.0204788
 endloop
endfacet
facet normal 0 0 0
 outer loop
 vertex -0.152 -0.0105 -0.0181865
 vertex -0.152 -0.0143394 -0.0204788
 vertex -0.152 -0.0125 -0.0216506
 endloop
endfacet
facet normal 0 0 0
 outer loop
 vertex -0.04 -0.0105 -0.0181865
 vertex -0.04 -0.0125 -0.0216506
 vertex -0.04 -0.0143394 -0.0204788
 endloop
endfacet
facet normal 0 0 0
 outer loop
 vertex -0.04 -0.0105 -0.0181865
 vertex -0.04 -0.0143394 -0.0204788
 vertex -0.04 -0.0120451 -0.0172022
 endloop
endfacet
facet normal 0 0 0
 outer loop
 vertex -0.152 -0.0120451 -0.0172022
 vertex -0.152 -0.0134985 -0.0160869
 vertex -0.152 -0.0160697 -0.0191511
 endloop
endfacet
facet normal 0 0 0
 outer loop
 vertex -0.152 -0.0120451 -0.0172022
 vertex -0.152 -0.0160697 -0.0191511
 vertex -0.152 -0.0143394 -0.0204788
 endloop
endfacet
facet normal 0 0 0
 outer loop
 vertex -0.04 -0.0120451 -0.0172022
 vertex -0.04 -0.0143394 -0.0204788
 vertex -0.04 -0.0160697 -0.0191511
 endloop
endfacet
facet normal 0 0 0
 outer loop
 vertex -0.04 -0.0120451 -0.0172022
 vertex -0.04 -0.0160697 -0.0191511
 vertex -0.04 -0.0134985 -0.0160869
 endloop
endfacet
facet normal 0 0 0
 outer loop
 vertex -0.152 -0.0134985 -0.0160869
 vertex -0.152 -0.0148492 -0.0148492
 vertex -0.152 -0.0176777 -0.0176777
 endloop
endfacet
facet normal 0 0 0
 outer loop
 vertex -0.152 -0.0134985 -0.0160869
 vertex -0.152 -0.0176777 -0.0176777
 vertex -0.152 -0.0160697 -0.0191511
 endloop
endfacet
facet normal 0 0 0
 outer loop
 vertex -0.04 -0.0134985 -0.0160869
 vertex -0.04 -0.0160697 -0.0191511
 vertex -0.04 -0.0176777 -0.0176777
 endloop
endfacet
facet normal 0 0 0
 outer loop
 vertex -0.04 -0.0134985 -0.0160869
 vertex -0.04 -0.0176777 -0.0176777
 vertex -0.04 -0.0148492 -0.0148492
 endloop
endfacet
facet normal 0 0 0
 outer loop
 vertex -0.152 -0.0148492 -0.0148492
 vertex -0.152 -0.0160869 -0.0134985
 vertex -0.152 -0.0191511 -0.0160697
 endloop
endfacet
facet normal 0 0 0
 outer loop
 vertex -0.152 -0.0148492 -0.0148492
 vertex -0.152 -0.0191511 -0.0160697
 vertex -0.152 -0.0176777 -0.0176777
 endloop
endfacet
facet normal 0 0 0
 outer loop
 vertex -0.04 -0.0148492 -0.0148492
 vertex -0.04 -0.0176777 -0.0176777
 vertex -0.04 -0.0191511 -0.0160697
 endloop
endfacet
facet normal 0 0 0
 outer loop
 vertex -0.04 -0.0148492 -0.0148492
 vertex -0.04 -0.0191511 -0.0160697
 vertex -0.04 -0.0160869 -0.0134985
 endloop
endfacet
facet normal 0 0 0
 outer loop
 vertex -0.152 -0.0160869 -0.0134985
 vertex -0.152 -0.0172022 -0.0120451
 vertex -0.152 -0.0204788 -0.0143394
 endloop
endfacet
facet normal 0 0 0
 outer loop
 vertex -0.152 -0.0160869 -0.0134985
 vertex -0.152 -0.0204788 -0.0143394
 vertex -0.152 -0.0191511 -0.0160697
 endloop
endfacet
facet normal 0 0 0
 outer loop
 vertex -0.04 -0.0160869 -0.0134985
 vertex -0.04 -0.0191511 -0.0160697
 vertex -0.04 -0.0204788 -0.0143394
 endloop
endfacet
facet normal 0 0 0
 outer loop
 vertex -0.04 -0.0160869 -0.0134985
 vertex -0.04 -0.0204788 -0.0143394
 vertex -0.04 -0.0172022 -0.0120451
 endloop
endfacet
facet normal 0 0 0
 outer loop
 vertex -0.152 -0.0172022 -0.0120451
 vertex -0.152 -0.0181865 -0.0105
 vertex -0.152 -0.0216506 -0.0125
 endloop
endfacet
facet normal 0 0 0
 outer loop
 vertex -0.152 -0.0172022 -0.0120451
 vertex -0.152 -0.0216506 -0.0125
 vertex -0.152 -0.0204788 -0.0143394
 endloop
endfacet
facet normal 0 0 0
 outer loop
 vertex -0.04 -0.0172022 -0.0120451
 vertex -0.04 -0.0204788 -0.0143394
 vertex -0.04 -0.0216506 -0.0125
 endloop
endfacet
facet normal 0 0 0
 outer loop
 vertex -0.04 -0.0172022 -0.0120451
 vertex -0.04 -0.0216506 -0.0125
 vertex -0.04 -0.0181865 -0.0105
 endloop
endfacet
facet normal 0 0 0
 outer loop
 vertex -0.152 -0.0181865 -0.0105
 vertex -0.152 -0.0190325 -0.00887498
 vertex -0.152 -0.0226577 -0.0105655
 endloop
endfacet
facet normal 0 0 0
 outer loop
 vertex -0.152 -0.0181865 -0.0105
 vertex -0.152 -0.0226577 -0.0105655
 vertex -0.152 -0.0216506 -0.0125
 endloop
endfacet
facet normal 0 0 0
 outer loop
 vertex -0.04 -0.0181865 -0.0105
 vertex -0.04 -0.0216506 -0.0125
 vertex -0.04 -0.0226577 -0.0105655
 endloop
endfacet
facet normal 0 0 0
 outer loop
 vertex -0.04 -0.0181865 -0.0105
 vertex -0.04 -0.0226577 -0.0105655
 vertex -0.04 -0.0190325 -0.00887498
 endloop
endfacet
facet normal 0 0 0
 outer loop
 vertex -0.152 -0.0190325 -0.00887498
 vertex -0.152 -0.0197335 -0.00718242
 vertex -0.152 -0.0234923 -0.0085505
 endloop
endfacet
facet normal 0 0 0
 outer loop
 vertex -0.152 -0.0190325 -0.00887498
 vertex -0.152 -0.0234923 -0.0085505
 vertex -0.152 -0.0226577 -0.0105655
 endloop
endfacet
facet normal 0 0 0
 outer loop
 vertex -0.04 -0.0190325 -0.00887498
 vertex -0.04 -0.0226577 -0.0105655
 vertex -0.04 -0.0234923 -0.0085505
 endloop
endfacet
facet normal 0 0 0
 outer loop
 vertex -0.04 -0.0190325 -0.00887498
 vertex -0.04 -0.0234923 -0.0085505
 vertex -0.04 -0.0197335 -0.00718242
 endloop
endfacet
facet normal 0 0 0
 outer loop
 vertex -0.152 -0.0197335 -0.00718242
 vertex -0.152 -0.0202844 -0.0054352
 vertex -0.152 -0.0241481 -0.00647047
 endloop
endfacet
facet normal 0 0 0
 outer loop
 vertex -0.152 -0.0197335 -0.00718242
 vertex -0.152 -0.0241481 -0.00647047
 vertex -0.152 -0.0234923 -0.0085505
 endloop
endfacet
facet normal 0 0 0
 outer loop
 vertex -0.04 -0.0197335 -0.00718242
 vertex -0.04 -0.0234923 -0.0085505
 vertex -0.04 -0.0241481 -0.00647047
 endloop
endfacet
facet normal 0 0 0
 outer loop
 vertex -0.04 -0.0197335 -0.00718242
 vertex -0.04 -0.0241481 -0.00647047
 vertex -0.04 -0.0202844 -0.0054352
 endloop
endfacet
facet normal 0 0 0
 outer loop
 vertex -0.152 -0.0202844 -0.0054352
 vertex -0.152 -0.020681 -0.00364661
 vertex -0.152 -0.0246202 -0.0043412
 endloop
endfacet
facet normal 0 0 0
 outer loop
 vertex -0.152 -0.0202844 -0.0054352
 vertex -0.152 -0.0246202 -0.0043412
 vertex -0.152 -0.0241481 -0.00647047
 endloop
endfacet
facet normal 0 0 0
 outer loop
 vertex -0.04 -0.0202844 -0.0054352
 vertex -0.04 -0.0241481 -0.00647047
 vertex -0.04 -0.0246202 -0.0043412
 endloop
endfacet
facet normal 0 0 0
 outer loop
 vertex -0.04 -0.0202844 -0.0054352
 vertex -0.04 -0.0246202 -0.0043412
 vertex -0.04 -0.020681 -0.00364661
 endloop
endfacet
facet normal 0 0 0
 outer loop
 vertex -0.152 -0.020681 -0.00364661
 vertex -0.152 -0.0209201 -0.00183027
 vertex -0.152 -0.0249049 -0.00217889
 endloop
endfacet
facet normal 0 0 0
 outer loop
 vertex -0.152 -0.020681 -0.00364661
 vertex -0.152 -0.0249049 -0.00217889
 vertex -0.152 -0.0246202 -0.0043412
 endloop
endfacet
facet normal 0 0 0
 outer loop
 vertex -0.04 -0.020681 -0.00364661
 vertex -0.04 -0.0246202 -0.0043412
 vertex -0.04 -0.0249049 -0.00217889
 endloop
endfacet
facet normal 0 0 0
 outer loop
 vertex -0.04 -0.020681 -0.00364661
 vertex -0.04 -0.0249049 -0.00217889
 vertex -0.04 -0.0209201 -0.00183027
 endloop
endfacet
facet normal 0 0 0
 outer loop
 vertex -0.152 -0.0209201 -0.00183027
 vertex -0.152 -0.021 2.50422e-10
 vertex -0.152 -0.025 2.98122e-10
 endloop
endfacet
facet normal 0 0 0
 outer loop
 vertex -0.152 -0.0209201 -0.00183027
 vertex -0.152 -0.025 2.98122e-10
 vertex -0.152 -0.0249049 -0.00217889
 endloop
endfacet
facet normal 0 0 0
 outer loop
 vertex -0.04 -0.0209201 -0.00183027
 vertex -0.04 -0.0249049 -0.00217889
 vertex -0.04 -0.025 2.98122e-10
 endloop
endfacet
facet normal 0 0 0
 outer loop
 vertex -0.04 -0.0209201 -0.00183027
 vertex -0.04 -0.025 2.98122e-10
 vertex -0.04 -0.021 2.50422e-10
 endloop
endfacet
facet normal 0 0 0
 outer loop
 vertex -0.152 -0.021 2.50422e-10
 vertex -0.152 -0.0209201 0.00183027
 vertex -0.152 -0.0249049 0.00217889
 endloop
endfacet
facet normal 0 0 0
 outer loop
 vertex -0.152 -0.021 2.50422e-10
 vertex -0.152 -0.0249049 0.00217889
 vertex -0.152 -0.025 2.98122e-10
 endloop
endfacet
facet normal 0 0 0
 outer loop
 vertex -0.04 -0.021 2.50422e-10
 vertex -0.04 -0.025 2.98122e-10
 vertex -0.04 -0.0249049 0.00217889
 endloop
endfacet
facet normal 0 0 0
 outer loop
 vertex -0.04 -0.021 2.50422e-10
 vertex -0.04 -0.0249049 0.00217889
 vertex -0.04 -0.0209201 0.00183027
 endloop
endfacet
facet normal 0 0 0
 outer loop
 vertex -0.152 -0.0209201 0.00183027
 vertex -0.152 -0.020681 0.00364661
 vertex -0.152 -0.0246202 0.0043412
 endloop
endfacet
facet normal 0 0 0
 outer loop
 vertex -0.152 -0.0209201 0.00183027
 vertex -0.152 -0.0246202 0.0043412
 vertex -0.152 -0.0249049 0.00217889
 endloop
endfacet
facet normal 0 0 0
 outer loop
 vertex -0.04 -0.0209201 0.00183027
 vertex -0.04 -0.0249049 0.00217889
 vertex -0.04 -0.0246202 0.0043412
 endloop
endfacet
facet normal 0 0 0
 outer loop
 vertex -0.04 -0.0209201 0.00183027
 vertex -0.04 -0.0246202 0.0043412
 vertex -0.04 -0.020681 0.00364661
 endloop
endfacet
facet normal 0 0 0
 outer loop
 vertex -0.152 -0.020681 0.00364661
 vertex -0.152 -0.0202844 0.0054352
 vertex -0.152 -0.0241481 0.00647048
 endloop
endfacet
facet normal 0 0 0
 outer loop
 vertex -0.152 -0.020681 0.00364661
 vertex -0.152 -0.0241481 0.00647048
 vertex -0.152 -0.0246202 0.0043412
 endloop
endfacet
facet normal 0 0 0
 outer loop
 vertex -0.04 -0.020681 0.00364661
 vertex -0.04 -0.0246202 0.0043412
 vertex -0.04 -0.0241481 0.00647048
 endloop
endfacet
facet normal 0 0 0
 outer loop
 vertex -0.04 -0.020681 0.00364661
 vertex -0.04 -0.0241481 0.00647048
 vertex -0.04 -0.0202844 0.0054352
 endloop
endfacet
facet normal 0 0 0
 outer loop
 vertex -0.152 -0.0202844 0.0054352
 vertex -0.152 -0.0197335 0.00718242
 vertex -0.152 -0.0234923 0.0085505
 endloop
endfacet
facet normal 0 0 0
 outer loop
 vertex -0.152 -0.0202844 0.0054352
 vertex -0.152 -0.0234923 0.0085505
 vertex -0.152 -0.0241481 0.00647048
 endloop
endfacet
facet normal 0 0 0
 outer loop
 vertex -0.04 -0.0202844 0.0054352
 vertex -0.04 -0.0241481 0.00647048
 vertex -0.04 -0.0234923 0.0085505
 endloop
endfacet
facet normal 0 0 0
 outer loop
 vertex -0.04 -0.0202844 0.0054352
 vertex -0.04 -0.0234923 0.0085505
 vertex -0.04 -0.0197335 0.00718242
 endloop
endfacet
facet normal 0 0 0
 outer loop
 vertex -0.152 -0.0197335 0.00718242
 vertex -0.152 -0.0190325 0.00887498
 vertex -0.152 -0.0226577 0.0105655
 endloop
endfacet
facet normal 0 0 0
 outer loop
 vertex -0.152 -0.0197335 0.00718242
 vertex -0.152 -0.0226577 0.0105655
 vertex -0.152 -0.0234923 0.0085505
 endloop
endfacet
facet normal 0 0 0
 outer loop
 vertex -0.04 -0.0197335 0.00718242
 vertex -0.04 -0.0234923 0.0085505
 vertex -0.04 -0.0226577 0.0105655
 endloop
endfacet
facet normal 0 0 0
 outer loop
 vertex -0.04 -0.0197335 0.00718242
 vertex -0.04 -0.0226577 0.0105655
 vertex -0.04 -0.0190325 0.00887498
 endloop
endfacet
facet normal 0 0 0
 outer loop
 vertex -0.152 -0.0190325 0.00887498
 vertex -0.152 -0.0181865 0.0105
 vertex -0.152 -0.0216506 0.0125
 endloop
endfacet
facet normal 0 0 0
 outer loop
 vertex -0.152 -0.0190325 0.00887498
 vertex -0.152 -0.0216506 0.0125
 vertex -0.152 -0.0226577 0.0105655
 endloop
endfacet
facet normal 0 0 0
 outer loop
 vertex -0.04 -0.0190325 0.00887498
 vertex -0.04 -0.0226577 0.0105655
 vertex -0.04 -0.0216506 0.0125
 endloop
endfacet
facet normal 0 0 0
 outer loop
 vertex -0.04 -0.0190325 0.00887498
 vertex -0.04 -0.0216506 0.0125
 vertex -0.04 -0.0181865 0.0105
 endloop
endfacet
facet normal 0 0 0
 outer loop
 vertex -0.152 -0.0181865 0.0105
 vertex -0.152 -0.0172022 0.0120451
 vertex -0.152 -0.0204788 0.0143394
 endloop
endfacet
facet normal 0 0 0
 outer loop
 vertex -0.152 -0.0181865 0.0105
 vertex -0.152 -0.0204788 0.0143394
 vertex -0.152 -0.0216506 0.0125
 endloop
endfacet
facet normal 0 0 0
 outer loop
 vertex -0.04 -0.0181865 0.0105
 vertex -0.04 -0.0216506 0.0125
 vertex -0.04 -0.0204788 0.0143394
 endloop
endfacet
facet normal 0 0 0
 outer loop
 vertex -0.04 -0.0181865 0.0105
 vertex -0.04 -0.0204788 0.0143394
 vertex -0.04 -0.0172022 0.0120451
 endloop
endfacet
facet normal 0 0 0
 outer loop
 vertex -0.152 -0.0172022 0.0120451
 vertex -0.152 -0.0160869 0.0134985
 vertex -0.152 -0.0191511 0.0160697
 endloop
endfacet
facet normal 0 0 0
 outer loop
 vertex -0.152 -0.0172022 0.0120451
 vertex -0.152 -0.0191511 0.0160697
 vertex -0.152 -0.0204788 0.0143394
 endloop
endfacet
facet normal 0 0 0
 outer loop
 vertex -0.04 -0.0172022 0.0120451
 vertex -0.04 -0.0204788 0.0143394
 vertex -0.04 -0.0191511 0.0160697
 endloop
endfacet
facet normal 0 0 0
 outer loop
 vertex -0.04 -0.0172022 0.0120451
 vertex -0.04 -0.0191511 0.0160697
 vertex -0.04 -0.0160869 0.0134985
 endloop
endfacet
facet normal 0 0 0
 outer loop
 vertex -0.152 -0.0160869 0.0134985
 vertex -0.152 -0.0148492 0.0148492
 vertex -0.152 -0.0176777 0.0176777
 endloop
endfacet
facet normal 0 0 0
 outer loop
 vertex -0.152 -0.0160869 0.0134985
 vertex -0.152 -0.0176777 0.0176777
 vertex -0.152 -0.0191511 0.0160697
 endloop
endfacet
facet normal 0 0 0
 outer loop
 vertex -0.04 -0.0160869 0.0134985
 vertex -0.04 -0.0191511 0.0160697
 vertex -0.04 -0.0176777 0.0176777
 endloop
endfacet
facet normal 0 0 0
 outer loop
 vertex -0.04 -0.0160869 0.0134985
 vertex -0.04 -0.0176777 0.0176777
 vertex -0.04 -0.0148492 0.0148492
 endloop
endfacet
facet normal 0 0 0
 outer loop
 vertex -0.152 -0.0148492 0.0148492
 vertex -0.152 -0.0134985 0.0160869
 vertex -0.152 -0.0160697 0.0191511
 endloop
endfacet
facet normal 0 0 0
 outer loop
 vertex -0.152 -0.0148492 0.0148492
 vertex -0.152 -0.0160697 0.0191511
 vertex -0.152 -0.0176777 0.0176777
 endloop
endfacet
facet normal 0 0 0
 outer loop
 vertex -0.04 -0.0148492 0.0148492
 vertex -0.04 -0.0176777 0.0176777
 vertex -0.04 -0.0160697 0.0191511
 endloop
endfacet
facet normal 0 0 0
 outer loop
 vertex -0.04 -0.0148492 0.0148492
 vertex -0.04 -0.0160697 0.0191511
 vertex -0.04 -0.0134985 0.0160869
 endloop
endfacet
facet normal 0 0 0
 outer loop
 vertex -0.152 -0.0134985 0.0160869
 vertex -0.152 -0.0120451 0.0172022
 vertex -0.152 -0.0143394 0.0204788
 endloop
endfacet
facet normal 0 0 0
 outer loop
 vertex -0.152 -0.0134985 0.0160869
 vertex -0.152 -0.0143394 0.0204788
 vertex -0.152 -0.0160697 0.0191511
 endloop
endfacet
facet normal 0 0 0
 outer loop
 vertex -0.04 -0.0134985 0.0160869
 vertex -0.04 -0.0160697 0.0191511
 vertex -0.04 -0.0143394 0.0204788
 endloop
endfacet
facet normal 0 0 0
 outer loop
 vertex -0.04 -0.0134985 0.0160869
 vertex -0.04 -0.0143394 0.0204788
 vertex -0.04 -0.0120451 0.0172022
 endloop
endfacet
facet normal 0 0 0
 outer loop
 vertex -0.152 -0.0120451 0.0172022
 vertex -0.152 -0.0105 0.0181865
 vertex -0.152 -0.0125 0.0216506
 endloop
endfacet
facet normal 0 0 0
 outer loop
 vertex -0.152 -0.0120451 0.0172022
 vertex -0.152 -0.0125 0.0216506
 vertex -0.152 -0.0143394 0.0204788
 endloop
endfacet
facet normal 0 0 0
 outer loop
 vertex -0.04 -0.0120451 0.0172022
 vertex -0.04 -0.0143394 0.0204788
 vertex -0.04 -0.0125 0.0216506
 endloop
endfacet
facet normal 0 0 0
 outer loop
 vertex -0.04 -0.0120451 0.0172022
 vertex -0.04 -0.0125 0.0216506
 vertex -0.04 -0.0105 0.0181865
 endloop
endfacet
facet normal 0 0 0
 outer loop
 vertex -0.152 -0.0105 0.0181865
 vertex -0.152 -0.00887499 0.0190325
 vertex -0.152 -0.0105655 0.0226577
 endloop
endfacet
facet normal 0 0 0
 outer loop
 vertex -0.152 -0.0105 0.0181865
 vertex -0.152 -0.0105655 0.0226577
 vertex -0.152 -0.0125 0.0216506
 endloop
endfacet
facet normal 0 0 0
 outer loop
 vertex -0.04 -0.0105 0.0181865
 vertex -0.04 -0.0125 0.0216506
 vertex -0.04 -0.0105655 0.0226577
 endloop
endfacet
facet normal 0 0 0
 outer loop
 vertex -0.04 -0.0105 0.0181865
 vertex -0.04 -0.0105655 0.0226577
 vertex -0.04 -0.00887499 0.0190325
 endloop
endfacet
facet normal 0 0 0
 outer loop
 vertex -0.152 -0.00887499 0.0190325
 vertex -0.152 -0.00718243 0.0197335
 vertex -0.152 -0.00855051 0.0234923
 endloop
endfacet
facet normal 0 0 0
 outer loop
 vertex -0.152 -0.00887499 0.0190325
 vertex -0.152 -0.00855051 0.0234923
 vertex -0.152 -0.0105655 0.0226577
 endloop
endfacet
facet normal 0 0 0
 outer loop
 vertex -0.04 -0.00887499 0.0190325
 vertex -0.04 -0.0105655 0.0226577
 vertex -0.04 -0.00855051 0.0234923
 endloop
endfacet
facet normal 0 0 0
 outer loop
 vertex -0.04 -0.00887499 0.0190325
 vertex -0.04 -0.00855051 0.0234923
 vertex -0.04 -0.00718243 0.0197335
 endloop
endfacet
facet normal 0 0 0
 outer loop
 vertex -0.152 -0.00718243 0.0197335
 vertex -0.152 -0.0054352 0.0202844
 vertex -0.152 -0.00647047 0.0241481
 endloop
endfacet
facet normal 0 0 0
 outer loop
 vertex -0.152 -0.00718243 0.0197335
 vertex -0.152 -0.00647047 0.0241481
 vertex -0.152 -0.00855051 0.0234923
 endloop
endfacet
facet normal 0 0 0
 outer loop
 vertex -0.04 -0.00718243 0.0197335
 vertex -0.04 -0.00855051 0.0234923
 vertex -0.04 -0.00647047 0.0241481
 endloop
endfacet
facet normal 0 0 0
 outer loop
 vertex -0.04 -0.00718243 0.0197335
 vertex -0.04 -0.00647047 0.0241481
 vertex -0.04 -0.0054352 0.0202844
 endloop
endfacet
facet normal 0 0 0
 outer loop
 vertex -0.152 -0.0054352 0.0202844
 vertex -0.152 -0.00364661 0.020681
 vertex -0.152 -0.0043412 0.0246202
 endloop
endfacet
facet normal 0 0 0
 outer loop
 vertex -0.152 -0.0054352 0.0202844
 vertex -0.152 -0.0043412 0.0246202
 vertex -0.152 -0.00647047 0.0241481
 endloop
endfacet
facet normal 0 0 0
 outer loop
 vertex -0.04 -0.0054352 0.0202844
 vertex -0.04 -0.00647047 0.0241481
 vertex -0.04 -0.0043412 0.0246202
 endloop
endfacet
facet normal 0 0 0
 outer loop
 vertex -0.04 -0.0054352 0.0202844
 vertex -0.04 -0.0043412 0.0246202
 vertex -0.04 -0.00364661 0.020681
 endloop
endfacet
facet normal 0 0 0
 outer loop
 vertex -0.152 -0.00364661 0.020681
 vertex -0.152 -0.00183027 0.0209201
 vertex -0.152 -0.00217889 0.0249049
 endloop
endfacet
facet normal 0 0 0
 outer loop
 vertex -0.152 -0.00364661 0.020681
 vertex -0.152 -0.00217889 0.0249049
 vertex -0.152 -0.0043412 0.0246202
 endloop
endfacet
facet normal 0 0 0
 outer loop
 vertex -0.04 -0.00364661 0.020681
 vertex -0.04 -0.0043412 0.0246202
 vertex -0.04 -0.00217889 0.0249049
 endloop
endfacet
facet normal 0 0 0
 outer loop
 vertex -0.04 -0.00364661 0.020681
 vertex -0.04 -0.00217889 0.0249049
 vertex -0.04 -0.00183027 0.0209201
 endloop
endfacet
facet normal 0 0 0
 outer loop
 vertex -0.152 -0.00183027 0.0209201
 vertex -0.152 3.67176e-09 0.021
 vertex -0.152 4.37114e-09 0.025
 endloop
endfacet
facet normal 0 0 0
 outer loop
 vertex -0.152 -0.00183027 0.0209201
 vertex -0.152 4.37114e-09 0.025
 vertex -0.152 -0.00217889 0.0249049
 endloop
endfacet
facet normal 0 0 0
 outer loop
 vertex -0.04 -0.00183027 0.0209201
 vertex -0.04 -0.00217889 0.0249049
 vertex -0.04 4.37114e-09 0.025
 endloop
endfacet
facet normal 0 0 0
 outer loop
 vertex -0.04 -0.00183027 0.0209201
 vertex -0.04 4.37114e-09 0.025
 vertex -0.04 3.67176e-09 0.021
 endloop
endfacet
facet normal 0 0 0
 outer loop
 vertex -0.04 0 0.025
 vertex -0.04 0.00217889 0.0249049
 vertex 0.1 0.00217889 0.0249049
 endloop
endfacet
facet normal 0 0 0
 outer loop
 vertex -0.04 0 0.025
 vertex 0.1 0.00217889 0.0249049
 vertex 0.1 0 0.025
 endloop
endfacet
facet normal 0 0 0
 outer loop
 vertex 0.1 0 0.0205
 vertex 0.1 0.00178669 0.020422
 vertex -0.04 0.00178669 0.020422
 endloop
endfacet
facet normal 0 0 0
 outer loop
 vertex 0.1 0 0.0205
 vertex -0.04 0.00178669 0.020422
 vertex -0.04 0 0.0205
 endloop
endfacet
facet normal 0 0 0
 outer loop
 vertex -0.04 0.00217889 0.0249049
 vertex -0.04 0.0043412 0.0246202
 vertex 0.1 0.0043412 0.0246202
 endloop
endfacet
facet normal 0 0 0
 outer loop
 vertex -0.04 0.00217889 0.0249049
 vertex 0.1 0.0043412 0.0246202
 vertex 0.1 0.00217889 0.0249049
 endloop
endfacet
facet normal 0 0 0
 outer loop
 vertex 0.1 0.00178669 0.020422
 vertex 0.1 0.00355979 0.0201886
 vertex -0.04 0.00355979 0.0201886
 endloop
endfacet
facet normal 0 0 0
 outer loop
 vertex 0.1 0.00178669 0.020422
 vertex -0.04 0.00355979 0.0201886
 vertex -0.04 0.00178669 0.020422
 endloop
endfacet
facet normal 0 0 0
 outer loop
 vertex -0.04 0.0043412 0.0246202
 vertex -0.04 0.00647048 0.0241481
 vertex 0.1 0.00647048 0.0241481
 endloop
endfacet
facet normal 0 0 0
 outer loop
 vertex -0.04 0.0043412 0.0246202
 vertex 0.1 0.00647048 0.0241481
 vertex 0.1 0.0043412 0.0246202
 endloop
endfacet
facet normal 0 0 0
 outer loop
 vertex 0.1 0.00355979 0.0201886
 vertex 0.1 0.00530579 0.0198015
 vertex -0.04 0.00530579 0.0198015
 endloop
endfacet
facet normal 0 0 0
 outer loop
 vertex 0.1 0.00355979 0.0201886
 vertex -0.04 0.00530579 0.0198015
 vertex -0.04 0.00355979 0.0201886
 endloop
endfacet
facet normal 0 0 0
 outer loop
 vertex -0.04 0.00647048 0.0241481
 vertex -0.04 0.0085505 0.0234923
 vertex 0.1 0.0085505 0.0234923
 endloop
endfacet
facet normal 0 0 0
 outer loop
 vertex -0.04 0.00647048 0.0241481
 vertex 0.1 0.0085505 0.0234923
 vertex 0.1 0.00647048 0.0241481
 endloop
endfacet
facet normal 0 0 0
 outer loop
 vertex 0.1 0.00530579 0.0198015
 vertex 0.1 0.00701141 0.0192637
 vertex -0.04 0.00701141 0.0192637
 endloop
endfacet
facet normal 0 0 0
 outer loop
 vertex 0.1 0.00530579 0.0198015
 vertex -0.04 0.00701141 0.0192637
 vertex -0.04 0.00530579 0.0198015
 endloop
endfacet
facet normal 0 0 0
 outer loop
 vertex -0.04 0.0085505 0.0234923
 vertex -0.04 0.0105655 0.0226577
 vertex 0.1 0.0105655 0.0226577
 endloop
endfacet
facet normal 0 0 0
 outer loop
 vertex -0.04 0.0085505 0.0234923
 vertex 0.1 0.0105655 0.0226577
 vertex 0.1 0.0085505 0.0234923
 endloop
endfacet
facet normal 0 0 0
 outer loop
 vertex 0.1 0.00701141 0.0192637
 vertex 0.1 0.00866367 0.0185793
 vertex -0.04 0.00866367 0.0185793
 endloop
endfacet
facet normal 0 0 0
 outer loop
 vertex 0.1 0.00701141 0.0192637
 vertex -0.04 0.00866367 0.0185793
 vertex -0.04 0.00701141 0.0192637
 endloop
endfacet
facet normal 0 0 0
 outer loop
 vertex -0.04 0.0105655 0.0226577
 vertex -0.04 0.0125 0.0216506
 vertex 0.1 0.0125 0.0216506
 endloop
endfacet
facet normal 0 0 0
 outer loop
 vertex -0.04 0.0105655 0.0226577
 vertex 0.1 0.0125 0.0216506
 vertex 0.1 0.0105655 0.0226577
 endloop
endfacet
facet normal 0 0 0
 outer loop
 vertex 0.1 0.00866367 0.0185793
 vertex 0.1 0.01025 0.0177535
 vertex -0.04 0.01025 0.0177535
 endloop
endfacet
facet normal 0 0 0
 outer loop
 vertex 0.1 0.00866367 0.0185793
 vertex -0.04 0.01025 0.0177535
 vertex -0.04 0.00866367 0.0185793
 endloop
endfacet
facet normal 0 0 0
 outer loop
 vertex -0.04 0.0125 0.0216506
 vertex -0.04 0.0143394 0.0204788
 vertex 0.1 0.0143394 0.0204788
 endloop
endfacet
facet normal 0 0 0
 outer loop
 vertex -0.04 0.0125 0.0216506
 vertex 0.1 0.0143394 0.0204788
 vertex 0.1 0.0125 0.0216506
 endloop
endfacet
facet normal 0 0 0
 outer loop
 vertex 0.1 0.01025 0.0177535
 vertex 0.1 0.0117583 0.0167926
 vertex -0.04 0.0117583 0.0167926
 endloop
endfacet
facet normal 0 0 0
 outer loop
 vertex 0.1 0.01025 0.0177535
 vertex -0.04 0.0117583 0.0167926
 vertex -0.04 0.01025 0.0177535
 endloop
endfacet
facet normal 0 0 0
 outer loop
 vertex -0.04 0.0143394 0.0204788
 vertex -0.04 0.0160697 0.0191511
 vertex 0.1 0.0160697 0.0191511
 endloop
endfacet
facet normal 0 0 0
 outer loop
 vertex -0.04 0.0143394 0.0204788
 vertex 0.1 0.0160697 0.0191511
 vertex 0.1 0.0143394 0.0204788
 endloop
endfacet
facet normal 0 0 0
 outer loop
 vertex 0.1 0.0117583 0.0167926
 vertex 0.1 0.0131771 0.0157039
 vertex -0.04 0.0131771 0.0157039
 endloop
endfacet
facet normal 0 0 0
 outer loop
 vertex 0.1 0.0117583 0.0167926
 vertex -0.04 0.0131771 0.0157039
 vertex -0.04 0.0117583 0.0167926
 endloop
endfacet
facet normal 0 0 0
 outer loop
 vertex -0.04 0.0160697 0.0191511
 vertex -0.04 0.0176777 0.0176777
 vertex 0.1 0.0176777 0.0176777
 endloop
endfacet
facet normal 0 0 0
 outer loop
 vertex -0.04 0.0160697 0.0191511
 vertex 0.1 0.0176777 0.0176777
 vertex 0.1 0.0160697 0.0191511
 endloop
endfacet
facet normal 0 0 0
 outer loop
 vertex 0.1 0.0131771 0.0157039
 vertex 0.1 0.0144957 0.0144957
 vertex -0.04 0.0144957 0.0144957
 endloop
endfacet
facet normal 0 0 0
 outer loop
 vertex 0.1 0.0131771 0.0157039
 vertex -0.04 0.0144957 0.0144957
 vertex -0.04 0.0131771 0.0157039
 endloop
endfacet
facet normal 0 0 0
 outer loop
 vertex -0.04 0.0176777 0.0176777
 vertex -0.04 0.0191511 0.0160697
 vertex 0.1 0.0191511 0.0160697
 endloop
endfacet
facet normal 0 0 0
 outer loop
 vertex -0.04 0.0176777 0.0176777
 vertex 0.1 0.0191511 0.0160697
 vertex 0.1 0.0176777 0.0176777
 endloop
endfacet
facet normal 0 0 0
 outer loop
 vertex 0.1 0.0144957 0.0144957
 vertex 0.1 0.0157039 0.0131771
 vertex -0.04 0.0157039 0.0131771
 endloop
endfacet
facet normal 0 0 0
 outer loop
 vertex 0.1 0.0144957 0.0144957
 vertex -0.04 0.0157039 0.0131771
 vertex -0.04 0.0144957 0.0144957
 endloop
endfacet
facet normal 0 0 0
 outer loop
 vertex -0.04 0.0191511 0.0160697
 vertex -0.04 0.0204788 0.0143394
 vertex 0.1 0.0204788 0.0143394
 endloop
endfacet
facet normal 0 0 0
 outer loop
 vertex -0.04 0.0191511 0.0160697
 vertex 0.1 0.0204788 0.0143394
 vertex 0.1 0.0191511 0.0160697
 endloop
endfacet
facet normal 0 0 0
 outer loop
 vertex 0.1 0.0157039 0.0131771
 vertex 0.1 0.0167926 0.0117583
 vertex -0.04 0.0167926 0.0117583
 endloop
endfacet
facet normal 0 0 0
 outer loop
 vertex 0.1 0.0157039 0.0131771
 vertex -0.04 0.0167926 0.0117583
 vertex -0.04 0.0157039 0.0131771
 endloop
endfacet
facet normal 0 0 0
 outer loop
 vertex -0.04 0.0204788 0.0143394
 vertex -0.04 0.0216506 0.0125
 vertex 0.1 0.0216506 0.0125
 endloop
endfacet
facet normal 0 0 0
 outer loop
 vertex -0.04 0.0204788 0.0143394
 vertex 0.1 0.0216506 0.0125
 vertex 0.1 0.0204788 0.0143394
 endloop
endfacet
facet normal 0 0 0
 outer loop
 vertex 0.1 0.0167926 0.0117583
 vertex 0.1 0.0177535 0.01025
 vertex -0.04 0.0177535 0.01025
 endloop
endfacet
facet normal 0 0 0
 outer loop
 vertex 0.1 0.0167926 0.0117583
 vertex -0.04 0.0177535 0.01025
 vertex -0.04 0.0167926 0.0117583
 endloop
endfacet
facet normal 0 0 0
 outer loop
 vertex -0.04 0.0216506 0.0125
 vertex -0.04 0.0226577 0.0105655
 vertex 0.1 0.0226577 0.0105655
 endloop
endfacet
facet normal 0 0 0
 outer loop
 vertex -0.04 0.0216506 0.0125
 vertex 0.1 0.0226577 0.0105655
 vertex 0.1 0.0216506 0.0125
 endloop
endfacet
facet normal 0 0 0
 outer loop
 vertex 0.1 0.0177535 0.01025
 vertex 0.1 0.0185793 0.00866367
 vertex -0.04 0.0185793 0.00866367
 endloop
endfacet
facet normal 0 0 0
 outer loop
 vertex 0.1 0.0177535 0.01025
 vertex -0.04 0.0185793 0.00866367
 vertex -0.04 0.0177535 0.01025
 endloop
endfacet
facet normal 0 0 0
 outer loop
 vertex -0.04 0.0226577 0.0105655
 vertex -0.04 0.0234923 0.0085505
 vertex 0.1 0.0234923 0.0085505
 endloop
endfacet
facet normal 0 0 0
 outer loop
 vertex -0.04 0.0226577 0.0105655
 vertex 0.1 0.0234923 0.0085505
 vertex 0.1 0.0226577 0.0105655
 endloop
endfacet
facet normal 0 0 0
 outer loop
 vertex 0.1 0.0185793 0.00866367
 vertex 0.1 0.0192637 0.00701141
 vertex -0.04 0.0192637 0.00701141
 endloop
endfacet
facet normal 0 0 0
 outer loop
 vertex 0.1 0.0185793 0.00866367
 vertex -0.04 0.0192637 0.00701141
 vertex -0.04 0.0185793 0.00866367
 endloop
endfacet
facet normal 0 0 0
 outer loop
 vertex -0.04 0.0234923 0.0085505
 vertex -0.04 0.0241481 0.00647048
 vertex 0.1 0.0241481 0.00647048
 endloop
endfacet
facet normal 0 0 0
 outer loop
 vertex -0.04 0.0234923 0.0085505
 vertex 0.1 0.0241481 0.00647048
 vertex 0.1 0.0234923 0.0085505
 endloop
endfacet
facet normal 0 0 0
 outer loop
 vertex 0.1 0.0192637 0.00701141
 vertex 0.1 0.0198015 0.00530579
 vertex -0.04 0.0198015 0.00530579
 endloop
endfacet
facet normal 0 0 0
 outer loop
 vertex 0.1 0.0192637 0.00701141
 vertex -0.04 0.0198015 0.00530579
 vertex -0.04 0.0192637 0.00701141
 endloop
endfacet
facet normal 0 0 0
 outer loop
 vertex -0.04 0.0241481 0.00647048
 vertex -0.04 0.0246202 0.00434121
 vertex 0.1 0.0246202 0.00434121
 endloop
endfacet
facet normal 0 0 0
 outer loop
 vertex -0.04 0.0241481 0.00647048
 vertex 0.1 0.0246202 0.00434121
 vertex 0.1 0.0241481 0.00647048
 endloop
endfacet
facet normal 0 0 0
 outer loop
 vertex 0.1 0.0198015 0.00530579
 vertex 0.1 0.0201886 0.00355979
 vertex -0.04 0.0201886 0.00355979
 endloop
endfacet
facet normal 0 0 0
 outer loop
 vertex 0.1 0.0198015 0.00530579
 vertex -0.04 0.0201886 0.00355979
 vertex -0.04 0.0198015 0.00530579
 endloop
endfacet
facet normal 0 0 0
 outer loop
 vertex -0.04 0.0246202 0.00434121
 vertex -0.04 0.0249049 0.0021789
 vertex 0.1 0.0249049 0.0021789
 endloop
endfacet
facet normal 0 0 0
 outer loop
 vertex -0.04 0.0246202 0.00434121
 vertex 0.1 0.0249049 0.0021789
 vertex 0.1 0.0246202 0.00434121
 endloop
endfacet
facet normal 0 0 0
 outer loop
 vertex 0.1 0.0201886 0.00355979
 vertex 0.1 0.020422 0.00178669
 vertex -0.04 0.020422 0.00178669
 endloop
endfacet
facet normal 0 0 0
 outer loop
 vertex 0.1 0.0201886 0.00355979
 vertex -0.04 0.020422 0.00178669
 vertex -0.04 0.0201886 0.00355979
 endloop
endfacet
facet normal 0 0 0
 outer loop
 vertex -0.04 0.0249049 0.0021789
 vertex -0.04 0.025 -1.09278e-09
 vertex 0.1 0.025 -1.09278e-09
 endloop
endfacet
facet normal 0 0 0
 outer loop
 vertex -0.04 0.0249049 0.0021789
 vertex 0.1 0.025 -1.09278e-09
 vertex 0.1 0.0249049 0.0021789
 endloop
endfacet
facet normal 0 0 0
 outer loop
 vertex 0.1 0.020422 0.00178669
 vertex 0.1 0.0205 -8.96083e-10
 vertex -0.04 0.0205 -8.96083e-10
 endloop
endfacet
facet normal 0 0 0
 outer loop
 vertex 0.1 0.020422 0.00178669
 vertex -0.04 0.0205 -8.96083e-10
 vertex -0.04 0.020422 0.00178669
 endloop
endfacet
facet normal 0 0 0
 outer loop
 vertex -0.04 0.025 -1.09278e-09
 vertex -0.04 0.0249049 -0.00217889
 vertex 0.1 0.0249049 -0.00217889
 endloop
endfacet
facet normal 0 0 0
 outer loop
 vertex -0.04 0.025 -1.09278e-09
 vertex 0.1 0.0249049 -0.00217889
 vertex 0.1 0.025 -1.09278e-09
 endloop
endfacet
facet normal 0 0 0
 outer loop
 vertex 0.1 0.0205 -8.96083e-10
 vertex 0.1 0.020422 -0.00178669
 vertex -0.04 0.020422 -0.00178669
 endloop
endfacet
facet normal 0 0 0
 outer loop
 vertex 0.1 0.0205 -8.96083e-10
 vertex -0.04 0.020422 -0.00178669
 vertex -0.04 0.0205 -8.96083e-10
 endloop
endfacet
facet normal 0 0 0
 outer loop
 vertex -0.04 0.0249049 -0.00217889
 vertex -0.04 0.0246202 -0.00434121
 vertex 0.1 0.0246202 -0.00434121
 endloop
endfacet
facet normal 0 0 0
 outer loop
 vertex -0.04 0.0249049 -0.00217889
 vertex 0.1 0.0246202 -0.00434121
 vertex 0.1 0.0249049 -0.00217889
 endloop
endfacet
facet normal 0 0 0
 outer loop
 vertex 0.1 0.020422 -0.00178669
 vertex 0.1 0.0201886 -0.00355979
 vertex -0.04 0.0201886 -0.00355979
 endloop
endfacet
facet normal 0 0 0
 outer loop
 vertex 0.1 0.020422 -0.00178669
 vertex -0.04 0.0201886 -0.00355979
 vertex -0.04 0.020422 -0.00178669
 endloop
endfacet
facet normal 0 0 0
 outer loop
 vertex -0.04 0.0246202 -0.00434121
 vertex -0.04 0.0241481 -0.00647048
 vertex 0.1 0.0241481 -0.00647048
 endloop
endfacet
facet normal 0 0 0
 outer loop
 vertex -0.04 0.0246202 -0.00434121
 vertex 0.1 0.0241481 -0.00647048
 vertex 0.1 0.0246202 -0.00434121
 endloop
endfacet
facet normal 0 0 0
 outer loop
 vertex 0.1 0.0201886 -0.00355979
 vertex 0.1 0.0198015 -0.00530579
 vertex -0.04 0.0198015 -0.00530579
 endloop
endfacet
facet normal 0 0 0
 outer loop
 vertex 0.1 0.0201886 -0.00355979
 vertex -0.04 0.0198015 -0.00530579
 vertex -0.04 0.0201886 -0.00355979
 endloop
endfacet
facet normal 0 0 0
 outer loop
 vertex -0.04 0.0241481 -0.00647048
 vertex -0.04 0.0234923 -0.0085505
 vertex 0.1 0.0234923 -0.0085505
 endloop
endfacet
facet normal 0 0 0
 outer loop
 vertex -0.04 0.0241481 -0.00647048
 vertex 0.1 0.0234923 -0.0085505
 vertex 0.1 0.0241481 -0.00647048
 endloop
endfacet
facet normal 0 0 0
 outer loop
 vertex 0.1 0.0198015 -0.00530579
 vertex 0.1 0.0192637 -0.00701141
 vertex -0.04 0.0192637 -0.00701141
 endloop
endfacet
facet normal 0 0 0
 outer loop
 vertex 0.1 0.0198015 -0.00530579
 vertex -0.04 0.0192637 -0.00701141
 vertex -0.04 0.0198015 -0.00530579
 endloop
endfacet
facet normal 0 0 0
 outer loop
 vertex -0.04 0.0234923 -0.0085505
 vertex -0.04 0.0226577 -0.0105655
 vertex 0.1 0.0226577 -0.0105655
 endloop
endfacet
facet normal 0 0 0
 outer loop
 vertex -0.04 0.0234923 -0.0085505
 vertex 0.1 0.0226577 -0.0105655
 vertex 0.1 0.0234923 -0.0085505
 endloop
endfacet
facet normal 0 0 0
 outer loop
 vertex 0.1 0.0192637 -0.00701141
 vertex 0.1 0.0185793 -0.00866368
 vertex -0.04 0.0185793 -0.00866368
 endloop
endfacet
facet normal 0 0 0
 outer loop
 vertex 0.1 0.0192637 -0.00701141
 vertex -0.04 0.0185793 -0.00866368
 vertex -0.04 0.0192637 -0.00701141
 endloop
endfacet
facet normal 0 0 0
 outer loop
 vertex -0.04 0.0226577 -0.0105655
 vertex -0.04 0.0216506 -0.0125
 vertex 0.1 0.0216506 -0.0125
 endloop
endfacet
facet normal 0 0 0
 outer loop
 vertex -0.04 0.0226577 -0.0105655
 vertex 0.1 0.0216506 -0.0125
 vertex 0.1 0.0226577 -0.0105655
 endloop
endfacet
facet normal 0 0 0
 outer loop
 vertex 0.1 0.0185793 -0.00866368
 vertex 0.1 0.0177535 -0.01025
 vertex -0.04 0.0177535 -0.01025
 endloop
endfacet
facet normal 0 0 0
 outer loop
 vertex 0.1 0.0185793 -0.00866368
 vertex -0.04 0.0177535 -0.01025
 vertex -0.04 0.0185793 -0.00866368
 endloop
endfacet
facet normal 0 0 0
 outer loop
 vertex -0.04 0.0216506 -0.0125
 vertex -0.04 0.0204788 -0.0143394
 vertex 0.1 0.0204788 -0.0143394
 endloop
endfacet
facet normal 0 0 0
 outer loop
 vertex -0.04 0.0216506 -0.0125
 vertex 0.1 0.0204788 -0.0143394
 vertex 0.1 0.0216506 -0.0125
 endloop
endfacet
facet normal 0 0 0
 outer loop
 vertex 0.1 0.0177535 -0.01025
 vertex 0.1 0.0167926 -0.0117583
 vertex -0.04 0.0167926 -0.0117583
 endloop
endfacet
facet normal 0 0 0
 outer loop
 vertex 0.1 0.0177535 -0.01025
 vertex -0.04 0.0167926 -0.0117583
 vertex -0.04 0.0177535 -0.01025
 endloop
endfacet
facet normal 0 0 0
 outer loop
 vertex -0.04 0.0204788 -0.0143394
 vertex -0.04 0.0191511 -0.0160697
 vertex 0.1 0.0191511 -0.0160697
 endloop
endfacet
facet normal 0 0 0
 outer loop
 vertex -0.04 0.0204788 -0.0143394
 vertex 0.1 0.0191511 -0.0160697
 vertex 0.1 0.0204788 -0.0143394
 endloop
endfacet
facet normal 0 0 0
 outer loop
 vertex 0.1 0.0167926 -0.0117583
 vertex 0.1 0.0157039 -0.0131771
 vertex -0.04 0.0157039 -0.0131771
 endloop
endfacet
facet normal 0 0 0
 outer loop
 vertex 0.1 0.0167926 -0.0117583
 vertex -0.04 0.0157039 -0.0131771
 vertex -0.04 0.0167926 -0.0117583
 endloop
endfacet
facet normal 0 0 0
 outer loop
 vertex -0.04 0.0191511 -0.0160697
 vertex -0.04 0.0176777 -0.0176777
 vertex 0.1 0.0176777 -0.0176777
 endloop
endfacet
facet normal 0 0 0
 outer loop
 vertex -0.04 0.0191511 -0.0160697
 vertex 0.1 0.0176777 -0.0176777
 vertex 0.1 0.0191511 -0.0160697
 endloop
endfacet
facet normal 0 0 0
 outer loop
 vertex 0.1 0.0157039 -0.0131771
 vertex 0.1 0.0144957 -0.0144957
 vertex -0.04 0.0144957 -0.0144957
 endloop
endfacet
facet normal 0 0 0
 outer loop
 vertex 0.1 0.0157039 -0.0131771
 vertex -0.04 0.0144957 -0.0144957
 vertex -0.04 0.0157039 -0.0131771
 endloop
endfacet
facet normal 0 0 0
 outer loop
 vertex -0.04 0.0176777 -0.0176777
 vertex -0.04 0.0160697 -0.0191511
 vertex 0.1 0.0160697 -0.0191511
 endloop
endfacet
facet normal 0 0 0
 outer loop
 vertex -0.04 0.0176777 -0.0176777
 vertex 0.1 0.0160697 -0.0191511
 vertex 0.1 0.0176777 -0.0176777
 endloop
endfacet
facet normal 0 0 0
 outer loop
 vertex 0.1 0.0144957 -0.0144957
 vertex 0.1 0.0131771 -0.0157039
 vertex -0.04 0.0131771 -0.0157039
 endloop
endfacet
facet normal 0 0 0
 outer loop
 vertex 0.1 0.0144957 -0.0144957
 vertex -0.04 0.0131771 -0.0157039
 vertex -0.04 0.0144957 -0.0144957
 endloop
endfacet
facet normal 0 0 0
 outer loop
 vertex -0.04 0.0160697 -0.0191511
 vertex -0.04 0.0143394 -0.0204788
 vertex 0.1 0.0143394 -0.0204788
 endloop
endfacet
facet normal 0 0 0
 outer loop
 vertex -0.04 0.0160697 -0.0191511
 vertex 0.1 0.0143394 -0.0204788
 vertex 0.1 0.0160697 -0.0191511
 endloop
endfacet
facet normal 0 0 0
 outer loop
 vertex 0.1 0.0131771 -0.0157039
 vertex 0.1 0.0117583 -0.0167926
 vertex -0.04 0.0117583 -0.0167926
 endloop
endfacet
facet normal 0 0 0
 outer loop
 vertex 0.1 0.0131771 -0.0157039
 vertex -0.04 0.0117583 -0.0167926
 vertex -0.04 0.0131771 -0.0157039
 endloop
endfacet
facet normal 0 0 0
 outer loop
 vertex -0.04 0.0143394 -0.0204788
 vertex -0.04 0.0125 -0.0216506
 vertex 0.1 0.0125 -0.0216506
 endloop
endfacet
facet normal 0 0 0
 outer loop
 vertex -0.04 0.0143394 -0.0204788
 vertex 0.1 0.0125 -0.0216506
 vertex 0.1 0.0143394 -0.0204788
 endloop
endfacet
facet normal 0 0 0
 outer loop
 vertex 0.1 0.0117583 -0.0167926
 vertex 0.1 0.01025 -0.0177535
 vertex -0.04 0.01025 -0.0177535
 endloop
endfacet
facet normal 0 0 0
 outer loop
 vertex 0.1 0.0117583 -0.0167926
 vertex -0.04 0.01025 -0.0177535
 vertex -0.04 0.0117583 -0.0167926
 endloop
endfacet
facet normal 0 0 0
 outer loop
 vertex -0.04 0.0125 -0.0216506
 vertex -0.04 0.0105655 -0.0226577
 vertex 0.1 0.0105655 -0.0226577
 endloop
endfacet
facet normal 0 0 0
 outer loop
 vertex -0.04 0.0125 -0.0216506
 vertex 0.1 0.0105655 -0.0226577
 vertex 0.1 0.0125 -0.0216506
 endloop
endfacet
facet normal 0 0 0
 outer loop
 vertex 0.1 0.01025 -0.0177535
 vertex 0.1 0.00866368 -0.0185793
 vertex -0.04 0.00866368 -0.0185793
 endloop
endfacet
facet normal 0 0 0
 outer loop
 vertex 0.1 0.01025 -0.0177535
 vertex -0.04 0.00866368 -0.0185793
 vertex -0.04 0.01025 -0.0177535
 endloop
endfacet
facet normal 0 0 0
 outer loop
 vertex -0.04 0.0105655 -0.0226577
 vertex -0.04 0.00855051 -0.0234923
 vertex 0.1 0.00855051 -0.0234923
 endloop
endfacet
facet normal 0 0 0
 outer loop
 vertex -0.04 0.0105655 -0.0226577
 vertex 0.1 0.00855051 -0.0234923
 vertex 0.1 0.0105655 -0.0226577
 endloop
endfacet
facet normal 0 0 0
 outer loop
 vertex 0.1 0.00866368 -0.0185793
 vertex 0.1 0.00701141 -0.0192637
 vertex -0.04 0.00701141 -0.0192637
 endloop
endfacet
facet normal 0 0 0
 outer loop
 vertex 0.1 0.00866368 -0.0185793
 vertex -0.04 0.00701141 -0.0192637
 vertex -0.04 0.00866368 -0.0185793
 endloop
endfacet
facet normal 0 0 0
 outer loop
 vertex -0.04 0.00855051 -0.0234923
 vertex -0.04 0.00647048 -0.0241481
 vertex 0.1 0.00647048 -0.0241481
 endloop
endfacet
facet normal 0 0 0
 outer loop
 vertex -0.04 0.00855051 -0.0234923
 vertex 0.1 0.00647048 -0.0241481
 vertex 0.1 0.00855051 -0.0234923
 endloop
endfacet
facet normal 0 0 0
 outer loop
 vertex 0.1 0.00701141 -0.0192637
 vertex 0.1 0.00530579 -0.0198015
 vertex -0.04 0.00530579 -0.0198015
 endloop
endfacet
facet normal 0 0 0
 outer loop
 vertex 0.1 0.00701141 -0.0192637
 vertex -0.04 0.00530579 -0.0198015
 vertex -0.04 0.00701141 -0.0192637
 endloop
endfacet
facet normal 0 0 0
 outer loop
 vertex -0.04 0.00647048 -0.0241481
 vertex -0.04 0.00434121 -0.0246202
 vertex 0.1 0.00434121 -0.0246202
 endloop
endfacet
facet normal 0 0 0
 outer loop
 vertex -0.04 0.00647048 -0.0241481
 vertex 0.1 0.00434121 -0.0246202
 vertex 0.1 0.00647048 -0.0241481
 endloop
endfacet
facet normal 0 0 0
 outer loop
 vertex 0.1 0.00530579 -0.0198015
 vertex 0.1 0.00355979 -0.0201886
 vertex -0.04 0.00355979 -0.0201886
 endloop
endfacet
facet normal 0 0 0
 outer loop
 vertex 0.1 0.00530579 -0.0198015
 vertex -0.04 0.00355979 -0.0201886
 vertex -0.04 0.00530579 -0.0198015
 endloop
endfacet
facet normal 0 0 0
 outer loop
 vertex -0.04 0.00434121 -0.0246202
 vertex -0.04 0.00217889 -0.0249049
 vertex 0.1 0.00217889 -0.0249049
 endloop
endfacet
facet normal 0 0 0
 outer loop
 vertex -0.04 0.00434121 -0.0246202
 vertex 0.1 0.00217889 -0.0249049
 vertex 0.1 0.00434121 -0.0246202
 endloop
endfacet
facet normal 0 0 0
 outer loop
 vertex 0.1 0.00355979 -0.0201886
 vertex 0.1 0.00178669 -0.020422
 vertex -0.04 0.00178669 -0.020422
 endloop
endfacet
facet normal 0 0 0
 outer loop
 vertex 0.1 0.00355979 -0.0201886
 vertex -0.04 0.00178669 -0.020422
 vertex -0.04 0.00355979 -0.0201886
 endloop
endfacet
facet normal 0 0 0
 outer loop
 vertex -0.04 0.00217889 -0.0249049
 vertex -0.04 -2.18557e-09 -0.025
 vertex 0.1 -2.18557e-09 -0.025
 endloop
endfacet
facet normal 0 0 0
 outer loop
 vertex -0.04 0.00217889 -0.0249049
 vertex 0.1 -2.18557e-09 -0.025
 vertex 0.1 0.00217889 -0.0249049
 endloop
endfacet
facet normal 0 0 0
 outer loop
 vertex 0.1 0.00178669 -0.020422
 vertex 0.1 -1.79217e-09 -0.0205
 vertex -0.04 -1.79217e-09 -0.0205
 endloop
endfacet
facet normal 0 0 0
 outer loop
 vertex 0.1 0.00178669 -0.020422
 vertex -0.04 -1.79217e-09 -0.0205
 vertex -0.04 0.00178669 -0.020422
 endloop
endfacet
facet normal 0 0 0
 outer loop
 vertex -0.04 -2.18557e-09 -0.025
 vertex -0.04 -0.0021789 -0.0249049
 vertex 0.1 -0.0021789 -0.0249049
 endloop
endfacet
facet normal 0 0 0
 outer loop
 vertex -0.04 -2.18557e-09 -0.025
 vertex 0.1 -0.0021789 -0.0249049
 vertex 0.1 -2.18557e-09 -0.025
 endloop
endfacet
facet normal 0 0 0
 outer loop
 vertex 0.1 -1.79217e-09 -0.0205
 vertex 0.1 -0.00178669 -0.020422
 vertex -0.04 -0.00178669 -0.020422
 endloop
endfacet
facet normal 0 0 0
 outer loop
 vertex 0.1 -1.79217e-09 -0.0205
 vertex -0.04 -0.00178669 -0.020422
 vertex -0.04 -1.79217e-09 -0.0205
 endloop
endfacet
facet normal 0 0 0
 outer loop
 vertex -0.04 -0.0021789 -0.0249049
 vertex -0.04 -0.00434121 -0.0246202
 vertex 0.1 -0.00434121 -0.0246202
 endloop
endfacet
facet normal 0 0 0
 outer loop
 vertex -0.04 -0.0021789 -0.0249049
 vertex 0.1 -0.00434121 -0.0246202
 vertex 0.1 -0.0021789 -0.0249049
 endloop
endfacet
facet normal 0 0 0
 outer loop
 vertex 0.1 -0.00178669 -0.020422
 vertex 0.1 -0.00355979 -0.0201886
 vertex -0.04 -0.00355979 -0.0201886
 endloop
endfacet
facet normal 0 0 0
 outer loop
 vertex 0.1 -0.00178669 -0.020422
 vertex -0.04 -0.00355979 -0.0201886
 vertex -0.04 -0.00178669 -0.020422
 endloop
endfacet
facet normal 0 0 0
 outer loop
 vertex -0.04 -0.00434121 -0.0246202
 vertex -0.04 -0.00647048 -0.0241481
 vertex 0.1 -0.00647048 -0.0241481
 endloop
endfacet
facet normal 0 0 0
 outer loop
 vertex -0.04 -0.00434121 -0.0246202
 vertex 0.1 -0.00647048 -0.0241481
 vertex 0.1 -0.00434121 -0.0246202
 endloop
endfacet
facet normal 0 0 0
 outer loop
 vertex 0.1 -0.00355979 -0.0201886
 vertex 0.1 -0.00530579 -0.0198015
 vertex -0.04 -0.00530579 -0.0198015
 endloop
endfacet
facet normal 0 0 0
 outer loop
 vertex 0.1 -0.00355979 -0.0201886
 vertex -0.04 -0.00530579 -0.0198015
 vertex -0.04 -0.00355979 -0.0201886
 endloop
endfacet
facet normal 0 0 0
 outer loop
 vertex -0.04 -0.00647048 -0.0241481
 vertex -0.04 -0.0085505 -0.0234923
 vertex 0.1 -0.0085505 -0.0234923
 endloop
endfacet
facet normal 0 0 0
 outer loop
 vertex -0.04 -0.00647048 -0.0241481
 vertex 0.1 -0.0085505 -0.0234923
 vertex 0.1 -0.00647048 -0.0241481
 endloop
endfacet
facet normal 0 0 0
 outer loop
 vertex 0.1 -0.00530579 -0.0198015
 vertex 0.1 -0.00701141 -0.0192637
 vertex -0.04 -0.00701141 -0.0192637
 endloop
endfacet
facet normal 0 0 0
 outer loop
 vertex 0.1 -0.00530579 -0.0198015
 vertex -0.04 -0.00701141 -0.0192637
 vertex -0.04 -0.00530579 -0.0198015
 endloop
endfacet
facet normal 0 0 0
 outer loop
 vertex -0.04 -0.0085505 -0.0234923
 vertex -0.04 -0.0105655 -0.0226577
 vertex 0.1 -0.0105655 -0.0226577
 endloop
endfacet
facet normal 0 0 0
 outer loop
 vertex -0.04 -0.0085505 -0.0234923
 vertex 0.1 -0.0105655 -0.0226577
 vertex 0.1 -0.0085505 -0.0234923
 endloop
endfacet
facet normal 0 0 0
 outer loop
 vertex 0.1 -0.00701141 -0.0192637
 vertex 0.1 -0.00866367 -0.0185793
 vertex -0.04 -0.00866367 -0.0185793
 endloop
endfacet
facet normal 0 0 0
 outer loop
 vertex 0.1 -0.00701141 -0.0192637
 vertex -0.04 -0.00866367 -0.0185793
 vertex -0.04 -0.00701141 -0.0192637
 endloop
endfacet
facet normal 0 0 0
 outer loop
 vertex -0.04 -0.0105655 -0.0226577
 vertex -0.04 -0.0125 -0.0216506
 vertex 0.1 -0.0125 -0.0216506
 endloop
endfacet
facet normal 0 0 0
 outer loop
 vertex -0.04 -0.0105655 -0.0226577
 vertex 0.1 -0.0125 -0.0216506
 vertex 0.1 -0.0105655 -0.0226577
 endloop
endfacet
facet normal 0 0 0
 outer loop
 vertex 0.1 -0.00866367 -0.0185793
 vertex 0.1 -0.01025 -0.0177535
 vertex -0.04 -0.01025 -0.0177535
 endloop
endfacet
facet normal 0 0 0
 outer loop
 vertex 0.1 -0.00866367 -0.0185793
 vertex -0.04 -0.01025 -0.0177535
 vertex -0.04 -0.00866367 -0.0185793
 endloop
endfacet
facet normal 0 0 0
 outer loop
 vertex -0.04 -0.0125 -0.0216506
 vertex -0.04 -0.0143394 -0.0204788
 vertex 0.1 -0.0143394 -0.0204788
 endloop
endfacet
facet normal 0 0 0
 outer loop
 vertex -0.04 -0.0125 -0.0216506
 vertex 0.1 -0.0143394 -0.0204788
 vertex 0.1 -0.0125 -0.0216506
 endloop
endfacet
facet normal 0 0 0
 outer loop
 vertex 0.1 -0.01025 -0.0177535
 vertex 0.1 -0.0117583 -0.0167926
 vertex -0.04 -0.0117583 -0.0167926
 endloop
endfacet
facet normal 0 0 0
 outer loop
 vertex 0.1 -0.01025 -0.0177535
 vertex -0.04 -0.0117583 -0.0167926
 vertex -0.04 -0.01025 -0.0177535
 endloop
endfacet
facet normal 0 0 0
 outer loop
 vertex -0.04 -0.0143394 -0.0204788
 vertex -0.04 -0.0160697 -0.0191511
 vertex 0.1 -0.0160697 -0.0191511
 endloop
endfacet
facet normal 0 0 0
 outer loop
 vertex -0.04 -0.0143394 -0.0204788
 vertex 0.1 -0.0160697 -0.0191511
 vertex 0.1 -0.0143394 -0.0204788
 endloop
endfacet
facet normal 0 0 0
 outer loop
 vertex 0.1 -0.0117583 -0.0167926
 vertex 0.1 -0.0131771 -0.0157039
 vertex -0.04 -0.0131771 -0.0157039
 endloop
endfacet
facet normal 0 0 0
 outer loop
 vertex 0.1 -0.0117583 -0.0167926
 vertex -0.04 -0.0131771 -0.0157039
 vertex -0.04 -0.0117583 -0.0167926
 endloop
endfacet
facet normal 0 0 0
 outer loop
 vertex -0.04 -0.0160697 -0.0191511
 vertex -0.04 -0.0176777 -0.0176777
 vertex 0.1 -0.0176777 -0.0176777
 endloop
endfacet
facet normal 0 0 0
 outer loop
 vertex -0.04 -0.0160697 -0.0191511
 vertex 0.1 -0.0176777 -0.0176777
 vertex 0.1 -0.0160697 -0.0191511
 endloop
endfacet
facet normal 0 0 0
 outer loop
 vertex 0.1 -0.0131771 -0.0157039
 vertex 0.1 -0.0144957 -0.0144957
 vertex -0.04 -0.0144957 -0.0144957
 endloop
endfacet
facet normal 0 0 0
 outer loop
 vertex 0.1 -0.0131771 -0.0157039
 vertex -0.04 -0.0144957 -0.0144957
 vertex -0.04 -0.0131771 -0.0157039
 endloop
endfacet
facet normal 0 0 0
 outer loop
 vertex -0.04 -0.0176777 -0.0176777
 vertex -0.04 -0.0191511 -0.0160697
 vertex 0.1 -0.0191511 -0.0160697
 endloop
endfacet
facet normal 0 0 0
 outer loop
 vertex -0.04 -0.0176777 -0.0176777
 vertex 0.1 -0.0191511 -0.0160697
 vertex 0.1 -0.0176777 -0.0176777
 endloop
endfacet
facet normal 0 0 0
 outer loop
 vertex 0.1 -0.0144957 -0.0144957
 vertex 0.1 -0.0157039 -0.0131771
 vertex -0.04 -0.0157039 -0.0131771
 endloop
endfacet
facet normal 0 0 0
 outer loop
 vertex 0.1 -0.0144957 -0.0144957
 vertex -0.04 -0.0157039 -0.0131771
 vertex -0.04 -0.0144957 -0.0144957
 endloop
endfacet
facet normal 0 0 0
 outer loop
 vertex -0.04 -0.0191511 -0.0160697
 vertex -0.04 -0.0204788 -0.0143394
 vertex 0.1 -0.0204788 -0.0143394
 endloop
endfacet
facet normal 0 0 0
 outer loop
 vertex -0.04 -0.0191511 -0.0160697
 vertex 0.1 -0.0204788 -0.0143394
 vertex 0.1 -0.0191511 -0.0160697
 endloop
endfacet
facet normal 0 0 0
 outer loop
 vertex 0.1 -0.0157039 -0.0131771
 vertex 0.1 -0.0167926 -0.0117583
 vertex -0.04 -0.0167926 -0.0117583
 endloop
endfacet
facet normal 0 0 0
 outer loop
 vertex 0.1 -0.0157039 -0.0131771
 vertex -0.04 -0.0167926 -0.0117583
 vertex -0.04 -0.0157039 -0.0131771
 endloop
endfacet
facet normal 0 0 0
 outer loop
 vertex -0.04 -0.0204788 -0.0143394
 vertex -0.04 -0.0216506 -0.0125
 vertex 0.1 -0.0216506 -0.0125
 endloop
endfacet
facet normal 0 0 0
 outer loop
 vertex -0.04 -0.0204788 -0.0143394
 vertex 0.1 -0.0216506 -0.0125
 vertex 0.1 -0.0204788 -0.0143394
 endloop
endfacet
facet normal 0 0 0
 outer loop
 vertex 0.1 -0.0167926 -0.0117583
 vertex 0.1 -0.0177535 -0.01025
 vertex -0.04 -0.0177535 -0.01025
 endloop
endfacet
facet normal 0 0 0
 outer loop
 vertex 0.1 -0.0167926 -0.0117583
 vertex -0.04 -0.0177535 -0.01025
 vertex -0.04 -0.0167926 -0.0117583
 endloop
endfacet
facet normal 0 0 0
 outer loop
 vertex -0.04 -0.0216506 -0.0125
 vertex -0.04 -0.0226577 -0.0105655
 vertex 0.1 -0.0226577 -0.0105655
 endloop
endfacet
facet normal 0 0 0
 outer loop
 vertex -0.04 -0.0216506 -0.0125
 vertex 0.1 -0.0226577 -0.0105655
 vertex 0.1 -0.0216506 -0.0125
 endloop
endfacet
facet normal 0 0 0
 outer loop
 vertex 0.1 -0.0177535 -0.01025
 vertex 0.1 -0.0185793 -0.00866367
 vertex -0.04 -0.0185793 -0.00866367
 endloop
endfacet
facet normal 0 0 0
 outer loop
 vertex 0.1 -0.0177535 -0.01025
 vertex -0.04 -0.0185793 -0.00866367
 vertex -0.04 -0.0177535 -0.01025
 endloop
endfacet
facet normal 0 0 0
 outer loop
 vertex -0.04 -0.0226577 -0.0105655
 vertex -0.04 -0.0234923 -0.0085505
 vertex 0.1 -0.0234923 -0.0085505
 endloop
endfacet
facet normal 0 0 0
 outer loop
 vertex -0.04 -0.0226577 -0.0105655
 vertex 0.1 -0.0234923 -0.0085505
 vertex 0.1 -0.0226577 -0.0105655
 endloop
endfacet
facet normal 0 0 0
 outer loop
 vertex 0.1 -0.0185793 -0.00866367
 vertex 0.1 -0.0192637 -0.00701141
 vertex -0.04 -0.0192637 -0.00701141
 endloop
endfacet
facet normal 0 0 0
 outer loop
 vertex 0.1 -0.0185793 -0.00866367
 vertex -0.04 -0.0192637 -0.00701141
 vertex -0.04 -0.0185793 -0.00866367
 endloop
endfacet
facet normal 0 0 0
 outer loop
 vertex -0.04 -0.0234923 -0.0085505
 vertex -0.04 -0.0241481 -0.00647047
 vertex 0.1 -0.0241481 -0.00647047
 endloop
endfacet
facet normal 0 0 0
 outer loop
 vertex -0.04 -0.0234923 -0.0085505
 vertex 0.1 -0.0241481 -0.00647047
 vertex 0.1 -0.0234923 -0.0085505
 endloop
endfacet
facet normal 0 0 0
 outer loop
 vertex 0.1 -0.0192637 -0.00701141
 vertex 0.1 -0.0198015 -0.00530579
 vertex -0.04 -0.0198015 -0.00530579
 endloop
endfacet
facet normal 0 0 0
 outer loop
 vertex 0.1 -0.0192637 -0.00701141
 vertex -0.04 -0.0198015 -0.00530579
 vertex -0.04 -0.0192637 -0.00701141
 endloop
endfacet
facet normal 0 0 0
 outer loop
 vertex -0.04 -0.0241481 -0.00647047
 vertex -0.04 -0.0246202 -0.0043412
 vertex 0.1 -0.0246202 -0.0043412
 endloop
endfacet
facet normal 0 0 0
 outer loop
 vertex -0.04 -0.0241481 -0.00647047
 vertex 0.1 -0.0246202 -0.0043412
 vertex 0.1 -0.0241481 -0.00647047
 endloop
endfacet
facet normal 0 0 0
 outer loop
 vertex 0.1 -0.0198015 -0.00530579
 vertex 0.1 -0.0201886 -0.00355979
 vertex -0.04 -0.0201886 -0.00355979
 endloop
endfacet
facet normal 0 0 0
 outer loop
 vertex 0.1 -0.0198015 -0.00530579
 vertex -0.04 -0.0201886 -0.00355979
 vertex -0.04 -0.0198015 -0.00530579
 endloop
endfacet
facet normal 0 0 0
 outer loop
 vertex -0.04 -0.0246202 -0.0043412
 vertex -0.04 -0.0249049 -0.00217889
 vertex 0.1 -0.0249049 -0.00217889
 endloop
endfacet
facet normal 0 0 0
 outer loop
 vertex -0.04 -0.0246202 -0.0043412
 vertex 0.1 -0.0249049 -0.00217889
 vertex 0.1 -0.0246202 -0.0043412
 endloop
endfacet
facet normal 0 0 0
 outer loop
 vertex 0.1 -0.0201886 -0.00355979
 vertex 0.1 -0.020422 -0.00178669
 vertex -0.04 -0.020422 -0.00178669
 endloop
endfacet
facet normal 0 0 0
 outer loop
 vertex 0.1 -0.0201886 -0.00355979
 vertex -0.04 -0.020422 -0.00178669
 vertex -0.04 -0.0201886 -0.00355979
 endloop
endfacet
facet normal 0 0 0
 outer loop
 vertex -0.04 -0.0249049 -0.00217889
 vertex -0.04 -0.025 2.98122e-10
 vertex 0.1 -0.025 2.98122e-10
 endloop
endfacet
facet normal 0 0 0
 outer loop
 vertex -0.04 -0.0249049 -0.00217889
 vertex 0.1 -0.025 2.98122e-10
 vertex 0.1 -0.0249049 -0.00217889
 endloop
endfacet
facet normal 0 0 0
 outer loop
 vertex 0.1 -0.020422 -0.00178669
 vertex 0.1 -0.0205 2.4446e-10
 vertex -0.04 -0.0205 2.4446e-10
 endloop
endfacet
facet normal 0 0 0
 outer loop
 vertex 0.1 -0.020422 -0.00178669
 vertex -0.04 -0.0205 2.4446e-10
 vertex -0.04 -0.020422 -0.00178669
 endloop
endfacet
facet normal 0 0 0
 outer loop
 vertex -0.04 -0.025 2.98122e-10
 vertex -0.04 -0.0249049 0.00217889
 vertex 0.1 -0.0249049 0.00217889
 endloop
endfacet
facet normal 0 0 0
 outer loop
 vertex -0.04 -0.025 2.98122e-10
 vertex 0.1 -0.0249049 0.00217889
 vertex 0.1 -0.025 2.98122e-10
 endloop
endfacet
facet normal 0 0 0
 outer loop
 vertex 0.1 -0.0205 2.4446e-10
 vertex 0.1 -0.020422 0.00178669
 vertex -0.04 -0.020422 0.00178669
 endloop
endfacet
facet normal 0 0 0
 outer loop
 vertex 0.1 -0.0205 2.4446e-10
 vertex -0.04 -0.020422 0.00178669
 vertex -0.04 -0.0205 2.4446e-10
 endloop
endfacet
facet normal 0 0 0
 outer loop
 vertex -0.04 -0.0249049 0.00217889
 vertex -0.04 -0.0246202 0.0043412
 vertex 0.1 -0.0246202 0.0043412
 endloop
endfacet
facet normal 0 0 0
 outer loop
 vertex -0.04 -0.0249049 0.00217889
 vertex 0.1 -0.0246202 0.0043412
 vertex 0.1 -0.0249049 0.00217889
 endloop
endfacet
facet normal 0 0 0
 outer loop
 vertex 0.1 -0.020422 0.00178669
 vertex 0.1 -0.0201886 0.00355979
 vertex -0.04 -0.0201886 0.00355979
 endloop
endfacet
facet normal 0 0 0
 outer loop
 vertex 0.1 -0.020422 0.00178669
 vertex -0.04 -0.0201886 0.00355979
 vertex -0.04 -0.020422 0.00178669
 endloop
endfacet
facet normal 0 0 0
 outer loop
 vertex -0.04 -0.0246202 0.0043412
 vertex -0.04 -0.0241481 0.00647048
 vertex 0.1 -0.0241481 0.00647048
 endloop
endfacet
facet normal 0 0 0
 outer loop
 vertex -0.04 -0.0246202 0.0043412
 vertex 0.1 -0.0241481 0.00647048
 vertex 0.1 -0.0246202 0.0043412
 endloop
endfacet
facet normal 0 0 0
 outer loop
 vertex 0.1 -0.0201886 0.00355979
 vertex 0.1 -0.0198015 0.00530579
 vertex -0.04 -0.0198015 0.00530579
 endloop
endfacet
facet normal 0 0 0
 outer loop
 vertex 0.1 -0.0201886 0.00355979
 vertex -0.04 -0.0198015 0.00530579
 vertex -0.04 -0.0201886 0.00355979
 endloop
endfacet
facet normal 0 0 0
 outer loop
 vertex -0.04 -0.0241481 0.00647048
 vertex -0.04 -0.0234923 0.0085505
 vertex 0.1 -0.0234923 0.0085505
 endloop
endfacet
facet normal 0 0 0
 outer loop
 vertex -0.04 -0.0241481 0.00647048
 vertex 0.1 -0.0234923 0.0085505
 vertex 0.1 -0.0241481 0.00647048
 endloop
endfacet
facet normal 0 0 0
 outer loop
 vertex 0.1 -0.0198015 0.00530579
 vertex 0.1 -0.0192637 0.00701141
 vertex -0.04 -0.0192637 0.00701141
 endloop
endfacet
facet normal 0 0 0
 outer loop
 vertex 0.1 -0.0198015 0.00530579
 vertex -0.04 -0.0192637 0.00701141
 vertex -0.04 -0.0198015 0.00530579
 endloop
endfacet
facet normal 0 0 0
 outer loop
 vertex -0.04 -0.0234923 0.0085505
 vertex -0.04 -0.0226577 0.0105655
 vertex 0.1 -0.0226577 0.0105655
 endloop
endfacet
facet normal 0 0 0
 outer loop
 vertex -0.04 -0.0234923 0.0085505
 vertex 0.1 -0.0226577 0.0105655
 vertex 0.1 -0.0234923 0.0085505
 endloop
endfacet
facet normal 0 0 0
 outer loop
 vertex 0.1 -0.0192637 0.00701141
 vertex 0.1 -0.0185793 0.00866367
 vertex -0.04 -0.0185793 0.00866367
 endloop
endfacet
facet normal 0 0 0
 outer loop
 vertex 0.1 -0.0192637 0.00701141
 vertex -0.04 -0.0185793 0.00866367
 vertex -0.04 -0.0192637 0.00701141
 endloop
endfacet
facet normal 0 0 0
 outer loop
 vertex -0.04 -0.0226577 0.0105655
 vertex -0.04 -0.0216506 0.0125
 vertex 0.1 -0.0216506 0.0125
 endloop
endfacet
facet normal 0 0 0
 outer loop
 vertex -0.04 -0.0226577 0.0105655
 vertex 0.1 -0.0216506 0.0125
 vertex 0.1 -0.0226577 0.0105655
 endloop
endfacet
facet normal 0 0 0
 outer loop
 vertex 0.1 -0.0185793 0.00866367
 vertex 0.1 -0.0177535 0.01025
 vertex -0.04 -0.0177535 0.01025
 endloop
endfacet
facet normal 0 0 0
 outer loop
 vertex 0.1 -0.0185793 0.00866367
 vertex -0.04 -0.0177535 0.01025
 vertex -0.04 -0.0185793 0.00866367
 endloop
endfacet
facet normal 0 0 0
 outer loop
 vertex -0.04 -0.0216506 0.0125
 vertex -0.04 -0.0204788 0.0143394
 vertex 0.1 -0.0204788 0.0143394
 endloop
endfacet
facet normal 0 0 0
 outer loop
 vertex -0.04 -0.0216506 0.0125
 vertex 0.1 -0.0204788 0.0143394
 vertex 0.1 -0.0216506 0.0125
 endloop
endfacet
facet normal 0 0 0
 outer loop
 vertex 0.1 -0.0177535 0.01025
 vertex 0.1 -0.0167926 0.0117583
 vertex -0.04 -0.0167926 0.0117583
 endloop
endfacet
facet normal 0 0 0
 outer loop
 vertex 0.1 -0.0177535 0.01025
 vertex -0.04 -0.0167926 0.0117583
 vertex -0.04 -0.0177535 0.01025
 endloop
endfacet
facet normal 0 0 0
 outer loop
 vertex -0.04 -0.0204788 0.0143394
 vertex -0.04 -0.0191511 0.0160697
 vertex 0.1 -0.0191511 0.0160697
 endloop
endfacet
facet normal 0 0 0
 outer loop
 vertex -0.04 -0.0204788 0.0143394
 vertex 0.1 -0.0191511 0.0160697
 vertex 0.1 -0.0204788 0.0143394
 endloop
endfacet
facet normal 0 0 0
 outer loop
 vertex 0.1 -0.0167926 0.0117583
 vertex 0.1 -0.0157039 0.0131771
 vertex -0.04 -0.0157039 0.0131771
 endloop
endfacet
facet normal 0 0 0
 outer loop
 vertex 0.1 -0.0167926 0.0117583
 vertex -0.04 -0.0157039 0.0131771
 vertex -0.04 -0.0167926 0.0117583
 endloop
endfacet
facet normal 0 0 0
 outer loop
 vertex -0.04 -0.0191511 0.0160697
 vertex -0.04 -0.0176777 0.0176777
 vertex 0.1 -0.0176777 0.0176777
 endloop
endfacet
facet normal 0 0 0
 outer loop
 vertex -0.04 -0.0191511 0.0160697
 vertex 0.1 -0.0176777 0.0176777
 vertex 0.1 -0.0191511 0.0160697
 endloop
endfacet
facet normal 0 0 0
 outer loop
 vertex 0.1 -0.0157039 0.0131771
 vertex 0.1 -0.0144957 0.0144957
 vertex -0.04 -0.0144957 0.0144957
 endloop
endfacet
facet normal 0 0 0
 outer loop
 vertex 0.1 -0.0157039 0.0131771
 vertex -0.04 -0.0144957 0.0144957
 vertex -0.04 -0.0157039 0.0131771
 endloop
endfacet
facet normal 0 0 0
 outer loop
 vertex -0.04 -0.0176777 0.0176777
 vertex -0.04 -0.0160697 0.0191511
 vertex 0.1 -0.0160697 0.0191511
 endloop
endfacet
facet normal 0 0 0
 outer loop
 vertex -0.04 -0.0176777 0.0176777
 vertex 0.1 -0.0160697 0.0191511
 vertex 0.1 -0.0176777 0.0176777
 endloop
endfacet
facet normal 0 0 0
 outer loop
 vertex 0.1 -0.0144957 0.0144957
 vertex 0.1 -0.0131771 0.0157039
 vertex -0.04 -0.0131771 0.0157039
 endloop
endfacet
facet normal 0 0 0
 outer loop
 vertex 0.1 -0.0144957 0.0144957
 vertex -0.04 -0.0131771 0.0157039
 vertex -0.04 -0.0144957 0.0144957
 endloop
endfacet
facet normal 0 0 0
 outer loop
 vertex -0.04 -0.0160697 0.0191511
 vertex -0.04 -0.0143394 0.0204788
 vertex 0.1 -0.0143394 0.0204788
 endloop
endfacet
facet normal 0 0 0
 outer loop
 vertex -0.04 -0.0160697 0.0191511
 vertex 0.1 -0.0143394 0.0204788
 vertex 0.1 -0.0160697 0.0191511
 endloop
endfacet
facet normal 0 0 0
 outer loop
 vertex 0.1 -0.0131771 0.0157039
 vertex 0.1 -0.0117583 0.0167926
 vertex -0.04 -0.0117583 0.0167926
 endloop
endfacet
facet normal 0 0 0
 outer loop
 vertex 0.1 -0.0131771 0.0157039
 vertex -0.04 -0.0117583 0.0167926
 vertex -0.04 -0.0131771 0.0157039
 endloop
endfacet
facet normal 0 0 0
 outer loop
 vertex -0.04 -0.0143394 0.0204788
 vertex -0.04 -0.0125 0.0216506
 vertex 0.1 -0.0125 0.0216506
 endloop
endfacet
facet normal 0 0 0
 outer loop
 vertex -0.04 -0.0143394 0.0204788
 vertex 0.1 -0.0125 0.0216506
 vertex 0.1 -0.0143394 0.0204788
 endloop
endfacet
facet normal 0 0 0
 outer loop
 vertex 0.1 -0.0117583 0.0167926
 vertex 0.1 -0.01025 0.0177535
 vertex -0.04 -0.01025 0.0177535
 endloop
endfacet
facet normal 0 0 0
 outer loop
 vertex 0.1 -0.0117583 0.0167926
 vertex -0.04 -0.01025 0.0177535
 vertex -0.04 -0.0117583 0.0167926
 endloop
endfacet
facet normal 0 0 0
 outer loop
 vertex -0.04 -0.0125 0.0216506
 vertex -0.04 -0.0105655 0.0226577
 vertex 0.1 -0.0105655 0.0226577
 endloop
endfacet
facet normal 0 0 0
 outer loop
 vertex -0.04 -0.0125 0.0216506
 vertex 0.1 -0.0105655 0.0226577
 vertex 0.1 -0.0125 0.0216506
 endloop
endfacet
facet normal 0 0 0
 outer loop
 vertex 0.1 -0.01025 0.0177535
 vertex 0.1 -0.00866368 0.0185793
 vertex -0.04 -0.00866368 0.0185793
 endloop
endfacet
facet normal 0 0 0
 outer loop
 vertex 0.1 -0.01025 0.0177535
 vertex -0.04 -0.00866368 0.0185793
 vertex -0.04 -0.01025 0.0177535
 endloop
endfacet
facet normal 0 0 0
 outer loop
 vertex -0.04 -0.0105655 0.0226577
 vertex -0.04 -0.00855051 0.0234923
 vertex 0.1 -0.00855051 0.0234923
 endloop
endfacet
facet normal 0 0 0
 outer loop
 vertex -0.04 -0.0105655 0.0226577
 vertex 0.1 -0.00855051 0.0234923
 vertex 0.1 -0.0105655 0.0226577
 endloop
endfacet
facet normal 0 0 0
 outer loop
 vertex 0.1 -0.00866368 0.0185793
 vertex 0.1 -0.00701142 0.0192637
 vertex -0.04 -0.00701142 0.0192637
 endloop
endfacet
facet normal 0 0 0
 outer loop
 vertex 0.1 -0.00866368 0.0185793
 vertex -0.04 -0.00701142 0.0192637
 vertex -0.04 -0.00866368 0.0185793
 endloop
endfacet
facet normal 0 0 0
 outer loop
 vertex -0.04 -0.00855051 0.0234923
 vertex -0.04 -0.00647047 0.0241481
 vertex 0.1 -0.00647047 0.0241481
 endloop
endfacet
facet normal 0 0 0
 outer loop
 vertex -0.04 -0.00855051 0.0234923
 vertex 0.1 -0.00647047 0.0241481
 vertex 0.1 -0.00855051 0.0234923
 endloop
endfacet
facet normal 0 0 0
 outer loop
 vertex 0.1 -0.00701142 0.0192637
 vertex 0.1 -0.00530579 0.0198015
 vertex -0.04 -0.00530579 0.0198015
 endloop
endfacet
facet normal 0 0 0
 outer loop
 vertex 0.1 -0.00701142 0.0192637
 vertex -0.04 -0.00530579 0.0198015
 vertex -0.04 -0.00701142 0.0192637
 endloop
endfacet
facet normal 0 0 0
 outer loop
 vertex -0.04 -0.00647047 0.0241481
 vertex -0.04 -0.0043412 0.0246202
 vertex 0.1 -0.0043412 0.0246202
 endloop
endfacet
facet normal 0 0 0
 outer loop
 vertex -0.04 -0.00647047 0.0241481
 vertex 0.1 -0.0043412 0.0246202
 vertex 0.1 -0.00647047 0.0241481
 endloop
endfacet
facet normal 0 0 0
 outer loop
 vertex 0.1 -0.00530579 0.0198015
 vertex 0.1 -0.00355978 0.0201886
 vertex -0.04 -0.00355978 0.0201886
 endloop
endfacet
facet normal 0 0 0
 outer loop
 vertex 0.1 -0.00530579 0.0198015
 vertex -0.04 -0.00355978 0.0201886
 vertex -0.04 -0.00530579 0.0198015
 endloop
endfacet
facet normal 0 0 0
 outer loop
 vertex -0.04 -0.0043412 0.0246202
 vertex -0.04 -0.00217889 0.0249049
 vertex 0.1 -0.00217889 0.0249049
 endloop
endfacet
facet normal 0 0 0
 outer loop
 vertex -0.04 -0.0043412 0.0246202
 vertex 0.1 -0.00217889 0.0249049
 vertex 0.1 -0.0043412 0.0246202
 endloop
endfacet
facet normal 0 0 0
 outer loop
 vertex 0.1 -0.00355978 0.0201886
 vertex 0.1 -0.00178669 0.020422
 vertex -0.04 -0.00178669 0.020422
 endloop
endfacet
facet normal 0 0 0
 outer loop
 vertex 0.1 -0.00355978 0.0201886
 vertex -0.04 -0.00178669 0.020422
 vertex -0.04 -0.00355978 0.0201886
 endloop
endfacet
facet normal 0 0 0
 outer loop
 vertex -0.04 -0.00217889 0.0249049
 vertex -0.04 4.37114e-09 0.025
 vertex 0.1 4.37114e-09 0.025
 endloop
endfacet
facet normal 0 0 0
 outer loop
 vertex -0.04 -0.00217889 0.0249049
 vertex 0.1 4.37114e-09 0.025
 vertex 0.1 -0.00217889 0.0249049
 endloop
endfacet
facet normal 0 0 0
 outer loop
 vertex 0.1 -0.00178669 0.020422
 vertex 0.1 3.58433e-09 0.0205
 vertex -0.04 3.58433e-09 0.0205
 endloop
endfacet
facet normal 0 0 0
 outer loop
 vertex 0.1 -0.00178669 0.020422
 vertex -0.04 3.58433e-09 0.0205
 vertex -0.04 -0.00178669 0.020422
 endloop
endfacet
facet normal 0 0 0
 outer loop
 vertex -0.04 0 0.0205
 vertex -0.04 0.00178669 0.020422
 vertex -0.04 0.00217889 0.0249049
 endloop
endfacet
facet normal 0 0 0
 outer loop
 vertex -0.04 0 0.0205
 vertex -0.04 0.00217889 0.0249049
 vertex -0.04 0 0.025
 endloop
endfacet
facet normal 0 0 0
 outer loop
 vertex 0.1 0 0.0205
 vertex 0.1 0 0.025
 vertex 0.1 0.00217889 0.0249049
 endloop
endfacet
facet normal 0 0 0
 outer loop
 vertex 0.1 0 0.0205
 vertex 0.1 0.00217889 0.0249049
 vertex 0.1 0.00178669 0.020422
 endloop
endfacet
facet normal 0 0 0
 outer loop
 vertex -0.04 0.00178669 0.020422
 vertex -0.04 0.00355979 0.0201886
 vertex -0.04 0.0043412 0.0246202
 endloop
endfacet
facet normal 0 0 0
 outer loop
 vertex -0.04 0.00178669 0.020422
 vertex -0.04 0.0043412 0.0246202
 vertex -0.04 0.00217889 0.0249049
 endloop
endfacet
facet normal 0 0 0
 outer loop
 vertex 0.1 0.00178669 0.020422
 vertex 0.1 0.00217889 0.0249049
 vertex 0.1 0.0043412 0.0246202
 endloop
endfacet
facet normal 0 0 0
 outer loop
 vertex 0.1 0.00178669 0.020422
 vertex 0.1 0.0043412 0.0246202
 vertex 0.1 0.00355979 0.0201886
 endloop
endfacet
facet normal 0 0 0
 outer loop
 vertex -0.04 0.00355979 0.0201886
 vertex -0.04 0.00530579 0.0198015
 vertex -0.04 0.00647048 0.0241481
 endloop
endfacet
facet normal 0 0 0
 outer loop
 vertex -0.04 0.00355979 0.0201886
 vertex -0.04 0.00647048 0.0241481
 vertex -0.04 0.0043412 0.0246202
 endloop
endfacet
facet normal 0 0 0
 outer loop
 vertex 0.1 0.00355979 0.0201886
 vertex 0.1 0.0043412 0.0246202
 vertex 0.1 0.00647048 0.0241481
 endloop
endfacet
facet normal 0 0 0
 outer loop
 vertex 0.1 0.00355979 0.0201886
 vertex 0.1 0.00647048 0.0241481
 vertex 0.1 0.00530579 0.0198015
 endloop
endfacet
facet normal 0 0 0
 outer loop
 vertex -0.04 0.00530579 0.0198015
 vertex -0.04 0.00701141 0.0192637
 vertex -0.04 0.0085505 0.0234923
 endloop
endfacet
facet normal 0 0 0
 outer loop
 vertex -0.04 0.00530579 0.0198015
 vertex -0.04 0.0085505 0.0234923
 vertex -0.04 0.00647048 0.0241481
 endloop
endfacet
facet normal 0 0 0
 outer loop
 vertex 0.1 0.00530579 0.0198015
 vertex 0.1 0.00647048 0.0241481
 vertex 0.1 0.0085505 0.0234923
 endloop
endfacet
facet normal 0 0 0
 outer loop
 vertex 0.1 0.00530579 0.0198015
 vertex 0.1 0.0085505 0.0234923
 vertex 0.1 0.00701141 0.0192637
 endloop
endfacet
facet normal 0 0 0
 outer loop
 vertex -0.04 0.00701141 0.0192637
 vertex -0.04 0.00866367 0.0185793
 vertex -0.04 0.0105655 0.0226577
 endloop
endfacet
facet normal 0 0 0
 outer loop
 vertex -0.04 0.00701141 0.0192637
 vertex -0.04 0.0105655 0.0226577
 vertex -0.04 0.0085505 0.0234923
 endloop
endfacet
facet normal 0 0 0
 outer loop
 vertex 0.1 0.00701141 0.0192637
 vertex 0.1 0.0085505 0.0234923
 vertex 0.1 0.0105655 0.0226577
 endloop
endfacet
facet normal 0 0 0
 outer loop
 vertex 0.1 0.00701141 0.0192637
 vertex 0.1 0.0105655 0.0226577
 vertex 0.1 0.00866367 0.0185793
 endloop
endfacet
facet normal 0 0 0
 outer loop
 vertex -0.04 0.00866367 0.0185793
 vertex -0.04 0.01025 0.0177535
 vertex -0.04 0.0125 0.0216506
 endloop
endfacet
facet normal 0 0 0
 outer loop
 vertex -0.04 0.00866367 0.0185793
 vertex -0.04 0.0125 0.0216506
 vertex -0.04 0.0105655 0.0226577
 endloop
endfacet
facet normal 0 0 0
 outer loop
 vertex 0.1 0.00866367 0.0185793
 vertex 0.1 0.0105655 0.0226577
 vertex 0.1 0.0125 0.0216506
 endloop
endfacet
facet normal 0 0 0
 outer loop
 vertex 0.1 0.00866367 0.0185793
 vertex 0.1 0.0125 0.0216506
 vertex 0.1 0.01025 0.0177535
 endloop
endfacet
facet normal 0 0 0
 outer loop
 vertex -0.04 0.01025 0.0177535
 vertex -0.04 0.0117583 0.0167926
 vertex -0.04 0.0143394 0.0204788
 endloop
endfacet
facet normal 0 0 0
 outer loop
 vertex -0.04 0.01025 0.0177535
 vertex -0.04 0.0143394 0.0204788
 vertex -0.04 0.0125 0.0216506
 endloop
endfacet
facet normal 0 0 0
 outer loop
 vertex 0.1 0.01025 0.0177535
 vertex 0.1 0.0125 0.0216506
 vertex 0.1 0.0143394 0.0204788
 endloop
endfacet
facet normal 0 0 0
 outer loop
 vertex 0.1 0.01025 0.0177535
 vertex 0.1 0.0143394 0.0204788
 vertex 0.1 0.0117583 0.0167926
 endloop
endfacet
facet normal 0 0 0
 outer loop
 vertex -0.04 0.0117583 0.0167926
 vertex -0.04 0.0131771 0.0157039
 vertex -0.04 0.0160697 0.0191511
 endloop
endfacet
facet normal 0 0 0
 outer loop
 vertex -0.04 0.0117583 0.0167926
 vertex -0.04 0.0160697 0.0191511
 vertex -0.04 0.0143394 0.0204788
 endloop
endfacet
facet normal 0 0 0
 outer loop
 vertex 0.1 0.0117583 0.0167926
 vertex 0.1 0.0143394 0.0204788
 vertex 0.1 0.0160697 0.0191511
 endloop
endfacet
facet normal 0 0 0
 outer loop
 vertex 0.1 0.0117583 0.0167926
 vertex 0.1 0.0160697 0.0191511
 vertex 0.1 0.0131771 0.0157039
 endloop
endfacet
facet normal 0 0 0
 outer loop
 vertex -0.04 0.0131771 0.0157039
 vertex -0.04 0.0144957 0.0144957
 vertex -0.04 0.0176777 0.0176777
 endloop
endfacet
facet normal 0 0 0
 outer loop
 vertex -0.04 0.0131771 0.0157039
 vertex -0.04 0.0176777 0.0176777
 vertex -0.04 0.0160697 0.0191511
 endloop
endfacet
facet normal 0 0 0
 outer loop
 vertex 0.1 0.0131771 0.0157039
 vertex 0.1 0.0160697 0.0191511
 vertex 0.1 0.0176777 0.0176777
 endloop
endfacet
facet normal 0 0 0
 outer loop
 vertex 0.1 0.0131771 0.0157039
 vertex 0.1 0.0176777 0.0176777
 vertex 0.1 0.0144957 0.0144957
 endloop
endfacet
facet normal 0 0 0
 outer loop
 vertex -0.04 0.0144957 0.0144957
 vertex -0.04 0.0157039 0.0131771
 vertex -0.04 0.0191511 0.0160697
 endloop
endfacet
facet normal 0 0 0
 outer loop
 vertex -0.04 0.0144957 0.0144957
 vertex -0.04 0.0191511 0.0160697
 vertex -0.04 0.0176777 0.0176777
 endloop
endfacet
facet normal 0 0 0
 outer loop
 vertex 0.1 0.0144957 0.0144957
 vertex 0.1 0.0176777 0.0176777
 vertex 0.1 0.0191511 0.0160697
 endloop
endfacet
facet normal 0 0 0
 outer loop
 vertex 0.1 0.0144957 0.0144957
 vertex 0.1 0.0191511 0.0160697
 vertex 0.1 0.0157039 0.0131771
 endloop
endfacet
facet normal 0 0 0
 outer loop
 vertex -0.04 0.0157039 0.0131771
 vertex -0.04 0.0167926 0.0117583
 vertex -0.04 0.0204788 0.0143394
 endloop
endfacet
facet normal 0 0 0
 outer loop
 vertex -0.04 0.0157039 0.0131771
 vertex -0.04 0.0204788 0.0143394
 vertex -0.04 0.0191511 0.0160697
 endloop
endfacet
facet normal 0 0 0
 outer loop
 vertex 0.1 0.0157039 0.0131771
 vertex 0.1 0.0191511 0.0160697
 vertex 0.1 0.0204788 0.0143394
 endloop
endfacet
facet normal 0 0 0
 outer loop
 vertex 0.1 0.0157039 0.0131771
 vertex 0.1 0.0204788 0.0143394
 vertex 0.1 0.0167926 0.0117583
 endloop
endfacet
facet normal 0 0 0
 outer loop
 vertex -0.04 0.0167926 0.0117583
 vertex -0.04 0.0177535 0.01025
 vertex -0.04 0.0216506 0.0125
 endloop
endfacet
facet normal 0 0 0
 outer loop
 vertex -0.04 0.0167926 0.0117583
 vertex -0.04 0.0216506 0.0125
 vertex -0.04 0.0204788 0.0143394
 endloop
endfacet
facet normal 0 0 0
 outer loop
 vertex 0.1 0.0167926 0.0117583
 vertex 0.1 0.0204788 0.0143394
 vertex 0.1 0.0216506 0.0125
 endloop
endfacet
facet normal 0 0 0
 outer loop
 vertex 0.1 0.0167926 0.0117583
 vertex 0.1 0.0216506 0.0125
 vertex 0.1 0.0177535 0.01025
 endloop
endfacet
facet normal 0 0 0
 outer loop
 vertex -0.04 0.0177535 0.01025
 vertex -0.04 0.0185793 0.00866367
 vertex -0.04 0.0226577 0.0105655
 endloop
endfacet
facet normal 0 0 0
 outer loop
 vertex -0.04 0.0177535 0.01025
 vertex -0.04 0.0226577 0.0105655
 vertex -0.04 0.0216506 0.0125
 endloop
endfacet
facet normal 0 0 0
 outer loop
 vertex 0.1 0.0177535 0.01025
 vertex 0.1 0.0216506 0.0125
 vertex 0.1 0.0226577 0.0105655
 endloop
endfacet
facet normal 0 0 0
 outer loop
 vertex 0.1 0.0177535 0.01025
 vertex 0.1 0.0226577 0.0105655
 vertex 0.1 0.0185793 0.00866367
 endloop
endfacet
facet normal 0 0 0
 outer loop
 vertex -0.04 0.0185793 0.00866367
 vertex -0.04 0.0192637 0.00701141
 vertex -0.04 0.0234923 0.0085505
 endloop
endfacet
facet normal 0 0 0
 outer loop
 vertex -0.04 0.0185793 0.00866367
 vertex -0.04 0.0234923 0.0085505
 vertex -0.04 0.0226577 0.0105655
 endloop
endfacet
facet normal 0 0 0
 outer loop
 vertex 0.1 0.0185793 0.00866367
 vertex 0.1 0.0226577 0.0105655
 vertex 0.1 0.0234923 0.0085505
 endloop
endfacet
facet normal 0 0 0
 outer loop
 vertex 0.1 0.0185793 0.00866367
 vertex 0.1 0.0234923 0.0085505
 vertex 0.1 0.0192637 0.00701141
 endloop
endfacet
facet normal 0 0 0
 outer loop
 vertex -0.04 0.0192637 0.00701141
 vertex -0.04 0.0198015 0.00530579
 vertex -0.04 0.0241481 0.00647048
 endloop
endfacet
facet normal 0 0 0
 outer loop
 vertex -0.04 0.0192637 0.00701141
 vertex -0.04 0.0241481 0.00647048
 vertex -0.04 0.0234923 0.0085505
 endloop
endfacet
facet normal 0 0 0
 outer loop
 vertex 0.1 0.0192637 0.00701141
 vertex 0.1 0.0234923 0.0085505
 vertex 0.1 0.0241481 0.00647048
 endloop
endfacet
facet normal 0 0 0
 outer loop
 vertex 0.1 0.0192637 0.00701141
 vertex 0.1 0.0241481 0.00647048
 vertex 0.1 0.0198015 0.00530579
 endloop
endfacet
facet normal 0 0 0
 outer loop
 vertex -0.04 0.0198015 0.00530579
 vertex -0.04 0.0201886 0.00355979
 vertex -0.04 0.0246202 0.00434121
 endloop
endfacet
facet normal 0 0 0
 outer loop
 vertex -0.04 0.0198015 0.00530579
 vertex -0.04 0.0246202 0.00434121
 vertex -0.04 0.0241481 0.00647048
 endloop
endfacet
facet normal 0 0 0
 outer loop
 vertex 0.1 0.0198015 0.00530579
 vertex 0.1 0.0241481 0.00647048
 vertex 0.1 0.0246202 0.00434121
 endloop
endfacet
facet normal 0 0 0
 outer loop
 vertex 0.1 0.0198015 0.00530579
 vertex 0.1 0.0246202 0.00434121
 vertex 0.1 0.0201886 0.00355979
 endloop
endfacet
facet normal 0 0 0
 outer loop
 vertex -0.04 0.0201886 0.00355979
 vertex -0.04 0.020422 0.00178669
 vertex -0.04 0.0249049 0.0021789
 endloop
endfacet
facet normal 0 0 0
 outer loop
 vertex -0.04 0.0201886 0.00355979
 vertex -0.04 0.0249049 0.0021789
 vertex -0.04 0.0246202 0.00434121
 endloop
endfacet
facet normal 0 0 0
 outer loop
 vertex 0.1 0.0201886 0.00355979
 vertex 0.1 0.0246202 0.00434121
 vertex 0.1 0.0249049 0.0021789
 endloop
endfacet
facet normal 0 0 0
 outer loop
 vertex 0.1 0.0201886 0.00355979
 vertex 0.1 0.0249049 0.0021789
 vertex 0.1 0.020422 0.00178669
 endloop
endfacet
facet normal 0 0 0
 outer loop
 vertex -0.04 0.020422 0.00178669
 vertex -0.04 0.0205 -8.96083e-10
 vertex -0.04 0.025 -1.09278e-09
 endloop
endfacet
facet normal 0 0 0
 outer loop
 vertex -0.04 0.020422 0.00178669
 vertex -0.04 0.025 -1.09278e-09
 vertex -0.04 0.0249049 0.0021789
 endloop
endfacet
facet normal 0 0 0
 outer loop
 vertex 0.1 0.020422 0.00178669
 vertex 0.1 0.0249049 0.0021789
 vertex 0.1 0.025 -1.09278e-09
 endloop
endfacet
facet normal 0 0 0
 outer loop
 vertex 0.1 0.020422 0.00178669
 vertex 0.1 0.025 -1.09278e-09
 vertex 0.1 0.0205 -8.96083e-10
 endloop
endfacet
facet normal 0 0 0
 outer loop
 vertex -0.04 0.0205 -8.96083e-10
 vertex -0.04 0.020422 -0.00178669
 vertex -0.04 0.0249049 -0.00217889
 endloop
endfacet
facet normal 0 0 0
 outer loop
 vertex -0.04 0.0205 -8.96083e-10
 vertex -0.04 0.0249049 -0.00217889
 vertex -0.04 0.025 -1.09278e-09
 endloop
endfacet
facet normal 0 0 0
 outer loop
 vertex 0.1 0.0205 -8.96083e-10
 vertex 0.1 0.025 -1.09278e-09
 vertex 0.1 0.0249049 -0.00217889
 endloop
endfacet
facet normal 0 0 0
 outer loop
 vertex 0.1 0.0205 -8.96083e-10
 vertex 0.1 0.0249049 -0.00217889
 vertex 0.1 0.020422 -0.00178669
 endloop
endfacet
facet normal 0 0 0
 outer loop
 vertex -0.04 0.020422 -0.00178669
 vertex -0.04 0.0201886 -0.00355979
 vertex -0.04 0.0246202 -0.00434121
 endloop
endfacet
facet normal 0 0 0
 outer loop
 vertex -0.04 0.020422 -0.00178669
 vertex -0.04 0.0246202 -0.00434121
 vertex -0.04 0.0249049 -0.00217889
 endloop
endfacet
facet normal 0 0 0
 outer loop
 vertex 0.1 0.020422 -0.00178669
 vertex 0.1 0.0249049 -0.00217889
 vertex 0.1 0.0246202 -0.00434121
 endloop
endfacet
facet normal 0 0 0
 outer loop
 vertex 0.1 0.020422 -0.00178669
 vertex 0.1 0.0246202 -0.00434121
 vertex 0.1 0.0201886 -0.00355979
 endloop
endfacet
facet normal 0 0 0
 outer loop
 vertex -0.04 0.0201886 -0.00355979
 vertex -0.04 0.0198015 -0.00530579
 vertex -0.04 0.0241481 -0.00647048
 endloop
endfacet
facet normal 0 0 0
 outer loop
 vertex -0.04 0.0201886 -0.00355979
 vertex -0.04 0.0241481 -0.00647048
 vertex -0.04 0.0246202 -0.00434121
 endloop
endfacet
facet normal 0 0 0
 outer loop
 vertex 0.1 0.0201886 -0.00355979
 vertex 0.1 0.0246202 -0.00434121
 vertex 0.1 0.0241481 -0.00647048
 endloop
endfacet
facet normal 0 0 0
 outer loop
 vertex 0.1 0.0201886 -0.00355979
 vertex 0.1 0.0241481 -0.00647048
 vertex 0.1 0.0198015 -0.00530579
 endloop
endfacet
facet normal 0 0 0
 outer loop
 vertex -0.04 0.0198015 -0.00530579
 vertex -0.04 0.0192637 -0.00701141
 vertex -0.04 0.0234923 -0.0085505
 endloop
endfacet
facet normal 0 0 0
 outer loop
 vertex -0.04 0.0198015 -0.00530579
 vertex -0.04 0.0234923 -0.0085505
 vertex -0.04 0.0241481 -0.00647048
 endloop
endfacet
facet normal 0 0 0
 outer loop
 vertex 0.1 0.0198015 -0.00530579
 vertex 0.1 0.0241481 -0.00647048
 vertex 0.1 0.0234923 -0.0085505
 endloop
endfacet
facet normal 0 0 0
 outer loop
 vertex 0.1 0.0198015 -0.00530579
 vertex 0.1 0.0234923 -0.0085505
 vertex 0.1 0.0192637 -0.00701141
 endloop
endfacet
facet normal 0 0 0
 outer loop
 vertex -0.04 0.0192637 -0.00701141
 vertex -0.04 0.0185793 -0.00866368
 vertex -0.04 0.0226577 -0.0105655
 endloop
endfacet
facet normal 0 0 0
 outer loop
 vertex -0.04 0.0192637 -0.00701141
 vertex -0.04 0.0226577 -0.0105655
 vertex -0.04 0.0234923 -0.0085505
 endloop
endfacet
facet normal 0 0 0
 outer loop
 vertex 0.1 0.0192637 -0.00701141
 vertex 0.1 0.0234923 -0.0085505
 vertex 0.1 0.0226577 -0.0105655
 endloop
endfacet
facet normal 0 0 0
 outer loop
 vertex 0.1 0.0192637 -0.00701141
 vertex 0.1 0.0226577 -0.0105655
 vertex 0.1 0.0185793 -0.00866368
 endloop
endfacet
facet normal 0 0 0
 outer loop
 vertex -0.04 0.0185793 -0.00866368
 vertex -0.04 0.0177535 -0.01025
 vertex -0.04 0.0216506 -0.0125
 endloop
endfacet
facet normal 0 0 0
 outer loop
 vertex -0.04 0.0185793 -0.00866368
 vertex -0.04 0.0216506 -0.0125
 vertex -0.04 0.0226577 -0.0105655
 endloop
endfacet
facet normal 0 0 0
 outer loop
 vertex 0.1 0.0185793 -0.00866368
 vertex 0.1 0.0226577 -0.0105655
 vertex 0.1 0.0216506 -0.0125
 endloop
endfacet
facet normal 0 0 0
 outer loop
 vertex 0.1 0.0185793 -0.00866368
 vertex 0.1 0.0216506 -0.0125
 vertex 0.1 0.0177535 -0.01025
 endloop
endfacet
facet normal 0 0 0
 outer loop
 vertex -0.04 0.0177535 -0.01025
 vertex -0.04 0.0167926 -0.0117583
 vertex -0.04 0.0204788 -0.0143394
 endloop
endfacet
facet normal 0 0 0
 outer loop
 vertex -0.04 0.0177535 -0.01025
 vertex -0.04 0.0204788 -0.0143394
 vertex -0.04 0.0216506 -0.0125
 endloop
endfacet
facet normal 0 0 0
 outer loop
 vertex 0.1 0.0177535 -0.01025
 vertex 0.1 0.0216506 -0.0125
 vertex 0.1 0.0204788 -0.0143394
 endloop
endfacet
facet normal 0 0 0
 outer loop
 vertex 0.1 0.0177535 -0.01025
 vertex 0.1 0.0204788 -0.0143394
 vertex 0.1 0.0167926 -0.0117583
 endloop
endfacet
facet normal 0 0 0
 outer loop
 vertex -0.04 0.0167926 -0.0117583
 vertex -0.04 0.0157039 -0.0131771
 vertex -0.04 0.0191511 -0.0160697
 endloop
endfacet
facet normal 0 0 0
 outer loop
 vertex -0.04 0.0167926 -0.0117583
 vertex -0.04 0.0191511 -0.0160697
 vertex -0.04 0.0204788 -0.0143394
 endloop
endfacet
facet normal 0 0 0
 outer loop
 vertex 0.1 0.0167926 -0.0117583
 vertex 0.1 0.0204788 -0.0143394
 vertex 0.1 0.0191511 -0.0160697
 endloop
endfacet
facet normal 0 0 0
 outer loop
 vertex 0.1 0.0167926 -0.0117583
 vertex 0.1 0.0191511 -0.0160697
 vertex 0.1 0.0157039 -0.0131771
 endloop
endfacet
facet normal 0 0 0
 outer loop
 vertex -0.04 0.0157039 -0.0131771
 vertex -0.04 0.0144957 -0.0144957
 vertex -0.04 0.0176777 -0.0176777
 endloop
endfacet
facet normal 0 0 0
 outer loop
 vertex -0.04 0.0157039 -0.0131771
 vertex -0.04 0.0176777 -0.0176777
 vertex -0.04 0.0191511 -0.0160697
 endloop
endfacet
facet normal 0 0 0
 outer loop
 vertex 0.1 0.0157039 -0.0131771
 vertex 0.1 0.0191511 -0.0160697
 vertex 0.1 0.0176777 -0.0176777
 endloop
endfacet
facet normal 0 0 0
 outer loop
 vertex 0.1 0.0157039 -0.0131771
 vertex 0.1 0.0176777 -0.0176777
 vertex 0.1 0.0144957 -0.0144957
 endloop
endfacet
facet normal 0 0 0
 outer loop
 vertex -0.04 0.0144957 -0.0144957
 vertex -0.04 0.0131771 -0.0157039
 vertex -0.04 0.0160697 -0.0191511
 endloop
endfacet
facet normal 0 0 0
 outer loop
 vertex -0.04 0.0144957 -0.0144957
 vertex -0.04 0.0160697 -0.0191511
 vertex -0.04 0.0176777 -0.0176777
 endloop
endfacet
facet normal 0 0 0
 outer loop
 vertex 0.1 0.0144957 -0.0144957
 vertex 0.1 0.0176777 -0.0176777
 vertex 0.1 0.0160697 -0.0191511
 endloop
endfacet
facet normal 0 0 0
 outer loop
 vertex 0.1 0.0144957 -0.0144957
 vertex 0.1 0.0160697 -0.0191511
 vertex 0.1 0.0131771 -0.0157039
 endloop
endfacet
facet normal 0 0 0
 outer loop
 vertex -0.04 0.0131771 -0.0157039
 vertex -0.04 0.0117583 -0.0167926
 vertex -0.04 0.0143394 -0.0204788
 endloop
endfacet
facet normal 0 0 0
 outer loop
 vertex -0.04 0.0131771 -0.0157039
 vertex -0.04 0.0143394 -0.0204788
 vertex -0.04 0.0160697 -0.0191511
 endloop
endfacet
facet normal 0 0 0
 outer loop
 vertex 0.1 0.0131771 -0.0157039
 vertex 0.1 0.0160697 -0.0191511
 vertex 0.1 0.0143394 -0.0204788
 endloop
endfacet
facet normal 0 0 0
 outer loop
 vertex 0.1 0.0131771 -0.0157039
 vertex 0.1 0.0143394 -0.0204788
 vertex 0.1 0.0117583 -0.0167926
 endloop
endfacet
facet normal 0 0 0
 outer loop
 vertex -0.04 0.0117583 -0.0167926
 vertex -0.04 0.01025 -0.0177535
 vertex -0.04 0.0125 -0.0216506
 endloop
endfacet
facet normal 0 0 0
 outer loop
 vertex -0.04 0.0117583 -0.0167926
 vertex -0.04 0.0125 -0.0216506
 vertex -0.04 0.0143394 -0.0204788
 endloop
endfacet
facet normal 0 0 0
 outer loop
 vertex 0.1 0.0117583 -0.0167926
 vertex 0.1 0.0143394 -0.0204788
 vertex 0.1 0.0125 -0.0216506
 endloop
endfacet
facet normal 0 0 0
 outer loop
 vertex 0.1 0.0117583 -0.0167926
 vertex 0.1 0.0125 -0.0216506
 vertex 0.1 0.01025 -0.0177535
 endloop
endfacet
facet normal 0 0 0
 outer loop
 vertex -0.04 0.01025 -0.0177535
 vertex -0.04 0.00866368 -0.0185793
 vertex -0.04 0.0105655 -0.0226577
 endloop
endfacet
facet normal 0 0 0
 outer loop
 vertex -0.04 0.01025 -0.0177535
 vertex -0.04 0.0105655 -0.0226577
 vertex -0.04 0.0125 -0.0216506
 endloop
endfacet
facet normal 0 0 0
 outer loop
 vertex 0.1 0.01025 -0.0177535
 vertex 0.1 0.0125 -0.0216506
 vertex 0.1 0.0105655 -0.0226577
 endloop
endfacet
facet normal 0 0 0
 outer loop
 vertex 0.1 0.01025 -0.0177535
 vertex 0.1 0.0105655 -0.0226577
 vertex 0.1 0.00866368 -0.0185793
 endloop
endfacet
facet normal 0 0 0
 outer loop
 vertex -0.04 0.00866368 -0.0185793
 vertex -0.04 0.00701141 -0.0192637
 vertex -0.04 0.00855051 -0.0234923
 endloop
endfacet
facet normal 0 0 0
 outer loop
 vertex -0.04 0.00866368 -0.0185793
 vertex -0.04 0.00855051 -0.0234923
 vertex -0.04 0.0105655 -0.0226577
 endloop
endfacet
facet normal 0 0 0
 outer loop
 vertex 0.1 0.00866368 -0.0185793
 vertex 0.1 0.0105655 -0.0226577
 vertex 0.1 0.00855051 -0.0234923
 endloop
endfacet
facet normal 0 0 0
 outer loop
 vertex 0.1 0.00866368 -0.0185793
 vertex 0.1 0.00855051 -0.0234923
 vertex 0.1 0.00701141 -0.0192637
 endloop
endfacet
facet normal 0 0 0
 outer loop
 vertex -0.04 0.00701141 -0.0192637
 vertex -0.04 0.00530579 -0.0198015
 vertex -0.04 0.00647048 -0.0241481
 endloop
endfacet
facet normal 0 0 0
 outer loop
 vertex -0.04 0.00701141 -0.0192637
 vertex -0.04 0.00647048 -0.0241481
 vertex -0.04 0.00855051 -0.0234923
 endloop
endfacet
facet normal 0 0 0
 outer loop
 vertex 0.1 0.00701141 -0.0192637
 vertex 0.1 0.00855051 -0.0234923
 vertex 0.1 0.00647048 -0.0241481
 endloop
endfacet
facet normal 0 0 0
 outer loop
 vertex 0.1 0.00701141 -0.0192637
 vertex 0.1 0.00647048 -0.0241481
 vertex 0.1 0.00530579 -0.0198015
 endloop
endfacet
facet normal 0 0 0
 outer loop
 vertex -0.04 0.00530579 -0.0198015
 vertex -0.04 0.00355979 -0.0201886
 vertex -0.04 0.00434121 -0.0246202
 endloop
endfacet
facet normal 0 0 0
 outer loop
 vertex -0.04 0.00530579 -0.0198015
 vertex -0.04 0.00434121 -0.0246202
 vertex -0.04 0.00647048 -0.0241481
 endloop
endfacet
facet normal 0 0 0
 outer loop
 vertex 0.1 0.00530579 -0.0198015
 vertex 0.1 0.00647048 -0.0241481
 vertex 0.1 0.00434121 -0.0246202
 endloop
endfacet
facet normal 0 0 0
 outer loop
 vertex 0.1 0.00530579 -0.0198015
 vertex 0.1 0.00434121 -0.0246202
 vertex 0.1 0.00355979 -0.0201886
 endloop
endfacet
facet normal 0 0 0
 outer loop
 vertex -0.04 0.00355979 -0.0201886
 vertex -0.04 0.00178669 -0.020422
 vertex -0.04 0.00217889 -0.0249049
 endloop
endfacet
facet normal 0 0 0
 outer loop
 vertex -0.04 0.00355979 -0.0201886
 vertex -0.04 0.00217889 -0.0249049
 vertex -0.04 0.00434121 -0.0246202
 endloop
endfacet
facet normal 0 0 0
 outer loop
 vertex 0.1 0.00355979 -0.0201886
 vertex 0.1 0.00434121 -0.0246202
 vertex 0.1 0.00217889 -0.0249049
 endloop
endfacet
facet normal 0 0 0
 outer loop
 vertex 0.1 0.00355979 -0.0201886
 vertex 0.1 0.00217889 -0.0249049
 vertex 0.1 0.00178669 -0.020422
 endloop
endfacet
facet normal 0 0 0
 outer loop
 vertex -0.04 0.00178669 -0.020422
 vertex -0.04 -1.79217e-09 -0.0205
 vertex -0.04 -2.18557e-09 -0.025
 endloop
endfacet
facet normal 0 0 0
 outer loop
 vertex -0.04 0.00178669 -0.020422
 vertex -0.04 -2.18557e-09 -0.025
 vertex -0.04 0.00217889 -0.0249049
 endloop
endfacet
facet normal 0 0 0
 outer loop
 vertex 0.1 0.00178669 -0.020422
 vertex 0.1 0.00217889 -0.0249049
 vertex 0.1 -2.18557e-09 -0.025
 endloop
endfacet
facet normal 0 0 0
 outer loop
 vertex 0.1 0.00178669 -0.020422
 vertex 0.1 -2.18557e-09 -0.025
 vertex 0.1 -1.79217e-09 -0.0205
 endloop
endfacet
facet normal 0 0 0
 outer loop
 vertex -0.04 -1.79217e-09 -0.0205
 vertex -0.04 -0.00178669 -0.020422
 vertex -0.04 -0.0021789 -0.0249049
 endloop
endfacet
facet normal 0 0 0
 outer loop
 vertex -0.04 -1.79217e-09 -0.0205
 vertex -0.04 -0.0021789 -0.0249049
 vertex -0.04 -2.18557e-09 -0.025
 endloop
endfacet
facet normal 0 0 0
 outer loop
 vertex 0.1 -1.79217e-09 -0.0205
 vertex 0.1 -2.18557e-09 -0.025
 vertex 0.1 -0.0021789 -0.0249049
 endloop
endfacet
facet normal 0 0 0
 outer loop
 vertex 0.1 -1.79217e-09 -0.0205
 vertex 0.1 -0.0021789 -0.0249049
 vertex 0.1 -0.00178669 -0.020422
 endloop
endfacet
facet normal 0 0 0
 outer loop
 vertex -0.04 -0.00178669 -0.020422
 vertex -0.04 -0.00355979 -0.0201886
 vertex -0.04 -0.00434121 -0.0246202
 endloop
endfacet
facet normal 0 0 0
 outer loop
 vertex -0.04 -0.00178669 -0.020422
 vertex -0.04 -0.00434121 -0.0246202
 vertex -0.04 -0.0021789 -0.0249049
 endloop
endfacet
facet normal 0 0 0
 outer loop
 vertex 0.1 -0.00178669 -0.020422
 vertex 0.1 -0.0021789 -0.0249049
 vertex 0.1 -0.00434121 -0.0246202
 endloop
endfacet
facet normal 0 0 0
 outer loop
 vertex 0.1 -0.00178669 -0.020422
 vertex 0.1 -0.00434121 -0.0246202
 vertex 0.1 -0.00355979 -0.0201886
 endloop
endfacet
facet normal 0 0 0
 outer loop
 vertex -0.04 -0.00355979 -0.0201886
 vertex -0.04 -0.00530579 -0.0198015
 vertex -0.04 -0.00647048 -0.0241481
 endloop
endfacet
facet normal 0 0 0
 outer loop
 vertex -0.04 -0.00355979 -0.0201886
 vertex -0.04 -0.00647048 -0.0241481
 vertex -0.04 -0.00434121 -0.0246202
 endloop
endfacet
facet normal 0 0 0
 outer loop
 vertex 0.1 -0.00355979 -0.0201886
 vertex 0.1 -0.00434121 -0.0246202
 vertex 0.1 -0.00647048 -0.0241481
 endloop
endfacet
facet normal 0 0 0
 outer loop
 vertex 0.1 -0.00355979 -0.0201886
 vertex 0.1 -0.00647048 -0.0241481
 vertex 0.1 -0.00530579 -0.0198015
 endloop
endfacet
facet normal 0 0 0
 outer loop
 vertex -0.04 -0.00530579 -0.0198015
 vertex -0.04 -0.00701141 -0.0192637
 vertex -0.04 -0.0085505 -0.0234923
 endloop
endfacet
facet normal 0 0 0
 outer loop
 vertex -0.04 -0.00530579 -0.0198015
 vertex -0.04 -0.0085505 -0.0234923
 vertex -0.04 -0.00647048 -0.0241481
 endloop
endfacet
facet normal 0 0 0
 outer loop
 vertex 0.1 -0.00530579 -0.0198015
 vertex 0.1 -0.00647048 -0.0241481
 vertex 0.1 -0.0085505 -0.0234923
 endloop
endfacet
facet normal 0 0 0
 outer loop
 vertex 0.1 -0.00530579 -0.0198015
 vertex 0.1 -0.0085505 -0.0234923
 vertex 0.1 -0.00701141 -0.0192637
 endloop
endfacet
facet normal 0 0 0
 outer loop
 vertex -0.04 -0.00701141 -0.0192637
 vertex -0.04 -0.00866367 -0.0185793
 vertex -0.04 -0.0105655 -0.0226577
 endloop
endfacet
facet normal 0 0 0
 outer loop
 vertex -0.04 -0.00701141 -0.0192637
 vertex -0.04 -0.0105655 -0.0226577
 vertex -0.04 -0.0085505 -0.0234923
 endloop
endfacet
facet normal 0 0 0
 outer loop
 vertex 0.1 -0.00701141 -0.0192637
 vertex 0.1 -0.0085505 -0.0234923
 vertex 0.1 -0.0105655 -0.0226577
 endloop
endfacet
facet normal 0 0 0
 outer loop
 vertex 0.1 -0.00701141 -0.0192637
 vertex 0.1 -0.0105655 -0.0226577
 vertex 0.1 -0.00866367 -0.0185793
 endloop
endfacet
facet normal 0 0 0
 outer loop
 vertex -0.04 -0.00866367 -0.0185793
 vertex -0.04 -0.01025 -0.0177535
 vertex -0.04 -0.0125 -0.0216506
 endloop
endfacet
facet normal 0 0 0
 outer loop
 vertex -0.04 -0.00866367 -0.0185793
 vertex -0.04 -0.0125 -0.0216506
 vertex -0.04 -0.0105655 -0.0226577
 endloop
endfacet
facet normal 0 0 0
 outer loop
 vertex 0.1 -0.00866367 -0.0185793
 vertex 0.1 -0.0105655 -0.0226577
 vertex 0.1 -0.0125 -0.0216506
 endloop
endfacet
facet normal 0 0 0
 outer loop
 vertex 0.1 -0.00866367 -0.0185793
 vertex 0.1 -0.0125 -0.0216506
 vertex 0.1 -0.01025 -0.0177535
 endloop
endfacet
facet normal 0 0 0
 outer loop
 vertex -0.04 -0.01025 -0.0177535
 vertex -0.04 -0.0117583 -0.0167926
 vertex -0.04 -0.0143394 -0.0204788
 endloop
endfacet
facet normal 0 0 0
 outer loop
 vertex -0.04 -0.01025 -0.0177535
 vertex -0.04 -0.0143394 -0.0204788
 vertex -0.04 -0.0125 -0.0216506
 endloop
endfacet
facet normal 0 0 0
 outer loop
 vertex 0.1 -0.01025 -0.0177535
 vertex 0.1 -0.0125 -0.0216506
 vertex 0.1 -0.0143394 -0.0204788
 endloop
endfacet
facet normal 0 0 0
 outer loop
 vertex 0.1 -0.01025 -0.0177535
 vertex 0.1 -0.0143394 -0.0204788
 vertex 0.1 -0.0117583 -0.0167926
 endloop
endfacet
facet normal 0 0 0
 outer loop
 vertex -0.04 -0.0117583 -0.0167926
 vertex -0.04 -0.0131771 -0.0157039
 vertex -0.04 -0.0160697 -0.0191511
 endloop
endfacet
facet normal 0 0 0
 outer loop
 vertex -0.04 -0.0117583 -0.0167926
 vertex -0.04 -0.0160697 -0.0191511
 vertex -0.04 -0.0143394 -0.0204788
 endloop
endfacet
facet normal 0 0 0
 outer loop
 vertex 0.1 -0.0117583 -0.0167926
 vertex 0.1 -0.0143394 -0.0204788
 vertex 0.1 -0.0160697 -0.0191511
 endloop
endfacet
facet normal 0 0 0
 outer loop
 vertex 0.1 -0.0117583 -0.0167926
 vertex 0.1 -0.0160697 -0.0191511
 vertex 0.1 -0.0131771 -0.0157039
 endloop
endfacet
facet normal 0 0 0
 outer loop
 vertex -0.04 -0.0131771 -0.0157039
 vertex -0.04 -0.0144957 -0.0144957
 vertex -0.04 -0.0176777 -0.0176777
 endloop
endfacet
facet normal 0 0 0
 outer loop
 vertex -0.04 -0.0131771 -0.0157039
 vertex -0.04 -0.0176777 -0.0176777
 vertex -0.04 -0.0160697 -0.0191511
 endloop
endfacet
facet normal 0 0 0
 outer loop
 vertex 0.1 -0.0131771 -0.0157039
 vertex 0.1 -0.0160697 -0.0191511
 vertex 0.1 -0.0176777 -0.0176777
 endloop
endfacet
facet normal 0 0 0
 outer loop
 vertex 0.1 -0.0131771 -0.0157039
 vertex 0.1 -0.0176777 -0.0176777
 vertex 0.1 -0.0144957 -0.0144957
 endloop
endfacet
facet normal 0 0 0
 outer loop
 vertex -0.04 -0.0144957 -0.0144957
 vertex -0.04 -0.0157039 -0.0131771
 vertex -0.04 -0.0191511 -0.0160697
 endloop
endfacet
facet normal 0 0 0
 outer loop
 vertex -0.04 -0.0144957 -0.0144957
 vertex -0.04 -0.0191511 -0.0160697
 vertex -0.04 -0.0176777 -0.0176777
 endloop
endfacet
facet normal 0 0 0
 outer loop
 vertex 0.1 -0.0144957 -0.0144957
 vertex 0.1 -0.0176777 -0.0176777
 vertex 0.1 -0.0191511 -0.0160697
 endloop
endfacet
facet normal 0 0 0
 outer loop
 vertex 0.1 -0.0144957 -0.0144957
 vertex 0.1 -0.0191511 -0.0160697
 vertex 0.1 -0.0157039 -0.0131771
 endloop
endfacet
facet normal 0 0 0
 outer loop
 vertex -0.04 -0.0157039 -0.0131771
 vertex -0.04 -0.0167926 -0.0117583
 vertex -0.04 -0.0204788 -0.0143394
 endloop
endfacet
facet normal 0 0 0
 outer loop
 vertex -0.04 -0.0157039 -0.0131771
 vertex -0.04 -0.0204788 -0.0143394
 vertex -0.04 -0.0191511 -0.0160697
 endloop
endfacet
facet normal 0 0 0
 outer loop
 vertex 0.1 -0.0157039 -0.0131771
 vertex 0.1 -0.0191511 -0.0160697
 vertex 0.1 -0.0204788 -0.0143394
 endloop
endfacet
facet normal 0 0 0
 outer loop
 vertex 0.1 -0.0157039 -0.0131771
 vertex 0.1 -0.0204788 -0.0143394
 vertex 0.1 -0.0167926 -0.0117583
 endloop
endfacet
facet normal 0 0 0
 outer loop
 vertex -0.04 -0.0167926 -0.0117583
 vertex -0.04 -0.0177535 -0.01025
 vertex -0.04 -0.0216506 -0.0125
 endloop
endfacet
facet normal 0 0 0
 outer loop
 vertex -0.04 -0.0167926 -0.0117583
 vertex -0.04 -0.0216506 -0.0125
 vertex -0.04 -0.0204788 -0.0143394
 endloop
endfacet
facet normal 0 0 0
 outer loop
 vertex 0.1 -0.0167926 -0.0117583
 vertex 0.1 -0.0204788 -0.0143394
 vertex 0.1 -0.0216506 -0.0125
 endloop
endfacet
facet normal 0 0 0
 outer loop
 vertex 0.1 -0.0167926 -0.0117583
 vertex 0.1 -0.0216506 -0.0125
 vertex 0.1 -0.0177535 -0.01025
 endloop
endfacet
facet normal 0 0 0
 outer loop
 vertex -0.04 -0.0177535 -0.01025
 vertex -0.04 -0.0185793 -0.00866367
 vertex -0.04 -0.0226577 -0.0105655
 endloop
endfacet
facet normal 0 0 0
 outer loop
 vertex -0.04 -0.0177535 -0.01025
 vertex -0.04 -0.0226577 -0.0105655
 vertex -0.04 -0.0216506 -0.0125
 endloop
endfacet
facet normal 0 0 0
 outer loop
 vertex 0.1 -0.0177535 -0.01025
 vertex 0.1 -0.0216506 -0.0125
 vertex 0.1 -0.0226577 -0.0105655
 endloop
endfacet
facet normal 0 0 0
 outer loop
 vertex 0.1 -0.0177535 -0.01025
 vertex 0.1 -0.0226577 -0.0105655
 vertex 0.1 -0.0185793 -0.00866367
 endloop
endfacet
facet normal 0 0 0
 outer loop
 vertex -0.04 -0.0185793 -0.00866367
 vertex -0.04 -0.0192637 -0.00701141
 vertex -0.04 -0.0234923 -0.0085505
 endloop
endfacet
facet normal 0 0 0
 outer loop
 vertex -0.04 -0.0185793 -0.00866367
 vertex -0.04 -0.0234923 -0.0085505
 vertex -0.04 -0.0226577 -0.0105655
 endloop
endfacet
facet normal 0 0 0
 outer loop
 vertex 0.1 -0.0185793 -0.00866367
 vertex 0.1 -0.0226577 -0.0105655
 vertex 0.1 -0.0234923 -0.0085505
 endloop
endfacet
facet normal 0 0 0
 outer loop
 vertex 0.1 -0.0185793 -0.00866367
 vertex 0.1 -0.0234923 -0.0085505
 vertex 0.1 -0.0192637 -0.00701141
 endloop
endfacet
facet normal 0 0 0
 outer loop
 vertex -0.04 -0.0192637 -0.00701141
 vertex -0.04 -0.0198015 -0.00530579
 vertex -0.04 -0.0241481 -0.00647047
 endloop
endfacet
facet normal 0 0 0
 outer loop
 vertex -0.04 -0.0192637 -0.00701141
 vertex -0.04 -0.0241481 -0.00647047
 vertex -0.04 -0.0234923 -0.0085505
 endloop
endfacet
facet normal 0 0 0
 outer loop
 vertex 0.1 -0.0192637 -0.00701141
 vertex 0.1 -0.0234923 -0.0085505
 vertex 0.1 -0.0241481 -0.00647047
 endloop
endfacet
facet normal 0 0 0
 outer loop
 vertex 0.1 -0.0192637 -0.00701141
 vertex 0.1 -0.0241481 -0.00647047
 vertex 0.1 -0.0198015 -0.00530579
 endloop
endfacet
facet normal 0 0 0
 outer loop
 vertex -0.04 -0.0198015 -0.00530579
 vertex -0.04 -0.0201886 -0.00355979
 vertex -0.04 -0.0246202 -0.0043412
 endloop
endfacet
facet normal 0 0 0
 outer loop
 vertex -0.04 -0.0198015 -0.00530579
 vertex -0.04 -0.0246202 -0.0043412
 vertex -0.04 -0.0241481 -0.00647047
 endloop
endfacet
facet normal 0 0 0
 outer loop
 vertex 0.1 -0.0198015 -0.00530579
 vertex 0.1 -0.0241481 -0.00647047
 vertex 0.1 -0.0246202 -0.0043412
 endloop
endfacet
facet normal 0 0 0
 outer loop
 vertex 0.1 -0.0198015 -0.00530579
 vertex 0.1 -0.0246202 -0.0043412
 vertex 0.1 -0.0201886 -0.00355979
 endloop
endfacet
facet normal 0 0 0
 outer loop
 vertex -0.04 -0.0201886 -0.00355979
 vertex -0.04 -0.020422 -0.00178669
 vertex -0.04 -0.0249049 -0.00217889
 endloop
endfacet
facet normal 0 0 0
 outer loop
 vertex -0.04 -0.0201886 -0.00355979
 vertex -0.04 -0.0249049 -0.00217889
 vertex -0.04 -0.0246202 -0.0043412
 endloop
endfacet
facet normal 0 0 0
 outer loop
 vertex 0.1 -0.0201886 -0.00355979
 vertex 0.1 -0.0246202 -0.0043412
 vertex 0.1 -0.0249049 -0.00217889
 endloop
endfacet
facet normal 0 0 0
 outer loop
 vertex 0.1 -0.0201886 -0.00355979
 vertex 0.1 -0.0249049 -0.00217889
 vertex 0.1 -0.020422 -0.00178669
 endloop
endfacet
facet normal 0 0 0
 outer loop
 vertex -0.04 -0.020422 -0.00178669
 vertex -0.04 -0.0205 2.4446e-10
 vertex -0.04 -0.025 2.98122e-10
 endloop
endfacet
facet normal 0 0 0
 outer loop
 vertex -0.04 -0.020422 -0.00178669
 vertex -0.04 -0.025 2.98122e-10
 vertex -0.04 -0.0249049 -0.00217889
 endloop
endfacet
facet normal 0 0 0
 outer loop
 vertex 0.1 -0.020422 -0.00178669
 vertex 0.1 -0.0249049 -0.00217889
 vertex 0.1 -0.025 2.98122e-10
 endloop
endfacet
facet normal 0 0 0
 outer loop
 vertex 0.1 -0.020422 -0.00178669
 vertex 0.1 -0.025 2.98122e-10
 vertex 0.1 -0.0205 2.4446e-10
 endloop
endfacet
facet normal 0 0 0
 outer loop
 vertex -0.04 -0.0205 2.4446e-10
 vertex -0.04 -0.020422 0.00178669
 vertex -0.04 -0.0249049 0.00217889
 endloop
endfacet
facet normal 0 0 0
 outer loop
 vertex -0.04 -0.0205 2.4446e-10
 vertex -0.04 -0.0249049 0.00217889
 vertex -0.04 -0.025 2.98122e-10
 endloop
endfacet
facet normal 0 0 0
 outer loop
 vertex 0.1 -0.0205 2.4446e-10
 vertex 0.1 -0.025 2.98122e-10
 vertex 0.1 -0.0249049 0.00217889
 endloop
endfacet
facet normal 0 0 0
 outer loop
 vertex 0.1 -0.0205 2.4446e-10
 vertex 0.1 -0.0249049 0.00217889
 vertex 0.1 -0.020422 0.00178669
 endloop
endfacet
facet normal 0 0 0
 outer loop
 vertex -0.04 -0.020422 0.00178669
 vertex -0.04 -0.0201886 0.00355979
 vertex -0.04 -0.0246202 0.0043412
 endloop
endfacet
facet normal 0 0 0
 outer loop
 vertex -0.04 -0.020422 0.00178669
 vertex -0.04 -0.0246202 0.0043412
 vertex -0.04 -0.0249049 0.00217889
 endloop
endfacet
facet normal 0 0 0
 outer loop
 vertex 0.1 -0.020422 0.00178669
 vertex 0.1 -0.0249049 0.00217889
 vertex 0.1 -0.0246202 0.0043412
 endloop
endfacet
facet normal 0 0 0
 outer loop
 vertex 0.1 -0.020422 0.00178669
 vertex 0.1 -0.0246202 0.0043412
 vertex 0.1 -0.0201886 0.00355979
 endloop
endfacet
facet normal 0 0 0
 outer loop
 vertex -0.04 -0.0201886 0.00355979
 vertex -0.04 -0.0198015 0.00530579
 vertex -0.04 -0.0241481 0.00647048
 endloop
endfacet
facet normal 0 0 0
 outer loop
 vertex -0.04 -0.0201886 0.00355979
 vertex -0.04 -0.0241481 0.00647048
 vertex -0.04 -0.0246202 0.0043412
 endloop
endfacet
facet normal 0 0 0
 outer loop
 vertex 0.1 -0.0201886 0.00355979
 vertex 0.1 -0.0246202 0.0043412
 vertex 0.1 -0.0241481 0.00647048
 endloop
endfacet
facet normal 0 0 0
 outer loop
 vertex 0.1 -0.0201886 0.00355979
 vertex 0.1 -0.0241481 0.00647048
 vertex 0.1 -0.0198015 0.00530579
 endloop
endfacet
facet normal 0 0 0
 outer loop
 vertex -0.04 -0.0198015 0.00530579
 vertex -0.04 -0.0192637 0.00701141
 vertex -0.04 -0.0234923 0.0085505
 endloop
endfacet
facet normal 0 0 0
 outer loop
 vertex -0.04 -0.0198015 0.00530579
 vertex -0.04 -0.0234923 0.0085505
 vertex -0.04 -0.0241481 0.00647048
 endloop
endfacet
facet normal 0 0 0
 outer loop
 vertex 0.1 -0.0198015 0.00530579
 vertex 0.1 -0.0241481 0.00647048
 vertex 0.1 -0.0234923 0.0085505
 endloop
endfacet
facet normal 0 0 0
 outer loop
 vertex 0.1 -0.0198015 0.00530579
 vertex 0.1 -0.0234923 0.0085505
 vertex 0.1 -0.0192637 0.00701141
 endloop
endfacet
facet normal 0 0 0
 outer loop
 vertex -0.04 -0.0192637 0.00701141
 vertex -0.04 -0.0185793 0.00866367
 vertex -0.04 -0.0226577 0.0105655
 endloop
endfacet
facet normal 0 0 0
 outer loop
 vertex -0.04 -0.0192637 0.00701141
 vertex -0.04 -0.0226577 0.0105655
 vertex -0.04 -0.0234923 0.0085505
 endloop
endfacet
facet normal 0 0 0
 outer loop
 vertex 0.1 -0.0192637 0.00701141
 vertex 0.1 -0.0234923 0.0085505
 vertex 0.1 -0.0226577 0.0105655
 endloop
endfacet
facet normal 0 0 0
 outer loop
 vertex 0.1 -0.0192637 0.00701141
 vertex 0.1 -0.0226577 0.0105655
 vertex 0.1 -0.0185793 0.00866367
 endloop
endfacet
facet normal 0 0 0
 outer loop
 vertex -0.04 -0.0185793 0.00866367
 vertex -0.04 -0.0177535 0.01025
 vertex -0.04 -0.0216506 0.0125
 endloop
endfacet
facet normal 0 0 0
 outer loop
 vertex -0.04 -0.0185793 0.00866367
 vertex -0.04 -0.0216506 0.0125
 vertex -0.04 -0.0226577 0.0105655
 endloop
endfacet
facet normal 0 0 0
 outer loop
 vertex 0.1 -0.0185793 0.00866367
 vertex 0.1 -0.0226577 0.0105655
 vertex 0.1 -0.0216506 0.0125
 endloop
endfacet
facet normal 0 0 0
 outer loop
 vertex 0.1 -0.0185793 0.00866367
 vertex 0.1 -0.0216506 0.0125
 vertex 0.1 -0.0177535 0.01025
 endloop
endfacet
facet normal 0 0 0
 outer loop
 vertex -0.04 -0.0177535 0.01025
 vertex -0.04 -0.0167926 0.0117583
 vertex -0.04 -0.0204788 0.0143394
 endloop
endfacet
facet normal 0 0 0
 outer loop
 vertex -0.04 -0.0177535 0.01025
 vertex -0.04 -0.0204788 0.0143394
 vertex -0.04 -0.0216506 0.0125
 endloop
endfacet
facet normal 0 0 0
 outer loop
 vertex 0.1 -0.0177535 0.01025
 vertex 0.1 -0.0216506 0.0125
 vertex 0.1 -0.0204788 0.0143394
 endloop
endfacet
facet normal 0 0 0
 outer loop
 vertex 0.1 -0.0177535 0.01025
 vertex 0.1 -0.0204788 0.0143394
 vertex 0.1 -0.0167926 0.0117583
 endloop
endfacet
facet normal 0 0 0
 outer loop
 vertex -0.04 -0.0167926 0.0117583
 vertex -0.04 -0.0157039 0.0131771
 vertex -0.04 -0.0191511 0.0160697
 endloop
endfacet
facet normal 0 0 0
 outer loop
 vertex -0.04 -0.0167926 0.0117583
 vertex -0.04 -0.0191511 0.0160697
 vertex -0.04 -0.0204788 0.0143394
 endloop
endfacet
facet normal 0 0 0
 outer loop
 vertex 0.1 -0.0167926 0.0117583
 vertex 0.1 -0.0204788 0.0143394
 vertex 0.1 -0.0191511 0.0160697
 endloop
endfacet
facet normal 0 0 0
 outer loop
 vertex 0.1 -0.0167926 0.0117583
 vertex 0.1 -0.0191511 0.0160697
 vertex 0.1 -0.0157039 0.0131771
 endloop
endfacet
facet normal 0 0 0
 outer loop
 vertex -0.04 -0.0157039 0.0131771
 vertex -0.04 -0.0144957 0.0144957
 vertex -0.04 -0.0176777 0.0176777
 endloop
endfacet
facet normal 0 0 0
 outer loop
 vertex -0.04 -0.0157039 0.0131771
 vertex -0.04 -0.0176777 0.0176777
 vertex -0.04 -0.0191511 0.0160697
 endloop
endfacet
facet normal 0 0 0
 outer loop
 vertex 0.1 -0.0157039 0.0131771
 vertex 0.1 -0.0191511 0.0160697
 vertex 0.1 -0.0176777 0.0176777
 endloop
endfacet
facet normal 0 0 0
 outer loop
 vertex 0.1 -0.0157039 0.0131771
 vertex 0.1 -0.0176777 0.0176777
 vertex 0.1 -0.0144957 0.0144957
 endloop
endfacet
facet normal 0 0 0
 outer loop
 vertex -0.04 -0.0144957 0.0144957
 vertex -0.04 -0.0131771 0.0157039
 vertex -0.04 -0.0160697 0.0191511
 endloop
endfacet
facet normal 0 0 0
 outer loop
 vertex -0.04 -0.0144957 0.0144957
 vertex -0.04 -0.0160697 0.0191511
 vertex -0.04 -0.0176777 0.0176777
 endloop
endfacet
facet normal 0 0 0
 outer loop
 vertex 0.1 -0.0144957 0.0144957
 vertex 0.1 -0.0176777 0.0176777
 vertex 0.1 -0.0160697 0.0191511
 endloop
endfacet
facet normal 0 0 0
 outer loop
 vertex 0.1 -0.0144957 0.0144957
 vertex 0.1 -0.0160697 0.0191511
 vertex 0.1 -0.0131771 0.0157039
 endloop
endfacet
facet normal 0 0 0
 outer loop
 vertex -0.04 -0.0131771 0.0157039
 vertex -0.04 -0.0117583 0.0167926
 vertex -0.04 -0.0143394 0.0204788
 endloop
endfacet
facet normal 0 0 0
 outer loop
 vertex -0.04 -0.0131771 0.0157039
 vertex -0.04 -0.0143394 0.0204788
 vertex -0.04 -0.0160697 0.0191511
 endloop
endfacet
facet normal 0 0 0
 outer loop
 vertex 0.1 -0.0131771 0.0157039
 vertex 0.1 -0.0160697 0.0191511
 vertex 0.1 -0.0143394 0.0204788
 endloop
endfacet
facet normal 0 0 0
 outer loop
 vertex 0.1 -0.0131771 0.0157039
 vertex 0.1 -0.0143394 0.0204788
 vertex 0.1 -0.0117583 0.0167926
 endloop
endfacet
facet normal 0 0 0
 outer loop
 vertex -0.04 -0.0117583 0.0167926
 vertex -0.04 -0.01025 0.0177535
 vertex -0.04 -0.0125 0.0216506
 endloop
endfacet
facet normal 0 0 0
 outer loop
 vertex -0.04 -0.0117583 0.0167926
 vertex -0.04 -0.0125 0.0216506
 vertex -0.04 -0.0143394 0.0204788
 endloop
endfacet
facet normal 0 0 0
 outer loop
 vertex 0.1 -0.0117583 0.0167926
 vertex 0.1 -0.0143394 0.0204788
 vertex 0.1 -0.0125 0.0216506
 endloop
endfacet
facet normal 0 0 0
 outer loop
 vertex 0.1 -0.0117583 0.0167926
 vertex 0.1 -0.0125 0.0216506
 vertex 0.1 -0.01025 0.0177535
 endloop
endfacet
facet normal 0 0 0
 outer loop
 vertex -0.04 -0.01025 0.0177535
 vertex -0.04 -0.00866368 0.0185793
 vertex -0.04 -0.0105655 0.0226577
 endloop
endfacet
facet normal 0 0 0
 outer loop
 vertex -0.04 -0.01025 0.0177535
 vertex -0.04 -0.0105655 0.0226577
 vertex -0.04 -0.0125 0.0216506
 endloop
endfacet
facet normal 0 0 0
 outer loop
 vertex 0.1 -0.01025 0.0177535
 vertex 0.1 -0.0125 0.0216506
 vertex 0.1 -0.0105655 0.0226577
 endloop
endfacet
facet normal 0 0 0
 outer loop
 vertex 0.1 -0.01025 0.0177535
 vertex 0.1 -0.0105655 0.0226577
 vertex 0.1 -0.00866368 0.0185793
 endloop
endfacet
facet normal 0 0 0
 outer loop
 vertex -0.04 -0.00866368 0.0185793
 vertex -0.04 -0.00701142 0.0192637
 vertex -0.04 -0.00855051 0.0234923
 endloop
endfacet
facet normal 0 0 0
 outer loop
 vertex -0.04 -0.00866368 0.0185793
 vertex -0.04 -0.00855051 0.0234923
 vertex -0.04 -0.0105655 0.0226577
 endloop
endfacet
facet normal 0 0 0
 outer loop
 vertex 0.1 -0.00866368 0.0185793
 vertex 0.1 -0.0105655 0.0226577
 vertex 0.1 -0.00855051 0.0234923
 endloop
endfacet
facet normal 0 0 0
 outer loop
 vertex 0.1 -0.00866368 0.0185793
 vertex 0.1 -0.00855051 0.0234923
 vertex 0.1 -0.00701142 0.0192637
 endloop
endfacet
facet normal 0 0 0
 outer loop
 vertex -0.04 -0.00701142 0.0192637
 vertex -0.04 -0.00530579 0.0198015
 vertex -0.04 -0.00647047 0.0241481
 endloop
endfacet
facet normal 0 0 0
 outer loop
 vertex -0.04 -0.00701142 0.0192637
 vertex -0.04 -0.00647047 0.0241481
 vertex -0.04 -0.00855051 0.0234923
 endloop
endfacet
facet normal 0 0 0
 outer loop
 vertex 0.1 -0.00701142 0.0192637
 vertex 0.1 -0.00855051 0.0234923
 vertex 0.1 -0.00647047 0.0241481
 endloop
endfacet
facet normal 0 0 0
 outer loop
 vertex 0.1 -0.00701142 0.0192637
 vertex 0.1 -0.00647047 0.0241481
 vertex 0.1 -0.00530579 0.0198015
 endloop
endfacet
facet normal 0 0 0
 outer loop
 vertex -0.04 -0.00530579 0.0198015
 vertex -0.04 -0.00355978 0.0201886
 vertex -0.04 -0.0043412 0.0246202
 endloop
endfacet
facet normal 0 0 0
 outer loop
 vertex -0.04 -0.00530579 0.0198015
 vertex -0.04 -0.0043412 0.0246202
 vertex -0.04 -0.00647047 0.0241481
 endloop
endfacet
facet normal 0 0 0
 outer loop
 vertex 0.1 -0.00530579 0.0198015
 vertex 0.1 -0.00647047 0.0241481
 vertex 0.1 -0.0043412 0.0246202
 endloop
endfacet
facet normal 0 0 0
 outer loop
 vertex 0.1 -0.00530579 0.0198015
 vertex 0.1 -0.0043412 0.0246202
 vertex 0.1 -0.00355978 0.0201886
 endloop
endfacet
facet normal 0 0 0
 outer loop
 vertex -0.04 -0.00355978 0.0201886
 vertex -0.04 -0.00178669 0.020422
 vertex -0.04 -0.00217889 0.0249049
 endloop
endfacet
facet normal 0 0 0
 outer loop
 vertex -0.04 -0.00355978 0.0201886
 vertex -0.04 -0.00217889 0.0249049
 vertex -0.04 -0.0043412 0.0246202
 endloop
endfacet
facet normal 0 0 0
 outer loop
 vertex 0.1 -0.00355978 0.0201886
 vertex 0.1 -0.0043412 0.0246202
 vertex 0.1 -0.00217889 0.0249049
 endloop
endfacet
facet normal 0 0 0
 outer loop
 vertex 0.1 -0.00355978 0.0201886
 vertex 0.1 -0.00217889 0.0249049
 vertex 0.1 -0.00178669 0.020422
 endloop
endfacet
facet normal 0 0 0
 outer loop
 vertex -0.04 -0.00178669 0.020422
 vertex -0.04 3.58433e-09 0.0205
 vertex -0.04 4.37114e-09 0.025
 endloop
endfacet
facet normal 0 0 0
 outer loop
 vertex -0.04 -0.00178669 0.020422
 vertex -0.04 4.37114e-09 0.025
 vertex -0.04 -0.00217889 0.0249049
 endloop
endfacet
facet normal 0 0 0
 outer loop
 vertex 0.1 -0.00178669 0.020422
 vertex 0.1 -0.00217889 0.0249049
 vertex 0.1 4.37114e-09 0.025
 endloop
endfacet
facet normal 0 0 0
 outer loop
 vertex 0.1 -0.00178669 0.020422
 vertex 0.1 4.37114e-09 0.025
 vertex 0.1 3.58433e-09 0.0205
 endloop
endfacet
facet normal 0 0 0
 outer loop
 vertex 0.1 0 0.025
 vertex 0.1 0.00217889 0.0249049
 vertex 0.228 0.00217889 0.0249049
 endloop
endfacet
facet normal 0 0 0
 outer loop
 vertex 0.1 0 0.025
 vertex 0.228 0.00217889 0.0249049
 vertex 0.228 0 0.025
 endloop
endfacet
facet normal 0 0 0
 outer loop
 vertex 0.228 0 0.021
 vertex 0.228 0.00183027 0.0209201
 vertex 0.1 0.00183027 0.0209201
 endloop
endfacet
facet normal 0 0 0
 outer loop
 vertex 0.228 0 0.021
 vertex 0.1 0.00183027 0.0209201
 vertex 0.1 0 0.021
 endloop
endfacet
facet normal 0 0 0
 outer loop
 vertex 0.1 0.00217889 0.0249049
 vertex 0.1 0.0043412 0.0246202
 vertex 0.228 0.0043412 0.0246202
 endloop
endfacet
facet normal 0 0 0
 outer loop
 vertex 0.1 0.00217889 0.0249049
 vertex 0.228 0.0043412 0.0246202
 vertex 0.228 0.00217889 0.0249049
 endloop
endfacet
facet normal 0 0 0
 outer loop
 vertex 0.228 0.00183027 0.0209201
 vertex 0.228 0.00364661 0.020681
 vertex 0.1 0.00364661 0.020681
 endloop
endfacet
facet normal 0 0 0
 outer loop
 vertex 0.228 0.00183027 0.0209201
 vertex 0.1 0.00364661 0.020681
 vertex 0.1 0.00183027 0.0209201
 endloop
endfacet
facet normal 0 0 0
 outer loop
 vertex 0.1 0.0043412 0.0246202
 vertex 0.1 0.00647048 0.0241481
 vertex 0.228 0.00647048 0.0241481
 endloop
endfacet
facet normal 0 0 0
 outer loop
 vertex 0.1 0.0043412 0.0246202
 vertex 0.228 0.00647048 0.0241481
 vertex 0.228 0.0043412 0.0246202
 endloop
endfacet
facet normal 0 0 0
 outer loop
 vertex 0.228 0.00364661 0.020681
 vertex 0.228 0.0054352 0.0202844
 vertex 0.1 0.0054352 0.0202844
 endloop
endfacet
facet normal 0 0 0
 outer loop
 vertex 0.228 0.00364661 0.020681
 vertex 0.1 0.0054352 0.0202844
 vertex 0.1 0.00364661 0.020681
 endloop
endfacet
facet normal 0 0 0
 outer loop
 vertex 0.1 0.00647048 0.0241481
 vertex 0.1 0.0085505 0.0234923
 vertex 0.228 0.0085505 0.0234923
 endloop
endfacet
facet normal 0 0 0
 outer loop
 vertex 0.1 0.00647048 0.0241481
 vertex 0.228 0.0085505 0.0234923
 vertex 0.228 0.00647048 0.0241481
 endloop
endfacet
facet normal 0 0 0
 outer loop
 vertex 0.228 0.0054352 0.0202844
 vertex 0.228 0.00718242 0.0197335
 vertex 0.1 0.00718242 0.0197335
 endloop
endfacet
facet normal 0 0 0
 outer loop
 vertex 0.228 0.0054352 0.0202844
 vertex 0.1 0.00718242 0.0197335
 vertex 0.1 0.0054352 0.0202844
 endloop
endfacet
facet normal 0 0 0
 outer loop
 vertex 0.1 0.0085505 0.0234923
 vertex 0.1 0.0105655 0.0226577
 vertex 0.228 0.0105655 0.0226577
 endloop
endfacet
facet normal 0 0 0
 outer loop
 vertex 0.1 0.0085505 0.0234923
 vertex 0.228 0.0105655 0.0226577
 vertex 0.228 0.0085505 0.0234923
 endloop
endfacet
facet normal 0 0 0
 outer loop
 vertex 0.228 0.00718242 0.0197335
 vertex 0.228 0.00887498 0.0190325
 vertex 0.1 0.00887498 0.0190325
 endloop
endfacet
facet normal 0 0 0
 outer loop
 vertex 0.228 0.00718242 0.0197335
 vertex 0.1 0.00887498 0.0190325
 vertex 0.1 0.00718242 0.0197335
 endloop
endfacet
facet normal 0 0 0
 outer loop
 vertex 0.1 0.0105655 0.0226577
 vertex 0.1 0.0125 0.0216506
 vertex 0.228 0.0125 0.0216506
 endloop
endfacet
facet normal 0 0 0
 outer loop
 vertex 0.1 0.0105655 0.0226577
 vertex 0.228 0.0125 0.0216506
 vertex 0.228 0.0105655 0.0226577
 endloop
endfacet
facet normal 0 0 0
 outer loop
 vertex 0.228 0.00887498 0.0190325
 vertex 0.228 0.0105 0.0181865
 vertex 0.1 0.0105 0.0181865
 endloop
endfacet
facet normal 0 0 0
 outer loop
 vertex 0.228 0.00887498 0.0190325
 vertex 0.1 0.0105 0.0181865
 vertex 0.1 0.00887498 0.0190325
 endloop
endfacet
facet normal 0 0 0
 outer loop
 vertex 0.1 0.0125 0.0216506
 vertex 0.1 0.0143394 0.0204788
 vertex 0.228 0.0143394 0.0204788
 endloop
endfacet
facet normal 0 0 0
 outer loop
 vertex 0.1 0.0125 0.0216506
 vertex 0.228 0.0143394 0.0204788
 vertex 0.228 0.0125 0.0216506
 endloop
endfacet
facet normal 0 0 0
 outer loop
 vertex 0.228 0.0105 0.0181865
 vertex 0.228 0.0120451 0.0172022
 vertex 0.1 0.0120451 0.0172022
 endloop
endfacet
facet normal 0 0 0
 outer loop
 vertex 0.228 0.0105 0.0181865
 vertex 0.1 0.0120451 0.0172022
 vertex 0.1 0.0105 0.0181865
 endloop
endfacet
facet normal 0 0 0
 outer loop
 vertex 0.1 0.0143394 0.0204788
 vertex 0.1 0.0160697 0.0191511
 vertex 0.228 0.0160697 0.0191511
 endloop
endfacet
facet normal 0 0 0
 outer loop
 vertex 0.1 0.0143394 0.0204788
 vertex 0.228 0.0160697 0.0191511
 vertex 0.228 0.0143394 0.0204788
 endloop
endfacet
facet normal 0 0 0
 outer loop
 vertex 0.228 0.0120451 0.0172022
 vertex 0.228 0.0134985 0.0160869
 vertex 0.1 0.0134985 0.0160869
 endloop
endfacet
facet normal 0 0 0
 outer loop
 vertex 0.228 0.0120451 0.0172022
 vertex 0.1 0.0134985 0.0160869
 vertex 0.1 0.0120451 0.0172022
 endloop
endfacet
facet normal 0 0 0
 outer loop
 vertex 0.1 0.0160697 0.0191511
 vertex 0.1 0.0176777 0.0176777
 vertex 0.228 0.0176777 0.0176777
 endloop
endfacet
facet normal 0 0 0
 outer loop
 vertex 0.1 0.0160697 0.0191511
 vertex 0.228 0.0176777 0.0176777
 vertex 0.228 0.0160697 0.0191511
 endloop
endfacet
facet normal 0 0 0
 outer loop
 vertex 0.228 0.0134985 0.0160869
 vertex 0.228 0.0148492 0.0148492
 vertex 0.1 0.0148492 0.0148492
 endloop
endfacet
facet normal 0 0 0
 outer loop
 vertex 0.228 0.0134985 0.0160869
 vertex 0.1 0.0148492 0.0148492
 vertex 0.1 0.0134985 0.0160869
 endloop
endfacet
facet normal 0 0 0
 outer loop
 vertex 0.1 0.0176777 0.0176777
 vertex 0.1 0.0191511 0.0160697
 vertex 0.228 0.0191511 0.0160697
 endloop
endfacet
facet normal 0 0 0
 outer loop
 vertex 0.1 0.0176777 0.0176777
 vertex 0.228 0.0191511 0.0160697
 vertex 0.228 0.0176777 0.0176777
 endloop
endfacet
facet normal 0 0 0
 outer loop
 vertex 0.228 0.0148492 0.0148492
 vertex 0.228 0.0160869 0.0134985
 vertex 0.1 0.0160869 0.0134985
 endloop
endfacet
facet normal 0 0 0
 outer loop
 vertex 0.228 0.0148492 0.0148492
 vertex 0.1 0.0160869 0.0134985
 vertex 0.1 0.0148492 0.0148492
 endloop
endfacet
facet normal 0 0 0
 outer loop
 vertex 0.1 0.0191511 0.0160697
 vertex 0.1 0.0204788 0.0143394
 vertex 0.228 0.0204788 0.0143394
 endloop
endfacet
facet normal 0 0 0
 outer loop
 vertex 0.1 0.0191511 0.0160697
 vertex 0.228 0.0204788 0.0143394
 vertex 0.228 0.0191511 0.0160697
 endloop
endfacet
facet normal 0 0 0
 outer loop
 vertex 0.228 0.0160869 0.0134985
 vertex 0.228 0.0172022 0.0120451
 vertex 0.1 0.0172022 0.0120451
 endloop
endfacet
facet normal 0 0 0
 outer loop
 vertex 0.228 0.0160869 0.0134985
 vertex 0.1 0.0172022 0.0120451
 vertex 0.1 0.0160869 0.0134985
 endloop
endfacet
facet normal 0 0 0
 outer loop
 vertex 0.1 0.0204788 0.0143394
 vertex 0.1 0.0216506 0.0125
 vertex 0.228 0.0216506 0.0125
 endloop
endfacet
facet normal 0 0 0
 outer loop
 vertex 0.1 0.0204788 0.0143394
 vertex 0.228 0.0216506 0.0125
 vertex 0.228 0.0204788 0.0143394
 endloop
endfacet
facet normal 0 0 0
 outer loop
 vertex 0.228 0.0172022 0.0120451
 vertex 0.228 0.0181865 0.0105
 vertex 0.1 0.0181865 0.0105
 endloop
endfacet
facet normal 0 0 0
 outer loop
 vertex 0.228 0.0172022 0.0120451
 vertex 0.1 0.0181865 0.0105
 vertex 0.1 0.0172022 0.0120451
 endloop
endfacet
facet normal 0 0 0
 outer loop
 vertex 0.1 0.0216506 0.0125
 vertex 0.1 0.0226577 0.0105655
 vertex 0.228 0.0226577 0.0105655
 endloop
endfacet
facet normal 0 0 0
 outer loop
 vertex 0.1 0.0216506 0.0125
 vertex 0.228 0.0226577 0.0105655
 vertex 0.228 0.0216506 0.0125
 endloop
endfacet
facet normal 0 0 0
 outer loop
 vertex 0.228 0.0181865 0.0105
 vertex 0.228 0.0190325 0.00887498
 vertex 0.1 0.0190325 0.00887498
 endloop
endfacet
facet normal 0 0 0
 outer loop
 vertex 0.228 0.0181865 0.0105
 vertex 0.1 0.0190325 0.00887498
 vertex 0.1 0.0181865 0.0105
 endloop
endfacet
facet normal 0 0 0
 outer loop
 vertex 0.1 0.0226577 0.0105655
 vertex 0.1 0.0234923 0.0085505
 vertex 0.228 0.0234923 0.0085505
 endloop
endfacet
facet normal 0 0 0
 outer loop
 vertex 0.1 0.0226577 0.0105655
 vertex 0.228 0.0234923 0.0085505
 vertex 0.228 0.0226577 0.0105655
 endloop
endfacet
facet normal 0 0 0
 outer loop
 vertex 0.228 0.0190325 0.00887498
 vertex 0.228 0.0197335 0.00718242
 vertex 0.1 0.0197335 0.00718242
 endloop
endfacet
facet normal 0 0 0
 outer loop
 vertex 0.228 0.0190325 0.00887498
 vertex 0.1 0.0197335 0.00718242
 vertex 0.1 0.0190325 0.00887498
 endloop
endfacet
facet normal 0 0 0
 outer loop
 vertex 0.1 0.0234923 0.0085505
 vertex 0.1 0.0241481 0.00647048
 vertex 0.228 0.0241481 0.00647048
 endloop
endfacet
facet normal 0 0 0
 outer loop
 vertex 0.1 0.0234923 0.0085505
 vertex 0.228 0.0241481 0.00647048
 vertex 0.228 0.0234923 0.0085505
 endloop
endfacet
facet normal 0 0 0
 outer loop
 vertex 0.228 0.0197335 0.00718242
 vertex 0.228 0.0202844 0.0054352
 vertex 0.1 0.0202844 0.0054352
 endloop
endfacet
facet normal 0 0 0
 outer loop
 vertex 0.228 0.0197335 0.00718242
 vertex 0.1 0.0202844 0.0054352
 vertex 0.1 0.0197335 0.00718242
 endloop
endfacet
facet normal 0 0 0
 outer loop
 vertex 0.1 0.0241481 0.00647048
 vertex 0.1 0.0246202 0.00434121
 vertex 0.228 0.0246202 0.00434121
 endloop
endfacet
facet normal 0 0 0
 outer loop
 vertex 0.1 0.0241481 0.00647048
 vertex 0.228 0.0246202 0.00434121
 vertex 0.228 0.0241481 0.00647048
 endloop
endfacet
facet normal 0 0 0
 outer loop
 vertex 0.228 0.0202844 0.0054352
 vertex 0.228 0.020681 0.00364661
 vertex 0.1 0.020681 0.00364661
 endloop
endfacet
facet normal 0 0 0
 outer loop
 vertex 0.228 0.0202844 0.0054352
 vertex 0.1 0.020681 0.00364661
 vertex 0.1 0.0202844 0.0054352
 endloop
endfacet
facet normal 0 0 0
 outer loop
 vertex 0.1 0.0246202 0.00434121
 vertex 0.1 0.0249049 0.0021789
 vertex 0.228 0.0249049 0.0021789
 endloop
endfacet
facet normal 0 0 0
 outer loop
 vertex 0.1 0.0246202 0.00434121
 vertex 0.228 0.0249049 0.0021789
 vertex 0.228 0.0246202 0.00434121
 endloop
endfacet
facet normal 0 0 0
 outer loop
 vertex 0.228 0.020681 0.00364661
 vertex 0.228 0.0209201 0.00183027
 vertex 0.1 0.0209201 0.00183027
 endloop
endfacet
facet normal 0 0 0
 outer loop
 vertex 0.228 0.020681 0.00364661
 vertex 0.1 0.0209201 0.00183027
 vertex 0.1 0.020681 0.00364661
 endloop
endfacet
facet normal 0 0 0
 outer loop
 vertex 0.1 0.0249049 0.0021789
 vertex 0.1 0.025 -1.09278e-09
 vertex 0.228 0.025 -1.09278e-09
 endloop
endfacet
facet normal 0 0 0
 outer loop
 vertex 0.1 0.0249049 0.0021789
 vertex 0.228 0.025 -1.09278e-09
 vertex 0.228 0.0249049 0.0021789
 endloop
endfacet
facet normal 0 0 0
 outer loop
 vertex 0.228 0.0209201 0.00183027
 vertex 0.228 0.021 -9.17939e-10
 vertex 0.1 0.021 -9.17939e-10
 endloop
endfacet
facet normal 0 0 0
 outer loop
 vertex 0.228 0.0209201 0.00183027
 vertex 0.1 0.021 -9.17939e-10
 vertex 0.1 0.0209201 0.00183027
 endloop
endfacet
facet normal 0 0 0
 outer loop
 vertex 0.1 0.025 -1.09278e-09
 vertex 0.1 0.0249049 -0.00217889
 vertex 0.228 0.0249049 -0.00217889
 endloop
endfacet
facet normal 0 0 0
 outer loop
 vertex 0.1 0.025 -1.09278e-09
 vertex 0.228 0.0249049 -0.00217889
 vertex 0.228 0.025 -1.09278e-09
 endloop
endfacet
facet normal 0 0 0
 outer loop
 vertex 0.228 0.021 -9.17939e-10
 vertex 0.228 0.0209201 -0.00183027
 vertex 0.1 0.0209201 -0.00183027
 endloop
endfacet
facet normal 0 0 0
 outer loop
 vertex 0.228 0.021 -9.17939e-10
 vertex 0.1 0.0209201 -0.00183027
 vertex 0.1 0.021 -9.17939e-10
 endloop
endfacet
facet normal 0 0 0
 outer loop
 vertex 0.1 0.0249049 -0.00217889
 vertex 0.1 0.0246202 -0.00434121
 vertex 0.228 0.0246202 -0.00434121
 endloop
endfacet
facet normal 0 0 0
 outer loop
 vertex 0.1 0.0249049 -0.00217889
 vertex 0.228 0.0246202 -0.00434121
 vertex 0.228 0.0249049 -0.00217889
 endloop
endfacet
facet normal 0 0 0
 outer loop
 vertex 0.228 0.0209201 -0.00183027
 vertex 0.228 0.020681 -0.00364661
 vertex 0.1 0.020681 -0.00364661
 endloop
endfacet
facet normal 0 0 0
 outer loop
 vertex 0.228 0.0209201 -0.00183027
 vertex 0.1 0.020681 -0.00364661
 vertex 0.1 0.0209201 -0.00183027
 endloop
endfacet
facet normal 0 0 0
 outer loop
 vertex 0.1 0.0246202 -0.00434121
 vertex 0.1 0.0241481 -0.00647048
 vertex 0.228 0.0241481 -0.00647048
 endloop
endfacet
facet normal 0 0 0
 outer loop
 vertex 0.1 0.0246202 -0.00434121
 vertex 0.228 0.0241481 -0.00647048
 vertex 0.228 0.0246202 -0.00434121
 endloop
endfacet
facet normal 0 0 0
 outer loop
 vertex 0.228 0.020681 -0.00364661
 vertex 0.228 0.0202844 -0.0054352
 vertex 0.1 0.0202844 -0.0054352
 endloop
endfacet
facet normal 0 0 0
 outer loop
 vertex 0.228 0.020681 -0.00364661
 vertex 0.1 0.0202844 -0.0054352
 vertex 0.1 0.020681 -0.00364661
 endloop
endfacet
facet normal 0 0 0
 outer loop
 vertex 0.1 0.0241481 -0.00647048
 vertex 0.1 0.0234923 -0.0085505
 vertex 0.228 0.0234923 -0.0085505
 endloop
endfacet
facet normal 0 0 0
 outer loop
 vertex 0.1 0.0241481 -0.00647048
 vertex 0.228 0.0234923 -0.0085505
 vertex 0.228 0.0241481 -0.00647048
 endloop
endfacet
facet normal 0 0 0
 outer loop
 vertex 0.228 0.0202844 -0.0054352
 vertex 0.228 0.0197335 -0.00718242
 vertex 0.1 0.0197335 -0.00718242
 endloop
endfacet
facet normal 0 0 0
 outer loop
 vertex 0.228 0.0202844 -0.0054352
 vertex 0.1 0.0197335 -0.00718242
 vertex 0.1 0.0202844 -0.0054352
 endloop
endfacet
facet normal 0 0 0
 outer loop
 vertex 0.1 0.0234923 -0.0085505
 vertex 0.1 0.0226577 -0.0105655
 vertex 0.228 0.0226577 -0.0105655
 endloop
endfacet
facet normal 0 0 0
 outer loop
 vertex 0.1 0.0234923 -0.0085505
 vertex 0.228 0.0226577 -0.0105655
 vertex 0.228 0.0234923 -0.0085505
 endloop
endfacet
facet normal 0 0 0
 outer loop
 vertex 0.228 0.0197335 -0.00718242
 vertex 0.228 0.0190325 -0.00887498
 vertex 0.1 0.0190325 -0.00887498
 endloop
endfacet
facet normal 0 0 0
 outer loop
 vertex 0.228 0.0197335 -0.00718242
 vertex 0.1 0.0190325 -0.00887498
 vertex 0.1 0.0197335 -0.00718242
 endloop
endfacet
facet normal 0 0 0
 outer loop
 vertex 0.1 0.0226577 -0.0105655
 vertex 0.1 0.0216506 -0.0125
 vertex 0.228 0.0216506 -0.0125
 endloop
endfacet
facet normal 0 0 0
 outer loop
 vertex 0.1 0.0226577 -0.0105655
 vertex 0.228 0.0216506 -0.0125
 vertex 0.228 0.0226577 -0.0105655
 endloop
endfacet
facet normal 0 0 0
 outer loop
 vertex 0.228 0.0190325 -0.00887498
 vertex 0.228 0.0181865 -0.0105
 vertex 0.1 0.0181865 -0.0105
 endloop
endfacet
facet normal 0 0 0
 outer loop
 vertex 0.228 0.0190325 -0.00887498
 vertex 0.1 0.0181865 -0.0105
 vertex 0.1 0.0190325 -0.00887498
 endloop
endfacet
facet normal 0 0 0
 outer loop
 vertex 0.1 0.0216506 -0.0125
 vertex 0.1 0.0204788 -0.0143394
 vertex 0.228 0.0204788 -0.0143394
 endloop
endfacet
facet normal 0 0 0
 outer loop
 vertex 0.1 0.0216506 -0.0125
 vertex 0.228 0.0204788 -0.0143394
 vertex 0.228 0.0216506 -0.0125
 endloop
endfacet
facet normal 0 0 0
 outer loop
 vertex 0.228 0.0181865 -0.0105
 vertex 0.228 0.0172022 -0.0120451
 vertex 0.1 0.0172022 -0.0120451
 endloop
endfacet
facet normal 0 0 0
 outer loop
 vertex 0.228 0.0181865 -0.0105
 vertex 0.1 0.0172022 -0.0120451
 vertex 0.1 0.0181865 -0.0105
 endloop
endfacet
facet normal 0 0 0
 outer loop
 vertex 0.1 0.0204788 -0.0143394
 vertex 0.1 0.0191511 -0.0160697
 vertex 0.228 0.0191511 -0.0160697
 endloop
endfacet
facet normal 0 0 0
 outer loop
 vertex 0.1 0.0204788 -0.0143394
 vertex 0.228 0.0191511 -0.0160697
 vertex 0.228 0.0204788 -0.0143394
 endloop
endfacet
facet normal 0 0 0
 outer loop
 vertex 0.228 0.0172022 -0.0120451
 vertex 0.228 0.0160869 -0.0134985
 vertex 0.1 0.0160869 -0.0134985
 endloop
endfacet
facet normal 0 0 0
 outer loop
 vertex 0.228 0.0172022 -0.0120451
 vertex 0.1 0.0160869 -0.0134985
 vertex 0.1 0.0172022 -0.0120451
 endloop
endfacet
facet normal 0 0 0
 outer loop
 vertex 0.1 0.0191511 -0.0160697
 vertex 0.1 0.0176777 -0.0176777
 vertex 0.228 0.0176777 -0.0176777
 endloop
endfacet
facet normal 0 0 0
 outer loop
 vertex 0.1 0.0191511 -0.0160697
 vertex 0.228 0.0176777 -0.0176777
 vertex 0.228 0.0191511 -0.0160697
 endloop
endfacet
facet normal 0 0 0
 outer loop
 vertex 0.228 0.0160869 -0.0134985
 vertex 0.228 0.0148492 -0.0148492
 vertex 0.1 0.0148492 -0.0148492
 endloop
endfacet
facet normal 0 0 0
 outer loop
 vertex 0.228 0.0160869 -0.0134985
 vertex 0.1 0.0148492 -0.0148492
 vertex 0.1 0.0160869 -0.0134985
 endloop
endfacet
facet normal 0 0 0
 outer loop
 vertex 0.1 0.0176777 -0.0176777
 vertex 0.1 0.0160697 -0.0191511
 vertex 0.228 0.0160697 -0.0191511
 endloop
endfacet
facet normal 0 0 0
 outer loop
 vertex 0.1 0.0176777 -0.0176777
 vertex 0.228 0.0160697 -0.0191511
 vertex 0.228 0.0176777 -0.0176777
 endloop
endfacet
facet normal 0 0 0
 outer loop
 vertex 0.228 0.0148492 -0.0148492
 vertex 0.228 0.0134985 -0.0160869
 vertex 0.1 0.0134985 -0.0160869
 endloop
endfacet
facet normal 0 0 0
 outer loop
 vertex 0.228 0.0148492 -0.0148492
 vertex 0.1 0.0134985 -0.0160869
 vertex 0.1 0.0148492 -0.0148492
 endloop
endfacet
facet normal 0 0 0
 outer loop
 vertex 0.1 0.0160697 -0.0191511
 vertex 0.1 0.0143394 -0.0204788
 vertex 0.228 0.0143394 -0.0204788
 endloop
endfacet
facet normal 0 0 0
 outer loop
 vertex 0.1 0.0160697 -0.0191511
 vertex 0.228 0.0143394 -0.0204788
 vertex 0.228 0.0160697 -0.0191511
 endloop
endfacet
facet normal 0 0 0
 outer loop
 vertex 0.228 0.0134985 -0.0160869
 vertex 0.228 0.0120451 -0.0172022
 vertex 0.1 0.0120451 -0.0172022
 endloop
endfacet
facet normal 0 0 0
 outer loop
 vertex 0.228 0.0134985 -0.0160869
 vertex 0.1 0.0120451 -0.0172022
 vertex 0.1 0.0134985 -0.0160869
 endloop
endfacet
facet normal 0 0 0
 outer loop
 vertex 0.1 0.0143394 -0.0204788
 vertex 0.1 0.0125 -0.0216506
 vertex 0.228 0.0125 -0.0216506
 endloop
endfacet
facet normal 0 0 0
 outer loop
 vertex 0.1 0.0143394 -0.0204788
 vertex 0.228 0.0125 -0.0216506
 vertex 0.228 0.0143394 -0.0204788
 endloop
endfacet
facet normal 0 0 0
 outer loop
 vertex 0.228 0.0120451 -0.0172022
 vertex 0.228 0.0105 -0.0181865
 vertex 0.1 0.0105 -0.0181865
 endloop
endfacet
facet normal 0 0 0
 outer loop
 vertex 0.228 0.0120451 -0.0172022
 vertex 0.1 0.0105 -0.0181865
 vertex 0.1 0.0120451 -0.0172022
 endloop
endfacet
facet normal 0 0 0
 outer loop
 vertex 0.1 0.0125 -0.0216506
 vertex 0.1 0.0105655 -0.0226577
 vertex 0.228 0.0105655 -0.0226577
 endloop
endfacet
facet normal 0 0 0
 outer loop
 vertex 0.1 0.0125 -0.0216506
 vertex 0.228 0.0105655 -0.0226577
 vertex 0.228 0.0125 -0.0216506
 endloop
endfacet
facet normal 0 0 0
 outer loop
 vertex 0.228 0.0105 -0.0181865
 vertex 0.228 0.00887498 -0.0190325
 vertex 0.1 0.00887498 -0.0190325
 endloop
endfacet
facet normal 0 0 0
 outer loop
 vertex 0.228 0.0105 -0.0181865
 vertex 0.1 0.00887498 -0.0190325
 vertex 0.1 0.0105 -0.0181865
 endloop
endfacet
facet normal 0 0 0
 outer loop
 vertex 0.1 0.0105655 -0.0226577
 vertex 0.1 0.00855051 -0.0234923
 vertex 0.228 0.00855051 -0.0234923
 endloop
endfacet
facet normal 0 0 0
 outer loop
 vertex 0.1 0.0105655 -0.0226577
 vertex 0.228 0.00855051 -0.0234923
 vertex 0.228 0.0105655 -0.0226577
 endloop
endfacet
facet normal 0 0 0
 outer loop
 vertex 0.228 0.00887498 -0.0190325
 vertex 0.228 0.00718242 -0.0197335
 vertex 0.1 0.00718242 -0.0197335
 endloop
endfacet
facet normal 0 0 0
 outer loop
 vertex 0.228 0.00887498 -0.0190325
 vertex 0.1 0.00718242 -0.0197335
 vertex 0.1 0.00887498 -0.0190325
 endloop
endfacet
facet normal 0 0 0
 outer loop
 vertex 0.1 0.00855051 -0.0234923
 vertex 0.1 0.00647048 -0.0241481
 vertex 0.228 0.00647048 -0.0241481
 endloop
endfacet
facet normal 0 0 0
 outer loop
 vertex 0.1 0.00855051 -0.0234923
 vertex 0.228 0.00647048 -0.0241481
 vertex 0.228 0.00855051 -0.0234923
 endloop
endfacet
facet normal 0 0 0
 outer loop
 vertex 0.228 0.00718242 -0.0197335
 vertex 0.228 0.0054352 -0.0202844
 vertex 0.1 0.0054352 -0.0202844
 endloop
endfacet
facet normal 0 0 0
 outer loop
 vertex 0.228 0.00718242 -0.0197335
 vertex 0.1 0.0054352 -0.0202844
 vertex 0.1 0.00718242 -0.0197335
 endloop
endfacet
facet normal 0 0 0
 outer loop
 vertex 0.1 0.00647048 -0.0241481
 vertex 0.1 0.00434121 -0.0246202
 vertex 0.228 0.00434121 -0.0246202
 endloop
endfacet
facet normal 0 0 0
 outer loop
 vertex 0.1 0.00647048 -0.0241481
 vertex 0.228 0.00434121 -0.0246202
 vertex 0.228 0.00647048 -0.0241481
 endloop
endfacet
facet normal 0 0 0
 outer loop
 vertex 0.228 0.0054352 -0.0202844
 vertex 0.228 0.00364661 -0.020681
 vertex 0.1 0.00364661 -0.020681
 endloop
endfacet
facet normal 0 0 0
 outer loop
 vertex 0.228 0.0054352 -0.0202844
 vertex 0.1 0.00364661 -0.020681
 vertex 0.1 0.0054352 -0.0202844
 endloop
endfacet
facet normal 0 0 0
 outer loop
 vertex 0.1 0.00434121 -0.0246202
 vertex 0.1 0.00217889 -0.0249049
 vertex 0.228 0.00217889 -0.0249049
 endloop
endfacet
facet normal 0 0 0
 outer loop
 vertex 0.1 0.00434121 -0.0246202
 vertex 0.228 0.00217889 -0.0249049
 vertex 0.228 0.00434121 -0.0246202
 endloop
endfacet
facet normal 0 0 0
 outer loop
 vertex 0.228 0.00364661 -0.020681
 vertex 0.228 0.00183027 -0.0209201
 vertex 0.1 0.00183027 -0.0209201
 endloop
endfacet
facet normal 0 0 0
 outer loop
 vertex 0.228 0.00364661 -0.020681
 vertex 0.1 0.00183027 -0.0209201
 vertex 0.1 0.00364661 -0.020681
 endloop
endfacet
facet normal 0 0 0
 outer loop
 vertex 0.1 0.00217889 -0.0249049
 vertex 0.1 -2.18557e-09 -0.025
 vertex 0.228 -2.18557e-09 -0.025
 endloop
endfacet
facet normal 0 0 0
 outer loop
 vertex 0.1 0.00217889 -0.0249049
 vertex 0.228 -2.18557e-09 -0.025
 vertex 0.228 0.00217889 -0.0249049
 endloop
endfacet
facet normal 0 0 0
 outer loop
 vertex 0.228 0.00183027 -0.0209201
 vertex 0.228 -1.83588e-09 -0.021
 vertex 0.1 -1.83588e-09 -0.021
 endloop
endfacet
facet normal 0 0 0
 outer loop
 vertex 0.228 0.00183027 -0.0209201
 vertex 0.1 -1.83588e-09 -0.021
 vertex 0.1 0.00183027 -0.0209201
 endloop
endfacet
facet normal 0 0 0
 outer loop
 vertex 0.1 -2.18557e-09 -0.025
 vertex 0.1 -0.0021789 -0.0249049
 vertex 0.228 -0.0021789 -0.0249049
 endloop
endfacet
facet normal 0 0 0
 outer loop
 vertex 0.1 -2.18557e-09 -0.025
 vertex 0.228 -0.0021789 -0.0249049
 vertex 0.228 -2.18557e-09 -0.025
 endloop
endfacet
facet normal 0 0 0
 outer loop
 vertex 0.228 -1.83588e-09 -0.021
 vertex 0.228 -0.00183027 -0.0209201
 vertex 0.1 -0.00183027 -0.0209201
 endloop
endfacet
facet normal 0 0 0
 outer loop
 vertex 0.228 -1.83588e-09 -0.021
 vertex 0.1 -0.00183027 -0.0209201
 vertex 0.1 -1.83588e-09 -0.021
 endloop
endfacet
facet normal 0 0 0
 outer loop
 vertex 0.1 -0.0021789 -0.0249049
 vertex 0.1 -0.00434121 -0.0246202
 vertex 0.228 -0.00434121 -0.0246202
 endloop
endfacet
facet normal 0 0 0
 outer loop
 vertex 0.1 -0.0021789 -0.0249049
 vertex 0.228 -0.00434121 -0.0246202
 vertex 0.228 -0.0021789 -0.0249049
 endloop
endfacet
facet normal 0 0 0
 outer loop
 vertex 0.228 -0.00183027 -0.0209201
 vertex 0.228 -0.00364661 -0.020681
 vertex 0.1 -0.00364661 -0.020681
 endloop
endfacet
facet normal 0 0 0
 outer loop
 vertex 0.228 -0.00183027 -0.0209201
 vertex 0.1 -0.00364661 -0.020681
 vertex 0.1 -0.00183027 -0.0209201
 endloop
endfacet
facet normal 0 0 0
 outer loop
 vertex 0.1 -0.00434121 -0.0246202
 vertex 0.1 -0.00647048 -0.0241481
 vertex 0.228 -0.00647048 -0.0241481
 endloop
endfacet
facet normal 0 0 0
 outer loop
 vertex 0.1 -0.00434121 -0.0246202
 vertex 0.228 -0.00647048 -0.0241481
 vertex 0.228 -0.00434121 -0.0246202
 endloop
endfacet
facet normal 0 0 0
 outer loop
 vertex 0.228 -0.00364661 -0.020681
 vertex 0.228 -0.0054352 -0.0202844
 vertex 0.1 -0.0054352 -0.0202844
 endloop
endfacet
facet normal 0 0 0
 outer loop
 vertex 0.228 -0.00364661 -0.020681
 vertex 0.1 -0.0054352 -0.0202844
 vertex 0.1 -0.00364661 -0.020681
 endloop
endfacet
facet normal 0 0 0
 outer loop
 vertex 0.1 -0.00647048 -0.0241481
 vertex 0.1 -0.0085505 -0.0234923
 vertex 0.228 -0.0085505 -0.0234923
 endloop
endfacet
facet normal 0 0 0
 outer loop
 vertex 0.1 -0.00647048 -0.0241481
 vertex 0.228 -0.0085505 -0.0234923
 vertex 0.228 -0.00647048 -0.0241481
 endloop
endfacet
facet normal 0 0 0
 outer loop
 vertex 0.228 -0.0054352 -0.0202844
 vertex 0.228 -0.00718242 -0.0197335
 vertex 0.1 -0.00718242 -0.0197335
 endloop
endfacet
facet normal 0 0 0
 outer loop
 vertex 0.228 -0.0054352 -0.0202844
 vertex 0.1 -0.00718242 -0.0197335
 vertex 0.1 -0.0054352 -0.0202844
 endloop
endfacet
facet normal 0 0 0
 outer loop
 vertex 0.1 -0.0085505 -0.0234923
 vertex 0.1 -0.0105655 -0.0226577
 vertex 0.228 -0.0105655 -0.0226577
 endloop
endfacet
facet normal 0 0 0
 outer loop
 vertex 0.1 -0.0085505 -0.0234923
 vertex 0.228 -0.0105655 -0.0226577
 vertex 0.228 -0.0085505 -0.0234923
 endloop
endfacet
facet normal 0 0 0
 outer loop
 vertex 0.228 -0.00718242 -0.0197335
 vertex 0.228 -0.00887498 -0.0190325
 vertex 0.1 -0.00887498 -0.0190325
 endloop
endfacet
facet normal 0 0 0
 outer loop
 vertex 0.228 -0.00718242 -0.0197335
 vertex 0.1 -0.00887498 -0.0190325
 vertex 0.1 -0.00718242 -0.0197335
 endloop
endfacet
facet normal 0 0 0
 outer loop
 vertex 0.1 -0.0105655 -0.0226577
 vertex 0.1 -0.0125 -0.0216506
 vertex 0.228 -0.0125 -0.0216506
 endloop
endfacet
facet normal 0 0 0
 outer loop
 vertex 0.1 -0.0105655 -0.0226577
 vertex 0.228 -0.0125 -0.0216506
 vertex 0.228 -0.0105655 -0.0226577
 endloop
endfacet
facet normal 0 0 0
 outer loop
 vertex 0.228 -0.00887498 -0.0190325
 vertex 0.228 -0.0105 -0.0181865
 vertex 0.1 -0.0105 -0.0181865
 endloop
endfacet
facet normal 0 0 0
 outer loop
 vertex 0.228 -0.00887498 -0.0190325
 vertex 0.1 -0.0105 -0.0181865
 vertex 0.1 -0.00887498 -0.0190325
 endloop
endfacet
facet normal 0 0 0
 outer loop
 vertex 0.1 -0.0125 -0.0216506
 vertex 0.1 -0.0143394 -0.0204788
 vertex 0.228 -0.0143394 -0.0204788
 endloop
endfacet
facet normal 0 0 0
 outer loop
 vertex 0.1 -0.0125 -0.0216506
 vertex 0.228 -0.0143394 -0.0204788
 vertex 0.228 -0.0125 -0.0216506
 endloop
endfacet
facet normal 0 0 0
 outer loop
 vertex 0.228 -0.0105 -0.0181865
 vertex 0.228 -0.0120451 -0.0172022
 vertex 0.1 -0.0120451 -0.0172022
 endloop
endfacet
facet normal 0 0 0
 outer loop
 vertex 0.228 -0.0105 -0.0181865
 vertex 0.1 -0.0120451 -0.0172022
 vertex 0.1 -0.0105 -0.0181865
 endloop
endfacet
facet normal 0 0 0
 outer loop
 vertex 0.1 -0.0143394 -0.0204788
 vertex 0.1 -0.0160697 -0.0191511
 vertex 0.228 -0.0160697 -0.0191511
 endloop
endfacet
facet normal 0 0 0
 outer loop
 vertex 0.1 -0.0143394 -0.0204788
 vertex 0.228 -0.0160697 -0.0191511
 vertex 0.228 -0.0143394 -0.0204788
 endloop
endfacet
facet normal 0 0 0
 outer loop
 vertex 0.228 -0.0120451 -0.0172022
 vertex 0.228 -0.0134985 -0.0160869
 vertex 0.1 -0.0134985 -0.0160869
 endloop
endfacet
facet normal 0 0 0
 outer loop
 vertex 0.228 -0.0120451 -0.0172022
 vertex 0.1 -0.0134985 -0.0160869
 vertex 0.1 -0.0120451 -0.0172022
 endloop
endfacet
facet normal 0 0 0
 outer loop
 vertex 0.1 -0.0160697 -0.0191511
 vertex 0.1 -0.0176777 -0.0176777
 vertex 0.228 -0.0176777 -0.0176777
 endloop
endfacet
facet normal 0 0 0
 outer loop
 vertex 0.1 -0.0160697 -0.0191511
 vertex 0.228 -0.0176777 -0.0176777
 vertex 0.228 -0.0160697 -0.0191511
 endloop
endfacet
facet normal 0 0 0
 outer loop
 vertex 0.228 -0.0134985 -0.0160869
 vertex 0.228 -0.0148492 -0.0148492
 vertex 0.1 -0.0148492 -0.0148492
 endloop
endfacet
facet normal 0 0 0
 outer loop
 vertex 0.228 -0.0134985 -0.0160869
 vertex 0.1 -0.0148492 -0.0148492
 vertex 0.1 -0.0134985 -0.0160869
 endloop
endfacet
facet normal 0 0 0
 outer loop
 vertex 0.1 -0.0176777 -0.0176777
 vertex 0.1 -0.0191511 -0.0160697
 vertex 0.228 -0.0191511 -0.0160697
 endloop
endfacet
facet normal 0 0 0
 outer loop
 vertex 0.1 -0.0176777 -0.0176777
 vertex 0.228 -0.0191511 -0.0160697
 vertex 0.228 -0.0176777 -0.0176777
 endloop
endfacet
facet normal 0 0 0
 outer loop
 vertex 0.228 -0.0148492 -0.0148492
 vertex 0.228 -0.0160869 -0.0134985
 vertex 0.1 -0.0160869 -0.0134985
 endloop
endfacet
facet normal 0 0 0
 outer loop
 vertex 0.228 -0.0148492 -0.0148492
 vertex 0.1 -0.0160869 -0.0134985
 vertex 0.1 -0.0148492 -0.0148492
 endloop
endfacet
facet normal 0 0 0
 outer loop
 vertex 0.1 -0.0191511 -0.0160697
 vertex 0.1 -0.0204788 -0.0143394
 vertex 0.228 -0.0204788 -0.0143394
 endloop
endfacet
facet normal 0 0 0
 outer loop
 vertex 0.1 -0.0191511 -0.0160697
 vertex 0.228 -0.0204788 -0.0143394
 vertex 0.228 -0.0191511 -0.0160697
 endloop
endfacet
facet normal 0 0 0
 outer loop
 vertex 0.228 -0.0160869 -0.0134985
 vertex 0.228 -0.0172022 -0.0120451
 vertex 0.1 -0.0172022 -0.0120451
 endloop
endfacet
facet normal 0 0 0
 outer loop
 vertex 0.228 -0.0160869 -0.0134985
 vertex 0.1 -0.0172022 -0.0120451
 vertex 0.1 -0.0160869 -0.0134985
 endloop
endfacet
facet normal 0 0 0
 outer loop
 vertex 0.1 -0.0204788 -0.0143394
 vertex 0.1 -0.0216506 -0.0125
 vertex 0.228 -0.0216506 -0.0125
 endloop
endfacet
facet normal 0 0 0
 outer loop
 vertex 0.1 -0.0204788 -0.0143394
 vertex 0.228 -0.0216506 -0.0125
 vertex 0.228 -0.0204788 -0.0143394
 endloop
endfacet
facet normal 0 0 0
 outer loop
 vertex 0.228 -0.0172022 -0.0120451
 vertex 0.228 -0.0181865 -0.0105
 vertex 0.1 -0.0181865 -0.0105
 endloop
endfacet
facet normal 0 0 0
 outer loop
 vertex 0.228 -0.0172022 -0.0120451
 vertex 0.1 -0.0181865 -0.0105
 vertex 0.1 -0.0172022 -0.0120451
 endloop
endfacet
facet normal 0 0 0
 outer loop
 vertex 0.1 -0.0216506 -0.0125
 vertex 0.1 -0.0226577 -0.0105655
 vertex 0.228 -0.0226577 -0.0105655
 endloop
endfacet
facet normal 0 0 0
 outer loop
 vertex 0.1 -0.0216506 -0.0125
 vertex 0.228 -0.0226577 -0.0105655
 vertex 0.228 -0.0216506 -0.0125
 endloop
endfacet
facet normal 0 0 0
 outer loop
 vertex 0.228 -0.0181865 -0.0105
 vertex 0.228 -0.0190325 -0.00887498
 vertex 0.1 -0.0190325 -0.00887498
 endloop
endfacet
facet normal 0 0 0
 outer loop
 vertex 0.228 -0.0181865 -0.0105
 vertex 0.1 -0.0190325 -0.00887498
 vertex 0.1 -0.0181865 -0.0105
 endloop
endfacet
facet normal 0 0 0
 outer loop
 vertex 0.1 -0.0226577 -0.0105655
 vertex 0.1 -0.0234923 -0.0085505
 vertex 0.228 -0.0234923 -0.0085505
 endloop
endfacet
facet normal 0 0 0
 outer loop
 vertex 0.1 -0.0226577 -0.0105655
 vertex 0.228 -0.0234923 -0.0085505
 vertex 0.228 -0.0226577 -0.0105655
 endloop
endfacet
facet normal 0 0 0
 outer loop
 vertex 0.228 -0.0190325 -0.00887498
 vertex 0.228 -0.0197335 -0.00718242
 vertex 0.1 -0.0197335 -0.00718242
 endloop
endfacet
facet normal 0 0 0
 outer loop
 vertex 0.228 -0.0190325 -0.00887498
 vertex 0.1 -0.0197335 -0.00718242
 vertex 0.1 -0.0190325 -0.00887498
 endloop
endfacet
facet normal 0 0 0
 outer loop
 vertex 0.1 -0.0234923 -0.0085505
 vertex 0.1 -0.0241481 -0.00647047
 vertex 0.228 -0.0241481 -0.00647047
 endloop
endfacet
facet normal 0 0 0
 outer loop
 vertex 0.1 -0.0234923 -0.0085505
 vertex 0.228 -0.0241481 -0.00647047
 vertex 0.228 -0.0234923 -0.0085505
 endloop
endfacet
facet normal 0 0 0
 outer loop
 vertex 0.228 -0.0197335 -0.00718242
 vertex 0.228 -0.0202844 -0.0054352
 vertex 0.1 -0.0202844 -0.0054352
 endloop
endfacet
facet normal 0 0 0
 outer loop
 vertex 0.228 -0.0197335 -0.00718242
 vertex 0.1 -0.0202844 -0.0054352
 vertex 0.1 -0.0197335 -0.00718242
 endloop
endfacet
facet normal 0 0 0
 outer loop
 vertex 0.1 -0.0241481 -0.00647047
 vertex 0.1 -0.0246202 -0.0043412
 vertex 0.228 -0.0246202 -0.0043412
 endloop
endfacet
facet normal 0 0 0
 outer loop
 vertex 0.1 -0.0241481 -0.00647047
 vertex 0.228 -0.0246202 -0.0043412
 vertex 0.228 -0.0241481 -0.00647047
 endloop
endfacet
facet normal 0 0 0
 outer loop
 vertex 0.228 -0.0202844 -0.0054352
 vertex 0.228 -0.020681 -0.00364661
 vertex 0.1 -0.020681 -0.00364661
 endloop
endfacet
facet normal 0 0 0
 outer loop
 vertex 0.228 -0.0202844 -0.0054352
 vertex 0.1 -0.020681 -0.00364661
 vertex 0.1 -0.0202844 -0.0054352
 endloop
endfacet
facet normal 0 0 0
 outer loop
 vertex 0.1 -0.0246202 -0.0043412
 vertex 0.1 -0.0249049 -0.00217889
 vertex 0.228 -0.0249049 -0.00217889
 endloop
endfacet
facet normal 0 0 0
 outer loop
 vertex 0.1 -0.0246202 -0.0043412
 vertex 0.228 -0.0249049 -0.00217889
 vertex 0.228 -0.0246202 -0.0043412
 endloop
endfacet
facet normal 0 0 0
 outer loop
 vertex 0.228 -0.020681 -0.00364661
 vertex 0.228 -0.0209201 -0.00183027
 vertex 0.1 -0.0209201 -0.00183027
 endloop
endfacet
facet normal 0 0 0
 outer loop
 vertex 0.228 -0.020681 -0.00364661
 vertex 0.1 -0.0209201 -0.00183027
 vertex 0.1 -0.020681 -0.00364661
 endloop
endfacet
facet normal 0 0 0
 outer loop
 vertex 0.1 -0.0249049 -0.00217889
 vertex 0.1 -0.025 2.98122e-10
 vertex 0.228 -0.025 2.98122e-10
 endloop
endfacet
facet normal 0 0 0
 outer loop
 vertex 0.1 -0.0249049 -0.00217889
 vertex 0.228 -0.025 2.98122e-10
 vertex 0.228 -0.0249049 -0.00217889
 endloop
endfacet
facet normal 0 0 0
 outer loop
 vertex 0.228 -0.0209201 -0.00183027
 vertex 0.228 -0.021 2.50422e-10
 vertex 0.1 -0.021 2.50422e-10
 endloop
endfacet
facet normal 0 0 0
 outer loop
 vertex 0.228 -0.0209201 -0.00183027
 vertex 0.1 -0.021 2.50422e-10
 vertex 0.1 -0.0209201 -0.00183027
 endloop
endfacet
facet normal 0 0 0
 outer loop
 vertex 0.1 -0.025 2.98122e-10
 vertex 0.1 -0.0249049 0.00217889
 vertex 0.228 -0.0249049 0.00217889
 endloop
endfacet
facet normal 0 0 0
 outer loop
 vertex 0.1 -0.025 2.98122e-10
 vertex 0.228 -0.0249049 0.00217889
 vertex 0.228 -0.025 2.98122e-10
 endloop
endfacet
facet normal 0 0 0
 outer loop
 vertex 0.228 -0.021 2.50422e-10
 vertex 0.228 -0.0209201 0.00183027
 vertex 0.1 -0.0209201 0.00183027
 endloop
endfacet
facet normal 0 0 0
 outer loop
 vertex 0.228 -0.021 2.50422e-10
 vertex 0.1 -0.0209201 0.00183027
 vertex 0.1 -0.021 2.50422e-10
 endloop
endfacet
facet normal 0 0 0
 outer loop
 vertex 0.1 -0.0249049 0.00217889
 vertex 0.1 -0.0246202 0.0043412
 vertex 0.228 -0.0246202 0.0043412
 endloop
endfacet
facet normal 0 0 0
 outer loop
 vertex 0.1 -0.0249049 0.00217889
 vertex 0.228 -0.0246202 0.0043412
 vertex 0.228 -0.0249049 0.00217889
 endloop
endfacet
facet normal 0 0 0
 outer loop
 vertex 0.228 -0.0209201 0.00183027
 vertex 0.228 -0.020681 0.00364661
 vertex 0.1 -0.020681 0.00364661
 endloop
endfacet
facet normal 0 0 0
 outer loop
 vertex 0.228 -0.0209201 0.00183027
 vertex 0.1 -0.020681 0.00364661
 vertex 0.1 -0.0209201 0.00183027
 endloop
endfacet
facet normal 0 0 0
 outer loop
 vertex 0.1 -0.0246202 0.0043412
 vertex 0.1 -0.0241481 0.00647048
 vertex 0.228 -0.0241481 0.00647048
 endloop
endfacet
facet normal 0 0 0
 outer loop
 vertex 0.1 -0.0246202 0.0043412
 vertex 0.228 -0.0241481 0.00647048
 vertex 0.228 -0.0246202 0.0043412
 endloop
endfacet
facet normal 0 0 0
 outer loop
 vertex 0.228 -0.020681 0.00364661
 vertex 0.228 -0.0202844 0.0054352
 vertex 0.1 -0.0202844 0.0054352
 endloop
endfacet
facet normal 0 0 0
 outer loop
 vertex 0.228 -0.020681 0.00364661
 vertex 0.1 -0.0202844 0.0054352
 vertex 0.1 -0.020681 0.00364661
 endloop
endfacet
facet normal 0 0 0
 outer loop
 vertex 0.1 -0.0241481 0.00647048
 vertex 0.1 -0.0234923 0.0085505
 vertex 0.228 -0.0234923 0.0085505
 endloop
endfacet
facet normal 0 0 0
 outer loop
 vertex 0.1 -0.0241481 0.00647048
 vertex 0.228 -0.0234923 0.0085505
 vertex 0.228 -0.0241481 0.00647048
 endloop
endfacet
facet normal 0 0 0
 outer loop
 vertex 0.228 -0.0202844 0.0054352
 vertex 0.228 -0.0197335 0.00718242
 vertex 0.1 -0.0197335 0.00718242
 endloop
endfacet
facet normal 0 0 0
 outer loop
 vertex 0.228 -0.0202844 0.0054352
 vertex 0.1 -0.0197335 0.00718242
 vertex 0.1 -0.0202844 0.0054352
 endloop
endfacet
facet normal 0 0 0
 outer loop
 vertex 0.1 -0.0234923 0.0085505
 vertex 0.1 -0.0226577 0.0105655
 vertex 0.228 -0.0226577 0.0105655
 endloop
endfacet
facet normal 0 0 0
 outer loop
 vertex 0.1 -0.0234923 0.0085505
 vertex 0.228 -0.0226577 0.0105655
 vertex 0.228 -0.0234923 0.0085505
 endloop
endfacet
facet normal 0 0 0
 outer loop
 vertex 0.228 -0.0197335 0.00718242
 vertex 0.228 -0.0190325 0.00887498
 vertex 0.1 -0.0190325 0.00887498
 endloop
endfacet
facet normal 0 0 0
 outer loop
 vertex 0.228 -0.0197335 0.00718242
 vertex 0.1 -0.0190325 0.00887498
 vertex 0.1 -0.0197335 0.00718242
 endloop
endfacet
facet normal 0 0 0
 outer loop
 vertex 0.1 -0.0226577 0.0105655
 vertex 0.1 -0.0216506 0.0125
 vertex 0.228 -0.0216506 0.0125
 endloop
endfacet
facet normal 0 0 0
 outer loop
 vertex 0.1 -0.0226577 0.0105655
 vertex 0.228 -0.0216506 0.0125
 vertex 0.228 -0.0226577 0.0105655
 endloop
endfacet
facet normal 0 0 0
 outer loop
 vertex 0.228 -0.0190325 0.00887498
 vertex 0.228 -0.0181865 0.0105
 vertex 0.1 -0.0181865 0.0105
 endloop
endfacet
facet normal 0 0 0
 outer loop
 vertex 0.228 -0.0190325 0.00887498
 vertex 0.1 -0.0181865 0.0105
 vertex 0.1 -0.0190325 0.00887498
 endloop
endfacet
facet normal 0 0 0
 outer loop
 vertex 0.1 -0.0216506 0.0125
 vertex 0.1 -0.0204788 0.0143394
 vertex 0.228 -0.0204788 0.0143394
 endloop
endfacet
facet normal 0 0 0
 outer loop
 vertex 0.1 -0.0216506 0.0125
 vertex 0.228 -0.0204788 0.0143394
 vertex 0.228 -0.0216506 0.0125
 endloop
endfacet
facet normal 0 0 0
 outer loop
 vertex 0.228 -0.0181865 0.0105
 vertex 0.228 -0.0172022 0.0120451
 vertex 0.1 -0.0172022 0.0120451
 endloop
endfacet
facet normal 0 0 0
 outer loop
 vertex 0.228 -0.0181865 0.0105
 vertex 0.1 -0.0172022 0.0120451
 vertex 0.1 -0.0181865 0.0105
 endloop
endfacet
facet normal 0 0 0
 outer loop
 vertex 0.1 -0.0204788 0.0143394
 vertex 0.1 -0.0191511 0.0160697
 vertex 0.228 -0.0191511 0.0160697
 endloop
endfacet
facet normal 0 0 0
 outer loop
 vertex 0.1 -0.0204788 0.0143394
 vertex 0.228 -0.0191511 0.0160697
 vertex 0.228 -0.0204788 0.0143394
 endloop
endfacet
facet normal 0 0 0
 outer loop
 vertex 0.228 -0.0172022 0.0120451
 vertex 0.228 -0.0160869 0.0134985
 vertex 0.1 -0.0160869 0.0134985
 endloop
endfacet
facet normal 0 0 0
 outer loop
 vertex 0.228 -0.0172022 0.0120451
 vertex 0.1 -0.0160869 0.0134985
 vertex 0.1 -0.0172022 0.0120451
 endloop
endfacet
facet normal 0 0 0
 outer loop
 vertex 0.1 -0.0191511 0.0160697
 vertex 0.1 -0.0176777 0.0176777
 vertex 0.228 -0.0176777 0.0176777
 endloop
endfacet
facet normal 0 0 0
 outer loop
 vertex 0.1 -0.0191511 0.0160697
 vertex 0.228 -0.0176777 0.0176777
 vertex 0.228 -0.0191511 0.0160697
 endloop
endfacet
facet normal 0 0 0
 outer loop
 vertex 0.228 -0.0160869 0.0134985
 vertex 0.228 -0.0148492 0.0148492
 vertex 0.1 -0.0148492 0.0148492
 endloop
endfacet
facet normal 0 0 0
 outer loop
 vertex 0.228 -0.0160869 0.0134985
 vertex 0.1 -0.0148492 0.0148492
 vertex 0.1 -0.0160869 0.0134985
 endloop
endfacet
facet normal 0 0 0
 outer loop
 vertex 0.1 -0.0176777 0.0176777
 vertex 0.1 -0.0160697 0.0191511
 vertex 0.228 -0.0160697 0.0191511
 endloop
endfacet
facet normal 0 0 0
 outer loop
 vertex 0.1 -0.0176777 0.0176777
 vertex 0.228 -0.0160697 0.0191511
 vertex 0.228 -0.0176777 0.0176777
 endloop
endfacet
facet normal 0 0 0
 outer loop
 vertex 0.228 -0.0148492 0.0148492
 vertex 0.228 -0.0134985 0.0160869
 vertex 0.1 -0.0134985 0.0160869
 endloop
endfacet
facet normal 0 0 0
 outer loop
 vertex 0.228 -0.0148492 0.0148492
 vertex 0.1 -0.0134985 0.0160869
 vertex 0.1 -0.0148492 0.0148492
 endloop
endfacet
facet normal 0 0 0
 outer loop
 vertex 0.1 -0.0160697 0.0191511
 vertex 0.1 -0.0143394 0.0204788
 vertex 0.228 -0.0143394 0.0204788
 endloop
endfacet
facet normal 0 0 0
 outer loop
 vertex 0.1 -0.0160697 0.0191511
 vertex 0.228 -0.0143394 0.0204788
 vertex 0.228 -0.0160697 0.0191511
 endloop
endfacet
facet normal 0 0 0
 outer loop
 vertex 0.228 -0.0134985 0.0160869
 vertex 0.228 -0.0120451 0.0172022
 vertex 0.1 -0.0120451 0.0172022
 endloop
endfacet
facet normal 0 0 0
 outer loop
 vertex 0.228 -0.0134985 0.0160869
 vertex 0.1 -0.0120451 0.0172022
 vertex 0.1 -0.0134985 0.0160869
 endloop
endfacet
facet normal 0 0 0
 outer loop
 vertex 0.1 -0.0143394 0.0204788
 vertex 0.1 -0.0125 0.0216506
 vertex 0.228 -0.0125 0.0216506
 endloop
endfacet
facet normal 0 0 0
 outer loop
 vertex 0.1 -0.0143394 0.0204788
 vertex 0.228 -0.0125 0.0216506
 vertex 0.228 -0.0143394 0.0204788
 endloop
endfacet
facet normal 0 0 0
 outer loop
 vertex 0.228 -0.0120451 0.0172022
 vertex 0.228 -0.0105 0.0181865
 vertex 0.1 -0.0105 0.0181865
 endloop
endfacet
facet normal 0 0 0
 outer loop
 vertex 0.228 -0.0120451 0.0172022
 vertex 0.1 -0.0105 0.0181865
 vertex 0.1 -0.0120451 0.0172022
 endloop
endfacet
facet normal 0 0 0
 outer loop
 vertex 0.1 -0.0125 0.0216506
 vertex 0.1 -0.0105655 0.0226577
 vertex 0.228 -0.0105655 0.0226577
 endloop
endfacet
facet normal 0 0 0
 outer loop
 vertex 0.1 -0.0125 0.0216506
 vertex 0.228 -0.0105655 0.0226577
 vertex 0.228 -0.0125 0.0216506
 endloop
endfacet
facet normal 0 0 0
 outer loop
 vertex 0.228 -0.0105 0.0181865
 vertex 0.228 -0.00887499 0.0190325
 vertex 0.1 -0.00887499 0.0190325
 endloop
endfacet
facet normal 0 0 0
 outer loop
 vertex 0.228 -0.0105 0.0181865
 vertex 0.1 -0.00887499 0.0190325
 vertex 0.1 -0.0105 0.0181865
 endloop
endfacet
facet normal 0 0 0
 outer loop
 vertex 0.1 -0.0105655 0.0226577
 vertex 0.1 -0.00855051 0.0234923
 vertex 0.228 -0.00855051 0.0234923
 endloop
endfacet
facet normal 0 0 0
 outer loop
 vertex 0.1 -0.0105655 0.0226577
 vertex 0.228 -0.00855051 0.0234923
 vertex 0.228 -0.0105655 0.0226577
 endloop
endfacet
facet normal 0 0 0
 outer loop
 vertex 0.228 -0.00887499 0.0190325
 vertex 0.228 -0.00718243 0.0197335
 vertex 0.1 -0.00718243 0.0197335
 endloop
endfacet
facet normal 0 0 0
 outer loop
 vertex 0.228 -0.00887499 0.0190325
 vertex 0.1 -0.00718243 0.0197335
 vertex 0.1 -0.00887499 0.0190325
 endloop
endfacet
facet normal 0 0 0
 outer loop
 vertex 0.1 -0.00855051 0.0234923
 vertex 0.1 -0.00647047 0.0241481
 vertex 0.228 -0.00647047 0.0241481
 endloop
endfacet
facet normal 0 0 0
 outer loop
 vertex 0.1 -0.00855051 0.0234923
 vertex 0.228 -0.00647047 0.0241481
 vertex 0.228 -0.00855051 0.0234923
 endloop
endfacet
facet normal 0 0 0
 outer loop
 vertex 0.228 -0.00718243 0.0197335
 vertex 0.228 -0.0054352 0.0202844
 vertex 0.1 -0.0054352 0.0202844
 endloop
endfacet
facet normal 0 0 0
 outer loop
 vertex 0.228 -0.00718243 0.0197335
 vertex 0.1 -0.0054352 0.0202844
 vertex 0.1 -0.00718243 0.0197335
 endloop
endfacet
facet normal 0 0 0
 outer loop
 vertex 0.1 -0.00647047 0.0241481
 vertex 0.1 -0.0043412 0.0246202
 vertex 0.228 -0.0043412 0.0246202
 endloop
endfacet
facet normal 0 0 0
 outer loop
 vertex 0.1 -0.00647047 0.0241481
 vertex 0.228 -0.0043412 0.0246202
 vertex 0.228 -0.00647047 0.0241481
 endloop
endfacet
facet normal 0 0 0
 outer loop
 vertex 0.228 -0.0054352 0.0202844
 vertex 0.228 -0.00364661 0.020681
 vertex 0.1 -0.00364661 0.020681
 endloop
endfacet
facet normal 0 0 0
 outer loop
 vertex 0.228 -0.0054352 0.0202844
 vertex 0.1 -0.00364661 0.020681
 vertex 0.1 -0.0054352 0.0202844
 endloop
endfacet
facet normal 0 0 0
 outer loop
 vertex 0.1 -0.0043412 0.0246202
 vertex 0.1 -0.00217889 0.0249049
 vertex 0.228 -0.00217889 0.0249049
 endloop
endfacet
facet normal 0 0 0
 outer loop
 vertex 0.1 -0.0043412 0.0246202
 vertex 0.228 -0.00217889 0.0249049
 vertex 0.228 -0.0043412 0.0246202
 endloop
endfacet
facet normal 0 0 0
 outer loop
 vertex 0.228 -0.00364661 0.020681
 vertex 0.228 -0.00183027 0.0209201
 vertex 0.1 -0.00183027 0.0209201
 endloop
endfacet
facet normal 0 0 0
 outer loop
 vertex 0.228 -0.00364661 0.020681
 vertex 0.1 -0.00183027 0.0209201
 vertex 0.1 -0.00364661 0.020681
 endloop
endfacet
facet normal 0 0 0
 outer loop
 vertex 0.1 -0.00217889 0.0249049
 vertex 0.1 4.37114e-09 0.025
 vertex 0.228 4.37114e-09 0.025
 endloop
endfacet
facet normal 0 0 0
 outer loop
 vertex 0.1 -0.00217889 0.0249049
 vertex 0.228 4.37114e-09 0.025
 vertex 0.228 -0.00217889 0.0249049
 endloop
endfacet
facet normal 0 0 0
 outer loop
 vertex 0.228 -0.00183027 0.0209201
 vertex 0.228 3.67176e-09 0.021
 vertex 0.1 3.67176e-09 0.021
 endloop
endfacet
facet normal 0 0 0
 outer loop
 vertex 0.228 -0.00183027 0.0209201
 vertex 0.1 3.67176e-09 0.021
 vertex 0.1 -0.00183027 0.0209201
 endloop
endfacet
facet normal 0 0 0
 outer loop
 vertex 0.1 0 0.021
 vertex 0.1 0.00183027 0.0209201
 vertex 0.1 0.00217889 0.0249049
 endloop
endfacet
facet normal 0 0 0
 outer loop
 vertex 0.1 0 0.021
 vertex 0.1 0.00217889 0.0249049
 vertex 0.1 0 0.025
 endloop
endfacet
facet normal 0 0 0
 outer loop
 vertex 0.228 0 0.021
 vertex 0.228 0 0.025
 vertex 0.228 0.00217889 0.0249049
 endloop
endfacet
facet normal 0 0 0
 outer loop
 vertex 0.228 0 0.021
 vertex 0.228 0.00217889 0.0249049
 vertex 0.228 0.00183027 0.0209201
 endloop
endfacet
facet normal 0 0 0
 outer loop
 vertex 0.1 0.00183027 0.0209201
 vertex 0.1 0.00364661 0.020681
 vertex 0.1 0.0043412 0.0246202
 endloop
endfacet
facet normal 0 0 0
 outer loop
 vertex 0.1 0.00183027 0.0209201
 vertex 0.1 0.0043412 0.0246202
 vertex 0.1 0.00217889 0.0249049
 endloop
endfacet
facet normal 0 0 0
 outer loop
 vertex 0.228 0.00183027 0.0209201
 vertex 0.228 0.00217889 0.0249049
 vertex 0.228 0.0043412 0.0246202
 endloop
endfacet
facet normal 0 0 0
 outer loop
 vertex 0.228 0.00183027 0.0209201
 vertex 0.228 0.0043412 0.0246202
 vertex 0.228 0.00364661 0.020681
 endloop
endfacet
facet normal 0 0 0
 outer loop
 vertex 0.1 0.00364661 0.020681
 vertex 0.1 0.0054352 0.0202844
 vertex 0.1 0.00647048 0.0241481
 endloop
endfacet
facet normal 0 0 0
 outer loop
 vertex 0.1 0.00364661 0.020681
 vertex 0.1 0.00647048 0.0241481
 vertex 0.1 0.0043412 0.0246202
 endloop
endfacet
facet normal 0 0 0
 outer loop
 vertex 0.228 0.00364661 0.020681
 vertex 0.228 0.0043412 0.0246202
 vertex 0.228 0.00647048 0.0241481
 endloop
endfacet
facet normal 0 0 0
 outer loop
 vertex 0.228 0.00364661 0.020681
 vertex 0.228 0.00647048 0.0241481
 vertex 0.228 0.0054352 0.0202844
 endloop
endfacet
facet normal 0 0 0
 outer loop
 vertex 0.1 0.0054352 0.0202844
 vertex 0.1 0.00718242 0.0197335
 vertex 0.1 0.0085505 0.0234923
 endloop
endfacet
facet normal 0 0 0
 outer loop
 vertex 0.1 0.0054352 0.0202844
 vertex 0.1 0.0085505 0.0234923
 vertex 0.1 0.00647048 0.0241481
 endloop
endfacet
facet normal 0 0 0
 outer loop
 vertex 0.228 0.0054352 0.0202844
 vertex 0.228 0.00647048 0.0241481
 vertex 0.228 0.0085505 0.0234923
 endloop
endfacet
facet normal 0 0 0
 outer loop
 vertex 0.228 0.0054352 0.0202844
 vertex 0.228 0.0085505 0.0234923
 vertex 0.228 0.00718242 0.0197335
 endloop
endfacet
facet normal 0 0 0
 outer loop
 vertex 0.1 0.00718242 0.0197335
 vertex 0.1 0.00887498 0.0190325
 vertex 0.1 0.0105655 0.0226577
 endloop
endfacet
facet normal 0 0 0
 outer loop
 vertex 0.1 0.00718242 0.0197335
 vertex 0.1 0.0105655 0.0226577
 vertex 0.1 0.0085505 0.0234923
 endloop
endfacet
facet normal 0 0 0
 outer loop
 vertex 0.228 0.00718242 0.0197335
 vertex 0.228 0.0085505 0.0234923
 vertex 0.228 0.0105655 0.0226577
 endloop
endfacet
facet normal 0 0 0
 outer loop
 vertex 0.228 0.00718242 0.0197335
 vertex 0.228 0.0105655 0.0226577
 vertex 0.228 0.00887498 0.0190325
 endloop
endfacet
facet normal 0 0 0
 outer loop
 vertex 0.1 0.00887498 0.0190325
 vertex 0.1 0.0105 0.0181865
 vertex 0.1 0.0125 0.0216506
 endloop
endfacet
facet normal 0 0 0
 outer loop
 vertex 0.1 0.00887498 0.0190325
 vertex 0.1 0.0125 0.0216506
 vertex 0.1 0.0105655 0.0226577
 endloop
endfacet
facet normal 0 0 0
 outer loop
 vertex 0.228 0.00887498 0.0190325
 vertex 0.228 0.0105655 0.0226577
 vertex 0.228 0.0125 0.0216506
 endloop
endfacet
facet normal 0 0 0
 outer loop
 vertex 0.228 0.00887498 0.0190325
 vertex 0.228 0.0125 0.0216506
 vertex 0.228 0.0105 0.0181865
 endloop
endfacet
facet normal 0 0 0
 outer loop
 vertex 0.1 0.0105 0.0181865
 vertex 0.1 0.0120451 0.0172022
 vertex 0.1 0.0143394 0.0204788
 endloop
endfacet
facet normal 0 0 0
 outer loop
 vertex 0.1 0.0105 0.0181865
 vertex 0.1 0.0143394 0.0204788
 vertex 0.1 0.0125 0.0216506
 endloop
endfacet
facet normal 0 0 0
 outer loop
 vertex 0.228 0.0105 0.0181865
 vertex 0.228 0.0125 0.0216506
 vertex 0.228 0.0143394 0.0204788
 endloop
endfacet
facet normal 0 0 0
 outer loop
 vertex 0.228 0.0105 0.0181865
 vertex 0.228 0.0143394 0.0204788
 vertex 0.228 0.0120451 0.0172022
 endloop
endfacet
facet normal 0 0 0
 outer loop
 vertex 0.1 0.0120451 0.0172022
 vertex 0.1 0.0134985 0.0160869
 vertex 0.1 0.0160697 0.0191511
 endloop
endfacet
facet normal 0 0 0
 outer loop
 vertex 0.1 0.0120451 0.0172022
 vertex 0.1 0.0160697 0.0191511
 vertex 0.1 0.0143394 0.0204788
 endloop
endfacet
facet normal 0 0 0
 outer loop
 vertex 0.228 0.0120451 0.0172022
 vertex 0.228 0.0143394 0.0204788
 vertex 0.228 0.0160697 0.0191511
 endloop
endfacet
facet normal 0 0 0
 outer loop
 vertex 0.228 0.0120451 0.0172022
 vertex 0.228 0.0160697 0.0191511
 vertex 0.228 0.0134985 0.0160869
 endloop
endfacet
facet normal 0 0 0
 outer loop
 vertex 0.1 0.0134985 0.0160869
 vertex 0.1 0.0148492 0.0148492
 vertex 0.1 0.0176777 0.0176777
 endloop
endfacet
facet normal 0 0 0
 outer loop
 vertex 0.1 0.0134985 0.0160869
 vertex 0.1 0.0176777 0.0176777
 vertex 0.1 0.0160697 0.0191511
 endloop
endfacet
facet normal 0 0 0
 outer loop
 vertex 0.228 0.0134985 0.0160869
 vertex 0.228 0.0160697 0.0191511
 vertex 0.228 0.0176777 0.0176777
 endloop
endfacet
facet normal 0 0 0
 outer loop
 vertex 0.228 0.0134985 0.0160869
 vertex 0.228 0.0176777 0.0176777
 vertex 0.228 0.0148492 0.0148492
 endloop
endfacet
facet normal 0 0 0
 outer loop
 vertex 0.1 0.0148492 0.0148492
 vertex 0.1 0.0160869 0.0134985
 vertex 0.1 0.0191511 0.0160697
 endloop
endfacet
facet normal 0 0 0
 outer loop
 vertex 0.1 0.0148492 0.0148492
 vertex 0.1 0.0191511 0.0160697
 vertex 0.1 0.0176777 0.0176777
 endloop
endfacet
facet normal 0 0 0
 outer loop
 vertex 0.228 0.0148492 0.0148492
 vertex 0.228 0.0176777 0.0176777
 vertex 0.228 0.0191511 0.0160697
 endloop
endfacet
facet normal 0 0 0
 outer loop
 vertex 0.228 0.0148492 0.0148492
 vertex 0.228 0.0191511 0.0160697
 vertex 0.228 0.0160869 0.0134985
 endloop
endfacet
facet normal 0 0 0
 outer loop
 vertex 0.1 0.0160869 0.0134985
 vertex 0.1 0.0172022 0.0120451
 vertex 0.1 0.0204788 0.0143394
 endloop
endfacet
facet normal 0 0 0
 outer loop
 vertex 0.1 0.0160869 0.0134985
 vertex 0.1 0.0204788 0.0143394
 vertex 0.1 0.0191511 0.0160697
 endloop
endfacet
facet normal 0 0 0
 outer loop
 vertex 0.228 0.0160869 0.0134985
 vertex 0.228 0.0191511 0.0160697
 vertex 0.228 0.0204788 0.0143394
 endloop
endfacet
facet normal 0 0 0
 outer loop
 vertex 0.228 0.0160869 0.0134985
 vertex 0.228 0.0204788 0.0143394
 vertex 0.228 0.0172022 0.0120451
 endloop
endfacet
facet normal 0 0 0
 outer loop
 vertex 0.1 0.0172022 0.0120451
 vertex 0.1 0.0181865 0.0105
 vertex 0.1 0.0216506 0.0125
 endloop
endfacet
facet normal 0 0 0
 outer loop
 vertex 0.1 0.0172022 0.0120451
 vertex 0.1 0.0216506 0.0125
 vertex 0.1 0.0204788 0.0143394
 endloop
endfacet
facet normal 0 0 0
 outer loop
 vertex 0.228 0.0172022 0.0120451
 vertex 0.228 0.0204788 0.0143394
 vertex 0.228 0.0216506 0.0125
 endloop
endfacet
facet normal 0 0 0
 outer loop
 vertex 0.228 0.0172022 0.0120451
 vertex 0.228 0.0216506 0.0125
 vertex 0.228 0.0181865 0.0105
 endloop
endfacet
facet normal 0 0 0
 outer loop
 vertex 0.1 0.0181865 0.0105
 vertex 0.1 0.0190325 0.00887498
 vertex 0.1 0.0226577 0.0105655
 endloop
endfacet
facet normal 0 0 0
 outer loop
 vertex 0.1 0.0181865 0.0105
 vertex 0.1 0.0226577 0.0105655
 vertex 0.1 0.0216506 0.0125
 endloop
endfacet
facet normal 0 0 0
 outer loop
 vertex 0.228 0.0181865 0.0105
 vertex 0.228 0.0216506 0.0125
 vertex 0.228 0.0226577 0.0105655
 endloop
endfacet
facet normal 0 0 0
 outer loop
 vertex 0.228 0.0181865 0.0105
 vertex 0.228 0.0226577 0.0105655
 vertex 0.228 0.0190325 0.00887498
 endloop
endfacet
facet normal 0 0 0
 outer loop
 vertex 0.1 0.0190325 0.00887498
 vertex 0.1 0.0197335 0.00718242
 vertex 0.1 0.0234923 0.0085505
 endloop
endfacet
facet normal 0 0 0
 outer loop
 vertex 0.1 0.0190325 0.00887498
 vertex 0.1 0.0234923 0.0085505
 vertex 0.1 0.0226577 0.0105655
 endloop
endfacet
facet normal 0 0 0
 outer loop
 vertex 0.228 0.0190325 0.00887498
 vertex 0.228 0.0226577 0.0105655
 vertex 0.228 0.0234923 0.0085505
 endloop
endfacet
facet normal 0 0 0
 outer loop
 vertex 0.228 0.0190325 0.00887498
 vertex 0.228 0.0234923 0.0085505
 vertex 0.228 0.0197335 0.00718242
 endloop
endfacet
facet normal 0 0 0
 outer loop
 vertex 0.1 0.0197335 0.00718242
 vertex 0.1 0.0202844 0.0054352
 vertex 0.1 0.0241481 0.00647048
 endloop
endfacet
facet normal 0 0 0
 outer loop
 vertex 0.1 0.0197335 0.00718242
 vertex 0.1 0.0241481 0.00647048
 vertex 0.1 0.0234923 0.0085505
 endloop
endfacet
facet normal 0 0 0
 outer loop
 vertex 0.228 0.0197335 0.00718242
 vertex 0.228 0.0234923 0.0085505
 vertex 0.228 0.0241481 0.00647048
 endloop
endfacet
facet normal 0 0 0
 outer loop
 vertex 0.228 0.0197335 0.00718242
 vertex 0.228 0.0241481 0.00647048
 vertex 0.228 0.0202844 0.0054352
 endloop
endfacet
facet normal 0 0 0
 outer loop
 vertex 0.1 0.0202844 0.0054352
 vertex 0.1 0.020681 0.00364661
 vertex 0.1 0.0246202 0.00434121
 endloop
endfacet
facet normal 0 0 0
 outer loop
 vertex 0.1 0.0202844 0.0054352
 vertex 0.1 0.0246202 0.00434121
 vertex 0.1 0.0241481 0.00647048
 endloop
endfacet
facet normal 0 0 0
 outer loop
 vertex 0.228 0.0202844 0.0054352
 vertex 0.228 0.0241481 0.00647048
 vertex 0.228 0.0246202 0.00434121
 endloop
endfacet
facet normal 0 0 0
 outer loop
 vertex 0.228 0.0202844 0.0054352
 vertex 0.228 0.0246202 0.00434121
 vertex 0.228 0.020681 0.00364661
 endloop
endfacet
facet normal 0 0 0
 outer loop
 vertex 0.1 0.020681 0.00364661
 vertex 0.1 0.0209201 0.00183027
 vertex 0.1 0.0249049 0.0021789
 endloop
endfacet
facet normal 0 0 0
 outer loop
 vertex 0.1 0.020681 0.00364661
 vertex 0.1 0.0249049 0.0021789
 vertex 0.1 0.0246202 0.00434121
 endloop
endfacet
facet normal 0 0 0
 outer loop
 vertex 0.228 0.020681 0.00364661
 vertex 0.228 0.0246202 0.00434121
 vertex 0.228 0.0249049 0.0021789
 endloop
endfacet
facet normal 0 0 0
 outer loop
 vertex 0.228 0.020681 0.00364661
 vertex 0.228 0.0249049 0.0021789
 vertex 0.228 0.0209201 0.00183027
 endloop
endfacet
facet normal 0 0 0
 outer loop
 vertex 0.1 0.0209201 0.00183027
 vertex 0.1 0.021 -9.17939e-10
 vertex 0.1 0.025 -1.09278e-09
 endloop
endfacet
facet normal 0 0 0
 outer loop
 vertex 0.1 0.0209201 0.00183027
 vertex 0.1 0.025 -1.09278e-09
 vertex 0.1 0.0249049 0.0021789
 endloop
endfacet
facet normal 0 0 0
 outer loop
 vertex 0.228 0.0209201 0.00183027
 vertex 0.228 0.0249049 0.0021789
 vertex 0.228 0.025 -1.09278e-09
 endloop
endfacet
facet normal 0 0 0
 outer loop
 vertex 0.228 0.0209201 0.00183027
 vertex 0.228 0.025 -1.09278e-09
 vertex 0.228 0.021 -9.17939e-10
 endloop
endfacet
facet normal 0 0 0
 outer loop
 vertex 0.1 0.021 -9.17939e-10
 vertex 0.1 0.0209201 -0.00183027
 vertex 0.1 0.0249049 -0.00217889
 endloop
endfacet
facet normal 0 0 0
 outer loop
 vertex 0.1 0.021 -9.17939e-10
 vertex 0.1 0.0249049 -0.00217889
 vertex 0.1 0.025 -1.09278e-09
 endloop
endfacet
facet normal 0 0 0
 outer loop
 vertex 0.228 0.021 -9.17939e-10
 vertex 0.228 0.025 -1.09278e-09
 vertex 0.228 0.0249049 -0.00217889
 endloop
endfacet
facet normal 0 0 0
 outer loop
 vertex 0.228 0.021 -9.17939e-10
 vertex 0.228 0.0249049 -0.00217889
 vertex 0.228 0.0209201 -0.00183027
 endloop
endfacet
facet normal 0 0 0
 outer loop
 vertex 0.1 0.0209201 -0.00183027
 vertex 0.1 0.020681 -0.00364661
 vertex 0.1 0.0246202 -0.00434121
 endloop
endfacet
facet normal 0 0 0
 outer loop
 vertex 0.1 0.0209201 -0.00183027
 vertex 0.1 0.0246202 -0.00434121
 vertex 0.1 0.0249049 -0.00217889
 endloop
endfacet
facet normal 0 0 0
 outer loop
 vertex 0.228 0.0209201 -0.00183027
 vertex 0.228 0.0249049 -0.00217889
 vertex 0.228 0.0246202 -0.00434121
 endloop
endfacet
facet normal 0 0 0
 outer loop
 vertex 0.228 0.0209201 -0.00183027
 vertex 0.228 0.0246202 -0.00434121
 vertex 0.228 0.020681 -0.00364661
 endloop
endfacet
facet normal 0 0 0
 outer loop
 vertex 0.1 0.020681 -0.00364661
 vertex 0.1 0.0202844 -0.0054352
 vertex 0.1 0.0241481 -0.00647048
 endloop
endfacet
facet normal 0 0 0
 outer loop
 vertex 0.1 0.020681 -0.00364661
 vertex 0.1 0.0241481 -0.00647048
 vertex 0.1 0.0246202 -0.00434121
 endloop
endfacet
facet normal 0 0 0
 outer loop
 vertex 0.228 0.020681 -0.00364661
 vertex 0.228 0.0246202 -0.00434121
 vertex 0.228 0.0241481 -0.00647048
 endloop
endfacet
facet normal 0 0 0
 outer loop
 vertex 0.228 0.020681 -0.00364661
 vertex 0.228 0.0241481 -0.00647048
 vertex 0.228 0.0202844 -0.0054352
 endloop
endfacet
facet normal 0 0 0
 outer loop
 vertex 0.1 0.0202844 -0.0054352
 vertex 0.1 0.0197335 -0.00718242
 vertex 0.1 0.0234923 -0.0085505
 endloop
endfacet
facet normal 0 0 0
 outer loop
 vertex 0.1 0.0202844 -0.0054352
 vertex 0.1 0.0234923 -0.0085505
 vertex 0.1 0.0241481 -0.00647048
 endloop
endfacet
facet normal 0 0 0
 outer loop
 vertex 0.228 0.0202844 -0.0054352
 vertex 0.228 0.0241481 -0.00647048
 vertex 0.228 0.0234923 -0.0085505
 endloop
endfacet
facet normal 0 0 0
 outer loop
 vertex 0.228 0.0202844 -0.0054352
 vertex 0.228 0.0234923 -0.0085505
 vertex 0.228 0.0197335 -0.00718242
 endloop
endfacet
facet normal 0 0 0
 outer loop
 vertex 0.1 0.0197335 -0.00718242
 vertex 0.1 0.0190325 -0.00887498
 vertex 0.1 0.0226577 -0.0105655
 endloop
endfacet
facet normal 0 0 0
 outer loop
 vertex 0.1 0.0197335 -0.00718242
 vertex 0.1 0.0226577 -0.0105655
 vertex 0.1 0.0234923 -0.0085505
 endloop
endfacet
facet normal 0 0 0
 outer loop
 vertex 0.228 0.0197335 -0.00718242
 vertex 0.228 0.0234923 -0.0085505
 vertex 0.228 0.0226577 -0.0105655
 endloop
endfacet
facet normal 0 0 0
 outer loop
 vertex 0.228 0.0197335 -0.00718242
 vertex 0.228 0.0226577 -0.0105655
 vertex 0.228 0.0190325 -0.00887498
 endloop
endfacet
facet normal 0 0 0
 outer loop
 vertex 0.1 0.0190325 -0.00887498
 vertex 0.1 0.0181865 -0.0105
 vertex 0.1 0.0216506 -0.0125
 endloop
endfacet
facet normal 0 0 0
 outer loop
 vertex 0.1 0.0190325 -0.00887498
 vertex 0.1 0.0216506 -0.0125
 vertex 0.1 0.0226577 -0.0105655
 endloop
endfacet
facet normal 0 0 0
 outer loop
 vertex 0.228 0.0190325 -0.00887498
 vertex 0.228 0.0226577 -0.0105655
 vertex 0.228 0.0216506 -0.0125
 endloop
endfacet
facet normal 0 0 0
 outer loop
 vertex 0.228 0.0190325 -0.00887498
 vertex 0.228 0.0216506 -0.0125
 vertex 0.228 0.0181865 -0.0105
 endloop
endfacet
facet normal 0 0 0
 outer loop
 vertex 0.1 0.0181865 -0.0105
 vertex 0.1 0.0172022 -0.0120451
 vertex 0.1 0.0204788 -0.0143394
 endloop
endfacet
facet normal 0 0 0
 outer loop
 vertex 0.1 0.0181865 -0.0105
 vertex 0.1 0.0204788 -0.0143394
 vertex 0.1 0.0216506 -0.0125
 endloop
endfacet
facet normal 0 0 0
 outer loop
 vertex 0.228 0.0181865 -0.0105
 vertex 0.228 0.0216506 -0.0125
 vertex 0.228 0.0204788 -0.0143394
 endloop
endfacet
facet normal 0 0 0
 outer loop
 vertex 0.228 0.0181865 -0.0105
 vertex 0.228 0.0204788 -0.0143394
 vertex 0.228 0.0172022 -0.0120451
 endloop
endfacet
facet normal 0 0 0
 outer loop
 vertex 0.1 0.0172022 -0.0120451
 vertex 0.1 0.0160869 -0.0134985
 vertex 0.1 0.0191511 -0.0160697
 endloop
endfacet
facet normal 0 0 0
 outer loop
 vertex 0.1 0.0172022 -0.0120451
 vertex 0.1 0.0191511 -0.0160697
 vertex 0.1 0.0204788 -0.0143394
 endloop
endfacet
facet normal 0 0 0
 outer loop
 vertex 0.228 0.0172022 -0.0120451
 vertex 0.228 0.0204788 -0.0143394
 vertex 0.228 0.0191511 -0.0160697
 endloop
endfacet
facet normal 0 0 0
 outer loop
 vertex 0.228 0.0172022 -0.0120451
 vertex 0.228 0.0191511 -0.0160697
 vertex 0.228 0.0160869 -0.0134985
 endloop
endfacet
facet normal 0 0 0
 outer loop
 vertex 0.1 0.0160869 -0.0134985
 vertex 0.1 0.0148492 -0.0148492
 vertex 0.1 0.0176777 -0.0176777
 endloop
endfacet
facet normal 0 0 0
 outer loop
 vertex 0.1 0.0160869 -0.0134985
 vertex 0.1 0.0176777 -0.0176777
 vertex 0.1 0.0191511 -0.0160697
 endloop
endfacet
facet normal 0 0 0
 outer loop
 vertex 0.228 0.0160869 -0.0134985
 vertex 0.228 0.0191511 -0.0160697
 vertex 0.228 0.0176777 -0.0176777
 endloop
endfacet
facet normal 0 0 0
 outer loop
 vertex 0.228 0.0160869 -0.0134985
 vertex 0.228 0.0176777 -0.0176777
 vertex 0.228 0.0148492 -0.0148492
 endloop
endfacet
facet normal 0 0 0
 outer loop
 vertex 0.1 0.0148492 -0.0148492
 vertex 0.1 0.0134985 -0.0160869
 vertex 0.1 0.0160697 -0.0191511
 endloop
endfacet
facet normal 0 0 0
 outer loop
 vertex 0.1 0.0148492 -0.0148492
 vertex 0.1 0.0160697 -0.0191511
 vertex 0.1 0.0176777 -0.0176777
 endloop
endfacet
facet normal 0 0 0
 outer loop
 vertex 0.228 0.0148492 -0.0148492
 vertex 0.228 0.0176777 -0.0176777
 vertex 0.228 0.0160697 -0.0191511
 endloop
endfacet
facet normal 0 0 0
 outer loop
 vertex 0.228 0.0148492 -0.0148492
 vertex 0.228 0.0160697 -0.0191511
 vertex 0.228 0.0134985 -0.0160869
 endloop
endfacet
facet normal 0 0 0
 outer loop
 vertex 0.1 0.0134985 -0.0160869
 vertex 0.1 0.0120451 -0.0172022
 vertex 0.1 0.0143394 -0.0204788
 endloop
endfacet
facet normal 0 0 0
 outer loop
 vertex 0.1 0.0134985 -0.0160869
 vertex 0.1 0.0143394 -0.0204788
 vertex 0.1 0.0160697 -0.0191511
 endloop
endfacet
facet normal 0 0 0
 outer loop
 vertex 0.228 0.0134985 -0.0160869
 vertex 0.228 0.0160697 -0.0191511
 vertex 0.228 0.0143394 -0.0204788
 endloop
endfacet
facet normal 0 0 0
 outer loop
 vertex 0.228 0.0134985 -0.0160869
 vertex 0.228 0.0143394 -0.0204788
 vertex 0.228 0.0120451 -0.0172022
 endloop
endfacet
facet normal 0 0 0
 outer loop
 vertex 0.1 0.0120451 -0.0172022
 vertex 0.1 0.0105 -0.0181865
 vertex 0.1 0.0125 -0.0216506
 endloop
endfacet
facet normal 0 0 0
 outer loop
 vertex 0.1 0.0120451 -0.0172022
 vertex 0.1 0.0125 -0.0216506
 vertex 0.1 0.0143394 -0.0204788
 endloop
endfacet
facet normal 0 0 0
 outer loop
 vertex 0.228 0.0120451 -0.0172022
 vertex 0.228 0.0143394 -0.0204788
 vertex 0.228 0.0125 -0.0216506
 endloop
endfacet
facet normal 0 0 0
 outer loop
 vertex 0.228 0.0120451 -0.0172022
 vertex 0.228 0.0125 -0.0216506
 vertex 0.228 0.0105 -0.0181865
 endloop
endfacet
facet normal 0 0 0
 outer loop
 vertex 0.1 0.0105 -0.0181865
 vertex 0.1 0.00887498 -0.0190325
 vertex 0.1 0.0105655 -0.0226577
 endloop
endfacet
facet normal 0 0 0
 outer loop
 vertex 0.1 0.0105 -0.0181865
 vertex 0.1 0.0105655 -0.0226577
 vertex 0.1 0.0125 -0.0216506
 endloop
endfacet
facet normal 0 0 0
 outer loop
 vertex 0.228 0.0105 -0.0181865
 vertex 0.228 0.0125 -0.0216506
 vertex 0.228 0.0105655 -0.0226577
 endloop
endfacet
facet normal 0 0 0
 outer loop
 vertex 0.228 0.0105 -0.0181865
 vertex 0.228 0.0105655 -0.0226577
 vertex 0.228 0.00887498 -0.0190325
 endloop
endfacet
facet normal 0 0 0
 outer loop
 vertex 0.1 0.00887498 -0.0190325
 vertex 0.1 0.00718242 -0.0197335
 vertex 0.1 0.00855051 -0.0234923
 endloop
endfacet
facet normal 0 0 0
 outer loop
 vertex 0.1 0.00887498 -0.0190325
 vertex 0.1 0.00855051 -0.0234923
 vertex 0.1 0.0105655 -0.0226577
 endloop
endfacet
facet normal 0 0 0
 outer loop
 vertex 0.228 0.00887498 -0.0190325
 vertex 0.228 0.0105655 -0.0226577
 vertex 0.228 0.00855051 -0.0234923
 endloop
endfacet
facet normal 0 0 0
 outer loop
 vertex 0.228 0.00887498 -0.0190325
 vertex 0.228 0.00855051 -0.0234923
 vertex 0.228 0.00718242 -0.0197335
 endloop
endfacet
facet normal 0 0 0
 outer loop
 vertex 0.1 0.00718242 -0.0197335
 vertex 0.1 0.0054352 -0.0202844
 vertex 0.1 0.00647048 -0.0241481
 endloop
endfacet
facet normal 0 0 0
 outer loop
 vertex 0.1 0.00718242 -0.0197335
 vertex 0.1 0.00647048 -0.0241481
 vertex 0.1 0.00855051 -0.0234923
 endloop
endfacet
facet normal 0 0 0
 outer loop
 vertex 0.228 0.00718242 -0.0197335
 vertex 0.228 0.00855051 -0.0234923
 vertex 0.228 0.00647048 -0.0241481
 endloop
endfacet
facet normal 0 0 0
 outer loop
 vertex 0.228 0.00718242 -0.0197335
 vertex 0.228 0.00647048 -0.0241481
 vertex 0.228 0.0054352 -0.0202844
 endloop
endfacet
facet normal 0 0 0
 outer loop
 vertex 0.1 0.0054352 -0.0202844
 vertex 0.1 0.00364661 -0.020681
 vertex 0.1 0.00434121 -0.0246202
 endloop
endfacet
facet normal 0 0 0
 outer loop
 vertex 0.1 0.0054352 -0.0202844
 vertex 0.1 0.00434121 -0.0246202
 vertex 0.1 0.00647048 -0.0241481
 endloop
endfacet
facet normal 0 0 0
 outer loop
 vertex 0.228 0.0054352 -0.0202844
 vertex 0.228 0.00647048 -0.0241481
 vertex 0.228 0.00434121 -0.0246202
 endloop
endfacet
facet normal 0 0 0
 outer loop
 vertex 0.228 0.0054352 -0.0202844
 vertex 0.228 0.00434121 -0.0246202
 vertex 0.228 0.00364661 -0.020681
 endloop
endfacet
facet normal 0 0 0
 outer loop
 vertex 0.1 0.00364661 -0.020681
 vertex 0.1 0.00183027 -0.0209201
 vertex 0.1 0.00217889 -0.0249049
 endloop
endfacet
facet normal 0 0 0
 outer loop
 vertex 0.1 0.00364661 -0.020681
 vertex 0.1 0.00217889 -0.0249049
 vertex 0.1 0.00434121 -0.0246202
 endloop
endfacet
facet normal 0 0 0
 outer loop
 vertex 0.228 0.00364661 -0.020681
 vertex 0.228 0.00434121 -0.0246202
 vertex 0.228 0.00217889 -0.0249049
 endloop
endfacet
facet normal 0 0 0
 outer loop
 vertex 0.228 0.00364661 -0.020681
 vertex 0.228 0.00217889 -0.0249049
 vertex 0.228 0.00183027 -0.0209201
 endloop
endfacet
facet normal 0 0 0
 outer loop
 vertex 0.1 0.00183027 -0.0209201
 vertex 0.1 -1.83588e-09 -0.021
 vertex 0.1 -2.18557e-09 -0.025
 endloop
endfacet
facet normal 0 0 0
 outer loop
 vertex 0.1 0.00183027 -0.0209201
 vertex 0.1 -2.18557e-09 -0.025
 vertex 0.1 0.00217889 -0.0249049
 endloop
endfacet
facet normal 0 0 0
 outer loop
 vertex 0.228 0.00183027 -0.0209201
 vertex 0.228 0.00217889 -0.0249049
 vertex 0.228 -2.18557e-09 -0.025
 endloop
endfacet
facet normal 0 0 0
 outer loop
 vertex 0.228 0.00183027 -0.0209201
 vertex 0.228 -2.18557e-09 -0.025
 vertex 0.228 -1.83588e-09 -0.021
 endloop
endfacet
facet normal 0 0 0
 outer loop
 vertex 0.1 -1.83588e-09 -0.021
 vertex 0.1 -0.00183027 -0.0209201
 vertex 0.1 -0.0021789 -0.0249049
 endloop
endfacet
facet normal 0 0 0
 outer loop
 vertex 0.1 -1.83588e-09 -0.021
 vertex 0.1 -0.0021789 -0.0249049
 vertex 0.1 -2.18557e-09 -0.025
 endloop
endfacet
facet normal 0 0 0
 outer loop
 vertex 0.228 -1.83588e-09 -0.021
 vertex 0.228 -2.18557e-09 -0.025
 vertex 0.228 -0.0021789 -0.0249049
 endloop
endfacet
facet normal 0 0 0
 outer loop
 vertex 0.228 -1.83588e-09 -0.021
 vertex 0.228 -0.0021789 -0.0249049
 vertex 0.228 -0.00183027 -0.0209201
 endloop
endfacet
facet normal 0 0 0
 outer loop
 vertex 0.1 -0.00183027 -0.0209201
 vertex 0.1 -0.00364661 -0.020681
 vertex 0.1 -0.00434121 -0.0246202
 endloop
endfacet
facet normal 0 0 0
 outer loop
 vertex 0.1 -0.00183027 -0.0209201
 vertex 0.1 -0.00434121 -0.0246202
 vertex 0.1 -0.0021789 -0.0249049
 endloop
endfacet
facet normal 0 0 0
 outer loop
 vertex 0.228 -0.00183027 -0.0209201
 vertex 0.228 -0.0021789 -0.0249049
 vertex 0.228 -0.00434121 -0.0246202
 endloop
endfacet
facet normal 0 0 0
 outer loop
 vertex 0.228 -0.00183027 -0.0209201
 vertex 0.228 -0.00434121 -0.0246202
 vertex 0.228 -0.00364661 -0.020681
 endloop
endfacet
facet normal 0 0 0
 outer loop
 vertex 0.1 -0.00364661 -0.020681
 vertex 0.1 -0.0054352 -0.0202844
 vertex 0.1 -0.00647048 -0.0241481
 endloop
endfacet
facet normal 0 0 0
 outer loop
 vertex 0.1 -0.00364661 -0.020681
 vertex 0.1 -0.00647048 -0.0241481
 vertex 0.1 -0.00434121 -0.0246202
 endloop
endfacet
facet normal 0 0 0
 outer loop
 vertex 0.228 -0.00364661 -0.020681
 vertex 0.228 -0.00434121 -0.0246202
 vertex 0.228 -0.00647048 -0.0241481
 endloop
endfacet
facet normal 0 0 0
 outer loop
 vertex 0.228 -0.00364661 -0.020681
 vertex 0.228 -0.00647048 -0.0241481
 vertex 0.228 -0.0054352 -0.0202844
 endloop
endfacet
facet normal 0 0 0
 outer loop
 vertex 0.1 -0.0054352 -0.0202844
 vertex 0.1 -0.00718242 -0.0197335
 vertex 0.1 -0.0085505 -0.0234923
 endloop
endfacet
facet normal 0 0 0
 outer loop
 vertex 0.1 -0.0054352 -0.0202844
 vertex 0.1 -0.0085505 -0.0234923
 vertex 0.1 -0.00647048 -0.0241481
 endloop
endfacet
facet normal 0 0 0
 outer loop
 vertex 0.228 -0.0054352 -0.0202844
 vertex 0.228 -0.00647048 -0.0241481
 vertex 0.228 -0.0085505 -0.0234923
 endloop
endfacet
facet normal 0 0 0
 outer loop
 vertex 0.228 -0.0054352 -0.0202844
 vertex 0.228 -0.0085505 -0.0234923
 vertex 0.228 -0.00718242 -0.0197335
 endloop
endfacet
facet normal 0 0 0
 outer loop
 vertex 0.1 -0.00718242 -0.0197335
 vertex 0.1 -0.00887498 -0.0190325
 vertex 0.1 -0.0105655 -0.0226577
 endloop
endfacet
facet normal 0 0 0
 outer loop
 vertex 0.1 -0.00718242 -0.0197335
 vertex 0.1 -0.0105655 -0.0226577
 vertex 0.1 -0.0085505 -0.0234923
 endloop
endfacet
facet normal 0 0 0
 outer loop
 vertex 0.228 -0.00718242 -0.0197335
 vertex 0.228 -0.0085505 -0.0234923
 vertex 0.228 -0.0105655 -0.0226577
 endloop
endfacet
facet normal 0 0 0
 outer loop
 vertex 0.228 -0.00718242 -0.0197335
 vertex 0.228 -0.0105655 -0.0226577
 vertex 0.228 -0.00887498 -0.0190325
 endloop
endfacet
facet normal 0 0 0
 outer loop
 vertex 0.1 -0.00887498 -0.0190325
 vertex 0.1 -0.0105 -0.0181865
 vertex 0.1 -0.0125 -0.0216506
 endloop
endfacet
facet normal 0 0 0
 outer loop
 vertex 0.1 -0.00887498 -0.0190325
 vertex 0.1 -0.0125 -0.0216506
 vertex 0.1 -0.0105655 -0.0226577
 endloop
endfacet
facet normal 0 0 0
 outer loop
 vertex 0.228 -0.00887498 -0.0190325
 vertex 0.228 -0.0105655 -0.0226577
 vertex 0.228 -0.0125 -0.0216506
 endloop
endfacet
facet normal 0 0 0
 outer loop
 vertex 0.228 -0.00887498 -0.0190325
 vertex 0.228 -0.0125 -0.0216506
 vertex 0.228 -0.0105 -0.0181865
 endloop
endfacet
facet normal 0 0 0
 outer loop
 vertex 0.1 -0.0105 -0.0181865
 vertex 0.1 -0.0120451 -0.0172022
 vertex 0.1 -0.0143394 -0.0204788
 endloop
endfacet
facet normal 0 0 0
 outer loop
 vertex 0.1 -0.0105 -0.0181865
 vertex 0.1 -0.0143394 -0.0204788
 vertex 0.1 -0.0125 -0.0216506
 endloop
endfacet
facet normal 0 0 0
 outer loop
 vertex 0.228 -0.0105 -0.0181865
 vertex 0.228 -0.0125 -0.0216506
 vertex 0.228 -0.0143394 -0.0204788
 endloop
endfacet
facet normal 0 0 0
 outer loop
 vertex 0.228 -0.0105 -0.0181865
 vertex 0.228 -0.0143394 -0.0204788
 vertex 0.228 -0.0120451 -0.0172022
 endloop
endfacet
facet normal 0 0 0
 outer loop
 vertex 0.1 -0.0120451 -0.0172022
 vertex 0.1 -0.0134985 -0.0160869
 vertex 0.1 -0.0160697 -0.0191511
 endloop
endfacet
facet normal 0 0 0
 outer loop
 vertex 0.1 -0.0120451 -0.0172022
 vertex 0.1 -0.0160697 -0.0191511
 vertex 0.1 -0.0143394 -0.0204788
 endloop
endfacet
facet normal 0 0 0
 outer loop
 vertex 0.228 -0.0120451 -0.0172022
 vertex 0.228 -0.0143394 -0.0204788
 vertex 0.228 -0.0160697 -0.0191511
 endloop
endfacet
facet normal 0 0 0
 outer loop
 vertex 0.228 -0.0120451 -0.0172022
 vertex 0.228 -0.0160697 -0.0191511
 vertex 0.228 -0.0134985 -0.0160869
 endloop
endfacet
facet normal 0 0 0
 outer loop
 vertex 0.1 -0.0134985 -0.0160869
 vertex 0.1 -0.0148492 -0.0148492
 vertex 0.1 -0.0176777 -0.0176777
 endloop
endfacet
facet normal 0 0 0
 outer loop
 vertex 0.1 -0.0134985 -0.0160869
 vertex 0.1 -0.0176777 -0.0176777
 vertex 0.1 -0.0160697 -0.0191511
 endloop
endfacet
facet normal 0 0 0
 outer loop
 vertex 0.228 -0.0134985 -0.0160869
 vertex 0.228 -0.0160697 -0.0191511
 vertex 0.228 -0.0176777 -0.0176777
 endloop
endfacet
facet normal 0 0 0
 outer loop
 vertex 0.228 -0.0134985 -0.0160869
 vertex 0.228 -0.0176777 -0.0176777
 vertex 0.228 -0.0148492 -0.0148492
 endloop
endfacet
facet normal 0 0 0
 outer loop
 vertex 0.1 -0.0148492 -0.0148492
 vertex 0.1 -0.0160869 -0.0134985
 vertex 0.1 -0.0191511 -0.0160697
 endloop
endfacet
facet normal 0 0 0
 outer loop
 vertex 0.1 -0.0148492 -0.0148492
 vertex 0.1 -0.0191511 -0.0160697
 vertex 0.1 -0.0176777 -0.0176777
 endloop
endfacet
facet normal 0 0 0
 outer loop
 vertex 0.228 -0.0148492 -0.0148492
 vertex 0.228 -0.0176777 -0.0176777
 vertex 0.228 -0.0191511 -0.0160697
 endloop
endfacet
facet normal 0 0 0
 outer loop
 vertex 0.228 -0.0148492 -0.0148492
 vertex 0.228 -0.0191511 -0.0160697
 vertex 0.228 -0.0160869 -0.0134985
 endloop
endfacet
facet normal 0 0 0
 outer loop
 vertex 0.1 -0.0160869 -0.0134985
 vertex 0.1 -0.0172022 -0.0120451
 vertex 0.1 -0.0204788 -0.0143394
 endloop
endfacet
facet normal 0 0 0
 outer loop
 vertex 0.1 -0.0160869 -0.0134985
 vertex 0.1 -0.0204788 -0.0143394
 vertex 0.1 -0.0191511 -0.0160697
 endloop
endfacet
facet normal 0 0 0
 outer loop
 vertex 0.228 -0.0160869 -0.0134985
 vertex 0.228 -0.0191511 -0.0160697
 vertex 0.228 -0.0204788 -0.0143394
 endloop
endfacet
facet normal 0 0 0
 outer loop
 vertex 0.228 -0.0160869 -0.0134985
 vertex 0.228 -0.0204788 -0.0143394
 vertex 0.228 -0.0172022 -0.0120451
 endloop
endfacet
facet normal 0 0 0
 outer loop
 vertex 0.1 -0.0172022 -0.0120451
 vertex 0.1 -0.0181865 -0.0105
 vertex 0.1 -0.0216506 -0.0125
 endloop
endfacet
facet normal 0 0 0
 outer loop
 vertex 0.1 -0.0172022 -0.0120451
 vertex 0.1 -0.0216506 -0.0125
 vertex 0.1 -0.0204788 -0.0143394
 endloop
endfacet
facet normal 0 0 0
 outer loop
 vertex 0.228 -0.0172022 -0.0120451
 vertex 0.228 -0.0204788 -0.0143394
 vertex 0.228 -0.0216506 -0.0125
 endloop
endfacet
facet normal 0 0 0
 outer loop
 vertex 0.228 -0.0172022 -0.0120451
 vertex 0.228 -0.0216506 -0.0125
 vertex 0.228 -0.0181865 -0.0105
 endloop
endfacet
facet normal 0 0 0
 outer loop
 vertex 0.1 -0.0181865 -0.0105
 vertex 0.1 -0.0190325 -0.00887498
 vertex 0.1 -0.0226577 -0.0105655
 endloop
endfacet
facet normal 0 0 0
 outer loop
 vertex 0.1 -0.0181865 -0.0105
 vertex 0.1 -0.0226577 -0.0105655
 vertex 0.1 -0.0216506 -0.0125
 endloop
endfacet
facet normal 0 0 0
 outer loop
 vertex 0.228 -0.0181865 -0.0105
 vertex 0.228 -0.0216506 -0.0125
 vertex 0.228 -0.0226577 -0.0105655
 endloop
endfacet
facet normal 0 0 0
 outer loop
 vertex 0.228 -0.0181865 -0.0105
 vertex 0.228 -0.0226577 -0.0105655
 vertex 0.228 -0.0190325 -0.00887498
 endloop
endfacet
facet normal 0 0 0
 outer loop
 vertex 0.1 -0.0190325 -0.00887498
 vertex 0.1 -0.0197335 -0.00718242
 vertex 0.1 -0.0234923 -0.0085505
 endloop
endfacet
facet normal 0 0 0
 outer loop
 vertex 0.1 -0.0190325 -0.00887498
 vertex 0.1 -0.0234923 -0.0085505
 vertex 0.1 -0.0226577 -0.0105655
 endloop
endfacet
facet normal 0 0 0
 outer loop
 vertex 0.228 -0.0190325 -0.00887498
 vertex 0.228 -0.0226577 -0.0105655
 vertex 0.228 -0.0234923 -0.0085505
 endloop
endfacet
facet normal 0 0 0
 outer loop
 vertex 0.228 -0.0190325 -0.00887498
 vertex 0.228 -0.0234923 -0.0085505
 vertex 0.228 -0.0197335 -0.00718242
 endloop
endfacet
facet normal 0 0 0
 outer loop
 vertex 0.1 -0.0197335 -0.00718242
 vertex 0.1 -0.0202844 -0.0054352
 vertex 0.1 -0.0241481 -0.00647047
 endloop
endfacet
facet normal 0 0 0
 outer loop
 vertex 0.1 -0.0197335 -0.00718242
 vertex 0.1 -0.0241481 -0.00647047
 vertex 0.1 -0.0234923 -0.0085505
 endloop
endfacet
facet normal 0 0 0
 outer loop
 vertex 0.228 -0.0197335 -0.00718242
 vertex 0.228 -0.0234923 -0.0085505
 vertex 0.228 -0.0241481 -0.00647047
 endloop
endfacet
facet normal 0 0 0
 outer loop
 vertex 0.228 -0.0197335 -0.00718242
 vertex 0.228 -0.0241481 -0.00647047
 vertex 0.228 -0.0202844 -0.0054352
 endloop
endfacet
facet normal 0 0 0
 outer loop
 vertex 0.1 -0.0202844 -0.0054352
 vertex 0.1 -0.020681 -0.00364661
 vertex 0.1 -0.0246202 -0.0043412
 endloop
endfacet
facet normal 0 0 0
 outer loop
 vertex 0.1 -0.0202844 -0.0054352
 vertex 0.1 -0.0246202 -0.0043412
 vertex 0.1 -0.0241481 -0.00647047
 endloop
endfacet
facet normal 0 0 0
 outer loop
 vertex 0.228 -0.0202844 -0.0054352
 vertex 0.228 -0.0241481 -0.00647047
 vertex 0.228 -0.0246202 -0.0043412
 endloop
endfacet
facet normal 0 0 0
 outer loop
 vertex 0.228 -0.0202844 -0.0054352
 vertex 0.228 -0.0246202 -0.0043412
 vertex 0.228 -0.020681 -0.00364661
 endloop
endfacet
facet normal 0 0 0
 outer loop
 vertex 0.1 -0.020681 -0.00364661
 vertex 0.1 -0.0209201 -0.00183027
 vertex 0.1 -0.0249049 -0.00217889
 endloop
endfacet
facet normal 0 0 0
 outer loop
 vertex 0.1 -0.020681 -0.00364661
 vertex 0.1 -0.0249049 -0.00217889
 vertex 0.1 -0.0246202 -0.0043412
 endloop
endfacet
facet normal 0 0 0
 outer loop
 vertex 0.228 -0.020681 -0.00364661
 vertex 0.228 -0.0246202 -0.0043412
 vertex 0.228 -0.0249049 -0.00217889
 endloop
endfacet
facet normal 0 0 0
 outer loop
 vertex 0.228 -0.020681 -0.00364661
 vertex 0.228 -0.0249049 -0.00217889
 vertex 0.228 -0.0209201 -0.00183027
 endloop
endfacet
facet normal 0 0 0
 outer loop
 vertex 0.1 -0.0209201 -0.00183027
 vertex 0.1 -0.021 2.50422e-10
 vertex 0.1 -0.025 2.98122e-10
 endloop
endfacet
facet normal 0 0 0
 outer loop
 vertex 0.1 -0.0209201 -0.00183027
 vertex 0.1 -0.025 2.98122e-10
 vertex 0.1 -0.0249049 -0.00217889
 endloop
endfacet
facet normal 0 0 0
 outer loop
 vertex 0.228 -0.0209201 -0.00183027
 vertex 0.228 -0.0249049 -0.00217889
 vertex 0.228 -0.025 2.98122e-10
 endloop
endfacet
facet normal 0 0 0
 outer loop
 vertex 0.228 -0.0209201 -0.00183027
 vertex 0.228 -0.025 2.98122e-10
 vertex 0.228 -0.021 2.50422e-10
 endloop
endfacet
facet normal 0 0 0
 outer loop
 vertex 0.1 -0.021 2.50422e-10
 vertex 0.1 -0.0209201 0.00183027
 vertex 0.1 -0.0249049 0.00217889
 endloop
endfacet
facet normal 0 0 0
 outer loop
 vertex 0.1 -0.021 2.50422e-10
 vertex 0.1 -0.0249049 0.00217889
 vertex 0.1 -0.025 2.98122e-10
 endloop
endfacet
facet normal 0 0 0
 outer loop
 vertex 0.228 -0.021 2.50422e-10
 vertex 0.228 -0.025 2.98122e-10
 vertex 0.228 -0.0249049 0.00217889
 endloop
endfacet
facet normal 0 0 0
 outer loop
 vertex 0.228 -0.021 2.50422e-10
 vertex 0.228 -0.0249049 0.00217889
 vertex 0.228 -0.0209201 0.00183027
 endloop
endfacet
facet normal 0 0 0
 outer loop
 vertex 0.1 -0.0209201 0.00183027
 vertex 0.1 -0.020681 0.00364661
 vertex 0.1 -0.0246202 0.0043412
 endloop
endfacet
facet normal 0 0 0
 outer loop
 vertex 0.1 -0.0209201 0.00183027
 vertex 0.1 -0.0246202 0.0043412
 vertex 0.1 -0.0249049 0.00217889
 endloop
endfacet
facet normal 0 0 0
 outer loop
 vertex 0.228 -0.0209201 0.00183027
 vertex 0.228 -0.0249049 0.00217889
 vertex 0.228 -0.0246202 0.0043412
 endloop
endfacet
facet normal 0 0 0
 outer loop
 vertex 0.228 -0.0209201 0.00183027
 vertex 0.228 -0.0246202 0.0043412
 vertex 0.228 -0.020681 0.00364661
 endloop
endfacet
facet normal 0 0 0
 outer loop
 vertex 0.1 -0.020681 0.00364661
 vertex 0.1 -0.0202844 0.0054352
 vertex 0.1 -0.0241481 0.00647048
 endloop
endfacet
facet normal 0 0 0
 outer loop
 vertex 0.1 -0.020681 0.00364661
 vertex 0.1 -0.0241481 0.00647048
 vertex 0.1 -0.0246202 0.0043412
 endloop
endfacet
facet normal 0 0 0
 outer loop
 vertex 0.228 -0.020681 0.00364661
 vertex 0.228 -0.0246202 0.0043412
 vertex 0.228 -0.0241481 0.00647048
 endloop
endfacet
facet normal 0 0 0
 outer loop
 vertex 0.228 -0.020681 0.00364661
 vertex 0.228 -0.0241481 0.00647048
 vertex 0.228 -0.0202844 0.0054352
 endloop
endfacet
facet normal 0 0 0
 outer loop
 vertex 0.1 -0.0202844 0.0054352
 vertex 0.1 -0.0197335 0.00718242
 vertex 0.1 -0.0234923 0.0085505
 endloop
endfacet
facet normal 0 0 0
 outer loop
 vertex 0.1 -0.0202844 0.0054352
 vertex 0.1 -0.0234923 0.0085505
 vertex 0.1 -0.0241481 0.00647048
 endloop
endfacet
facet normal 0 0 0
 outer loop
 vertex 0.228 -0.0202844 0.0054352
 vertex 0.228 -0.0241481 0.00647048
 vertex 0.228 -0.0234923 0.0085505
 endloop
endfacet
facet normal 0 0 0
 outer loop
 vertex 0.228 -0.0202844 0.0054352
 vertex 0.228 -0.0234923 0.0085505
 vertex 0.228 -0.0197335 0.00718242
 endloop
endfacet
facet normal 0 0 0
 outer loop
 vertex 0.1 -0.0197335 0.00718242
 vertex 0.1 -0.0190325 0.00887498
 vertex 0.1 -0.0226577 0.0105655
 endloop
endfacet
facet normal 0 0 0
 outer loop
 vertex 0.1 -0.0197335 0.00718242
 vertex 0.1 -0.0226577 0.0105655
 vertex 0.1 -0.0234923 0.0085505
 endloop
endfacet
facet normal 0 0 0
 outer loop
 vertex 0.228 -0.0197335 0.00718242
 vertex 0.228 -0.0234923 0.0085505
 vertex 0.228 -0.0226577 0.0105655
 endloop
endfacet
facet normal 0 0 0
 outer loop
 vertex 0.228 -0.0197335 0.00718242
 vertex 0.228 -0.0226577 0.0105655
 vertex 0.228 -0.0190325 0.00887498
 endloop
endfacet
facet normal 0 0 0
 outer loop
 vertex 0.1 -0.0190325 0.00887498
 vertex 0.1 -0.0181865 0.0105
 vertex 0.1 -0.0216506 0.0125
 endloop
endfacet
facet normal 0 0 0
 outer loop
 vertex 0.1 -0.0190325 0.00887498
 vertex 0.1 -0.0216506 0.0125
 vertex 0.1 -0.0226577 0.0105655
 endloop
endfacet
facet normal 0 0 0
 outer loop
 vertex 0.228 -0.0190325 0.00887498
 vertex 0.228 -0.0226577 0.0105655
 vertex 0.228 -0.0216506 0.0125
 endloop
endfacet
facet normal 0 0 0
 outer loop
 vertex 0.228 -0.0190325 0.00887498
 vertex 0.228 -0.0216506 0.0125
 vertex 0.228 -0.0181865 0.0105
 endloop
endfacet
facet normal 0 0 0
 outer loop
 vertex 0.1 -0.0181865 0.0105
 vertex 0.1 -0.0172022 0.0120451
 vertex 0.1 -0.0204788 0.0143394
 endloop
endfacet
facet normal 0 0 0
 outer loop
 vertex 0.1 -0.0181865 0.0105
 vertex 0.1 -0.0204788 0.0143394
 vertex 0.1 -0.0216506 0.0125
 endloop
endfacet
facet normal 0 0 0
 outer loop
 vertex 0.228 -0.0181865 0.0105
 vertex 0.228 -0.0216506 0.0125
 vertex 0.228 -0.0204788 0.0143394
 endloop
endfacet
facet normal 0 0 0
 outer loop
 vertex 0.228 -0.0181865 0.0105
 vertex 0.228 -0.0204788 0.0143394
 vertex 0.228 -0.0172022 0.0120451
 endloop
endfacet
facet normal 0 0 0
 outer loop
 vertex 0.1 -0.0172022 0.0120451
 vertex 0.1 -0.0160869 0.0134985
 vertex 0.1 -0.0191511 0.0160697
 endloop
endfacet
facet normal 0 0 0
 outer loop
 vertex 0.1 -0.0172022 0.0120451
 vertex 0.1 -0.0191511 0.0160697
 vertex 0.1 -0.0204788 0.0143394
 endloop
endfacet
facet normal 0 0 0
 outer loop
 vertex 0.228 -0.0172022 0.0120451
 vertex 0.228 -0.0204788 0.0143394
 vertex 0.228 -0.0191511 0.0160697
 endloop
endfacet
facet normal 0 0 0
 outer loop
 vertex 0.228 -0.0172022 0.0120451
 vertex 0.228 -0.0191511 0.0160697
 vertex 0.228 -0.0160869 0.0134985
 endloop
endfacet
facet normal 0 0 0
 outer loop
 vertex 0.1 -0.0160869 0.0134985
 vertex 0.1 -0.0148492 0.0148492
 vertex 0.1 -0.0176777 0.0176777
 endloop
endfacet
facet normal 0 0 0
 outer loop
 vertex 0.1 -0.0160869 0.0134985
 vertex 0.1 -0.0176777 0.0176777
 vertex 0.1 -0.0191511 0.0160697
 endloop
endfacet
facet normal 0 0 0
 outer loop
 vertex 0.228 -0.0160869 0.0134985
 vertex 0.228 -0.0191511 0.0160697
 vertex 0.228 -0.0176777 0.0176777
 endloop
endfacet
facet normal 0 0 0
 outer loop
 vertex 0.228 -0.0160869 0.0134985
 vertex 0.228 -0.0176777 0.0176777
 vertex 0.228 -0.0148492 0.0148492
 endloop
endfacet
facet normal 0 0 0
 outer loop
 vertex 0.1 -0.0148492 0.0148492
 vertex 0.1 -0.0134985 0.0160869
 vertex 0.1 -0.0160697 0.0191511
 endloop
endfacet
facet normal 0 0 0
 outer loop
 vertex 0.1 -0.0148492 0.0148492
 vertex 0.1 -0.0160697 0.0191511
 vertex 0.1 -0.0176777 0.0176777
 endloop
endfacet
facet normal 0 0 0
 outer loop
 vertex 0.228 -0.0148492 0.0148492
 vertex 0.228 -0.0176777 0.0176777
 vertex 0.228 -0.0160697 0.0191511
 endloop
endfacet
facet normal 0 0 0
 outer loop
 vertex 0.228 -0.0148492 0.0148492
 vertex 0.228 -0.0160697 0.0191511
 vertex 0.228 -0.0134985 0.0160869
 endloop
endfacet
facet normal 0 0 0
 outer loop
 vertex 0.1 -0.0134985 0.0160869
 vertex 0.1 -0.0120451 0.0172022
 vertex 0.1 -0.0143394 0.0204788
 endloop
endfacet
facet normal 0 0 0
 outer loop
 vertex 0.1 -0.0134985 0.0160869
 vertex 0.1 -0.0143394 0.0204788
 vertex 0.1 -0.0160697 0.0191511
 endloop
endfacet
facet normal 0 0 0
 outer loop
 vertex 0.228 -0.0134985 0.0160869
 vertex 0.228 -0.0160697 0.0191511
 vertex 0.228 -0.0143394 0.0204788
 endloop
endfacet
facet normal 0 0 0
 outer loop
 vertex 0.228 -0.0134985 0.0160869
 vertex 0.228 -0.0143394 0.0204788
 vertex 0.228 -0.0120451 0.0172022
 endloop
endfacet
facet normal 0 0 0
 outer loop
 vertex 0.1 -0.0120451 0.0172022
 vertex 0.1 -0.0105 0.0181865
 vertex 0.1 -0.0125 0.0216506
 endloop
endfacet
facet normal 0 0 0
 outer loop
 vertex 0.1 -0.0120451 0.0172022
 vertex 0.1 -0.0125 0.0216506
 vertex 0.1 -0.0143394 0.0204788
 endloop
endfacet
facet normal 0 0 0
 outer loop
 vertex 0.228 -0.0120451 0.0172022
 vertex 0.228 -0.0143394 0.0204788
 vertex 0.228 -0.0125 0.0216506
 endloop
endfacet
facet normal 0 0 0
 outer loop
 vertex 0.228 -0.0120451 0.0172022
 vertex 0.228 -0.0125 0.0216506
 vertex 0.228 -0.0105 0.0181865
 endloop
endfacet
facet normal 0 0 0
 outer loop
 vertex 0.1 -0.0105 0.0181865
 vertex 0.1 -0.00887499 0.0190325
 vertex 0.1 -0.0105655 0.0226577
 endloop
endfacet
facet normal 0 0 0
 outer loop
 vertex 0.1 -0.0105 0.0181865
 vertex 0.1 -0.0105655 0.0226577
 vertex 0.1 -0.0125 0.0216506
 endloop
endfacet
facet normal 0 0 0
 outer loop
 vertex 0.228 -0.0105 0.0181865
 vertex 0.228 -0.0125 0.0216506
 vertex 0.228 -0.0105655 0.0226577
 endloop
endfacet
facet normal 0 0 0
 outer loop
 vertex 0.228 -0.0105 0.0181865
 vertex 0.228 -0.0105655 0.0226577
 vertex 0.228 -0.00887499 0.0190325
 endloop
endfacet
facet normal 0 0 0
 outer loop
 vertex 0.1 -0.00887499 0.0190325
 vertex 0.1 -0.00718243 0.0197335
 vertex 0.1 -0.00855051 0.0234923
 endloop
endfacet
facet normal 0 0 0
 outer loop
 vertex 0.1 -0.00887499 0.0190325
 vertex 0.1 -0.00855051 0.0234923
 vertex 0.1 -0.0105655 0.0226577
 endloop
endfacet
facet normal 0 0 0
 outer loop
 vertex 0.228 -0.00887499 0.0190325
 vertex 0.228 -0.0105655 0.0226577
 vertex 0.228 -0.00855051 0.0234923
 endloop
endfacet
facet normal 0 0 0
 outer loop
 vertex 0.228 -0.00887499 0.0190325
 vertex 0.228 -0.00855051 0.0234923
 vertex 0.228 -0.00718243 0.0197335
 endloop
endfacet
facet normal 0 0 0
 outer loop
 vertex 0.1 -0.00718243 0.0197335
 vertex 0.1 -0.0054352 0.0202844
 vertex 0.1 -0.00647047 0.0241481
 endloop
endfacet
facet normal 0 0 0
 outer loop
 vertex 0.1 -0.00718243 0.0197335
 vertex 0.1 -0.00647047 0.0241481
 vertex 0.1 -0.00855051 0.0234923
 endloop
endfacet
facet normal 0 0 0
 outer loop
 vertex 0.228 -0.00718243 0.0197335
 vertex 0.228 -0.00855051 0.0234923
 vertex 0.228 -0.00647047 0.0241481
 endloop
endfacet
facet normal 0 0 0
 outer loop
 vertex 0.228 -0.00718243 0.0197335
 vertex 0.228 -0.00647047 0.0241481
 vertex 0.228 -0.0054352 0.0202844
 endloop
endfacet
facet normal 0 0 0
 outer loop
 vertex 0.1 -0.0054352 0.0202844
 vertex 0.1 -0.00364661 0.020681
 vertex 0.1 -0.0043412 0.0246202
 endloop
endfacet
facet normal 0 0 0
 outer loop
 vertex 0.1 -0.0054352 0.0202844
 vertex 0.1 -0.0043412 0.0246202
 vertex 0.1 -0.00647047 0.0241481
 endloop
endfacet
facet normal 0 0 0
 outer loop
 vertex 0.228 -0.0054352 0.0202844
 vertex 0.228 -0.00647047 0.0241481
 vertex 0.228 -0.0043412 0.0246202
 endloop
endfacet
facet normal 0 0 0
 outer loop
 vertex 0.228 -0.0054352 0.0202844
 vertex 0.228 -0.0043412 0.0246202
 vertex 0.228 -0.00364661 0.020681
 endloop
endfacet
facet normal 0 0 0
 outer loop
 vertex 0.1 -0.00364661 0.020681
 vertex 0.1 -0.00183027 0.0209201
 vertex 0.1 -0.00217889 0.0249049
 endloop
endfacet
facet normal 0 0 0
 outer loop
 vertex 0.1 -0.00364661 0.020681
 vertex 0.1 -0.00217889 0.0249049
 vertex 0.1 -0.0043412 0.0246202
 endloop
endfacet
facet normal 0 0 0
 outer loop
 vertex 0.228 -0.00364661 0.020681
 vertex 0.228 -0.0043412 0.0246202
 vertex 0.228 -0.00217889 0.0249049
 endloop
endfacet
facet normal 0 0 0
 outer loop
 vertex 0.228 -0.00364661 0.020681
 vertex 0.228 -0.00217889 0.0249049
 vertex 0.228 -0.00183027 0.0209201
 endloop
endfacet
facet normal 0 0 0
 outer loop
 vertex 0.1 -0.00183027 0.0209201
 vertex 0.1 3.67176e-09 0.021
 vertex 0.1 4.37114e-09 0.025
 endloop
endfacet
facet normal 0 0 0
 outer loop
 vertex 0.1 -0.00183027 0.0209201
 vertex 0.1 4.37114e-09 0.025
 vertex 0.1 -0.00217889 0.0249049
 endloop
endfacet
facet normal 0 0 0
 outer loop
 vertex 0.228 -0.00183027 0.0209201
 vertex 0.228 -0.00217889 0.0249049
 vertex 0.228 4.37114e-09 0.025
 endloop
endfacet
facet normal 0 0 0
 outer loop
 vertex 0.228 -0.00183027 0.0209201
 vertex 0.228 4.37114e-09 0.025
 vertex 0.228 3.67176e-09 0.021
 endloop
endfacet
endsolid stator
