solid magnet_assembly
facet normal 0 0 0
 outer loop
 vertex -0.03 0.000152714 0.0174993
 vertex -0.03 0.00235989 0.0173402
 vertex 0.09 0.00262959 0.0193219
 endloop
endfacet
facet normal 0 0 0
 outer loop
 vertex -0.03 0.000152714 0.0174993
 vertex 0.09 0.00262959 0.0193219
 vertex 0.09 0.000170167 0.0194993
 endloop
endfacet
facet normal 0 0 0
 outer loop
 vertex -0.03 0.000152714 0.0174993
 vertex 0.09 0.000152714 0.0174993
 vertex 0.09 0.00235989 0.0173402
 endloop
endfacet
facet normal 0 0 0
 outer loop
 vertex -0.03 0.000152714 0.0174993
 vertex 0.09 0.00235989 0.0173402
 vertex -0.03 0.00235989 0.0173402
 endloop
endfacet
facet normal 0 0 0
 outer loop
 vertex -0.03 0.00235989 0.0173402
 vertex -0.03 0.00452933 0.0169037
 vertex 0.09 0.00504697 0.0188356
 endloop
endfacet
facet normal 0 0 0
 outer loop
 vertex -0.03 0.00235989 0.0173402
 vertex 0.09 0.00504697 0.0188356
 vertex 0.09 0.00262959 0.0193219
 endloop
endfacet
facet normal 0 0 0
 outer loop
 vertex -0.03 0.00235989 0.0173402
 vertex 0.09 0.00235989 0.0173402
 vertex 0.09 0.00452933 0.0169037
 endloop
endfacet
facet normal 0 0 0
 outer loop
 vertex -0.03 0.00235989 0.0173402
 vertex 0.09 0.00452933 0.0169037
 vertex -0.03 0.00452933 0.0169037
 endloop
endfacet
facet normal 0 0 0
 outer loop
 vertex -0.03 0.00452933 0.0169037
 vertex -0.03 0.00662635 0.016197
 vertex 0.09 0.00738365 0.018048
 endloop
endfacet
facet normal 0 0 0
 outer loop
 vertex -0.03 0.00452933 0.0169037
 vertex 0.09 0.00738365 0.018048
 vertex 0.09 0.00504697 0.0188356
 endloop
endfacet
facet normal 0 0 0
 outer loop
 vertex -0.03 0.00452933 0.0169037
 vertex 0.09 0.00452933 0.0169037
 vertex 0.09 0.00662635 0.016197
 endloop
endfacet
facet normal 0 0 0
 outer loop
 vertex -0.03 0.00452933 0.0169037
 vertex 0.09 0.00662635 0.016197
 vertex -0.03 0.00662635 0.016197
 endloop
endfacet
facet normal 0 0 0
 outer loop
 vertex -0.03 0.00662635 0.016197
 vertex -0.03 0.00861741 0.0152312
 vertex 0.09 0.00960226 0.0169719
 endloop
endfacet
facet normal 0 0 0
 outer loop
 vertex -0.03 0.00662635 0.016197
 vertex 0.09 0.00960226 0.0169719
 vertex 0.09 0.00738365 0.018048
 endloop
endfacet
facet normal 0 0 0
 outer loop
 vertex -0.03 0.00662635 0.016197
 vertex 0.09 0.00662635 0.016197
 vertex 0.09 0.00861741 0.0152312
 endloop
endfacet
facet normal 0 0 0
 outer loop
 vertex -0.03 0.00662635 0.016197
 vertex 0.09 0.00861741 0.0152312
 vertex -0.03 0.00861741 0.0152312
 endloop
endfacet
facet normal 0 0 0
 outer loop
 vertex -0.03 0.000152714 0.0174993
 vertex 0.09 0.000152714 0.0174993
 vertex 0.09 0.000170167 0.0194993
 endloop
endfacet
facet normal 0 0 0
 outer loop
 vertex -0.03 0.000152714 0.0174993
 vertex 0.09 0.000170167 0.0194993
 vertex -0.03 0.000170167 0.0194993
 endloop
endfacet
facet normal 0 0 0
 outer loop
 vertex -0.03 0.00861741 0.0152312
 vertex 0.09 0.00960226 0.0169719
 vertex 0.09 0.00861741 0.0152312
 endloop
endfacet
facet normal 0 0 0
 outer loop
 vertex -0.03 0.00861741 0.0152312
 vertex -0.03 0.00960226 0.0169719
 vertex 0.09 0.00960226 0.0169719
 endloop
endfacet
facet normal 0 0 0
 outer loop
 vertex -0.03 0.00888192 0.0150785
 vertex -0.03 0.0107138 0.0138371
 vertex 0.09 0.0119382 0.0154184
 endloop
endfacet
facet normal 0 0 0
 outer loop
 vertex -0.03 0.00888192 0.0150785
 vertex 0.09 0.0119382 0.0154184
 vertex 0.09 0.009897 0.0168018
 endloop
endfacet
facet normal 0 0 0
 outer loop
 vertex -0.03 0.00888192 0.0150785
 vertex 0.09 0.00888192 0.0150785
 vertex 0.09 0.0107138 0.0138371
 endloop
endfacet
facet normal 0 0 0
 outer loop
 vertex -0.03 0.00888192 0.0150785
 vertex 0.09 0.0107138 0.0138371
 vertex -0.03 0.0107138 0.0138371
 endloop
endfacet
facet normal 0 0 0
 outer loop
 vertex -0.03 0.0107138 0.0138371
 vertex -0.03 0.0123744 0.0123744
 vertex 0.09 0.0137886 0.0137886
 endloop
endfacet
facet normal 0 0 0
 outer loop
 vertex -0.03 0.0107138 0.0138371
 vertex 0.09 0.0137886 0.0137886
 vertex 0.09 0.0119382 0.0154184
 endloop
endfacet
facet normal 0 0 0
 outer loop
 vertex -0.03 0.0107138 0.0138371
 vertex 0.09 0.0107138 0.0138371
 vertex 0.09 0.0123744 0.0123744
 endloop
endfacet
facet normal 0 0 0
 outer loop
 vertex -0.03 0.0107138 0.0138371
 vertex 0.09 0.0123744 0.0123744
 vertex -0.03 0.0123744 0.0123744
 endloop
endfacet
facet normal 0 0 0
 outer loop
 vertex -0.03 0.0123744 0.0123744
 vertex -0.03 0.0138371 0.0107138
 vertex 0.09 0.0154184 0.0119382
 endloop
endfacet
facet normal 0 0 0
 outer loop
 vertex -0.03 0.0123744 0.0123744
 vertex 0.09 0.0154184 0.0119382
 vertex 0.09 0.0137886 0.0137886
 endloop
endfacet
facet normal 0 0 0
 outer loop
 vertex -0.03 0.0123744 0.0123744
 vertex 0.09 0.0123744 0.0123744
 vertex 0.09 0.0138371 0.0107138
 endloop
endfacet
facet normal 0 0 0
 outer loop
 vertex -0.03 0.0123744 0.0123744
 vertex 0.09 0.0138371 0.0107138
 vertex -0.03 0.0138371 0.0107138
 endloop
endfacet
facet normal 0 0 0
 outer loop
 vertex -0.03 0.0138371 0.0107138
 vertex -0.03 0.0150785 0.00888192
 vertex 0.09 0.0168018 0.009897
 endloop
endfacet
facet normal 0 0 0
 outer loop
 vertex -0.03 0.0138371 0.0107138
 vertex 0.09 0.0168018 0.009897
 vertex 0.09 0.0154184 0.0119382
 endloop
endfacet
facet normal 0 0 0
 outer loop
 vertex -0.03 0.0138371 0.0107138
 vertex 0.09 0.0138371 0.0107138
 vertex 0.09 0.0150785 0.00888192
 endloop
endfacet
facet normal 0 0 0
 outer loop
 vertex -0.03 0.0138371 0.0107138
 vertex 0.09 0.0150785 0.00888192
 vertex -0.03 0.0150785 0.00888192
 endloop
endfacet
facet normal 0 0 0
 outer loop
 vertex -0.03 0.00888192 0.0150785
 vertex 0.09 0.00888192 0.0150785
 vertex 0.09 0.009897 0.0168018
 endloop
endfacet
facet normal 0 0 0
 outer loop
 vertex -0.03 0.00888192 0.0150785
 vertex 0.09 0.009897 0.0168018
 vertex -0.03 0.009897 0.0168018
 endloop
endfacet
facet normal 0 0 0
 outer loop
 vertex -0.03 0.0150785 0.00888192
 vertex 0.09 0.0168018 0.009897
 vertex 0.09 0.0150785 0.00888192
 endloop
endfacet
facet normal 0 0 0
 outer loop
 vertex -0.03 0.0150785 0.00888192
 vertex -0.03 0.0168018 0.009897
 vertex 0.09 0.0168018 0.009897
 endloop
endfacet
facet normal 0 0 0
 outer loop
 vertex -0.03 0.0152312 0.00861741
 vertex -0.03 0.016197 0.00662635
 vertex 0.09 0.018048 0.00738365
 endloop
endfacet
facet normal 0 0 0
 outer loop
 vertex -0.03 0.0152312 0.00861741
 vertex 0.09 0.018048 0.00738365
 vertex 0.09 0.0169719 0.00960226
 endloop
endfacet
facet normal 0 0 0
 outer loop
 vertex -0.03 0.0152312 0.00861741
 vertex 0.09 0.0152312 0.00861741
 vertex 0.09 0.016197 0.00662635
 endloop
endfacet
facet normal 0 0 0
 outer loop
 vertex -0.03 0.0152312 0.00861741
 vertex 0.09 0.016197 0.00662635
 vertex -0.03 0.016197 0.00662635
 endloop
endfacet
facet normal 0 0 0
 outer loop
 vertex -0.03 0.016197 0.00662635
 vertex -0.03 0.0169037 0.00452933
 vertex 0.09 0.0188356 0.00504697
 endloop
endfacet
facet normal 0 0 0
 outer loop
 vertex -0.03 0.016197 0.00662635
 vertex 0.09 0.0188356 0.00504697
 vertex 0.09 0.018048 0.00738365
 endloop
endfacet
facet normal 0 0 0
 outer loop
 vertex -0.03 0.016197 0.00662635
 vertex 0.09 0.016197 0.00662635
 vertex 0.09 0.0169037 0.00452933
 endloop
endfacet
facet normal 0 0 0
 outer loop
 vertex -0.03 0.016197 0.00662635
 vertex 0.09 0.0169037 0.00452933
 vertex -0.03 0.0169037 0.00452933
 endloop
endfacet
facet normal 0 0 0
 outer loop
 vertex -0.03 0.0169037 0.00452933
 vertex -0.03 0.0173402 0.00235989
 vertex 0.09 0.0193219 0.00262959
 endloop
endfacet
facet normal 0 0 0
 outer loop
 vertex -0.03 0.0169037 0.00452933
 vertex 0.09 0.0193219 0.00262959
 vertex 0.09 0.0188356 0.00504697
 endloop
endfacet
facet normal 0 0 0
 outer loop
 vertex -0.03 0.0169037 0.00452933
 vertex 0.09 0.0169037 0.00452933
 vertex 0.09 0.0173402 0.00235989
 endloop
endfacet
facet normal 0 0 0
 outer loop
 vertex -0.03 0.0169037 0.00452933
 vertex 0.09 0.0173402 0.00235989
 vertex -0.03 0.0173402 0.00235989
 endloop
endfacet
facet normal 0 0 0
 outer loop
 vertex -0.03 0.0173402 0.00235989
 vertex -0.03 0.0174993 0.000152715
 vertex 0.09 0.0194993 0.000170168
 endloop
endfacet
facet normal 0 0 0
 outer loop
 vertex -0.03 0.0173402 0.00235989
 vertex 0.09 0.0194993 0.000170168
 vertex 0.09 0.0193219 0.00262959
 endloop
endfacet
facet normal 0 0 0
 outer loop
 vertex -0.03 0.0173402 0.00235989
 vertex 0.09 0.0173402 0.00235989
 vertex 0.09 0.0174993 0.000152715
 endloop
endfacet
facet normal 0 0 0
 outer loop
 vertex -0.03 0.0173402 0.00235989
 vertex 0.09 0.0174993 0.000152715
 vertex -0.03 0.0174993 0.000152715
 endloop
endfacet
facet normal 0 0 0
 outer loop
 vertex -0.03 0.0152312 0.00861741
 vertex 0.09 0.0152312 0.00861741
 vertex 0.09 0.0169719 0.00960226
 endloop
endfacet
facet normal 0 0 0
 outer loop
 vertex -0.03 0.0152312 0.00861741
 vertex 0.09 0.0169719 0.00960226
 vertex -0.03 0.0169719 0.00960226
 endloop
endfacet
facet normal 0 0 0
 outer loop
 vertex -0.03 0.0174993 0.000152715
 vertex 0.09 0.0194993 0.000170168
 vertex 0.09 0.0174993 0.000152715
 endloop
endfacet
facet normal 0 0 0
 outer loop
 vertex -0.03 0.0174993 0.000152715
 vertex -0.03 0.0194993 0.000170168
 vertex 0.09 0.0194993 0.000170168
 endloop
endfacet
facet normal 0 0 0
 outer loop
 vertex -0.03 0.0174993 -0.000152714
 vertex -0.03 0.0173402 -0.00235989
 vertex 0.09 0.0193219 -0.00262959
 endloop
endfacet
facet normal 0 0 0
 outer loop
 vertex -0.03 0.0174993 -0.000152714
 vertex 0.09 0.0193219 -0.00262959
 vertex 0.09 0.0194993 -0.000170167
 endloop
endfacet
facet normal 0 0 0
 outer loop
 vertex -0.03 0.0174993 -0.000152714
 vertex 0.09 0.0174993 -0.000152714
 vertex 0.09 0.0173402 -0.00235989
 endloop
endfacet
facet normal 0 0 0
 outer loop
 vertex -0.03 0.0174993 -0.000152714
 vertex 0.09 0.0173402 -0.00235989
 vertex -0.03 0.0173402 -0.00235989
 endloop
endfacet
facet normal 0 0 0
 outer loop
 vertex -0.03 0.0173402 -0.00235989
 vertex -0.03 0.0169037 -0.00452933
 vertex 0.09 0.0188356 -0.00504697
 endloop
endfacet
facet normal 0 0 0
 outer loop
 vertex -0.03 0.0173402 -0.00235989
 vertex 0.09 0.0188356 -0.00504697
 vertex 0.09 0.0193219 -0.00262959
 endloop
endfacet
facet normal 0 0 0
 outer loop
 vertex -0.03 0.0173402 -0.00235989
 vertex 0.09 0.0173402 -0.00235989
 vertex 0.09 0.0169037 -0.00452933
 endloop
endfacet
facet normal 0 0 0
 outer loop
 vertex -0.03 0.0173402 -0.00235989
 vertex 0.09 0.0169037 -0.00452933
 vertex -0.03 0.0169037 -0.00452933
 endloop
endfacet
facet normal 0 0 0
 outer loop
 vertex -0.03 0.0169037 -0.00452933
 vertex -0.03 0.016197 -0.00662635
 vertex 0.09 0.018048 -0.00738365
 endloop
endfacet
facet normal 0 0 0
 outer loop
 vertex -0.03 0.0169037 -0.00452933
 vertex 0.09 0.018048 -0.00738365
 vertex 0.09 0.0188356 -0.00504697
 endloop
endfacet
facet normal 0 0 0
 outer loop
 vertex -0.03 0.0169037 -0.00452933
 vertex 0.09 0.0169037 -0.00452933
 vertex 0.09 0.016197 -0.00662635
 endloop
endfacet
facet normal 0 0 0
 outer loop
 vertex -0.03 0.0169037 -0.00452933
 vertex 0.09 0.016197 -0.00662635
 vertex -0.03 0.016197 -0.00662635
 endloop
endfacet
facet normal 0 0 0
 outer loop
 vertex -0.03 0.016197 -0.00662635
 vertex -0.03 0.0152312 -0.00861741
 vertex 0.09 0.0169719 -0.00960226
 endloop
endfacet
facet normal 0 0 0
 outer loop
 vertex -0.03 0.016197 -0.00662635
 vertex 0.09 0.0169719 -0.00960226
 vertex 0.09 0.018048 -0.00738365
 endloop
endfacet
facet normal 0 0 0
 outer loop
 vertex -0.03 0.016197 -0.00662635
 vertex 0.09 0.016197 -0.00662635
 vertex 0.09 0.0152312 -0.00861741
 endloop
endfacet
facet normal 0 0 0
 outer loop
 vertex -0.03 0.016197 -0.00662635
 vertex 0.09 0.0152312 -0.00861741
 vertex -0.03 0.0152312 -0.00861741
 endloop
endfacet
facet normal 0 0 0
 outer loop
 vertex -0.03 0.0174993 -0.000152714
 vertex 0.09 0.0174993 -0.000152714
 vertex 0.09 0.0194993 -0.000170167
 endloop
endfacet
facet normal 0 0 0
 outer loop
 vertex -0.03 0.0174993 -0.000152714
 vertex 0.09 0.0194993 -0.000170167
 vertex -0.03 0.0194993 -0.000170167
 endloop
endfacet
facet normal 0 0 0
 outer loop
 vertex -0.03 0.0152312 -0.00861741
 vertex 0.09 0.0169719 -0.00960226
 vertex 0.09 0.0152312 -0.00861741
 endloop
endfacet
facet normal 0 0 0
 outer loop
 vertex -0.03 0.0152312 -0.00861741
 vertex -0.03 0.0169719 -0.00960226
 vertex 0.09 0.0169719 -0.00960226
 endloop
endfacet
facet normal 0 0 0
 outer loop
 vertex -0.03 0.0150785 -0.00888192
 vertex -0.03 0.0138371 -0.0107138
 vertex 0.09 0.0154184 -0.0119382
 endloop
endfacet
facet normal 0 0 0
 outer loop
 vertex -0.03 0.0150785 -0.00888192
 vertex 0.09 0.0154184 -0.0119382
 vertex 0.09 0.0168018 -0.009897
 endloop
endfacet
facet normal 0 0 0
 outer loop
 vertex -0.03 0.0150785 -0.00888192
 vertex 0.09 0.0150785 -0.00888192
 vertex 0.09 0.0138371 -0.0107138
 endloop
endfacet
facet normal 0 0 0
 outer loop
 vertex -0.03 0.0150785 -0.00888192
 vertex 0.09 0.0138371 -0.0107138
 vertex -0.03 0.0138371 -0.0107138
 endloop
endfacet
facet normal 0 0 0
 outer loop
 vertex -0.03 0.0138371 -0.0107138
 vertex -0.03 0.0123744 -0.0123744
 vertex 0.09 0.0137886 -0.0137886
 endloop
endfacet
facet normal 0 0 0
 outer loop
 vertex -0.03 0.0138371 -0.0107138
 vertex 0.09 0.0137886 -0.0137886
 vertex 0.09 0.0154184 -0.0119382
 endloop
endfacet
facet normal 0 0 0
 outer loop
 vertex -0.03 0.0138371 -0.0107138
 vertex 0.09 0.0138371 -0.0107138
 vertex 0.09 0.0123744 -0.0123744
 endloop
endfacet
facet normal 0 0 0
 outer loop
 vertex -0.03 0.0138371 -0.0107138
 vertex 0.09 0.0123744 -0.0123744
 vertex -0.03 0.0123744 -0.0123744
 endloop
endfacet
facet normal 0 0 0
 outer loop
 vertex -0.03 0.0123744 -0.0123744
 vertex -0.03 0.0107138 -0.0138371
 vertex 0.09 0.0119382 -0.0154184
 endloop
endfacet
facet normal 0 0 0
 outer loop
 vertex -0.03 0.0123744 -0.0123744
 vertex 0.09 0.0119382 -0.0154184
 vertex 0.09 0.0137886 -0.0137886
 endloop
endfacet
facet normal 0 0 0
 outer loop
 vertex -0.03 0.0123744 -0.0123744
 vertex 0.09 0.0123744 -0.0123744
 vertex 0.09 0.0107138 -0.0138371
 endloop
endfacet
facet normal 0 0 0
 outer loop
 vertex -0.03 0.0123744 -0.0123744
 vertex 0.09 0.0107138 -0.0138371
 vertex -0.03 0.0107138 -0.0138371
 endloop
endfacet
facet normal 0 0 0
 outer loop
 vertex -0.03 0.0107138 -0.0138371
 vertex -0.03 0.00888192 -0.0150785
 vertex 0.09 0.009897 -0.0168018
 endloop
endfacet
facet normal 0 0 0
 outer loop
 vertex -0.03 0.0107138 -0.0138371
 vertex 0.09 0.009897 -0.0168018
 vertex 0.09 0.0119382 -0.0154184
 endloop
endfacet
facet normal 0 0 0
 outer loop
 vertex -0.03 0.0107138 -0.0138371
 vertex 0.09 0.0107138 -0.0138371
 vertex 0.09 0.00888192 -0.0150785
 endloop
endfacet
facet normal 0 0 0
 outer loop
 vertex -0.03 0.0107138 -0.0138371
 vertex 0.09 0.00888192 -0.0150785
 vertex -0.03 0.00888192 -0.0150785
 endloop
endfacet
facet normal 0 0 0
 outer loop
 vertex -0.03 0.0150785 -0.00888192
 vertex 0.09 0.0150785 -0.00888192
 vertex 0.09 0.0168018 -0.009897
 endloop
endfacet
facet normal 0 0 0
 outer loop
 vertex -0.03 0.0150785 -0.00888192
 vertex 0.09 0.0168018 -0.009897
 vertex -0.03 0.0168018 -0.009897
 endloop
endfacet
facet normal 0 0 0
 outer loop
 vertex -0.03 0.00888192 -0.0150785
 vertex 0.09 0.009897 -0.0168018
 vertex 0.09 0.00888192 -0.0150785
 endloop
endfacet
facet normal 0 0 0
 outer loop
 vertex -0.03 0.00888192 -0.0150785
 vertex -0.03 0.009897 -0.0168018
 vertex 0.09 0.009897 -0.0168018
 endloop
endfacet
facet normal 0 0 0
 outer loop
 vertex -0.03 0.00861741 -0.0152312
 vertex -0.03 0.00662635 -0.016197
 vertex 0.09 0.00738365 -0.018048
 endloop
endfacet
facet normal 0 0 0
 outer loop
 vertex -0.03 0.00861741 -0.0152312
 vertex 0.09 0.00738365 -0.018048
 vertex 0.09 0.00960226 -0.0169719
 endloop
endfacet
facet normal 0 0 0
 outer loop
 vertex -0.03 0.00861741 -0.0152312
 vertex 0.09 0.00861741 -0.0152312
 vertex 0.09 0.00662635 -0.016197
 endloop
endfacet
facet normal 0 0 0
 outer loop
 vertex -0.03 0.00861741 -0.0152312
 vertex 0.09 0.00662635 -0.016197
 vertex -0.03 0.00662635 -0.016197
 endloop
endfacet
facet normal 0 0 0
 outer loop
 vertex -0.03 0.00662635 -0.016197
 vertex -0.03 0.00452934 -0.0169037
 vertex 0.09 0.00504697 -0.0188356
 endloop
endfacet
facet normal 0 0 0
 outer loop
 vertex -0.03 0.00662635 -0.016197
 vertex 0.09 0.00504697 -0.0188356
 vertex 0.09 0.00738365 -0.018048
 endloop
endfacet
facet normal 0 0 0
 outer loop
 vertex -0.03 0.00662635 -0.016197
 vertex 0.09 0.00662635 -0.016197
 vertex 0.09 0.00452934 -0.0169037
 endloop
endfacet
facet normal 0 0 0
 outer loop
 vertex -0.03 0.00662635 -0.016197
 vertex 0.09 0.00452934 -0.0169037
 vertex -0.03 0.00452934 -0.0169037
 endloop
endfacet
facet normal 0 0 0
 outer loop
 vertex -0.03 0.00452934 -0.0169037
 vertex -0.03 0.00235989 -0.0173402
 vertex 0.09 0.0026296 -0.0193219
 endloop
endfacet
facet normal 0 0 0
 outer loop
 vertex -0.03 0.00452934 -0.0169037
 vertex 0.09 0.0026296 -0.0193219
 vertex 0.09 0.00504697 -0.0188356
 endloop
endfacet
facet normal 0 0 0
 outer loop
 vertex -0.03 0.00452934 -0.0169037
 vertex 0.09 0.00452934 -0.0169037
 vertex 0.09 0.00235989 -0.0173402
 endloop
endfacet
facet normal 0 0 0
 outer loop
 vertex -0.03 0.00452934 -0.0169037
 vertex 0.09 0.00235989 -0.0173402
 vertex -0.03 0.00235989 -0.0173402
 endloop
endfacet
facet normal 0 0 0
 outer loop
 vertex -0.03 0.00235989 -0.0173402
 vertex -0.03 0.000152716 -0.0174993
 vertex 0.09 0.000170169 -0.0194993
 endloop
endfacet
facet normal 0 0 0
 outer loop
 vertex -0.03 0.00235989 -0.0173402
 vertex 0.09 0.000170169 -0.0194993
 vertex 0.09 0.0026296 -0.0193219
 endloop
endfacet
facet normal 0 0 0
 outer loop
 vertex -0.03 0.00235989 -0.0173402
 vertex 0.09 0.00235989 -0.0173402
 vertex 0.09 0.000152716 -0.0174993
 endloop
endfacet
facet normal 0 0 0
 outer loop
 vertex -0.03 0.00235989 -0.0173402
 vertex 0.09 0.000152716 -0.0174993
 vertex -0.03 0.000152716 -0.0174993
 endloop
endfacet
facet normal 0 0 0
 outer loop
 vertex -0.03 0.00861741 -0.0152312
 vertex 0.09 0.00861741 -0.0152312
 vertex 0.09 0.00960226 -0.0169719
 endloop
endfacet
facet normal 0 0 0
 outer loop
 vertex -0.03 0.00861741 -0.0152312
 vertex 0.09 0.00960226 -0.0169719
 vertex -0.03 0.00960226 -0.0169719
 endloop
endfacet
facet normal 0 0 0
 outer loop
 vertex -0.03 0.000152716 -0.0174993
 vertex 0.09 0.000170169 -0.0194993
 vertex 0.09 0.000152716 -0.0174993
 endloop
endfacet
facet normal 0 0 0
 outer loop
 vertex -0.03 0.000152716 -0.0174993
 vertex -0.03 0.000170169 -0.0194993
 vertex 0.09 0.000170169 -0.0194993
 endloop
endfacet
facet normal 0 0 0
 outer loop
 vertex -0.03 -0.000152715 -0.0174993
 vertex -0.03 -0.00235989 -0.0173402
 vertex 0.09 -0.00262959 -0.0193219
 endloop
endfacet
facet normal 0 0 0
 outer loop
 vertex -0.03 -0.000152715 -0.0174993
 vertex 0.09 -0.00262959 -0.0193219
 vertex 0.09 -0.000170168 -0.0194993
 endloop
endfacet
facet normal 0 0 0
 outer loop
 vertex -0.03 -0.000152715 -0.0174993
 vertex 0.09 -0.000152715 -0.0174993
 vertex 0.09 -0.00235989 -0.0173402
 endloop
endfacet
facet normal 0 0 0
 outer loop
 vertex -0.03 -0.000152715 -0.0174993
 vertex 0.09 -0.00235989 -0.0173402
 vertex -0.03 -0.00235989 -0.0173402
 endloop
endfacet
facet normal 0 0 0
 outer loop
 vertex -0.03 -0.00235989 -0.0173402
 vertex -0.03 -0.00452933 -0.0169037
 vertex 0.09 -0.00504697 -0.0188356
 endloop
endfacet
facet normal 0 0 0
 outer loop
 vertex -0.03 -0.00235989 -0.0173402
 vertex 0.09 -0.00504697 -0.0188356
 vertex 0.09 -0.00262959 -0.0193219
 endloop
endfacet
facet normal 0 0 0
 outer loop
 vertex -0.03 -0.00235989 -0.0173402
 vertex 0.09 -0.00235989 -0.0173402
 vertex 0.09 -0.00452933 -0.0169037
 endloop
endfacet
facet normal 0 0 0
 outer loop
 vertex -0.03 -0.00235989 -0.0173402
 vertex 0.09 -0.00452933 -0.0169037
 vertex -0.03 -0.00452933 -0.0169037
 endloop
endfacet
facet normal 0 0 0
 outer loop
 vertex -0.03 -0.00452933 -0.0169037
 vertex -0.03 -0.00662635 -0.016197
 vertex 0.09 -0.00738365 -0.018048
 endloop
endfacet
facet normal 0 0 0
 outer loop
 vertex -0.03 -0.00452933 -0.0169037
 vertex 0.09 -0.00738365 -0.018048
 vertex 0.09 -0.00504697 -0.0188356
 endloop
endfacet
facet normal 0 0 0
 outer loop
 vertex -0.03 -0.00452933 -0.0169037
 vertex 0.09 -0.00452933 -0.0169037
 vertex 0.09 -0.00662635 -0.016197
 endloop
endfacet
facet normal 0 0 0
 outer loop
 vertex -0.03 -0.00452933 -0.0169037
 vertex 0.09 -0.00662635 -0.016197
 vertex -0.03 -0.00662635 -0.016197
 endloop
endfacet
facet normal 0 0 0
 outer loop
 vertex -0.03 -0.00662635 -0.016197
 vertex -0.03 -0.00861741 -0.0152312
 vertex 0.09 -0.00960226 -0.0169719
 endloop
endfacet
facet normal 0 0 0
 outer loop
 vertex -0.03 -0.00662635 -0.016197
 vertex 0.09 -0.00960226 -0.0169719
 vertex 0.09 -0.00738365 -0.018048
 endloop
endfacet
facet normal 0 0 0
 outer loop
 vertex -0.03 -0.00662635 -0.016197
 vertex 0.09 -0.00662635 -0.016197
 vertex 0.09 -0.00861741 -0.0152312
 endloop
endfacet
facet normal 0 0 0
 outer loop
 vertex -0.03 -0.00662635 -0.016197
 vertex 0.09 -0.00861741 -0.0152312
 vertex -0.03 -0.00861741 -0.0152312
 endloop
endfacet
facet normal 0 0 0
 outer loop
 vertex -0.03 -0.000152715 -0.0174993
 vertex 0.09 -0.000152715 -0.0174993
 vertex 0.09 -0.000170168 -0.0194993
 endloop
endfacet
facet normal 0 0 0
 outer loop
 vertex -0.03 -0.000152715 -0.0174993
 vertex 0.09 -0.000170168 -0.0194993
 vertex -0.03 -0.000170168 -0.0194993
 endloop
endfacet
facet normal 0 0 0
 outer loop
 vertex -0.03 -0.00861741 -0.0152312
 vertex 0.09 -0.00960226 -0.0169719
 vertex 0.09 -0.00861741 -0.0152312
 endloop
endfacet
facet normal 0 0 0
 outer loop
 vertex -0.03 -0.00861741 -0.0152312
 vertex -0.03 -0.00960226 -0.0169719
 vertex 0.09 -0.00960226 -0.0169719
 endloop
endfacet
facet normal 0 0 0
 outer loop
 vertex -0.03 -0.00888192 -0.0150785
 vertex -0.03 -0.0107138 -0.0138371
 vertex 0.09 -0.0119382 -0.0154184
 endloop
endfacet
facet normal 0 0 0
 outer loop
 vertex -0.03 -0.00888192 -0.0150785
 vertex 0.09 -0.0119382 -0.0154184
 vertex 0.09 -0.009897 -0.0168018
 endloop
endfacet
facet normal 0 0 0
 outer loop
 vertex -0.03 -0.00888192 -0.0150785
 vertex 0.09 -0.00888192 -0.0150785
 vertex 0.09 -0.0107138 -0.0138371
 endloop
endfacet
facet normal 0 0 0
 outer loop
 vertex -0.03 -0.00888192 -0.0150785
 vertex 0.09 -0.0107138 -0.0138371
 vertex -0.03 -0.0107138 -0.0138371
 endloop
endfacet
facet normal 0 0 0
 outer loop
 vertex -0.03 -0.0107138 -0.0138371
 vertex -0.03 -0.0123744 -0.0123744
 vertex 0.09 -0.0137886 -0.0137886
 endloop
endfacet
facet normal 0 0 0
 outer loop
 vertex -0.03 -0.0107138 -0.0138371
 vertex 0.09 -0.0137886 -0.0137886
 vertex 0.09 -0.0119382 -0.0154184
 endloop
endfacet
facet normal 0 0 0
 outer loop
 vertex -0.03 -0.0107138 -0.0138371
 vertex 0.09 -0.0107138 -0.0138371
 vertex 0.09 -0.0123744 -0.0123744
 endloop
endfacet
facet normal 0 0 0
 outer loop
 vertex -0.03 -0.0107138 -0.0138371
 vertex 0.09 -0.0123744 -0.0123744
 vertex -0.03 -0.0123744 -0.0123744
 endloop
endfacet
facet normal 0 0 0
 outer loop
 vertex -0.03 -0.0123744 -0.0123744
 vertex -0.03 -0.0138371 -0.0107138
 vertex 0.09 -0.0154184 -0.0119382
 endloop
endfacet
facet normal 0 0 0
 outer loop
 vertex -0.03 -0.0123744 -0.0123744
 vertex 0.09 -0.0154184 -0.0119382
 vertex 0.09 -0.0137886 -0.0137886
 endloop
endfacet
facet normal 0 0 0
 outer loop
 vertex -0.03 -0.0123744 -0.0123744
 vertex 0.09 -0.0123744 -0.0123744
 vertex 0.09 -0.0138371 -0.0107138
 endloop
endfacet
facet normal 0 0 0
 outer loop
 vertex -0.03 -0.0123744 -0.0123744
 vertex 0.09 -0.0138371 -0.0107138
 vertex -0.03 -0.0138371 -0.0107138
 endloop
endfacet
facet normal 0 0 0
 outer loop
 vertex -0.03 -0.0138371 -0.0107138
 vertex -0.03 -0.0150785 -0.00888193
 vertex 0.09 -0.0168018 -0.009897
 endloop
endfacet
facet normal 0 0 0
 outer loop
 vertex -0.03 -0.0138371 -0.0107138
 vertex 0.09 -0.0168018 -0.009897
 vertex 0.09 -0.0154184 -0.0119382
 endloop
endfacet
facet normal 0 0 0
 outer loop
 vertex -0.03 -0.0138371 -0.0107138
 vertex 0.09 -0.0138371 -0.0107138
 vertex 0.09 -0.0150785 -0.00888193
 endloop
endfacet
facet normal 0 0 0
 outer loop
 vertex -0.03 -0.0138371 -0.0107138
 vertex 0.09 -0.0150785 -0.00888193
 vertex -0.03 -0.0150785 -0.00888193
 endloop
endfacet
facet normal 0 0 0
 outer loop
 vertex -0.03 -0.00888192 -0.0150785
 vertex 0.09 -0.00888192 -0.0150785
 vertex 0.09 -0.009897 -0.0168018
 endloop
endfacet
facet normal 0 0 0
 outer loop
 vertex -0.03 -0.00888192 -0.0150785
 vertex 0.09 -0.009897 -0.0168018
 vertex -0.03 -0.009897 -0.0168018
 endloop
endfacet
facet normal 0 0 0
 outer loop
 vertex -0.03 -0.0150785 -0.00888193
 vertex 0.09 -0.0168018 -0.009897
 vertex 0.09 -0.0150785 -0.00888193
 endloop
endfacet
facet normal 0 0 0
 outer loop
 vertex -0.03 -0.0150785 -0.00888193
 vertex -0.03 -0.0168018 -0.009897
 vertex 0.09 -0.0168018 -0.009897
 endloop
endfacet
facet normal 0 0 0
 outer loop
 vertex -0.03 -0.0152312 -0.00861741
 vertex -0.03 -0.016197 -0.00662635
 vertex 0.09 -0.018048 -0.00738365
 endloop
endfacet
facet normal 0 0 0
 outer loop
 vertex -0.03 -0.0152312 -0.00861741
 vertex 0.09 -0.018048 -0.00738365
 vertex 0.09 -0.0169719 -0.00960226
 endloop
endfacet
facet normal 0 0 0
 outer loop
 vertex -0.03 -0.0152312 -0.00861741
 vertex 0.09 -0.0152312 -0.00861741
 vertex 0.09 -0.016197 -0.00662635
 endloop
endfacet
facet normal 0 0 0
 outer loop
 vertex -0.03 -0.0152312 -0.00861741
 vertex 0.09 -0.016197 -0.00662635
 vertex -0.03 -0.016197 -0.00662635
 endloop
endfacet
facet normal 0 0 0
 outer loop
 vertex -0.03 -0.016197 -0.00662635
 vertex -0.03 -0.0169037 -0.00452933
 vertex 0.09 -0.0188356 -0.00504697
 endloop
endfacet
facet normal 0 0 0
 outer loop
 vertex -0.03 -0.016197 -0.00662635
 vertex 0.09 -0.0188356 -0.00504697
 vertex 0.09 -0.018048 -0.00738365
 endloop
endfacet
facet normal 0 0 0
 outer loop
 vertex -0.03 -0.016197 -0.00662635
 vertex 0.09 -0.016197 -0.00662635
 vertex 0.09 -0.0169037 -0.00452933
 endloop
endfacet
facet normal 0 0 0
 outer loop
 vertex -0.03 -0.016197 -0.00662635
 vertex 0.09 -0.0169037 -0.00452933
 vertex -0.03 -0.0169037 -0.00452933
 endloop
endfacet
facet normal 0 0 0
 outer loop
 vertex -0.03 -0.0169037 -0.00452933
 vertex -0.03 -0.0173402 -0.00235989
 vertex 0.09 -0.0193219 -0.00262959
 endloop
endfacet
facet normal 0 0 0
 outer loop
 vertex -0.03 -0.0169037 -0.00452933
 vertex 0.09 -0.0193219 -0.00262959
 vertex 0.09 -0.0188356 -0.00504697
 endloop
endfacet
facet normal 0 0 0
 outer loop
 vertex -0.03 -0.0169037 -0.00452933
 vertex 0.09 -0.0169037 -0.00452933
 vertex 0.09 -0.0173402 -0.00235989
 endloop
endfacet
facet normal 0 0 0
 outer loop
 vertex -0.03 -0.0169037 -0.00452933
 vertex 0.09 -0.0173402 -0.00235989
 vertex -0.03 -0.0173402 -0.00235989
 endloop
endfacet
facet normal 0 0 0
 outer loop
 vertex -0.03 -0.0173402 -0.00235989
 vertex -0.03 -0.0174993 -0.000152713
 vertex 0.09 -0.0194993 -0.000170166
 endloop
endfacet
facet normal 0 0 0
 outer loop
 vertex -0.03 -0.0173402 -0.00235989
 vertex 0.09 -0.0194993 -0.000170166
 vertex 0.09 -0.0193219 -0.00262959
 endloop
endfacet
facet normal 0 0 0
 outer loop
 vertex -0.03 -0.0173402 -0.00235989
 vertex 0.09 -0.0173402 -0.00235989
 vertex 0.09 -0.0174993 -0.000152713
 endloop
endfacet
facet normal 0 0 0
 outer loop
 vertex -0.03 -0.0173402 -0.00235989
 vertex 0.09 -0.0174993 -0.000152713
 vertex -0.03 -0.0174993 -0.000152713
 endloop
endfacet
facet normal 0 0 0
 outer loop
 vertex -0.03 -0.0152312 -0.00861741
 vertex 0.09 -0.0152312 -0.00861741
 vertex 0.09 -0.0169719 -0.00960226
 endloop
endfacet
facet normal 0 0 0
 outer loop
 vertex -0.03 -0.0152312 -0.00861741
 vertex 0.09 -0.0169719 -0.00960226
 vertex -0.03 -0.0169719 -0.00960226
 endloop
endfacet
facet normal 0 0 0
 outer loop
 vertex -0.03 -0.0174993 -0.000152713
 vertex 0.09 -0.0194993 -0.000170166
 vertex 0.09 -0.0174993 -0.000152713
 endloop
endfacet
facet normal 0 0 0
 outer loop
 vertex -0.03 -0.0174993 -0.000152713
 vertex -0.03 -0.0194993 -0.000170166
 vertex 0.09 -0.0194993 -0.000170166
 endloop
endfacet
facet normal 0 0 0
 outer loop
 vertex -0.03 -0.0174993 0.000152714
 vertex -0.03 -0.0173402 0.00235989
 vertex 0.09 -0.0193219 0.00262959
 endloop
endfacet
facet normal 0 0 0
 outer loop
 vertex -0.03 -0.0174993 0.000152714
 vertex 0.09 -0.0193219 0.00262959
 vertex 0.09 -0.0194993 0.000170167
 endloop
endfacet
facet normal 0 0 0
 outer loop
 vertex -0.03 -0.0174993 0.000152714
 vertex 0.09 -0.0174993 0.000152714
 vertex 0.09 -0.0173402 0.00235989
 endloop
endfacet
facet normal 0 0 0
 outer loop
 vertex -0.03 -0.0174993 0.000152714
 vertex 0.09 -0.0173402 0.00235989
 vertex -0.03 -0.0173402 0.00235989
 endloop
endfacet
facet normal 0 0 0
 outer loop
 vertex -0.03 -0.0173402 0.00235989
 vertex -0.03 -0.0169037 0.00452933
 vertex 0.09 -0.0188356 0.00504697
 endloop
endfacet
facet normal 0 0 0
 outer loop
 vertex -0.03 -0.0173402 0.00235989
 vertex 0.09 -0.0188356 0.00504697
 vertex 0.09 -0.0193219 0.00262959
 endloop
endfacet
facet normal 0 0 0
 outer loop
 vertex -0.03 -0.0173402 0.00235989
 vertex 0.09 -0.0173402 0.00235989
 vertex 0.09 -0.0169037 0.00452933
 endloop
endfacet
facet normal 0 0 0
 outer loop
 vertex -0.03 -0.0173402 0.00235989
 vertex 0.09 -0.0169037 0.00452933
 vertex -0.03 -0.0169037 0.00452933
 endloop
endfacet
facet normal 0 0 0
 outer loop
 vertex -0.03 -0.0169037 0.00452933
 vertex -0.03 -0.016197 0.00662635
 vertex 0.09 -0.018048 0.00738365
 endloop
endfacet
facet normal 0 0 0
 outer loop
 vertex -0.03 -0.0169037 0.00452933
 vertex 0.09 -0.018048 0.00738365
 vertex 0.09 -0.0188356 0.00504697
 endloop
endfacet
facet normal 0 0 0
 outer loop
 vertex -0.03 -0.0169037 0.00452933
 vertex 0.09 -0.0169037 0.00452933
 vertex 0.09 -0.016197 0.00662635
 endloop
endfacet
facet normal 0 0 0
 outer loop
 vertex -0.03 -0.0169037 0.00452933
 vertex 0.09 -0.016197 0.00662635
 vertex -0.03 -0.016197 0.00662635
 endloop
endfacet
facet normal 0 0 0
 outer loop
 vertex -0.03 -0.016197 0.00662635
 vertex -0.03 -0.0152312 0.00861741
 vertex 0.09 -0.0169719 0.00960226
 endloop
endfacet
facet normal 0 0 0
 outer loop
 vertex -0.03 -0.016197 0.00662635
 vertex 0.09 -0.0169719 0.00960226
 vertex 0.09 -0.018048 0.00738365
 endloop
endfacet
facet normal 0 0 0
 outer loop
 vertex -0.03 -0.016197 0.00662635
 vertex 0.09 -0.016197 0.00662635
 vertex 0.09 -0.0152312 0.00861741
 endloop
endfacet
facet normal 0 0 0
 outer loop
 vertex -0.03 -0.016197 0.00662635
 vertex 0.09 -0.0152312 0.00861741
 vertex -0.03 -0.0152312 0.00861741
 endloop
endfacet
facet normal 0 0 0
 outer loop
 vertex -0.03 -0.0174993 0.000152714
 vertex 0.09 -0.0174993 0.000152714
 vertex 0.09 -0.0194993 0.000170167
 endloop
endfacet
facet normal 0 0 0
 outer loop
 vertex -0.03 -0.0174993 0.000152714
 vertex 0.09 -0.0194993 0.000170167
 vertex -0.03 -0.0194993 0.000170167
 endloop
endfacet
facet normal 0 0 0
 outer loop
 vertex -0.03 -0.0152312 0.00861741
 vertex 0.09 -0.0169719 0.00960226
 vertex 0.09 -0.0152312 0.00861741
 endloop
endfacet
facet normal 0 0 0
 outer loop
 vertex -0.03 -0.0152312 0.00861741
 vertex -0.03 -0.0169719 0.00960226
 vertex 0.09 -0.0169719 0.00960226
 endloop
endfacet
facet normal 0 0 0
 outer loop
 vertex -0.03 -0.0150785 0.00888192
 vertex -0.03 -0.0138371 0.0107138
 vertex 0.09 -0.0154184 0.0119382
 endloop
endfacet
facet normal 0 0 0
 outer loop
 vertex -0.03 -0.0150785 0.00888192
 vertex 0.09 -0.0154184 0.0119382
 vertex 0.09 -0.0168018 0.009897
 endloop
endfacet
facet normal 0 0 0
 outer loop
 vertex -0.03 -0.0150785 0.00888192
 vertex 0.09 -0.0150785 0.00888192
 vertex 0.09 -0.0138371 0.0107138
 endloop
endfacet
facet normal 0 0 0
 outer loop
 vertex -0.03 -0.0150785 0.00888192
 vertex 0.09 -0.0138371 0.0107138
 vertex -0.03 -0.0138371 0.0107138
 endloop
endfacet
facet normal 0 0 0
 outer loop
 vertex -0.03 -0.0138371 0.0107138
 vertex -0.03 -0.0123744 0.0123744
 vertex 0.09 -0.0137886 0.0137886
 endloop
endfacet
facet normal 0 0 0
 outer loop
 vertex -0.03 -0.0138371 0.0107138
 vertex 0.09 -0.0137886 0.0137886
 vertex 0.09 -0.0154184 0.0119382
 endloop
endfacet
facet normal 0 0 0
 outer loop
 vertex -0.03 -0.0138371 0.0107138
 vertex 0.09 -0.0138371 0.0107138
 vertex 0.09 -0.0123744 0.0123744
 endloop
endfacet
facet normal 0 0 0
 outer loop
 vertex -0.03 -0.0138371 0.0107138
 vertex 0.09 -0.0123744 0.0123744
 vertex -0.03 -0.0123744 0.0123744
 endloop
endfacet
facet normal 0 0 0
 outer loop
 vertex -0.03 -0.0123744 0.0123744
 vertex -0.03 -0.0107138 0.0138371
 vertex 0.09 -0.0119382 0.0154184
 endloop
endfacet
facet normal 0 0 0
 outer loop
 vertex -0.03 -0.0123744 0.0123744
 vertex 0.09 -0.0119382 0.0154184
 vertex 0.09 -0.0137886 0.0137886
 endloop
endfacet
facet normal 0 0 0
 outer loop
 vertex -0.03 -0.0123744 0.0123744
 vertex 0.09 -0.0123744 0.0123744
 vertex 0.09 -0.0107138 0.0138371
 endloop
endfacet
facet normal 0 0 0
 outer loop
 vertex -0.03 -0.0123744 0.0123744
 vertex 0.09 -0.0107138 0.0138371
 vertex -0.03 -0.0107138 0.0138371
 endloop
endfacet
facet normal 0 0 0
 outer loop
 vertex -0.03 -0.0107138 0.0138371
 vertex -0.03 -0.00888192 0.0150785
 vertex 0.09 -0.009897 0.0168018
 endloop
endfacet
facet normal 0 0 0
 outer loop
 vertex -0.03 -0.0107138 0.0138371
 vertex 0.09 -0.009897 0.0168018
 vertex 0.09 -0.0119382 0.0154184
 endloop
endfacet
facet normal 0 0 0
 outer loop
 vertex -0.03 -0.0107138 0.0138371
 vertex 0.09 -0.0107138 0.0138371
 vertex 0.09 -0.00888192 0.0150785
 endloop
endfacet
facet normal 0 0 0
 outer loop
 vertex -0.03 -0.0107138 0.0138371
 vertex 0.09 -0.00888192 0.0150785
 vertex -0.03 -0.00888192 0.0150785
 endloop
endfacet
facet normal 0 0 0
 outer loop
 vertex -0.03 -0.0150785 0.00888192
 vertex 0.09 -0.0150785 0.00888192
 vertex 0.09 -0.0168018 0.009897
 endloop
endfacet
facet normal 0 0 0
 outer loop
 vertex -0.03 -0.0150785 0.00888192
 vertex 0.09 -0.0168018 0.009897
 vertex -0.03 -0.0168018 0.009897
 endloop
endfacet
facet normal 0 0 0
 outer loop
 vertex -0.03 -0.00888192 0.0150785
 vertex 0.09 -0.009897 0.0168018
 vertex 0.09 -0.00888192 0.0150785
 endloop
endfacet
facet normal 0 0 0
 outer loop
 vertex -0.03 -0.00888192 0.0150785
 vertex -0.03 -0.009897 0.0168018
 vertex 0.09 -0.009897 0.0168018
 endloop
endfacet
facet normal 0 0 0
 outer loop
 vertex -0.03 -0.00861741 0.0152312
 vertex -0.03 -0.00662635 0.016197
 vertex 0.09 -0.00738364 0.018048
 endloop
endfacet
facet normal 0 0 0
 outer loop
 vertex -0.03 -0.00861741 0.0152312
 vertex 0.09 -0.00738364 0.018048
 vertex 0.09 -0.00960226 0.0169719
 endloop
endfacet
facet normal 0 0 0
 outer loop
 vertex -0.03 -0.00861741 0.0152312
 vertex 0.09 -0.00861741 0.0152312
 vertex 0.09 -0.00662635 0.016197
 endloop
endfacet
facet normal 0 0 0
 outer loop
 vertex -0.03 -0.00861741 0.0152312
 vertex 0.09 -0.00662635 0.016197
 vertex -0.03 -0.00662635 0.016197
 endloop
endfacet
facet normal 0 0 0
 outer loop
 vertex -0.03 -0.00662635 0.016197
 vertex -0.03 -0.00452933 0.0169037
 vertex 0.09 -0.00504697 0.0188356
 endloop
endfacet
facet normal 0 0 0
 outer loop
 vertex -0.03 -0.00662635 0.016197
 vertex 0.09 -0.00504697 0.0188356
 vertex 0.09 -0.00738364 0.018048
 endloop
endfacet
facet normal 0 0 0
 outer loop
 vertex -0.03 -0.00662635 0.016197
 vertex 0.09 -0.00662635 0.016197
 vertex 0.09 -0.00452933 0.0169037
 endloop
endfacet
facet normal 0 0 0
 outer loop
 vertex -0.03 -0.00662635 0.016197
 vertex 0.09 -0.00452933 0.0169037
 vertex -0.03 -0.00452933 0.0169037
 endloop
endfacet
facet normal 0 0 0
 outer loop
 vertex -0.03 -0.00452933 0.0169037
 vertex -0.03 -0.00235989 0.0173402
 vertex 0.09 -0.00262959 0.0193219
 endloop
endfacet
facet normal 0 0 0
 outer loop
 vertex -0.03 -0.00452933 0.0169037
 vertex 0.09 -0.00262959 0.0193219
 vertex 0.09 -0.00504697 0.0188356
 endloop
endfacet
facet normal 0 0 0
 outer loop
 vertex -0.03 -0.00452933 0.0169037
 vertex 0.09 -0.00452933 0.0169037
 vertex 0.09 -0.00235989 0.0173402
 endloop
endfacet
facet normal 0 0 0
 outer loop
 vertex -0.03 -0.00452933 0.0169037
 vertex 0.09 -0.00235989 0.0173402
 vertex -0.03 -0.00235989 0.0173402
 endloop
endfacet
facet normal 0 0 0
 outer loop
 vertex -0.03 -0.00235989 0.0173402
 vertex -0.03 -0.00015271 0.0174993
 vertex 0.09 -0.000170163 0.0194993
 endloop
endfacet
facet normal 0 0 0
 outer loop
 vertex -0.03 -0.00235989 0.0173402
 vertex 0.09 -0.000170163 0.0194993
 vertex 0.09 -0.00262959 0.0193219
 endloop
endfacet
facet normal 0 0 0
 outer loop
 vertex -0.03 -0.00235989 0.0173402
 vertex 0.09 -0.00235989 0.0173402
 vertex 0.09 -0.00015271 0.0174993
 endloop
endfacet
facet normal 0 0 0
 outer loop
 vertex -0.03 -0.00235989 0.0173402
 vertex 0.09 -0.00015271 0.0174993
 vertex -0.03 -0.00015271 0.0174993
 endloop
endfacet
facet normal 0 0 0
 outer loop
 vertex -0.03 -0.00861741 0.0152312
 vertex 0.09 -0.00861741 0.0152312
 vertex 0.09 -0.00960226 0.0169719
 endloop
endfacet
facet normal 0 0 0
 outer loop
 vertex -0.03 -0.00861741 0.0152312
 vertex 0.09 -0.00960226 0.0169719
 vertex -0.03 -0.00960226 0.0169719
 endloop
endfacet
facet normal 0 0 0
 outer loop
 vertex -0.03 -0.00015271 0.0174993
 vertex 0.09 -0.000170163 0.0194993
 vertex 0.09 -0.00015271 0.0174993
 endloop
endfacet
facet normal 0 0 0
 outer loop
 vertex -0.03 -0.00015271 0.0174993
 vertex -0.03 -0.000170163 0.0194993
 vertex 0.09 -0.000170163 0.0194993
 endloop
endfacet
facet normal 0 0 0
 outer loop
 vertex 0.093 0 0.02
 vertex 0.093 -0.00129904 0.01925
 vertex 0.105 -0.00129904 0.01925
 endloop
endfacet
facet normal 0 0 0
 outer loop
 vertex 0.093 0 0.02
 vertex 0.105 -0.00129904 0.01925
 vertex 0.105 0 0.02
 endloop
endfacet
facet normal 0 0 0
 outer loop
 vertex 0.093 -0.00129904 0.01925
 vertex 0.093 -0.00129904 0.01775
 vertex 0.105 -0.00129904 0.01775
 endloop
endfacet
facet normal 0 0 0
 outer loop
 vertex 0.093 -0.00129904 0.01925
 vertex 0.105 -0.00129904 0.01775
 vertex 0.105 -0.00129904 0.01925
 endloop
endfacet
facet normal 0 0 0
 outer loop
 vertex 0.093 -0.00129904 0.01775
 vertex 0.093 1.31134e-10 0.017
 vertex 0.105 1.31134e-10 0.017
 endloop
endfacet
facet normal 0 0 0
 outer loop
 vertex 0.093 -0.00129904 0.01775
 vertex 0.105 1.31134e-10 0.017
 vertex 0.105 -0.00129904 0.01775
 endloop
endfacet
facet normal 0 0 0
 outer loop
 vertex 0.093 1.31134e-10 0.017
 vertex 0.093 0.00129904 0.01775
 vertex 0.105 0.00129904 0.01775
 endloop
endfacet
facet normal 0 0 0
 outer loop
 vertex 0.093 1.31134e-10 0.017
 vertex 0.105 0.00129904 0.01775
 vertex 0.105 1.31134e-10 0.017
 endloop
endfacet
facet normal 0 0 0
 outer loop
 vertex 0.093 0.00129904 0.01775
 vertex 0.093 0.00129904 0.01925
 vertex 0.105 0.00129904 0.01925
 endloop
endfacet
facet normal 0 0 0
 outer loop
 vertex 0.093 0.00129904 0.01775
 vertex 0.105 0.00129904 0.01925
 vertex 0.105 0.00129904 0.01775
 endloop
endfacet
facet normal 0 0 0
 outer loop
 vertex 0.093 0.00129904 0.01925
 vertex 0.093 -2.62268e-10 0.02
 vertex 0.105 -2.62268e-10 0.02
 endloop
endfacet
facet normal 0 0 0
 outer loop
 vertex 0.093 0.00129904 0.01925
 vertex 0.105 -2.62268e-10 0.02
 vertex 0.105 0.00129904 0.01925
 endloop
endfacet
facet normal 0 0 0
 outer loop
 vertex 0.093 0 0.0185
 vertex 0.093 -0.00129904 0.01925
 vertex 0.093 0 0.02
 endloop
endfacet
facet normal 0 0 0
 outer loop
 vertex 0.105 0 0.0185
 vertex 0.105 0 0.02
 vertex 0.105 -0.00129904 0.01925
 endloop
endfacet
facet normal 0 0 0
 outer loop
 vertex 0.093 0 0.0185
 vertex 0.093 -0.00129904 0.01775
 vertex 0.093 -0.00129904 0.01925
 endloop
endfacet
facet normal 0 0 0
 outer loop
 vertex 0.105 0 0.0185
 vertex 0.105 -0.00129904 0.01925
 vertex 0.105 -0.00129904 0.01775
 endloop
endfacet
facet normal 0 0 0
 outer loop
 vertex 0.093 0 0.0185
 vertex 0.093 1.31134e-10 0.017
 vertex 0.093 -0.00129904 0.01775
 endloop
endfacet
facet normal 0 0 0
 outer loop
 vertex 0.105 0 0.0185
 vertex 0.105 -0.00129904 0.01775
 vertex 0.105 1.31134e-10 0.017
 endloop
endfacet
facet normal 0 0 0
 outer loop
 vertex 0.093 0 0.0185
 vertex 0.093 0.00129904 0.01775
 vertex 0.093 1.31134e-10 0.017
 endloop
endfacet
facet normal 0 0 0
 outer loop
 vertex 0.105 0 0.0185
 vertex 0.105 1.31134e-10 0.017
 vertex 0.105 0.00129904 0.01775
 endloop
endfacet
facet normal 0 0 0
 outer loop
 vertex 0.093 0 0.0185
 vertex 0.093 0.00129904 0.01925
 vertex 0.093 0.00129904 0.01775
 endloop
endfacet
facet normal 0 0 0
 outer loop
 vertex 0.105 0 0.0185
 vertex 0.105 0.00129904 0.01775
 vertex 0.105 0.00129904 0.01925
 endloop
endfacet
facet normal 0 0 0
 outer loop
 vertex 0.093 0 0.0185
 vertex 0.093 -2.62268e-10 0.02
 vertex 0.093 0.00129904 0.01925
 endloop
endfacet
facet normal 0 0 0
 outer loop
 vertex 0.105 0 0.0185
 vertex 0.105 0.00129904 0.01925
 vertex 0.105 -2.62268e-10 0.02
 endloop
endfacet
facet normal 0 0 0
 outer loop
 vertex 0.093 0.00925 0.0175215
 vertex 0.093 0.00795096 0.0167715
 vertex 0.105 0.00795096 0.0167715
 endloop
endfacet
facet normal 0 0 0
 outer loop
 vertex 0.093 0.00925 0.0175215
 vertex 0.105 0.00795096 0.0167715
 vertex 0.105 0.00925 0.0175215
 endloop
endfacet
facet normal 0 0 0
 outer loop
 vertex 0.093 0.00795096 0.0167715
 vertex 0.093 0.00795096 0.0152715
 vertex 0.105 0.00795096 0.0152715
 endloop
endfacet
facet normal 0 0 0
 outer loop
 vertex 0.093 0.00795096 0.0167715
 vertex 0.105 0.00795096 0.0152715
 vertex 0.105 0.00795096 0.0167715
 endloop
endfacet
facet normal 0 0 0
 outer loop
 vertex 0.093 0.00795096 0.0152715
 vertex 0.093 0.00925 0.0145215
 vertex 0.105 0.00925 0.0145215
 endloop
endfacet
facet normal 0 0 0
 outer loop
 vertex 0.093 0.00795096 0.0152715
 vertex 0.105 0.00925 0.0145215
 vertex 0.105 0.00795096 0.0152715
 endloop
endfacet
facet normal 0 0 0
 outer loop
 vertex 0.093 0.00925 0.0145215
 vertex 0.093 0.010549 0.0152715
 vertex 0.105 0.010549 0.0152715
 endloop
endfacet
facet normal 0 0 0
 outer loop
 vertex 0.093 0.00925 0.0145215
 vertex 0.105 0.010549 0.0152715
 vertex 0.105 0.00925 0.0145215
 endloop
endfacet
facet normal 0 0 0
 outer loop
 vertex 0.093 0.010549 0.0152715
 vertex 0.093 0.010549 0.0167715
 vertex 0.105 0.010549 0.0167715
 endloop
endfacet
facet normal 0 0 0
 outer loop
 vertex 0.093 0.010549 0.0152715
 vertex 0.105 0.010549 0.0167715
 vertex 0.105 0.010549 0.0152715
 endloop
endfacet
facet normal 0 0 0
 outer loop
 vertex 0.093 0.010549 0.0167715
 vertex 0.093 0.00925 0.0175215
 vertex 0.105 0.00925 0.0175215
 endloop
endfacet
facet normal 0 0 0
 outer loop
 vertex 0.093 0.010549 0.0167715
 vertex 0.105 0.00925 0.0175215
 vertex 0.105 0.010549 0.0167715
 endloop
endfacet
facet normal 0 0 0
 outer loop
 vertex 0.093 0.00925 0.0160215
 vertex 0.093 0.00795096 0.0167715
 vertex 0.093 0.00925 0.0175215
 endloop
endfacet
facet normal 0 0 0
 outer loop
 vertex 0.105 0.00925 0.0160215
 vertex 0.105 0.00925 0.0175215
 vertex 0.105 0.00795096 0.0167715
 endloop
endfacet
facet normal 0 0 0
 outer loop
 vertex 0.093 0.00925 0.0160215
 vertex 0.093 0.00795096 0.0152715
 vertex 0.093 0.00795096 0.0167715
 endloop
endfacet
facet normal 0 0 0
 outer loop
 vertex 0.105 0.00925 0.0160215
 vertex 0.105 0.00795096 0.0167715
 vertex 0.105 0.00795096 0.0152715
 endloop
endfacet
facet normal 0 0 0
 outer loop
 vertex 0.093 0.00925 0.0160215
 vertex 0.093 0.00925 0.0145215
 vertex 0.093 0.00795096 0.0152715
 endloop
endfacet
facet normal 0 0 0
 outer loop
 vertex 0.105 0.00925 0.0160215
 vertex 0.105 0.00795096 0.0152715
 vertex 0.105 0.00925 0.0145215
 endloop
endfacet
facet normal 0 0 0
 outer loop
 vertex 0.093 0.00925 0.0160215
 vertex 0.093 0.010549 0.0152715
 vertex 0.093 0.00925 0.0145215
 endloop
endfacet
facet normal 0 0 0
 outer loop
 vertex 0.105 0.00925 0.0160215
 vertex 0.105 0.00925 0.0145215
 vertex 0.105 0.010549 0.0152715
 endloop
endfacet
facet normal 0 0 0
 outer loop
 vertex 0.093 0.00925 0.0160215
 vertex 0.093 0.010549 0.0167715
 vertex 0.093 0.010549 0.0152715
 endloop
endfacet
facet normal 0 0 0
 outer loop
 vertex 0.105 0.00925 0.0160215
 vertex 0.105 0.010549 0.0152715
 vertex 0.105 0.010549 0.0167715
 endloop
endfacet
facet normal 0 0 0
 outer loop
 vertex 0.093 0.00925 0.0160215
 vertex 0.093 0.00925 0.0175215
 vertex 0.093 0.010549 0.0167715
 endloop
endfacet
facet normal 0 0 0
 outer loop
 vertex 0.105 0.00925 0.0160215
 vertex 0.105 0.010549 0.0167715
 vertex 0.105 0.00925 0.0175215
 endloop
endfacet
facet normal 0 0 0
 outer loop
 vertex 0.093 0.0160215 0.01075
 vertex 0.093 0.0147224 0.01
 vertex 0.105 0.0147224 0.01
 endloop
endfacet
facet normal 0 0 0
 outer loop
 vertex 0.093 0.0160215 0.01075
 vertex 0.105 0.0147224 0.01
 vertex 0.105 0.0160215 0.01075
 endloop
endfacet
facet normal 0 0 0
 outer loop
 vertex 0.093 0.0147224 0.01
 vertex 0.093 0.0147224 0.0085
 vertex 0.105 0.0147224 0.0085
 endloop
endfacet
facet normal 0 0 0
 outer loop
 vertex 0.093 0.0147224 0.01
 vertex 0.105 0.0147224 0.0085
 vertex 0.105 0.0147224 0.01
 endloop
endfacet
facet normal 0 0 0
 outer loop
 vertex 0.093 0.0147224 0.0085
 vertex 0.093 0.0160215 0.00775
 vertex 0.105 0.0160215 0.00775
 endloop
endfacet
facet normal 0 0 0
 outer loop
 vertex 0.093 0.0147224 0.0085
 vertex 0.105 0.0160215 0.00775
 vertex 0.105 0.0147224 0.0085
 endloop
endfacet
facet normal 0 0 0
 outer loop
 vertex 0.093 0.0160215 0.00775
 vertex 0.093 0.0173205 0.0085
 vertex 0.105 0.0173205 0.0085
 endloop
endfacet
facet normal 0 0 0
 outer loop
 vertex 0.093 0.0160215 0.00775
 vertex 0.105 0.0173205 0.0085
 vertex 0.105 0.0160215 0.00775
 endloop
endfacet
facet normal 0 0 0
 outer loop
 vertex 0.093 0.0173205 0.0085
 vertex 0.093 0.0173205 0.01
 vertex 0.105 0.0173205 0.01
 endloop
endfacet
facet normal 0 0 0
 outer loop
 vertex 0.093 0.0173205 0.0085
 vertex 0.105 0.0173205 0.01
 vertex 0.105 0.0173205 0.0085
 endloop
endfacet
facet normal 0 0 0
 outer loop
 vertex 0.093 0.0173205 0.01
 vertex 0.093 0.0160215 0.01075
 vertex 0.105 0.0160215 0.01075
 endloop
endfacet
facet normal 0 0 0
 outer loop
 vertex 0.093 0.0173205 0.01
 vertex 0.105 0.0160215 0.01075
 vertex 0.105 0.0173205 0.01
 endloop
endfacet
facet normal 0 0 0
 outer loop
 vertex 0.093 0.0160215 0.00925
 vertex 0.093 0.0147224 0.01
 vertex 0.093 0.0160215 0.01075
 endloop
endfacet
facet normal 0 0 0
 outer loop
 vertex 0.105 0.0160215 0.00925
 vertex 0.105 0.0160215 0.01075
 vertex 0.105 0.0147224 0.01
 endloop
endfacet
facet normal 0 0 0
 outer loop
 vertex 0.093 0.0160215 0.00925
 vertex 0.093 0.0147224 0.0085
 vertex 0.093 0.0147224 0.01
 endloop
endfacet
facet normal 0 0 0
 outer loop
 vertex 0.105 0.0160215 0.00925
 vertex 0.105 0.0147224 0.01
 vertex 0.105 0.0147224 0.0085
 endloop
endfacet
facet normal 0 0 0
 outer loop
 vertex 0.093 0.0160215 0.00925
 vertex 0.093 0.0160215 0.00775
 vertex 0.093 0.0147224 0.0085
 endloop
endfacet
facet normal 0 0 0
 outer loop
 vertex 0.105 0.0160215 0.00925
 vertex 0.105 0.0147224 0.0085
 vertex 0.105 0.0160215 0.00775
 endloop
endfacet
facet normal 0 0 0
 outer loop
 vertex 0.093 0.0160215 0.00925
 vertex 0.093 0.0173205 0.0085
 vertex 0.093 0.0160215 0.00775
 endloop
endfacet
facet normal 0 0 0
 outer loop
 vertex 0.105 0.0160215 0.00925
 vertex 0.105 0.0160215 0.00775
 vertex 0.105 0.0173205 0.0085
 endloop
endfacet
facet normal 0 0 0
 outer loop
 vertex 0.093 0.0160215 0.00925
 vertex 0.093 0.0173205 0.01
 vertex 0.093 0.0173205 0.0085
 endloop
endfacet
facet normal 0 0 0
 outer loop
 vertex 0.105 0.0160215 0.00925
 vertex 0.105 0.0173205 0.0085
 vertex 0.105 0.0173205 0.01
 endloop
endfacet
facet normal 0 0 0
 outer loop
 vertex 0.093 0.0160215 0.00925
 vertex 0.093 0.0160215 0.01075
 vertex 0.093 0.0173205 0.01
 endloop
endfacet
facet normal 0 0 0
 outer loop
 vertex 0.105 0.0160215 0.00925
 vertex 0.105 0.0173205 0.01
 vertex 0.105 0.0160215 0.01075
 endloop
endfacet
facet normal 0 0 0
 outer loop
 vertex 0.093 0.0185 0.0015
 vertex 0.093 0.017201 0.000749999
 vertex 0.105 0.017201 0.000749999
 endloop
endfacet
facet normal 0 0 0
 outer loop
 vertex 0.093 0.0185 0.0015
 vertex 0.105 0.017201 0.000749999
 vertex 0.105 0.0185 0.0015
 endloop
endfacet
facet normal 0 0 0
 outer loop
 vertex 0.093 0.017201 0.000749999
 vertex 0.093 0.017201 -0.000750001
 vertex 0.105 0.017201 -0.000750001
 endloop
endfacet
facet normal 0 0 0
 outer loop
 vertex 0.093 0.017201 0.000749999
 vertex 0.105 0.017201 -0.000750001
 vertex 0.105 0.017201 0.000749999
 endloop
endfacet
facet normal 0 0 0
 outer loop
 vertex 0.093 0.017201 -0.000750001
 vertex 0.093 0.0185 -0.0015
 vertex 0.105 0.0185 -0.0015
 endloop
endfacet
facet normal 0 0 0
 outer loop
 vertex 0.093 0.017201 -0.000750001
 vertex 0.105 0.0185 -0.0015
 vertex 0.105 0.017201 -0.000750001
 endloop
endfacet
facet normal 0 0 0
 outer loop
 vertex 0.093 0.0185 -0.0015
 vertex 0.093 0.019799 -0.000750001
 vertex 0.105 0.019799 -0.000750001
 endloop
endfacet
facet normal 0 0 0
 outer loop
 vertex 0.093 0.0185 -0.0015
 vertex 0.105 0.019799 -0.000750001
 vertex 0.105 0.0185 -0.0015
 endloop
endfacet
facet normal 0 0 0
 outer loop
 vertex 0.093 0.019799 -0.000750001
 vertex 0.093 0.019799 0.000749999
 vertex 0.105 0.019799 0.000749999
 endloop
endfacet
facet normal 0 0 0
 outer loop
 vertex 0.093 0.019799 -0.000750001
 vertex 0.105 0.019799 0.000749999
 vertex 0.105 0.019799 -0.000750001
 endloop
endfacet
facet normal 0 0 0
 outer loop
 vertex 0.093 0.019799 0.000749999
 vertex 0.093 0.0185 0.0015
 vertex 0.105 0.0185 0.0015
 endloop
endfacet
facet normal 0 0 0
 outer loop
 vertex 0.093 0.019799 0.000749999
 vertex 0.105 0.0185 0.0015
 vertex 0.105 0.019799 0.000749999
 endloop
endfacet
facet normal 0 0 0
 outer loop
 vertex 0.093 0.0185 -8.08661e-10
 vertex 0.093 0.017201 0.000749999
 vertex 0.093 0.0185 0.0015
 endloop
endfacet
facet normal 0 0 0
 outer loop
 vertex 0.105 0.0185 -8.08661e-10
 vertex 0.105 0.0185 0.0015
 vertex 0.105 0.017201 0.000749999
 endloop
endfacet
facet normal 0 0 0
 outer loop
 vertex 0.093 0.0185 -8.08661e-10
 vertex 0.093 0.017201 -0.000750001
 vertex 0.093 0.017201 0.000749999
 endloop
endfacet
facet normal 0 0 0
 outer loop
 vertex 0.105 0.0185 -8.08661e-10
 vertex 0.105 0.017201 0.000749999
 vertex 0.105 0.017201 -0.000750001
 endloop
endfacet
facet normal 0 0 0
 outer loop
 vertex 0.093 0.0185 -8.08661e-10
 vertex 0.093 0.0185 -0.0015
 vertex 0.093 0.017201 -0.000750001
 endloop
endfacet
facet normal 0 0 0
 outer loop
 vertex 0.105 0.0185 -8.08661e-10
 vertex 0.105 0.017201 -0.000750001
 vertex 0.105 0.0185 -0.0015
 endloop
endfacet
facet normal 0 0 0
 outer loop
 vertex 0.093 0.0185 -8.08661e-10
 vertex 0.093 0.019799 -0.000750001
 vertex 0.093 0.0185 -0.0015
 endloop
endfacet
facet normal 0 0 0
 outer loop
 vertex 0.105 0.0185 -8.08661e-10
 vertex 0.105 0.0185 -0.0015
 vertex 0.105 0.019799 -0.000750001
 endloop
endfacet
facet normal 0 0 0
 outer loop
 vertex 0.093 0.0185 -8.08661e-10
 vertex 0.093 0.019799 0.000749999
 vertex 0.093 0.019799 -0.000750001
 endloop
endfacet
facet normal 0 0 0
 outer loop
 vertex 0.105 0.0185 -8.08661e-10
 vertex 0.105 0.019799 -0.000750001
 vertex 0.105 0.019799 0.000749999
 endloop
endfacet
facet normal 0 0 0
 outer loop
 vertex 0.093 0.0185 -8.08661e-10
 vertex 0.093 0.0185 0.0015
 vertex 0.093 0.019799 0.000749999
 endloop
endfacet
facet normal 0 0 0
 outer loop
 vertex 0.105 0.0185 -8.08661e-10
 vertex 0.105 0.019799 0.000749999
 vertex 0.105 0.0185 0.0015
 endloop
endfacet
facet normal 0 0 0
 outer loop
 vertex 0.093 0.0160215 -0.00775
 vertex 0.093 0.0147224 -0.0085
 vertex 0.105 0.0147224 -0.0085
 endloop
endfacet
facet normal 0 0 0
 outer loop
 vertex 0.093 0.0160215 -0.00775
 vertex 0.105 0.0147224 -0.0085
 vertex 0.105 0.0160215 -0.00775
 endloop
endfacet
facet normal 0 0 0
 outer loop
 vertex 0.093 0.0147224 -0.0085
 vertex 0.093 0.0147224 -0.01
 vertex 0.105 0.0147224 -0.01
 endloop
endfacet
facet normal 0 0 0
 outer loop
 vertex 0.093 0.0147224 -0.0085
 vertex 0.105 0.0147224 -0.01
 vertex 0.105 0.0147224 -0.0085
 endloop
endfacet
facet normal 0 0 0
 outer loop
 vertex 0.093 0.0147224 -0.01
 vertex 0.093 0.0160215 -0.01075
 vertex 0.105 0.0160215 -0.01075
 endloop
endfacet
facet normal 0 0 0
 outer loop
 vertex 0.093 0.0147224 -0.01
 vertex 0.105 0.0160215 -0.01075
 vertex 0.105 0.0147224 -0.01
 endloop
endfacet
facet normal 0 0 0
 outer loop
 vertex 0.093 0.0160215 -0.01075
 vertex 0.093 0.0173205 -0.01
 vertex 0.105 0.0173205 -0.01
 endloop
endfacet
facet normal 0 0 0
 outer loop
 vertex 0.093 0.0160215 -0.01075
 vertex 0.105 0.0173205 -0.01
 vertex 0.105 0.0160215 -0.01075
 endloop
endfacet
facet normal 0 0 0
 outer loop
 vertex 0.093 0.0173205 -0.01
 vertex 0.093 0.0173205 -0.0085
 vertex 0.105 0.0173205 -0.0085
 endloop
endfacet
facet normal 0 0 0
 outer loop
 vertex 0.093 0.0173205 -0.01
 vertex 0.105 0.0173205 -0.0085
 vertex 0.105 0.0173205 -0.01
 endloop
endfacet
facet normal 0 0 0
 outer loop
 vertex 0.093 0.0173205 -0.0085
 vertex 0.093 0.0160215 -0.00775
 vertex 0.105 0.0160215 -0.00775
 endloop
endfacet
facet normal 0 0 0
 outer loop
 vertex 0.093 0.0173205 -0.0085
 vertex 0.105 0.0160215 -0.00775
 vertex 0.105 0.0173205 -0.0085
 endloop
endfacet
facet normal 0 0 0
 outer loop
 vertex 0.093 0.0160215 -0.00925
 vertex 0.093 0.0147224 -0.0085
 vertex 0.093 0.0160215 -0.00775
 endloop
endfacet
facet normal 0 0 0
 outer loop
 vertex 0.105 0.0160215 -0.00925
 vertex 0.105 0.0160215 -0.00775
 vertex 0.105 0.0147224 -0.0085
 endloop
endfacet
facet normal 0 0 0
 outer loop
 vertex 0.093 0.0160215 -0.00925
 vertex 0.093 0.0147224 -0.01
 vertex 0.093 0.0147224 -0.0085
 endloop
endfacet
facet normal 0 0 0
 outer loop
 vertex 0.105 0.0160215 -0.00925
 vertex 0.105 0.0147224 -0.0085
 vertex 0.105 0.0147224 -0.01
 endloop
endfacet
facet normal 0 0 0
 outer loop
 vertex 0.093 0.0160215 -0.00925
 vertex 0.093 0.0160215 -0.01075
 vertex 0.093 0.0147224 -0.01
 endloop
endfacet
facet normal 0 0 0
 outer loop
 vertex 0.105 0.0160215 -0.00925
 vertex 0.105 0.0147224 -0.01
 vertex 0.105 0.0160215 -0.01075
 endloop
endfacet
facet normal 0 0 0
 outer loop
 vertex 0.093 0.0160215 -0.00925
 vertex 0.093 0.0173205 -0.01
 vertex 0.093 0.0160215 -0.01075
 endloop
endfacet
facet normal 0 0 0
 outer loop
 vertex 0.105 0.0160215 -0.00925
 vertex 0.105 0.0160215 -0.01075
 vertex 0.105 0.0173205 -0.01
 endloop
endfacet
facet normal 0 0 0
 outer loop
 vertex 0.093 0.0160215 -0.00925
 vertex 0.093 0.0173205 -0.0085
 vertex 0.093 0.0173205 -0.01
 endloop
endfacet
facet normal 0 0 0
 outer loop
 vertex 0.105 0.0160215 -0.00925
 vertex 0.105 0.0173205 -0.01
 vertex 0.105 0.0173205 -0.0085
 endloop
endfacet
facet normal 0 0 0
 outer loop
 vertex 0.093 0.0160215 -0.00925
 vertex 0.093 0.0160215 -0.00775
 vertex 0.093 0.0173205 -0.0085
 endloop
endfacet
facet normal 0 0 0
 outer loop
 vertex 0.105 0.0160215 -0.00925
 vertex 0.105 0.0173205 -0.0085
 vertex 0.105 0.0160215 -0.00775
 endloop
endfacet
facet normal 0 0 0
 outer loop
 vertex 0.093 0.00925 -0.0145215
 vertex 0.093 0.00795096 -0.0152715
 vertex 0.105 0.00795096 -0.0152715
 endloop
endfacet
facet normal 0 0 0
 outer loop
 vertex 0.093 0.00925 -0.0145215
 vertex 0.105 0.00795096 -0.0152715
 vertex 0.105 0.00925 -0.0145215
 endloop
endfacet
facet normal 0 0 0
 outer loop
 vertex 0.093 0.00795096 -0.0152715
 vertex 0.093 0.00795096 -0.0167715
 vertex 0.105 0.00795096 -0.0167715
 endloop
endfacet
facet normal 0 0 0
 outer loop
 vertex 0.093 0.00795096 -0.0152715
 vertex 0.105 0.00795096 -0.0167715
 vertex 0.105 0.00795096 -0.0152715
 endloop
endfacet
facet normal 0 0 0
 outer loop
 vertex 0.093 0.00795096 -0.0167715
 vertex 0.093 0.00925 -0.0175215
 vertex 0.105 0.00925 -0.0175215
 endloop
endfacet
facet normal 0 0 0
 outer loop
 vertex 0.093 0.00795096 -0.0167715
 vertex 0.105 0.00925 -0.0175215
 vertex 0.105 0.00795096 -0.0167715
 endloop
endfacet
facet normal 0 0 0
 outer loop
 vertex 0.093 0.00925 -0.0175215
 vertex 0.093 0.010549 -0.0167715
 vertex 0.105 0.010549 -0.0167715
 endloop
endfacet
facet normal 0 0 0
 outer loop
 vertex 0.093 0.00925 -0.0175215
 vertex 0.105 0.010549 -0.0167715
 vertex 0.105 0.00925 -0.0175215
 endloop
endfacet
facet normal 0 0 0
 outer loop
 vertex 0.093 0.010549 -0.0167715
 vertex 0.093 0.010549 -0.0152715
 vertex 0.105 0.010549 -0.0152715
 endloop
endfacet
facet normal 0 0 0
 outer loop
 vertex 0.093 0.010549 -0.0167715
 vertex 0.105 0.010549 -0.0152715
 vertex 0.105 0.010549 -0.0167715
 endloop
endfacet
facet normal 0 0 0
 outer loop
 vertex 0.093 0.010549 -0.0152715
 vertex 0.093 0.00925 -0.0145215
 vertex 0.105 0.00925 -0.0145215
 endloop
endfacet
facet normal 0 0 0
 outer loop
 vertex 0.093 0.010549 -0.0152715
 vertex 0.105 0.00925 -0.0145215
 vertex 0.105 0.010549 -0.0152715
 endloop
endfacet
facet normal 0 0 0
 outer loop
 vertex 0.093 0.00925 -0.0160215
 vertex 0.093 0.00795096 -0.0152715
 vertex 0.093 0.00925 -0.0145215
 endloop
endfacet
facet normal 0 0 0
 outer loop
 vertex 0.105 0.00925 -0.0160215
 vertex 0.105 0.00925 -0.0145215
 vertex 0.105 0.00795096 -0.0152715
 endloop
endfacet
facet normal 0 0 0
 outer loop
 vertex 0.093 0.00925 -0.0160215
 vertex 0.093 0.00795096 -0.0167715
 vertex 0.093 0.00795096 -0.0152715
 endloop
endfacet
facet normal 0 0 0
 outer loop
 vertex 0.105 0.00925 -0.0160215
 vertex 0.105 0.00795096 -0.0152715
 vertex 0.105 0.00795096 -0.0167715
 endloop
endfacet
facet normal 0 0 0
 outer loop
 vertex 0.093 0.00925 -0.0160215
 vertex 0.093 0.00925 -0.0175215
 vertex 0.093 0.00795096 -0.0167715
 endloop
endfacet
facet normal 0 0 0
 outer loop
 vertex 0.105 0.00925 -0.0160215
 vertex 0.105 0.00795096 -0.0167715
 vertex 0.105 0.00925 -0.0175215
 endloop
endfacet
facet normal 0 0 0
 outer loop
 vertex 0.093 0.00925 -0.0160215
 vertex 0.093 0.010549 -0.0167715
 vertex 0.093 0.00925 -0.0175215
 endloop
endfacet
facet normal 0 0 0
 outer loop
 vertex 0.105 0.00925 -0.0160215
 vertex 0.105 0.00925 -0.0175215
 vertex 0.105 0.010549 -0.0167715
 endloop
endfacet
facet normal 0 0 0
 outer loop
 vertex 0.093 0.00925 -0.0160215
 vertex 0.093 0.010549 -0.0152715
 vertex 0.093 0.010549 -0.0167715
 endloop
endfacet
facet normal 0 0 0
 outer loop
 vertex 0.105 0.00925 -0.0160215
 vertex 0.105 0.010549 -0.0167715
 vertex 0.105 0.010549 -0.0152715
 endloop
endfacet
facet normal 0 0 0
 outer loop
 vertex 0.093 0.00925 -0.0160215
 vertex 0.093 0.00925 -0.0145215
 vertex 0.093 0.010549 -0.0152715
 endloop
endfacet
facet normal 0 0 0
 outer loop
 vertex 0.105 0.00925 -0.0160215
 vertex 0.105 0.010549 -0.0152715
 vertex 0.105 0.00925 -0.0145215
 endloop
endfacet
facet normal 0 0 0
 outer loop
 vertex 0.093 -1.61732e-09 -0.017
 vertex 0.093 -0.00129904 -0.01775
 vertex 0.105 -0.00129904 -0.01775
 endloop
endfacet
facet normal 0 0 0
 outer loop
 vertex 0.093 -1.61732e-09 -0.017
 vertex 0.105 -0.00129904 -0.01775
 vertex 0.105 -1.61732e-09 -0.017
 endloop
endfacet
facet normal 0 0 0
 outer loop
 vertex 0.093 -0.00129904 -0.01775
 vertex 0.093 -0.00129904 -0.01925
 vertex 0.105 -0.00129904 -0.01925
 endloop
endfacet
facet normal 0 0 0
 outer loop
 vertex 0.093 -0.00129904 -0.01775
 vertex 0.105 -0.00129904 -0.01925
 vertex 0.105 -0.00129904 -0.01775
 endloop
endfacet
facet normal 0 0 0
 outer loop
 vertex 0.093 -0.00129904 -0.01925
 vertex 0.093 -1.48619e-09 -0.02
 vertex 0.105 -1.48619e-09 -0.02
 endloop
endfacet
facet normal 0 0 0
 outer loop
 vertex 0.093 -0.00129904 -0.01925
 vertex 0.105 -1.48619e-09 -0.02
 vertex 0.105 -0.00129904 -0.01925
 endloop
endfacet
facet normal 0 0 0
 outer loop
 vertex 0.093 -1.48619e-09 -0.02
 vertex 0.093 0.00129904 -0.01925
 vertex 0.105 0.00129904 -0.01925
 endloop
endfacet
facet normal 0 0 0
 outer loop
 vertex 0.093 -1.48619e-09 -0.02
 vertex 0.105 0.00129904 -0.01925
 vertex 0.105 -1.48619e-09 -0.02
 endloop
endfacet
facet normal 0 0 0
 outer loop
 vertex 0.093 0.00129904 -0.01925
 vertex 0.093 0.00129904 -0.01775
 vertex 0.105 0.00129904 -0.01775
 endloop
endfacet
facet normal 0 0 0
 outer loop
 vertex 0.093 0.00129904 -0.01925
 vertex 0.105 0.00129904 -0.01775
 vertex 0.105 0.00129904 -0.01925
 endloop
endfacet
facet normal 0 0 0
 outer loop
 vertex 0.093 0.00129904 -0.01775
 vertex 0.093 -1.87959e-09 -0.017
 vertex 0.105 -1.87959e-09 -0.017
 endloop
endfacet
facet normal 0 0 0
 outer loop
 vertex 0.093 0.00129904 -0.01775
 vertex 0.105 -1.87959e-09 -0.017
 vertex 0.105 0.00129904 -0.01775
 endloop
endfacet
facet normal 0 0 0
 outer loop
 vertex 0.093 -1.61732e-09 -0.0185
 vertex 0.093 -0.00129904 -0.01775
 vertex 0.093 -1.61732e-09 -0.017
 endloop
endfacet
facet normal 0 0 0
 outer loop
 vertex 0.105 -1.61732e-09 -0.0185
 vertex 0.105 -1.61732e-09 -0.017
 vertex 0.105 -0.00129904 -0.01775
 endloop
endfacet
facet normal 0 0 0
 outer loop
 vertex 0.093 -1.61732e-09 -0.0185
 vertex 0.093 -0.00129904 -0.01925
 vertex 0.093 -0.00129904 -0.01775
 endloop
endfacet
facet normal 0 0 0
 outer loop
 vertex 0.105 -1.61732e-09 -0.0185
 vertex 0.105 -0.00129904 -0.01775
 vertex 0.105 -0.00129904 -0.01925
 endloop
endfacet
facet normal 0 0 0
 outer loop
 vertex 0.093 -1.61732e-09 -0.0185
 vertex 0.093 -1.48619e-09 -0.02
 vertex 0.093 -0.00129904 -0.01925
 endloop
endfacet
facet normal 0 0 0
 outer loop
 vertex 0.105 -1.61732e-09 -0.0185
 vertex 0.105 -0.00129904 -0.01925
 vertex 0.105 -1.48619e-09 -0.02
 endloop
endfacet
facet normal 0 0 0
 outer loop
 vertex 0.093 -1.61732e-09 -0.0185
 vertex 0.093 0.00129904 -0.01925
 vertex 0.093 -1.48619e-09 -0.02
 endloop
endfacet
facet normal 0 0 0
 outer loop
 vertex 0.105 -1.61732e-09 -0.0185
 vertex 0.105 -1.48619e-09 -0.02
 vertex 0.105 0.00129904 -0.01925
 endloop
endfacet
facet normal 0 0 0
 outer loop
 vertex 0.093 -1.61732e-09 -0.0185
 vertex 0.093 0.00129904 -0.01775
 vertex 0.093 0.00129904 -0.01925
 endloop
endfacet
facet normal 0 0 0
 outer loop
 vertex 0.105 -1.61732e-09 -0.0185
 vertex 0.105 0.00129904 -0.01925
 vertex 0.105 0.00129904 -0.01775
 endloop
endfacet
facet normal 0 0 0
 outer loop
 vertex 0.093 -1.61732e-09 -0.0185
 vertex 0.093 -1.87959e-09 -0.017
 vertex 0.093 0.00129904 -0.01775
 endloop
endfacet
facet normal 0 0 0
 outer loop
 vertex 0.105 -1.61732e-09 -0.0185
 vertex 0.105 0.00129904 -0.01775
 vertex 0.105 -1.87959e-09 -0.017
 endloop
endfacet
facet normal 0 0 0
 outer loop
 vertex 0.093 -0.00925 -0.0145215
 vertex 0.093 -0.010549 -0.0152715
 vertex 0.105 -0.010549 -0.0152715
 endloop
endfacet
facet normal 0 0 0
 outer loop
 vertex 0.093 -0.00925 -0.0145215
 vertex 0.105 -0.010549 -0.0152715
 vertex 0.105 -0.00925 -0.0145215
 endloop
endfacet
facet normal 0 0 0
 outer loop
 vertex 0.093 -0.010549 -0.0152715
 vertex 0.093 -0.010549 -0.0167715
 vertex 0.105 -0.010549 -0.0167715
 endloop
endfacet
facet normal 0 0 0
 outer loop
 vertex 0.093 -0.010549 -0.0152715
 vertex 0.105 -0.010549 -0.0167715
 vertex 0.105 -0.010549 -0.0152715
 endloop
endfacet
facet normal 0 0 0
 outer loop
 vertex 0.093 -0.010549 -0.0167715
 vertex 0.093 -0.00925 -0.0175215
 vertex 0.105 -0.00925 -0.0175215
 endloop
endfacet
facet normal 0 0 0
 outer loop
 vertex 0.093 -0.010549 -0.0167715
 vertex 0.105 -0.00925 -0.0175215
 vertex 0.105 -0.010549 -0.0167715
 endloop
endfacet
facet normal 0 0 0
 outer loop
 vertex 0.093 -0.00925 -0.0175215
 vertex 0.093 -0.00795096 -0.0167715
 vertex 0.105 -0.00795096 -0.0167715
 endloop
endfacet
facet normal 0 0 0
 outer loop
 vertex 0.093 -0.00925 -0.0175215
 vertex 0.105 -0.00795096 -0.0167715
 vertex 0.105 -0.00925 -0.0175215
 endloop
endfacet
facet normal 0 0 0
 outer loop
 vertex 0.093 -0.00795096 -0.0167715
 vertex 0.093 -0.00795096 -0.0152715
 vertex 0.105 -0.00795096 -0.0152715
 endloop
endfacet
facet normal 0 0 0
 outer loop
 vertex 0.093 -0.00795096 -0.0167715
 vertex 0.105 -0.00795096 -0.0152715
 vertex 0.105 -0.00795096 -0.0167715
 endloop
endfacet
facet normal 0 0 0
 outer loop
 vertex 0.093 -0.00795096 -0.0152715
 vertex 0.093 -0.00925 -0.0145215
 vertex 0.105 -0.00925 -0.0145215
 endloop
endfacet
facet normal 0 0 0
 outer loop
 vertex 0.093 -0.00795096 -0.0152715
 vertex 0.105 -0.00925 -0.0145215
 vertex 0.105 -0.00795096 -0.0152715
 endloop
endfacet
facet normal 0 0 0
 outer loop
 vertex 0.093 -0.00925 -0.0160215
 vertex 0.093 -0.010549 -0.0152715
 vertex 0.093 -0.00925 -0.0145215
 endloop
endfacet
facet normal 0 0 0
 outer loop
 vertex 0.105 -0.00925 -0.0160215
 vertex 0.105 -0.00925 -0.0145215
 vertex 0.105 -0.010549 -0.0152715
 endloop
endfacet
facet normal 0 0 0
 outer loop
 vertex 0.093 -0.00925 -0.0160215
 vertex 0.093 -0.010549 -0.0167715
 vertex 0.093 -0.010549 -0.0152715
 endloop
endfacet
facet normal 0 0 0
 outer loop
 vertex 0.105 -0.00925 -0.0160215
 vertex 0.105 -0.010549 -0.0152715
 vertex 0.105 -0.010549 -0.0167715
 endloop
endfacet
facet normal 0 0 0
 outer loop
 vertex 0.093 -0.00925 -0.0160215
 vertex 0.093 -0.00925 -0.0175215
 vertex 0.093 -0.010549 -0.0167715
 endloop
endfacet
facet normal 0 0 0
 outer loop
 vertex 0.105 -0.00925 -0.0160215
 vertex 0.105 -0.010549 -0.0167715
 vertex 0.105 -0.00925 -0.0175215
 endloop
endfacet
facet normal 0 0 0
 outer loop
 vertex 0.093 -0.00925 -0.0160215
 vertex 0.093 -0.00795096 -0.0167715
 vertex 0.093 -0.00925 -0.0175215
 endloop
endfacet
facet normal 0 0 0
 outer loop
 vertex 0.105 -0.00925 -0.0160215
 vertex 0.105 -0.00925 -0.0175215
 vertex 0.105 -0.00795096 -0.0167715
 endloop
endfacet
facet normal 0 0 0
 outer loop
 vertex 0.093 -0.00925 -0.0160215
 vertex 0.093 -0.00795096 -0.0152715
 vertex 0.093 -0.00795096 -0.0167715
 endloop
endfacet
facet normal 0 0 0
 outer loop
 vertex 0.105 -0.00925 -0.0160215
 vertex 0.105 -0.00795096 -0.0167715
 vertex 0.105 -0.00795096 -0.0152715
 endloop
endfacet
facet normal 0 0 0
 outer loop
 vertex 0.093 -0.00925 -0.0160215
 vertex 0.093 -0.00925 -0.0145215
 vertex 0.093 -0.00795096 -0.0152715
 endloop
endfacet
facet normal 0 0 0
 outer loop
 vertex 0.105 -0.00925 -0.0160215
 vertex 0.105 -0.00795096 -0.0152715
 vertex 0.105 -0.00925 -0.0145215
 endloop
endfacet
facet normal 0 0 0
 outer loop
 vertex 0.093 -0.0160215 -0.00775
 vertex 0.093 -0.0173205 -0.0085
 vertex 0.105 -0.0173205 -0.0085
 endloop
endfacet
facet normal 0 0 0
 outer loop
 vertex 0.093 -0.0160215 -0.00775
 vertex 0.105 -0.0173205 -0.0085
 vertex 0.105 -0.0160215 -0.00775
 endloop
endfacet
facet normal 0 0 0
 outer loop
 vertex 0.093 -0.0173205 -0.0085
 vertex 0.093 -0.0173205 -0.01
 vertex 0.105 -0.0173205 -0.01
 endloop
endfacet
facet normal 0 0 0
 outer loop
 vertex 0.093 -0.0173205 -0.0085
 vertex 0.105 -0.0173205 -0.01
 vertex 0.105 -0.0173205 -0.0085
 endloop
endfacet
facet normal 0 0 0
 outer loop
 vertex 0.093 -0.0173205 -0.01
 vertex 0.093 -0.0160215 -0.01075
 vertex 0.105 -0.0160215 -0.01075
 endloop
endfacet
facet normal 0 0 0
 outer loop
 vertex 0.093 -0.0173205 -0.01
 vertex 0.105 -0.0160215 -0.01075
 vertex 0.105 -0.0173205 -0.01
 endloop
endfacet
facet normal 0 0 0
 outer loop
 vertex 0.093 -0.0160215 -0.01075
 vertex 0.093 -0.0147224 -0.01
 vertex 0.105 -0.0147224 -0.01
 endloop
endfacet
facet normal 0 0 0
 outer loop
 vertex 0.093 -0.0160215 -0.01075
 vertex 0.105 -0.0147224 -0.01
 vertex 0.105 -0.0160215 -0.01075
 endloop
endfacet
facet normal 0 0 0
 outer loop
 vertex 0.093 -0.0147224 -0.01
 vertex 0.093 -0.0147224 -0.0085
 vertex 0.105 -0.0147224 -0.0085
 endloop
endfacet
facet normal 0 0 0
 outer loop
 vertex 0.093 -0.0147224 -0.01
 vertex 0.105 -0.0147224 -0.0085
 vertex 0.105 -0.0147224 -0.01
 endloop
endfacet
facet normal 0 0 0
 outer loop
 vertex 0.093 -0.0147224 -0.0085
 vertex 0.093 -0.0160215 -0.00775
 vertex 0.105 -0.0160215 -0.00775
 endloop
endfacet
facet normal 0 0 0
 outer loop
 vertex 0.093 -0.0147224 -0.0085
 vertex 0.105 -0.0160215 -0.00775
 vertex 0.105 -0.0147224 -0.0085
 endloop
endfacet
facet normal 0 0 0
 outer loop
 vertex 0.093 -0.0160215 -0.00925
 vertex 0.093 -0.0173205 -0.0085
 vertex 0.093 -0.0160215 -0.00775
 endloop
endfacet
facet normal 0 0 0
 outer loop
 vertex 0.105 -0.0160215 -0.00925
 vertex 0.105 -0.0160215 -0.00775
 vertex 0.105 -0.0173205 -0.0085
 endloop
endfacet
facet normal 0 0 0
 outer loop
 vertex 0.093 -0.0160215 -0.00925
 vertex 0.093 -0.0173205 -0.01
 vertex 0.093 -0.0173205 -0.0085
 endloop
endfacet
facet normal 0 0 0
 outer loop
 vertex 0.105 -0.0160215 -0.00925
 vertex 0.105 -0.0173205 -0.0085
 vertex 0.105 -0.0173205 -0.01
 endloop
endfacet
facet normal 0 0 0
 outer loop
 vertex 0.093 -0.0160215 -0.00925
 vertex 0.093 -0.0160215 -0.01075
 vertex 0.093 -0.0173205 -0.01
 endloop
endfacet
facet normal 0 0 0
 outer loop
 vertex 0.105 -0.0160215 -0.00925
 vertex 0.105 -0.0173205 -0.01
 vertex 0.105 -0.0160215 -0.01075
 endloop
endfacet
facet normal 0 0 0
 outer loop
 vertex 0.093 -0.0160215 -0.00925
 vertex 0.093 -0.0147224 -0.01
 vertex 0.093 -0.0160215 -0.01075
 endloop
endfacet
facet normal 0 0 0
 outer loop
 vertex 0.105 -0.0160215 -0.00925
 vertex 0.105 -0.0160215 -0.01075
 vertex 0.105 -0.0147224 -0.01
 endloop
endfacet
facet normal 0 0 0
 outer loop
 vertex 0.093 -0.0160215 -0.00925
 vertex 0.093 -0.0147224 -0.0085
 vertex 0.093 -0.0147224 -0.01
 endloop
endfacet
facet normal 0 0 0
 outer loop
 vertex 0.105 -0.0160215 -0.00925
 vertex 0.105 -0.0147224 -0.01
 vertex 0.105 -0.0147224 -0.0085
 endloop
endfacet
facet normal 0 0 0
 outer loop
 vertex 0.093 -0.0160215 -0.00925
 vertex 0.093 -0.0160215 -0.00775
 vertex 0.093 -0.0147224 -0.0085
 endloop
endfacet
facet normal 0 0 0
 outer loop
 vertex 0.105 -0.0160215 -0.00925
 vertex 0.105 -0.0147224 -0.0085
 vertex 0.105 -0.0160215 -0.00775
 endloop
endfacet
facet normal 0 0 0
 outer loop
 vertex 0.093 -0.0185 0.0015
 vertex 0.093 -0.019799 0.00075
 vertex 0.105 -0.019799 0.00075
 endloop
endfacet
facet normal 0 0 0
 outer loop
 vertex 0.093 -0.0185 0.0015
 vertex 0.105 -0.019799 0.00075
 vertex 0.105 -0.0185 0.0015
 endloop
endfacet
facet normal 0 0 0
 outer loop
 vertex 0.093 -0.019799 0.00075
 vertex 0.093 -0.019799 -0.00075
 vertex 0.105 -0.019799 -0.00075
 endloop
endfacet
facet normal 0 0 0
 outer loop
 vertex 0.093 -0.019799 0.00075
 vertex 0.105 -0.019799 -0.00075
 vertex 0.105 -0.019799 0.00075
 endloop
endfacet
facet normal 0 0 0
 outer loop
 vertex 0.093 -0.019799 -0.00075
 vertex 0.093 -0.0185 -0.0015
 vertex 0.105 -0.0185 -0.0015
 endloop
endfacet
facet normal 0 0 0
 outer loop
 vertex 0.093 -0.019799 -0.00075
 vertex 0.105 -0.0185 -0.0015
 vertex 0.105 -0.019799 -0.00075
 endloop
endfacet
facet normal 0 0 0
 outer loop
 vertex 0.093 -0.0185 -0.0015
 vertex 0.093 -0.017201 -0.00075
 vertex 0.105 -0.017201 -0.00075
 endloop
endfacet
facet normal 0 0 0
 outer loop
 vertex 0.093 -0.0185 -0.0015
 vertex 0.105 -0.017201 -0.00075
 vertex 0.105 -0.0185 -0.0015
 endloop
endfacet
facet normal 0 0 0
 outer loop
 vertex 0.093 -0.017201 -0.00075
 vertex 0.093 -0.017201 0.00075
 vertex 0.105 -0.017201 0.00075
 endloop
endfacet
facet normal 0 0 0
 outer loop
 vertex 0.093 -0.017201 -0.00075
 vertex 0.105 -0.017201 0.00075
 vertex 0.105 -0.017201 -0.00075
 endloop
endfacet
facet normal 0 0 0
 outer loop
 vertex 0.093 -0.017201 0.00075
 vertex 0.093 -0.0185 0.0015
 vertex 0.105 -0.0185 0.0015
 endloop
endfacet
facet normal 0 0 0
 outer loop
 vertex 0.093 -0.017201 0.00075
 vertex 0.105 -0.0185 0.0015
 vertex 0.105 -0.017201 0.00075
 endloop
endfacet
facet normal 0 0 0
 outer loop
 vertex 0.093 -0.0185 2.2061e-10
 vertex 0.093 -0.019799 0.00075
 vertex 0.093 -0.0185 0.0015
 endloop
endfacet
facet normal 0 0 0
 outer loop
 vertex 0.105 -0.0185 2.2061e-10
 vertex 0.105 -0.0185 0.0015
 vertex 0.105 -0.019799 0.00075
 endloop
endfacet
facet normal 0 0 0
 outer loop
 vertex 0.093 -0.0185 2.2061e-10
 vertex 0.093 -0.019799 -0.00075
 vertex 0.093 -0.019799 0.00075
 endloop
endfacet
facet normal 0 0 0
 outer loop
 vertex 0.105 -0.0185 2.2061e-10
 vertex 0.105 -0.019799 0.00075
 vertex 0.105 -0.019799 -0.00075
 endloop
endfacet
facet normal 0 0 0
 outer loop
 vertex 0.093 -0.0185 2.2061e-10
 vertex 0.093 -0.0185 -0.0015
 vertex 0.093 -0.019799 -0.00075
 endloop
endfacet
facet normal 0 0 0
 outer loop
 vertex 0.105 -0.0185 2.2061e-10
 vertex 0.105 -0.019799 -0.00075
 vertex 0.105 -0.0185 -0.0015
 endloop
endfacet
facet normal 0 0 0
 outer loop
 vertex 0.093 -0.0185 2.2061e-10
 vertex 0.093 -0.017201 -0.00075
 vertex 0.093 -0.0185 -0.0015
 endloop
endfacet
facet normal 0 0 0
 outer loop
 vertex 0.105 -0.0185 2.2061e-10
 vertex 0.105 -0.0185 -0.0015
 vertex 0.105 -0.017201 -0.00075
 endloop
endfacet
facet normal 0 0 0
 outer loop
 vertex 0.093 -0.0185 2.2061e-10
 vertex 0.093 -0.017201 0.00075
 vertex 0.093 -0.017201 -0.00075
 endloop
endfacet
facet normal 0 0 0
 outer loop
 vertex 0.105 -0.0185 2.2061e-10
 vertex 0.105 -0.017201 -0.00075
 vertex 0.105 -0.017201 0.00075
 endloop
endfacet
facet normal 0 0 0
 outer loop
 vertex 0.093 -0.0185 2.2061e-10
 vertex 0.093 -0.0185 0.0015
 vertex 0.093 -0.017201 0.00075
 endloop
endfacet
facet normal 0 0 0
 outer loop
 vertex 0.105 -0.0185 2.2061e-10
 vertex 0.105 -0.017201 0.00075
 vertex 0.105 -0.0185 0.0015
 endloop
endfacet
facet normal 0 0 0
 outer loop
 vertex 0.093 -0.0160215 0.01075
 vertex 0.093 -0.0173205 0.01
 vertex 0.105 -0.0173205 0.01
 endloop
endfacet
facet normal 0 0 0
 outer loop
 vertex 0.093 -0.0160215 0.01075
 vertex 0.105 -0.0173205 0.01
 vertex 0.105 -0.0160215 0.01075
 endloop
endfacet
facet normal 0 0 0
 outer loop
 vertex 0.093 -0.0173205 0.01
 vertex 0.093 -0.0173205 0.0085
 vertex 0.105 -0.0173205 0.0085
 endloop
endfacet
facet normal 0 0 0
 outer loop
 vertex 0.093 -0.0173205 0.01
 vertex 0.105 -0.0173205 0.0085
 vertex 0.105 -0.0173205 0.01
 endloop
endfacet
facet normal 0 0 0
 outer loop
 vertex 0.093 -0.0173205 0.0085
 vertex 0.093 -0.0160215 0.00775
 vertex 0.105 -0.0160215 0.00775
 endloop
endfacet
facet normal 0 0 0
 outer loop
 vertex 0.093 -0.0173205 0.0085
 vertex 0.105 -0.0160215 0.00775
 vertex 0.105 -0.0173205 0.0085
 endloop
endfacet
facet normal 0 0 0
 outer loop
 vertex 0.093 -0.0160215 0.00775
 vertex 0.093 -0.0147224 0.0085
 vertex 0.105 -0.0147224 0.0085
 endloop
endfacet
facet normal 0 0 0
 outer loop
 vertex 0.093 -0.0160215 0.00775
 vertex 0.105 -0.0147224 0.0085
 vertex 0.105 -0.0160215 0.00775
 endloop
endfacet
facet normal 0 0 0
 outer loop
 vertex 0.093 -0.0147224 0.0085
 vertex 0.093 -0.0147224 0.01
 vertex 0.105 -0.0147224 0.01
 endloop
endfacet
facet normal 0 0 0
 outer loop
 vertex 0.093 -0.0147224 0.0085
 vertex 0.105 -0.0147224 0.01
 vertex 0.105 -0.0147224 0.0085
 endloop
endfacet
facet normal 0 0 0
 outer loop
 vertex 0.093 -0.0147224 0.01
 vertex 0.093 -0.0160215 0.01075
 vertex 0.105 -0.0160215 0.01075
 endloop
endfacet
facet normal 0 0 0
 outer loop
 vertex 0.093 -0.0147224 0.01
 vertex 0.105 -0.0160215 0.01075
 vertex 0.105 -0.0147224 0.01
 endloop
endfacet
facet normal 0 0 0
 outer loop
 vertex 0.093 -0.0160215 0.00925
 vertex 0.093 -0.0173205 0.01
 vertex 0.093 -0.0160215 0.01075
 endloop
endfacet
facet normal 0 0 0
 outer loop
 vertex 0.105 -0.0160215 0.00925
 vertex 0.105 -0.0160215 0.01075
 vertex 0.105 -0.0173205 0.01
 endloop
endfacet
facet normal 0 0 0
 outer loop
 vertex 0.093 -0.0160215 0.00925
 vertex 0.093 -0.0173205 0.0085
 vertex 0.093 -0.0173205 0.01
 endloop
endfacet
facet normal 0 0 0
 outer loop
 vertex 0.105 -0.0160215 0.00925
 vertex 0.105 -0.0173205 0.01
 vertex 0.105 -0.0173205 0.0085
 endloop
endfacet
facet normal 0 0 0
 outer loop
 vertex 0.093 -0.0160215 0.00925
 vertex 0.093 -0.0160215 0.00775
 vertex 0.093 -0.0173205 0.0085
 endloop
endfacet
facet normal 0 0 0
 outer loop
 vertex 0.105 -0.0160215 0.00925
 vertex 0.105 -0.0173205 0.0085
 vertex 0.105 -0.0160215 0.00775
 endloop
endfacet
facet normal 0 0 0
 outer loop
 vertex 0.093 -0.0160215 0.00925
 vertex 0.093 -0.0147224 0.0085
 vertex 0.093 -0.0160215 0.00775
 endloop
endfacet
facet normal 0 0 0
 outer loop
 vertex 0.105 -0.0160215 0.00925
 vertex 0.105 -0.0160215 0.00775
 vertex 0.105 -0.0147224 0.0085
 endloop
endfacet
facet normal 0 0 0
 outer loop
 vertex 0.093 -0.0160215 0.00925
 vertex 0.093 -0.0147224 0.01
 vertex 0.093 -0.0147224 0.0085
 endloop
endfacet
facet normal 0 0 0
 outer loop
 vertex 0.105 -0.0160215 0.00925
 vertex 0.105 -0.0147224 0.0085
 vertex 0.105 -0.0147224 0.01
 endloop
endfacet
facet normal 0 0 0
 outer loop
 vertex 0.093 -0.0160215 0.00925
 vertex 0.093 -0.0160215 0.01075
 vertex 0.093 -0.0147224 0.01
 endloop
endfacet
facet normal 0 0 0
 outer loop
 vertex 0.105 -0.0160215 0.00925
 vertex 0.105 -0.0147224 0.01
 vertex 0.105 -0.0160215 0.01075
 endloop
endfacet
facet normal 0 0 0
 outer loop
 vertex 0.093 -0.00925 0.0175215
 vertex 0.093 -0.010549 0.0167715
 vertex 0.105 -0.010549 0.0167715
 endloop
endfacet
facet normal 0 0 0
 outer loop
 vertex 0.093 -0.00925 0.0175215
 vertex 0.105 -0.010549 0.0167715
 vertex 0.105 -0.00925 0.0175215
 endloop
endfacet
facet normal 0 0 0
 outer loop
 vertex 0.093 -0.010549 0.0167715
 vertex 0.093 -0.010549 0.0152715
 vertex 0.105 -0.010549 0.0152715
 endloop
endfacet
facet normal 0 0 0
 outer loop
 vertex 0.093 -0.010549 0.0167715
 vertex 0.105 -0.010549 0.0152715
 vertex 0.105 -0.010549 0.0167715
 endloop
endfacet
facet normal 0 0 0
 outer loop
 vertex 0.093 -0.010549 0.0152715
 vertex 0.093 -0.00925 0.0145215
 vertex 0.105 -0.00925 0.0145215
 endloop
endfacet
facet normal 0 0 0
 outer loop
 vertex 0.093 -0.010549 0.0152715
 vertex 0.105 -0.00925 0.0145215
 vertex 0.105 -0.010549 0.0152715
 endloop
endfacet
facet normal 0 0 0
 outer loop
 vertex 0.093 -0.00925 0.0145215
 vertex 0.093 -0.00795097 0.0152715
 vertex 0.105 -0.00795097 0.0152715
 endloop
endfacet
facet normal 0 0 0
 outer loop
 vertex 0.093 -0.00925 0.0145215
 vertex 0.105 -0.00795097 0.0152715
 vertex 0.105 -0.00925 0.0145215
 endloop
endfacet
facet normal 0 0 0
 outer loop
 vertex 0.093 -0.00795097 0.0152715
 vertex 0.093 -0.00795097 0.0167715
 vertex 0.105 -0.00795097 0.0167715
 endloop
endfacet
facet normal 0 0 0
 outer loop
 vertex 0.093 -0.00795097 0.0152715
 vertex 0.105 -0.00795097 0.0167715
 vertex 0.105 -0.00795097 0.0152715
 endloop
endfacet
facet normal 0 0 0
 outer loop
 vertex 0.093 -0.00795097 0.0167715
 vertex 0.093 -0.00925 0.0175215
 vertex 0.105 -0.00925 0.0175215
 endloop
endfacet
facet normal 0 0 0
 outer loop
 vertex 0.093 -0.00795097 0.0167715
 vertex 0.105 -0.00925 0.0175215
 vertex 0.105 -0.00795097 0.0167715
 endloop
endfacet
facet normal 0 0 0
 outer loop
 vertex 0.093 -0.00925 0.0160215
 vertex 0.093 -0.010549 0.0167715
 vertex 0.093 -0.00925 0.0175215
 endloop
endfacet
facet normal 0 0 0
 outer loop
 vertex 0.105 -0.00925 0.0160215
 vertex 0.105 -0.00925 0.0175215
 vertex 0.105 -0.010549 0.0167715
 endloop
endfacet
facet normal 0 0 0
 outer loop
 vertex 0.093 -0.00925 0.0160215
 vertex 0.093 -0.010549 0.0152715
 vertex 0.093 -0.010549 0.0167715
 endloop
endfacet
facet normal 0 0 0
 outer loop
 vertex 0.105 -0.00925 0.0160215
 vertex 0.105 -0.010549 0.0167715
 vertex 0.105 -0.010549 0.0152715
 endloop
endfacet
facet normal 0 0 0
 outer loop
 vertex 0.093 -0.00925 0.0160215
 vertex 0.093 -0.00925 0.0145215
 vertex 0.093 -0.010549 0.0152715
 endloop
endfacet
facet normal 0 0 0
 outer loop
 vertex 0.105 -0.00925 0.0160215
 vertex 0.105 -0.010549 0.0152715
 vertex 0.105 -0.00925 0.0145215
 endloop
endfacet
facet normal 0 0 0
 outer loop
 vertex 0.093 -0.00925 0.0160215
 vertex 0.093 -0.00795097 0.0152715
 vertex 0.093 -0.00925 0.0145215
 endloop
endfacet
facet normal 0 0 0
 outer loop
 vertex 0.105 -0.00925 0.0160215
 vertex 0.105 -0.00925 0.0145215
 vertex 0.105 -0.00795097 0.0152715
 endloop
endfacet
facet normal 0 0 0
 outer loop
 vertex 0.093 -0.00925 0.0160215
 vertex 0.093 -0.00795097 0.0167715
 vertex 0.093 -0.00795097 0.0152715
 endloop
endfacet
facet normal 0 0 0
 outer loop
 vertex 0.105 -0.00925 0.0160215
 vertex 0.105 -0.00795097 0.0152715
 vertex 0.105 -0.00795097 0.0167715
 endloop
endfacet
facet normal 0 0 0
 outer loop
 vertex 0.093 -0.00925 0.0160215
 vertex 0.093 -0.00925 0.0175215
 vertex 0.093 -0.00795097 0.0167715
 endloop
endfacet
facet normal 0 0 0
 outer loop
 vertex 0.105 -0.00925 0.0160215
 vertex 0.105 -0.00795097 0.0167715
 vertex 0.105 -0.00925 0.0175215
 endloop
endfacet
facet normal 0 0 0
 outer loop
 vertex -0.032 0 0.02
 vertex -0.032 0.00261052 0.0198289
 vertex 0.092 0.00261052 0.0198289
 endloop
endfacet
facet normal 0 0 0
 outer loop
 vertex -0.032 0 0.02
 vertex 0.092 0.00261052 0.0198289
 vertex 0.092 0 0.02
 endloop
endfacet
facet normal 0 0 0
 outer loop
 vertex 0.092 0 0.0195
 vertex 0.092 0.00254526 0.0193332
 vertex -0.032 0.00254526 0.0193332
 endloop
endfacet
facet normal 0 0 0
 outer loop
 vertex 0.092 0 0.0195
 vertex -0.032 0.00254526 0.0193332
 vertex -0.032 0 0.0195
 endloop
endfacet
facet normal 0 0 0
 outer loop
 vertex -0.032 0.00261052 0.0198289
 vertex -0.032 0.00517638 0.0193185
 vertex 0.092 0.00517638 0.0193185
 endloop
endfacet
facet normal 0 0 0
 outer loop
 vertex -0.032 0.00261052 0.0198289
 vertex 0.092 0.00517638 0.0193185
 vertex 0.092 0.00261052 0.0198289
 endloop
endfacet
facet normal 0 0 0
 outer loop
 vertex 0.092 0.00254526 0.0193332
 vertex 0.092 0.00504697 0.0188356
 vertex -0.032 0.00504697 0.0188356
 endloop
endfacet
facet normal 0 0 0
 outer loop
 vertex 0.092 0.00254526 0.0193332
 vertex -0.032 0.00504697 0.0188356
 vertex -0.032 0.00254526 0.0193332
 endloop
endfacet
facet normal 0 0 0
 outer loop
 vertex -0.032 0.00517638 0.0193185
 vertex -0.032 0.00765367 0.0184776
 vertex 0.092 0.00765367 0.0184776
 endloop
endfacet
facet normal 0 0 0
 outer loop
 vertex -0.032 0.00517638 0.0193185
 vertex 0.092 0.00765367 0.0184776
 vertex 0.092 0.00517638 0.0193185
 endloop
endfacet
facet normal 0 0 0
 outer loop
 vertex 0.092 0.00504697 0.0188356
 vertex 0.092 0.00746233 0.0180157
 vertex -0.032 0.00746233 0.0180157
 endloop
endfacet
facet normal 0 0 0
 outer loop
 vertex 0.092 0.00504697 0.0188356
 vertex -0.032 0.00746233 0.0180157
 vertex -0.032 0.00504697 0.0188356
 endloop
endfacet
facet normal 0 0 0
 outer loop
 vertex -0.032 0.00765367 0.0184776
 vertex -0.032 0.01 0.0173205
 vertex 0.092 0.01 0.0173205
 endloop
endfacet
facet normal 0 0 0
 outer loop
 vertex -0.032 0.00765367 0.0184776
 vertex 0.092 0.01 0.0173205
 vertex 0.092 0.00765367 0.0184776
 endloop
endfacet
facet normal 0 0 0
 outer loop
 vertex 0.092 0.00746233 0.0180157
 vertex 0.092 0.00975 0.0168875
 vertex -0.032 0.00975 0.0168875
 endloop
endfacet
facet normal 0 0 0
 outer loop
 vertex 0.092 0.00746233 0.0180157
 vertex -0.032 0.00975 0.0168875
 vertex -0.032 0.00746233 0.0180157
 endloop
endfacet
facet normal 0 0 0
 outer loop
 vertex -0.032 0.01 0.0173205
 vertex -0.032 0.0121752 0.0158671
 vertex 0.092 0.0121752 0.0158671
 endloop
endfacet
facet normal 0 0 0
 outer loop
 vertex -0.032 0.01 0.0173205
 vertex 0.092 0.0121752 0.0158671
 vertex 0.092 0.01 0.0173205
 endloop
endfacet
facet normal 0 0 0
 outer loop
 vertex 0.092 0.00975 0.0168875
 vertex 0.092 0.0118708 0.0154704
 vertex -0.032 0.0118708 0.0154704
 endloop
endfacet
facet normal 0 0 0
 outer loop
 vertex 0.092 0.00975 0.0168875
 vertex -0.032 0.0118708 0.0154704
 vertex -0.032 0.00975 0.0168875
 endloop
endfacet
facet normal 0 0 0
 outer loop
 vertex -0.032 0.0121752 0.0158671
 vertex -0.032 0.0141421 0.0141421
 vertex 0.092 0.0141421 0.0141421
 endloop
endfacet
facet normal 0 0 0
 outer loop
 vertex -0.032 0.0121752 0.0158671
 vertex 0.092 0.0141421 0.0141421
 vertex 0.092 0.0121752 0.0158671
 endloop
endfacet
facet normal 0 0 0
 outer loop
 vertex 0.092 0.0118708 0.0154704
 vertex 0.092 0.0137886 0.0137886
 vertex -0.032 0.0137886 0.0137886
 endloop
endfacet
facet normal 0 0 0
 outer loop
 vertex 0.092 0.0118708 0.0154704
 vertex -0.032 0.0137886 0.0137886
 vertex -0.032 0.0118708 0.0154704
 endloop
endfacet
facet normal 0 0 0
 outer loop
 vertex -0.032 0.0141421 0.0141421
 vertex -0.032 0.0158671 0.0121752
 vertex 0.092 0.0158671 0.0121752
 endloop
endfacet
facet normal 0 0 0
 outer loop
 vertex -0.032 0.0141421 0.0141421
 vertex 0.092 0.0158671 0.0121752
 vertex 0.092 0.0141421 0.0141421
 endloop
endfacet
facet normal 0 0 0
 outer loop
 vertex 0.092 0.0137886 0.0137886
 vertex 0.092 0.0154704 0.0118708
 vertex -0.032 0.0154704 0.0118708
 endloop
endfacet
facet normal 0 0 0
 outer loop
 vertex 0.092 0.0137886 0.0137886
 vertex -0.032 0.0154704 0.0118708
 vertex -0.032 0.0137886 0.0137886
 endloop
endfacet
facet normal 0 0 0
 outer loop
 vertex -0.032 0.0158671 0.0121752
 vertex -0.032 0.0173205 0.01
 vertex 0.092 0.0173205 0.01
 endloop
endfacet
facet normal 0 0 0
 outer loop
 vertex -0.032 0.0158671 0.0121752
 vertex 0.092 0.0173205 0.01
 vertex 0.092 0.0158671 0.0121752
 endloop
endfacet
facet normal 0 0 0
 outer loop
 vertex 0.092 0.0154704 0.0118708
 vertex 0.092 0.0168875 0.00975
 vertex -0.032 0.0168875 0.00975
 endloop
endfacet
facet normal 0 0 0
 outer loop
 vertex 0.092 0.0154704 0.0118708
 vertex -0.032 0.0168875 0.00975
 vertex -0.032 0.0154704 0.0118708
 endloop
endfacet
facet normal 0 0 0
 outer loop
 vertex -0.032 0.0173205 0.01
 vertex -0.032 0.0184776 0.00765367
 vertex 0.092 0.0184776 0.00765367
 endloop
endfacet
facet normal 0 0 0
 outer loop
 vertex -0.032 0.0173205 0.01
 vertex 0.092 0.0184776 0.00765367
 vertex 0.092 0.0173205 0.01
 endloop
endfacet
facet normal 0 0 0
 outer loop
 vertex 0.092 0.0168875 0.00975
 vertex 0.092 0.0180157 0.00746233
 vertex -0.032 0.0180157 0.00746233
 endloop
endfacet
facet normal 0 0 0
 outer loop
 vertex 0.092 0.0168875 0.00975
 vertex -0.032 0.0180157 0.00746233
 vertex -0.032 0.0168875 0.00975
 endloop
endfacet
facet normal 0 0 0
 outer loop
 vertex -0.032 0.0184776 0.00765367
 vertex -0.032 0.0193185 0.00517638
 vertex 0.092 0.0193185 0.00517638
 endloop
endfacet
facet normal 0 0 0
 outer loop
 vertex -0.032 0.0184776 0.00765367
 vertex 0.092 0.0193185 0.00517638
 vertex 0.092 0.0184776 0.00765367
 endloop
endfacet
facet normal 0 0 0
 outer loop
 vertex 0.092 0.0180157 0.00746233
 vertex 0.092 0.0188356 0.00504697
 vertex -0.032 0.0188356 0.00504697
 endloop
endfacet
facet normal 0 0 0
 outer loop
 vertex 0.092 0.0180157 0.00746233
 vertex -0.032 0.0188356 0.00504697
 vertex -0.032 0.0180157 0.00746233
 endloop
endfacet
facet normal 0 0 0
 outer loop
 vertex -0.032 0.0193185 0.00517638
 vertex -0.032 0.0198289 0.00261052
 vertex 0.092 0.0198289 0.00261052
 endloop
endfacet
facet normal 0 0 0
 outer loop
 vertex -0.032 0.0193185 0.00517638
 vertex 0.092 0.0198289 0.00261052
 vertex 0.092 0.0193185 0.00517638
 endloop
endfacet
facet normal 0 0 0
 outer loop
 vertex 0.092 0.0188356 0.00504697
 vertex 0.092 0.0193332 0.00254526
 vertex -0.032 0.0193332 0.00254526
 endloop
endfacet
facet normal 0 0 0
 outer loop
 vertex 0.092 0.0188356 0.00504697
 vertex -0.032 0.0193332 0.00254526
 vertex -0.032 0.0188356 0.00504697
 endloop
endfacet
facet normal 0 0 0
 outer loop
 vertex -0.032 0.0198289 0.00261052
 vertex -0.032 0.02 -8.74228e-10
 vertex 0.092 0.02 -8.74228e-10
 endloop
endfacet
facet normal 0 0 0
 outer loop
 vertex -0.032 0.0198289 0.00261052
 vertex 0.092 0.02 -8.74228e-10
 vertex 0.092 0.0198289 0.00261052
 endloop
endfacet
facet normal 0 0 0
 outer loop
 vertex 0.092 0.0193332 0.00254526
 vertex 0.092 0.0195 -8.52372e-10
 vertex -0.032 0.0195 -8.52372e-10
 endloop
endfacet
facet normal 0 0 0
 outer loop
 vertex 0.092 0.0193332 0.00254526
 vertex -0.032 0.0195 -8.52372e-10
 vertex -0.032 0.0193332 0.00254526
 endloop
endfacet
facet normal 0 0 0
 outer loop
 vertex -0.032 0.02 -8.74228e-10
 vertex -0.032 0.0198289 -0.00261052
 vertex 0.092 0.0198289 -0.00261052
 endloop
endfacet
facet normal 0 0 0
 outer loop
 vertex -0.032 0.02 -8.74228e-10
 vertex 0.092 0.0198289 -0.00261052
 vertex 0.092 0.02 -8.74228e-10
 endloop
endfacet
facet normal 0 0 0
 outer loop
 vertex 0.092 0.0195 -8.52372e-10
 vertex 0.092 0.0193332 -0.00254526
 vertex -0.032 0.0193332 -0.00254526
 endloop
endfacet
facet normal 0 0 0
 outer loop
 vertex 0.092 0.0195 -8.52372e-10
 vertex -0.032 0.0193332 -0.00254526
 vertex -0.032 0.0195 -8.52372e-10
 endloop
endfacet
facet normal 0 0 0
 outer loop
 vertex -0.032 0.0198289 -0.00261052
 vertex -0.032 0.0193185 -0.00517638
 vertex 0.092 0.0193185 -0.00517638
 endloop
endfacet
facet normal 0 0 0
 outer loop
 vertex -0.032 0.0198289 -0.00261052
 vertex 0.092 0.0193185 -0.00517638
 vertex 0.092 0.0198289 -0.00261052
 endloop
endfacet
facet normal 0 0 0
 outer loop
 vertex 0.092 0.0193332 -0.00254526
 vertex 0.092 0.0188356 -0.00504697
 vertex -0.032 0.0188356 -0.00504697
 endloop
endfacet
facet normal 0 0 0
 outer loop
 vertex 0.092 0.0193332 -0.00254526
 vertex -0.032 0.0188356 -0.00504697
 vertex -0.032 0.0193332 -0.00254526
 endloop
endfacet
facet normal 0 0 0
 outer loop
 vertex -0.032 0.0193185 -0.00517638
 vertex -0.032 0.0184776 -0.00765367
 vertex 0.092 0.0184776 -0.00765367
 endloop
endfacet
facet normal 0 0 0
 outer loop
 vertex -0.032 0.0193185 -0.00517638
 vertex 0.092 0.0184776 -0.00765367
 vertex 0.092 0.0193185 -0.00517638
 endloop
endfacet
facet normal 0 0 0
 outer loop
 vertex 0.092 0.0188356 -0.00504697
 vertex 0.092 0.0180157 -0.00746233
 vertex -0.032 0.0180157 -0.00746233
 endloop
endfacet
facet normal 0 0 0
 outer loop
 vertex 0.092 0.0188356 -0.00504697
 vertex -0.032 0.0180157 -0.00746233
 vertex -0.032 0.0188356 -0.00504697
 endloop
endfacet
facet normal 0 0 0
 outer loop
 vertex -0.032 0.0184776 -0.00765367
 vertex -0.032 0.0173205 -0.01
 vertex 0.092 0.0173205 -0.01
 endloop
endfacet
facet normal 0 0 0
 outer loop
 vertex -0.032 0.0184776 -0.00765367
 vertex 0.092 0.0173205 -0.01
 vertex 0.092 0.0184776 -0.00765367
 endloop
endfacet
facet normal 0 0 0
 outer loop
 vertex 0.092 0.0180157 -0.00746233
 vertex 0.092 0.0168875 -0.00975
 vertex -0.032 0.0168875 -0.00975
 endloop
endfacet
facet normal 0 0 0
 outer loop
 vertex 0.092 0.0180157 -0.00746233
 vertex -0.032 0.0168875 -0.00975
 vertex -0.032 0.0180157 -0.00746233
 endloop
endfacet
facet normal 0 0 0
 outer loop
 vertex -0.032 0.0173205 -0.01
 vertex -0.032 0.0158671 -0.0121752
 vertex 0.092 0.0158671 -0.0121752
 endloop
endfacet
facet normal 0 0 0
 outer loop
 vertex -0.032 0.0173205 -0.01
 vertex 0.092 0.0158671 -0.0121752
 vertex 0.092 0.0173205 -0.01
 endloop
endfacet
facet normal 0 0 0
 outer loop
 vertex 0.092 0.0168875 -0.00975
 vertex 0.092 0.0154704 -0.0118708
 vertex -0.032 0.0154704 -0.0118708
 endloop
endfacet
facet normal 0 0 0
 outer loop
 vertex 0.092 0.0168875 -0.00975
 vertex -0.032 0.0154704 -0.0118708
 vertex -0.032 0.0168875 -0.00975
 endloop
endfacet
facet normal 0 0 0
 outer loop
 vertex -0.032 0.0158671 -0.0121752
 vertex -0.032 0.0141421 -0.0141421
 vertex 0.092 0.0141421 -0.0141421
 endloop
endfacet
facet normal 0 0 0
 outer loop
 vertex -0.032 0.0158671 -0.0121752
 vertex 0.092 0.0141421 -0.0141421
 vertex 0.092 0.0158671 -0.0121752
 endloop
endfacet
facet normal 0 0 0
 outer loop
 vertex 0.092 0.0154704 -0.0118708
 vertex 0.092 0.0137886 -0.0137886
 vertex -0.032 0.0137886 -0.0137886
 endloop
endfacet
facet normal 0 0 0
 outer loop
 vertex 0.092 0.0154704 -0.0118708
 vertex -0.032 0.0137886 -0.0137886
 vertex -0.032 0.0154704 -0.0118708
 endloop
endfacet
facet normal 0 0 0
 outer loop
 vertex -0.032 0.0141421 -0.0141421
 vertex -0.032 0.0121752 -0.0158671
 vertex 0.092 0.0121752 -0.0158671
 endloop
endfacet
facet normal 0 0 0
 outer loop
 vertex -0.032 0.0141421 -0.0141421
 vertex 0.092 0.0121752 -0.0158671
 vertex 0.092 0.0141421 -0.0141421
 endloop
endfacet
facet normal 0 0 0
 outer loop
 vertex 0.092 0.0137886 -0.0137886
 vertex 0.092 0.0118708 -0.0154704
 vertex -0.032 0.0118708 -0.0154704
 endloop
endfacet
facet normal 0 0 0
 outer loop
 vertex 0.092 0.0137886 -0.0137886
 vertex -0.032 0.0118708 -0.0154704
 vertex -0.032 0.0137886 -0.0137886
 endloop
endfacet
facet normal 0 0 0
 outer loop
 vertex -0.032 0.0121752 -0.0158671
 vertex -0.032 0.01 -0.0173205
 vertex 0.092 0.01 -0.0173205
 endloop
endfacet
facet normal 0 0 0
 outer loop
 vertex -0.032 0.0121752 -0.0158671
 vertex 0.092 0.01 -0.0173205
 vertex 0.092 0.0121752 -0.0158671
 endloop
endfacet
facet normal 0 0 0
 outer loop
 vertex 0.092 0.0118708 -0.0154704
 vertex 0.092 0.00975 -0.0168875
 vertex -0.032 0.00975 -0.0168875
 endloop
endfacet
facet normal 0 0 0
 outer loop
 vertex 0.092 0.0118708 -0.0154704
 vertex -0.032 0.00975 -0.0168875
 vertex -0.032 0.0118708 -0.0154704
 endloop
endfacet
facet normal 0 0 0
 outer loop
 vertex -0.032 0.01 -0.0173205
 vertex -0.032 0.00765367 -0.0184776
 vertex 0.092 0.00765367 -0.0184776
 endloop
endfacet
facet normal 0 0 0
 outer loop
 vertex -0.032 0.01 -0.0173205
 vertex 0.092 0.00765367 -0.0184776
 vertex 0.092 0.01 -0.0173205
 endloop
endfacet
facet normal 0 0 0
 outer loop
 vertex 0.092 0.00975 -0.0168875
 vertex 0.092 0.00746233 -0.0180157
 vertex -0.032 0.00746233 -0.0180157
 endloop
endfacet
facet normal 0 0 0
 outer loop
 vertex 0.092 0.00975 -0.0168875
 vertex -0.032 0.00746233 -0.0180157
 vertex -0.032 0.00975 -0.0168875
 endloop
endfacet
facet normal 0 0 0
 outer loop
 vertex -0.032 0.00765367 -0.0184776
 vertex -0.032 0.00517638 -0.0193185
 vertex 0.092 0.00517638 -0.0193185
 endloop
endfacet
facet normal 0 0 0
 outer loop
 vertex -0.032 0.00765367 -0.0184776
 vertex 0.092 0.00517638 -0.0193185
 vertex 0.092 0.00765367 -0.0184776
 endloop
endfacet
facet normal 0 0 0
 outer loop
 vertex 0.092 0.00746233 -0.0180157
 vertex 0.092 0.00504697 -0.0188356
 vertex -0.032 0.00504697 -0.0188356
 endloop
endfacet
facet normal 0 0 0
 outer loop
 vertex 0.092 0.00746233 -0.0180157
 vertex -0.032 0.00504697 -0.0188356
 vertex -0.032 0.00746233 -0.0180157
 endloop
endfacet
facet normal 0 0 0
 outer loop
 vertex -0.032 0.00517638 -0.0193185
 vertex -0.032 0.00261052 -0.0198289
 vertex 0.092 0.00261052 -0.0198289
 endloop
endfacet
facet normal 0 0 0
 outer loop
 vertex -0.032 0.00517638 -0.0193185
 vertex 0.092 0.00261052 -0.0198289
 vertex 0.092 0.00517638 -0.0193185
 endloop
endfacet
facet normal 0 0 0
 outer loop
 vertex 0.092 0.00504697 -0.0188356
 vertex 0.092 0.00254526 -0.0193332
 vertex -0.032 0.00254526 -0.0193332
 endloop
endfacet
facet normal 0 0 0
 outer loop
 vertex 0.092 0.00504697 -0.0188356
 vertex -0.032 0.00254526 -0.0193332
 vertex -0.032 0.00504697 -0.0188356
 endloop
endfacet
facet normal 0 0 0
 outer loop
 vertex -0.032 0.00261052 -0.0198289
 vertex -0.032 -1.74846e-09 -0.02
 vertex 0.092 -1.74846e-09 -0.02
 endloop
endfacet
facet normal 0 0 0
 outer loop
 vertex -0.032 0.00261052 -0.0198289
 vertex 0.092 -1.74846e-09 -0.02
 vertex 0.092 0.00261052 -0.0198289
 endloop
endfacet
facet normal 0 0 0
 outer loop
 vertex 0.092 0.00254526 -0.0193332
 vertex 0.092 -1.70474e-09 -0.0195
 vertex -0.032 -1.70474e-09 -0.0195
 endloop
endfacet
facet normal 0 0 0
 outer loop
 vertex 0.092 0.00254526 -0.0193332
 vertex -0.032 -1.70474e-09 -0.0195
 vertex -0.032 0.00254526 -0.0193332
 endloop
endfacet
facet normal 0 0 0
 outer loop
 vertex -0.032 -1.74846e-09 -0.02
 vertex -0.032 -0.00261053 -0.0198289
 vertex 0.092 -0.00261053 -0.0198289
 endloop
endfacet
facet normal 0 0 0
 outer loop
 vertex -0.032 -1.74846e-09 -0.02
 vertex 0.092 -0.00261053 -0.0198289
 vertex 0.092 -1.74846e-09 -0.02
 endloop
endfacet
facet normal 0 0 0
 outer loop
 vertex 0.092 -1.70474e-09 -0.0195
 vertex 0.092 -0.00254526 -0.0193332
 vertex -0.032 -0.00254526 -0.0193332
 endloop
endfacet
facet normal 0 0 0
 outer loop
 vertex 0.092 -1.70474e-09 -0.0195
 vertex -0.032 -0.00254526 -0.0193332
 vertex -0.032 -1.70474e-09 -0.0195
 endloop
endfacet
facet normal 0 0 0
 outer loop
 vertex -0.032 -0.00261053 -0.0198289
 vertex -0.032 -0.00517638 -0.0193185
 vertex 0.092 -0.00517638 -0.0193185
 endloop
endfacet
facet normal 0 0 0
 outer loop
 vertex -0.032 -0.00261053 -0.0198289
 vertex 0.092 -0.00517638 -0.0193185
 vertex 0.092 -0.00261053 -0.0198289
 endloop
endfacet
facet normal 0 0 0
 outer loop
 vertex 0.092 -0.00254526 -0.0193332
 vertex 0.092 -0.00504697 -0.0188356
 vertex -0.032 -0.00504697 -0.0188356
 endloop
endfacet
facet normal 0 0 0
 outer loop
 vertex 0.092 -0.00254526 -0.0193332
 vertex -0.032 -0.00504697 -0.0188356
 vertex -0.032 -0.00254526 -0.0193332
 endloop
endfacet
facet normal 0 0 0
 outer loop
 vertex -0.032 -0.00517638 -0.0193185
 vertex -0.032 -0.00765367 -0.0184776
 vertex 0.092 -0.00765367 -0.0184776
 endloop
endfacet
facet normal 0 0 0
 outer loop
 vertex -0.032 -0.00517638 -0.0193185
 vertex 0.092 -0.00765367 -0.0184776
 vertex 0.092 -0.00517638 -0.0193185
 endloop
endfacet
facet normal 0 0 0
 outer loop
 vertex 0.092 -0.00504697 -0.0188356
 vertex 0.092 -0.00746233 -0.0180157
 vertex -0.032 -0.00746233 -0.0180157
 endloop
endfacet
facet normal 0 0 0
 outer loop
 vertex 0.092 -0.00504697 -0.0188356
 vertex -0.032 -0.00746233 -0.0180157
 vertex -0.032 -0.00504697 -0.0188356
 endloop
endfacet
facet normal 0 0 0
 outer loop
 vertex -0.032 -0.00765367 -0.0184776
 vertex -0.032 -0.01 -0.0173205
 vertex 0.092 -0.01 -0.0173205
 endloop
endfacet
facet normal 0 0 0
 outer loop
 vertex -0.032 -0.00765367 -0.0184776
 vertex 0.092 -0.01 -0.0173205
 vertex 0.092 -0.00765367 -0.0184776
 endloop
endfacet
facet normal 0 0 0
 outer loop
 vertex 0.092 -0.00746233 -0.0180157
 vertex 0.092 -0.00975 -0.0168875
 vertex -0.032 -0.00975 -0.0168875
 endloop
endfacet
facet normal 0 0 0
 outer loop
 vertex 0.092 -0.00746233 -0.0180157
 vertex -0.032 -0.00975 -0.0168875
 vertex -0.032 -0.00746233 -0.0180157
 endloop
endfacet
facet normal 0 0 0
 outer loop
 vertex -0.032 -0.01 -0.0173205
 vertex -0.032 -0.0121752 -0.0158671
 vertex 0.092 -0.0121752 -0.0158671
 endloop
endfacet
facet normal 0 0 0
 outer loop
 vertex -0.032 -0.01 -0.0173205
 vertex 0.092 -0.0121752 -0.0158671
 vertex 0.092 -0.01 -0.0173205
 endloop
endfacet
facet normal 0 0 0
 outer loop
 vertex 0.092 -0.00975 -0.0168875
 vertex 0.092 -0.0118708 -0.0154704
 vertex -0.032 -0.0118708 -0.0154704
 endloop
endfacet
facet normal 0 0 0
 outer loop
 vertex 0.092 -0.00975 -0.0168875
 vertex -0.032 -0.0118708 -0.0154704
 vertex -0.032 -0.00975 -0.0168875
 endloop
endfacet
facet normal 0 0 0
 outer loop
 vertex -0.032 -0.0121752 -0.0158671
 vertex -0.032 -0.0141421 -0.0141421
 vertex 0.092 -0.0141421 -0.0141421
 endloop
endfacet
facet normal 0 0 0
 outer loop
 vertex -0.032 -0.0121752 -0.0158671
 vertex 0.092 -0.0141421 -0.0141421
 vertex 0.092 -0.0121752 -0.0158671
 endloop
endfacet
facet normal 0 0 0
 outer loop
 vertex 0.092 -0.0118708 -0.0154704
 vertex 0.092 -0.0137886 -0.0137886
 vertex -0.032 -0.0137886 -0.0137886
 endloop
endfacet
facet normal 0 0 0
 outer loop
 vertex 0.092 -0.0118708 -0.0154704
 vertex -0.032 -0.0137886 -0.0137886
 vertex -0.032 -0.0118708 -0.0154704
 endloop
endfacet
facet normal 0 0 0
 outer loop
 vertex -0.032 -0.0141421 -0.0141421
 vertex -0.032 -0.0158671 -0.0121752
 vertex 0.092 -0.0158671 -0.0121752
 endloop
endfacet
facet normal 0 0 0
 outer loop
 vertex -0.032 -0.0141421 -0.0141421
 vertex 0.092 -0.0158671 -0.0121752
 vertex 0.092 -0.0141421 -0.0141421
 endloop
endfacet
facet normal 0 0 0
 outer loop
 vertex 0.092 -0.0137886 -0.0137886
 vertex 0.092 -0.0154704 -0.0118708
 vertex -0.032 -0.0154704 -0.0118708
 endloop
endfacet
facet normal 0 0 0
 outer loop
 vertex 0.092 -0.0137886 -0.0137886
 vertex -0.032 -0.0154704 -0.0118708
 vertex -0.032 -0.0137886 -0.0137886
 endloop
endfacet
facet normal 0 0 0
 outer loop
 vertex -0.032 -0.0158671 -0.0121752
 vertex -0.032 -0.0173205 -0.01
 vertex 0.092 -0.0173205 -0.01
 endloop
endfacet
facet normal 0 0 0
 outer loop
 vertex -0.032 -0.0158671 -0.0121752
 vertex 0.092 -0.0173205 -0.01
 vertex 0.092 -0.0158671 -0.0121752
 endloop
endfacet
facet normal 0 0 0
 outer loop
 vertex 0.092 -0.0154704 -0.0118708
 vertex 0.092 -0.0168875 -0.00975
 vertex -0.032 -0.0168875 -0.00975
 endloop
endfacet
facet normal 0 0 0
 outer loop
 vertex 0.092 -0.0154704 -0.0118708
 vertex -0.032 -0.0168875 -0.00975
 vertex -0.032 -0.0154704 -0.0118708
 endloop
endfacet
facet normal 0 0 0
 outer loop
 vertex -0.032 -0.0173205 -0.01
 vertex -0.032 -0.0184776 -0.00765367
 vertex 0.092 -0.0184776 -0.00765367
 endloop
endfacet
facet normal 0 0 0
 outer loop
 vertex -0.032 -0.0173205 -0.01
 vertex 0.092 -0.0184776 -0.00765367
 vertex 0.092 -0.0173205 -0.01
 endloop
endfacet
facet normal 0 0 0
 outer loop
 vertex 0.092 -0.0168875 -0.00975
 vertex 0.092 -0.0180157 -0.00746233
 vertex -0.032 -0.0180157 -0.00746233
 endloop
endfacet
facet normal 0 0 0
 outer loop
 vertex 0.092 -0.0168875 -0.00975
 vertex -0.032 -0.0180157 -0.00746233
 vertex -0.032 -0.0168875 -0.00975
 endloop
endfacet
facet normal 0 0 0
 outer loop
 vertex -0.032 -0.0184776 -0.00765367
 vertex -0.032 -0.0193185 -0.00517638
 vertex 0.092 -0.0193185 -0.00517638
 endloop
endfacet
facet normal 0 0 0
 outer loop
 vertex -0.032 -0.0184776 -0.00765367
 vertex 0.092 -0.0193185 -0.00517638
 vertex 0.092 -0.0184776 -0.00765367
 endloop
endfacet
facet normal 0 0 0
 outer loop
 vertex 0.092 -0.0180157 -0.00746233
 vertex 0.092 -0.0188356 -0.00504697
 vertex -0.032 -0.0188356 -0.00504697
 endloop
endfacet
facet normal 0 0 0
 outer loop
 vertex 0.092 -0.0180157 -0.00746233
 vertex -0.032 -0.0188356 -0.00504697
 vertex -0.032 -0.0180157 -0.00746233
 endloop
endfacet
facet normal 0 0 0
 outer loop
 vertex -0.032 -0.0193185 -0.00517638
 vertex -0.032 -0.0198289 -0.00261053
 vertex 0.092 -0.0198289 -0.00261053
 endloop
endfacet
facet normal 0 0 0
 outer loop
 vertex -0.032 -0.0193185 -0.00517638
 vertex 0.092 -0.0198289 -0.00261053
 vertex 0.092 -0.0193185 -0.00517638
 endloop
endfacet
facet normal 0 0 0
 outer loop
 vertex 0.092 -0.0188356 -0.00504697
 vertex 0.092 -0.0193332 -0.00254526
 vertex -0.032 -0.0193332 -0.00254526
 endloop
endfacet
facet normal 0 0 0
 outer loop
 vertex 0.092 -0.0188356 -0.00504697
 vertex -0.032 -0.0193332 -0.00254526
 vertex -0.032 -0.0188356 -0.00504697
 endloop
endfacet
facet normal 0 0 0
 outer loop
 vertex -0.032 -0.0198289 -0.00261053
 vertex -0.032 -0.02 2.38498e-10
 vertex 0.092 -0.02 2.38498e-10
 endloop
endfacet
facet normal 0 0 0
 outer loop
 vertex -0.032 -0.0198289 -0.00261053
 vertex 0.092 -0.02 2.38498e-10
 vertex 0.092 -0.0198289 -0.00261053
 endloop
endfacet
facet normal 0 0 0
 outer loop
 vertex 0.092 -0.0193332 -0.00254526
 vertex 0.092 -0.0195 2.32535e-10
 vertex -0.032 -0.0195 2.32535e-10
 endloop
endfacet
facet normal 0 0 0
 outer loop
 vertex 0.092 -0.0193332 -0.00254526
 vertex -0.032 -0.0195 2.32535e-10
 vertex -0.032 -0.0193332 -0.00254526
 endloop
endfacet
facet normal 0 0 0
 outer loop
 vertex -0.032 -0.02 2.38498e-10
 vertex -0.032 -0.0198289 0.00261053
 vertex 0.092 -0.0198289 0.00261053
 endloop
endfacet
facet normal 0 0 0
 outer loop
 vertex -0.032 -0.02 2.38498e-10
 vertex 0.092 -0.0198289 0.00261053
 vertex 0.092 -0.02 2.38498e-10
 endloop
endfacet
facet normal 0 0 0
 outer loop
 vertex 0.092 -0.0195 2.32535e-10
 vertex 0.092 -0.0193332 0.00254527
 vertex -0.032 -0.0193332 0.00254527
 endloop
endfacet
facet normal 0 0 0
 outer loop
 vertex 0.092 -0.0195 2.32535e-10
 vertex -0.032 -0.0193332 0.00254527
 vertex -0.032 -0.0195 2.32535e-10
 endloop
endfacet
facet normal 0 0 0
 outer loop
 vertex -0.032 -0.0198289 0.00261053
 vertex -0.032 -0.0193185 0.00517638
 vertex 0.092 -0.0193185 0.00517638
 endloop
endfacet
facet normal 0 0 0
 outer loop
 vertex -0.032 -0.0198289 0.00261053
 vertex 0.092 -0.0193185 0.00517638
 vertex 0.092 -0.0198289 0.00261053
 endloop
endfacet
facet normal 0 0 0
 outer loop
 vertex 0.092 -0.0193332 0.00254527
 vertex 0.092 -0.0188356 0.00504697
 vertex -0.032 -0.0188356 0.00504697
 endloop
endfacet
facet normal 0 0 0
 outer loop
 vertex 0.092 -0.0193332 0.00254527
 vertex -0.032 -0.0188356 0.00504697
 vertex -0.032 -0.0193332 0.00254527
 endloop
endfacet
facet normal 0 0 0
 outer loop
 vertex -0.032 -0.0193185 0.00517638
 vertex -0.032 -0.0184776 0.00765367
 vertex 0.092 -0.0184776 0.00765367
 endloop
endfacet
facet normal 0 0 0
 outer loop
 vertex -0.032 -0.0193185 0.00517638
 vertex 0.092 -0.0184776 0.00765367
 vertex 0.092 -0.0193185 0.00517638
 endloop
endfacet
facet normal 0 0 0
 outer loop
 vertex 0.092 -0.0188356 0.00504697
 vertex 0.092 -0.0180156 0.00746233
 vertex -0.032 -0.0180156 0.00746233
 endloop
endfacet
facet normal 0 0 0
 outer loop
 vertex 0.092 -0.0188356 0.00504697
 vertex -0.032 -0.0180156 0.00746233
 vertex -0.032 -0.0188356 0.00504697
 endloop
endfacet
facet normal 0 0 0
 outer loop
 vertex -0.032 -0.0184776 0.00765367
 vertex -0.032 -0.0173205 0.01
 vertex 0.092 -0.0173205 0.01
 endloop
endfacet
facet normal 0 0 0
 outer loop
 vertex -0.032 -0.0184776 0.00765367
 vertex 0.092 -0.0173205 0.01
 vertex 0.092 -0.0184776 0.00765367
 endloop
endfacet
facet normal 0 0 0
 outer loop
 vertex 0.092 -0.0180156 0.00746233
 vertex 0.092 -0.0168875 0.00975
 vertex -0.032 -0.0168875 0.00975
 endloop
endfacet
facet normal 0 0 0
 outer loop
 vertex 0.092 -0.0180156 0.00746233
 vertex -0.032 -0.0168875 0.00975
 vertex -0.032 -0.0180156 0.00746233
 endloop
endfacet
facet normal 0 0 0
 outer loop
 vertex -0.032 -0.0173205 0.01
 vertex -0.032 -0.0158671 0.0121752
 vertex 0.092 -0.0158671 0.0121752
 endloop
endfacet
facet normal 0 0 0
 outer loop
 vertex -0.032 -0.0173205 0.01
 vertex 0.092 -0.0158671 0.0121752
 vertex 0.092 -0.0173205 0.01
 endloop
endfacet
facet normal 0 0 0
 outer loop
 vertex 0.092 -0.0168875 0.00975
 vertex 0.092 -0.0154704 0.0118709
 vertex -0.032 -0.0154704 0.0118709
 endloop
endfacet
facet normal 0 0 0
 outer loop
 vertex 0.092 -0.0168875 0.00975
 vertex -0.032 -0.0154704 0.0118709
 vertex -0.032 -0.0168875 0.00975
 endloop
endfacet
facet normal 0 0 0
 outer loop
 vertex -0.032 -0.0158671 0.0121752
 vertex -0.032 -0.0141421 0.0141421
 vertex 0.092 -0.0141421 0.0141421
 endloop
endfacet
facet normal 0 0 0
 outer loop
 vertex -0.032 -0.0158671 0.0121752
 vertex 0.092 -0.0141421 0.0141421
 vertex 0.092 -0.0158671 0.0121752
 endloop
endfacet
facet normal 0 0 0
 outer loop
 vertex 0.092 -0.0154704 0.0118709
 vertex 0.092 -0.0137886 0.0137886
 vertex -0.032 -0.0137886 0.0137886
 endloop
endfacet
facet normal 0 0 0
 outer loop
 vertex 0.092 -0.0154704 0.0118709
 vertex -0.032 -0.0137886 0.0137886
 vertex -0.032 -0.0154704 0.0118709
 endloop
endfacet
facet normal 0 0 0
 outer loop
 vertex -0.032 -0.0141421 0.0141421
 vertex -0.032 -0.0121752 0.0158671
 vertex 0.092 -0.0121752 0.0158671
 endloop
endfacet
facet normal 0 0 0
 outer loop
 vertex -0.032 -0.0141421 0.0141421
 vertex 0.092 -0.0121752 0.0158671
 vertex 0.092 -0.0141421 0.0141421
 endloop
endfacet
facet normal 0 0 0
 outer loop
 vertex 0.092 -0.0137886 0.0137886
 vertex 0.092 -0.0118708 0.0154704
 vertex -0.032 -0.0118708 0.0154704
 endloop
endfacet
facet normal 0 0 0
 outer loop
 vertex 0.092 -0.0137886 0.0137886
 vertex -0.032 -0.0118708 0.0154704
 vertex -0.032 -0.0137886 0.0137886
 endloop
endfacet
facet normal 0 0 0
 outer loop
 vertex -0.032 -0.0121752 0.0158671
 vertex -0.032 -0.01 0.0173205
 vertex 0.092 -0.01 0.0173205
 endloop
endfacet
facet normal 0 0 0
 outer loop
 vertex -0.032 -0.0121752 0.0158671
 vertex 0.092 -0.01 0.0173205
 vertex 0.092 -0.0121752 0.0158671
 endloop
endfacet
facet normal 0 0 0
 outer loop
 vertex 0.092 -0.0118708 0.0154704
 vertex 0.092 -0.00975 0.0168875
 vertex -0.032 -0.00975 0.0168875
 endloop
endfacet
facet normal 0 0 0
 outer loop
 vertex 0.092 -0.0118708 0.0154704
 vertex -0.032 -0.00975 0.0168875
 vertex -0.032 -0.0118708 0.0154704
 endloop
endfacet
facet normal 0 0 0
 outer loop
 vertex -0.032 -0.01 0.0173205
 vertex -0.032 -0.00765367 0.0184776
 vertex 0.092 -0.00765367 0.0184776
 endloop
endfacet
facet normal 0 0 0
 outer loop
 vertex -0.032 -0.01 0.0173205
 vertex 0.092 -0.00765367 0.0184776
 vertex 0.092 -0.01 0.0173205
 endloop
endfacet
facet normal 0 0 0
 outer loop
 vertex 0.092 -0.00975 0.0168875
 vertex 0.092 -0.00746233 0.0180157
 vertex -0.032 -0.00746233 0.0180157
 endloop
endfacet
facet normal 0 0 0
 outer loop
 vertex 0.092 -0.00975 0.0168875
 vertex -0.032 -0.00746233 0.0180157
 vertex -0.032 -0.00975 0.0168875
 endloop
endfacet
facet normal 0 0 0
 outer loop
 vertex -0.032 -0.00765367 0.0184776
 vertex -0.032 -0.00517638 0.0193185
 vertex 0.092 -0.00517638 0.0193185
 endloop
endfacet
facet normal 0 0 0
 outer loop
 vertex -0.032 -0.00765367 0.0184776
 vertex 0.092 -0.00517638 0.0193185
 vertex 0.092 -0.00765367 0.0184776
 endloop
endfacet
facet normal 0 0 0
 outer loop
 vertex 0.092 -0.00746233 0.0180157
 vertex 0.092 -0.00504697 0.0188356
 vertex -0.032 -0.00504697 0.0188356
 endloop
endfacet
facet normal 0 0 0
 outer loop
 vertex 0.092 -0.00746233 0.0180157
 vertex -0.032 -0.00504697 0.0188356
 vertex -0.032 -0.00746233 0.0180157
 endloop
endfacet
facet normal 0 0 0
 outer loop
 vertex -0.032 -0.00517638 0.0193185
 vertex -0.032 -0.00261052 0.0198289
 vertex 0.092 -0.00261052 0.0198289
 endloop
endfacet
facet normal 0 0 0
 outer loop
 vertex -0.032 -0.00517638 0.0193185
 vertex 0.092 -0.00261052 0.0198289
 vertex 0.092 -0.00517638 0.0193185
 endloop
endfacet
facet normal 0 0 0
 outer loop
 vertex 0.092 -0.00504697 0.0188356
 vertex 0.092 -0.00254526 0.0193332
 vertex -0.032 -0.00254526 0.0193332
 endloop
endfacet
facet normal 0 0 0
 outer loop
 vertex 0.092 -0.00504697 0.0188356
 vertex -0.032 -0.00254526 0.0193332
 vertex -0.032 -0.00504697 0.0188356
 endloop
endfacet
facet normal 0 0 0
 outer loop
 vertex -0.032 -0.00261052 0.0198289
 vertex -0.032 3.49691e-09 0.02
 vertex 0.092 3.49691e-09 0.02
 endloop
endfacet
facet normal 0 0 0
 outer loop
 vertex -0.032 -0.00261052 0.0198289
 vertex 0.092 3.49691e-09 0.02
 vertex 0.092 -0.00261052 0.0198289
 endloop
endfacet
facet normal 0 0 0
 outer loop
 vertex 0.092 -0.00254526 0.0193332
 vertex 0.092 3.40949e-09 0.0195
 vertex -0.032 3.40949e-09 0.0195
 endloop
endfacet
facet normal 0 0 0
 outer loop
 vertex 0.092 -0.00254526 0.0193332
 vertex -0.032 3.40949e-09 0.0195
 vertex -0.032 -0.00254526 0.0193332
 endloop
endfacet
facet normal 0 0 0
 outer loop
 vertex -0.032 0 0.0195
 vertex -0.032 0.00254526 0.0193332
 vertex -0.032 0.00261052 0.0198289
 endloop
endfacet
facet normal 0 0 0
 outer loop
 vertex -0.032 0 0.0195
 vertex -0.032 0.00261052 0.0198289
 vertex -0.032 0 0.02
 endloop
endfacet
facet normal 0 0 0
 outer loop
 vertex 0.092 0 0.0195
 vertex 0.092 0 0.02
 vertex 0.092 0.00261052 0.0198289
 endloop
endfacet
facet normal 0 0 0
 outer loop
 vertex 0.092 0 0.0195
 vertex 0.092 0.00261052 0.0198289
 vertex 0.092 0.00254526 0.0193332
 endloop
endfacet
facet normal 0 0 0
 outer loop
 vertex -0.032 0.00254526 0.0193332
 vertex -0.032 0.00504697 0.0188356
 vertex -0.032 0.00517638 0.0193185
 endloop
endfacet
facet normal 0 0 0
 outer loop
 vertex -0.032 0.00254526 0.0193332
 vertex -0.032 0.00517638 0.0193185
 vertex -0.032 0.00261052 0.0198289
 endloop
endfacet
facet normal 0 0 0
 outer loop
 vertex 0.092 0.00254526 0.0193332
 vertex 0.092 0.00261052 0.0198289
 vertex 0.092 0.00517638 0.0193185
 endloop
endfacet
facet normal 0 0 0
 outer loop
 vertex 0.092 0.00254526 0.0193332
 vertex 0.092 0.00517638 0.0193185
 vertex 0.092 0.00504697 0.0188356
 endloop
endfacet
facet normal 0 0 0
 outer loop
 vertex -0.032 0.00504697 0.0188356
 vertex -0.032 0.00746233 0.0180157
 vertex -0.032 0.00765367 0.0184776
 endloop
endfacet
facet normal 0 0 0
 outer loop
 vertex -0.032 0.00504697 0.0188356
 vertex -0.032 0.00765367 0.0184776
 vertex -0.032 0.00517638 0.0193185
 endloop
endfacet
facet normal 0 0 0
 outer loop
 vertex 0.092 0.00504697 0.0188356
 vertex 0.092 0.00517638 0.0193185
 vertex 0.092 0.00765367 0.0184776
 endloop
endfacet
facet normal 0 0 0
 outer loop
 vertex 0.092 0.00504697 0.0188356
 vertex 0.092 0.00765367 0.0184776
 vertex 0.092 0.00746233 0.0180157
 endloop
endfacet
facet normal 0 0 0
 outer loop
 vertex -0.032 0.00746233 0.0180157
 vertex -0.032 0.00975 0.0168875
 vertex -0.032 0.01 0.0173205
 endloop
endfacet
facet normal 0 0 0
 outer loop
 vertex -0.032 0.00746233 0.0180157
 vertex -0.032 0.01 0.0173205
 vertex -0.032 0.00765367 0.0184776
 endloop
endfacet
facet normal 0 0 0
 outer loop
 vertex 0.092 0.00746233 0.0180157
 vertex 0.092 0.00765367 0.0184776
 vertex 0.092 0.01 0.0173205
 endloop
endfacet
facet normal 0 0 0
 outer loop
 vertex 0.092 0.00746233 0.0180157
 vertex 0.092 0.01 0.0173205
 vertex 0.092 0.00975 0.0168875
 endloop
endfacet
facet normal 0 0 0
 outer loop
 vertex -0.032 0.00975 0.0168875
 vertex -0.032 0.0118708 0.0154704
 vertex -0.032 0.0121752 0.0158671
 endloop
endfacet
facet normal 0 0 0
 outer loop
 vertex -0.032 0.00975 0.0168875
 vertex -0.032 0.0121752 0.0158671
 vertex -0.032 0.01 0.0173205
 endloop
endfacet
facet normal 0 0 0
 outer loop
 vertex 0.092 0.00975 0.0168875
 vertex 0.092 0.01 0.0173205
 vertex 0.092 0.0121752 0.0158671
 endloop
endfacet
facet normal 0 0 0
 outer loop
 vertex 0.092 0.00975 0.0168875
 vertex 0.092 0.0121752 0.0158671
 vertex 0.092 0.0118708 0.0154704
 endloop
endfacet
facet normal 0 0 0
 outer loop
 vertex -0.032 0.0118708 0.0154704
 vertex -0.032 0.0137886 0.0137886
 vertex -0.032 0.0141421 0.0141421
 endloop
endfacet
facet normal 0 0 0
 outer loop
 vertex -0.032 0.0118708 0.0154704
 vertex -0.032 0.0141421 0.0141421
 vertex -0.032 0.0121752 0.0158671
 endloop
endfacet
facet normal 0 0 0
 outer loop
 vertex 0.092 0.0118708 0.0154704
 vertex 0.092 0.0121752 0.0158671
 vertex 0.092 0.0141421 0.0141421
 endloop
endfacet
facet normal 0 0 0
 outer loop
 vertex 0.092 0.0118708 0.0154704
 vertex 0.092 0.0141421 0.0141421
 vertex 0.092 0.0137886 0.0137886
 endloop
endfacet
facet normal 0 0 0
 outer loop
 vertex -0.032 0.0137886 0.0137886
 vertex -0.032 0.0154704 0.0118708
 vertex -0.032 0.0158671 0.0121752
 endloop
endfacet
facet normal 0 0 0
 outer loop
 vertex -0.032 0.0137886 0.0137886
 vertex -0.032 0.0158671 0.0121752
 vertex -0.032 0.0141421 0.0141421
 endloop
endfacet
facet normal 0 0 0
 outer loop
 vertex 0.092 0.0137886 0.0137886
 vertex 0.092 0.0141421 0.0141421
 vertex 0.092 0.0158671 0.0121752
 endloop
endfacet
facet normal 0 0 0
 outer loop
 vertex 0.092 0.0137886 0.0137886
 vertex 0.092 0.0158671 0.0121752
 vertex 0.092 0.0154704 0.0118708
 endloop
endfacet
facet normal 0 0 0
 outer loop
 vertex -0.032 0.0154704 0.0118708
 vertex -0.032 0.0168875 0.00975
 vertex -0.032 0.0173205 0.01
 endloop
endfacet
facet normal 0 0 0
 outer loop
 vertex -0.032 0.0154704 0.0118708
 vertex -0.032 0.0173205 0.01
 vertex -0.032 0.0158671 0.0121752
 endloop
endfacet
facet normal 0 0 0
 outer loop
 vertex 0.092 0.0154704 0.0118708
 vertex 0.092 0.0158671 0.0121752
 vertex 0.092 0.0173205 0.01
 endloop
endfacet
facet normal 0 0 0
 outer loop
 vertex 0.092 0.0154704 0.0118708
 vertex 0.092 0.0173205 0.01
 vertex 0.092 0.0168875 0.00975
 endloop
endfacet
facet normal 0 0 0
 outer loop
 vertex -0.032 0.0168875 0.00975
 vertex -0.032 0.0180157 0.00746233
 vertex -0.032 0.0184776 0.00765367
 endloop
endfacet
facet normal 0 0 0
 outer loop
 vertex -0.032 0.0168875 0.00975
 vertex -0.032 0.0184776 0.00765367
 vertex -0.032 0.0173205 0.01
 endloop
endfacet
facet normal 0 0 0
 outer loop
 vertex 0.092 0.0168875 0.00975
 vertex 0.092 0.0173205 0.01
 vertex 0.092 0.0184776 0.00765367
 endloop
endfacet
facet normal 0 0 0
 outer loop
 vertex 0.092 0.0168875 0.00975
 vertex 0.092 0.0184776 0.00765367
 vertex 0.092 0.0180157 0.00746233
 endloop
endfacet
facet normal 0 0 0
 outer loop
 vertex -0.032 0.0180157 0.00746233
 vertex -0.032 0.0188356 0.00504697
 vertex -0.032 0.0193185 0.00517638
 endloop
endfacet
facet normal 0 0 0
 outer loop
 vertex -0.032 0.0180157 0.00746233
 vertex -0.032 0.0193185 0.00517638
 vertex -0.032 0.0184776 0.00765367
 endloop
endfacet
facet normal 0 0 0
 outer loop
 vertex 0.092 0.0180157 0.00746233
 vertex 0.092 0.0184776 0.00765367
 vertex 0.092 0.0193185 0.00517638
 endloop
endfacet
facet normal 0 0 0
 outer loop
 vertex 0.092 0.0180157 0.00746233
 vertex 0.092 0.0193185 0.00517638
 vertex 0.092 0.0188356 0.00504697
 endloop
endfacet
facet normal 0 0 0
 outer loop
 vertex -0.032 0.0188356 0.00504697
 vertex -0.032 0.0193332 0.00254526
 vertex -0.032 0.0198289 0.00261052
 endloop
endfacet
facet normal 0 0 0
 outer loop
 vertex -0.032 0.0188356 0.00504697
 vertex -0.032 0.0198289 0.00261052
 vertex -0.032 0.0193185 0.00517638
 endloop
endfacet
facet normal 0 0 0
 outer loop
 vertex 0.092 0.0188356 0.00504697
 vertex 0.092 0.0193185 0.00517638
 vertex 0.092 0.0198289 0.00261052
 endloop
endfacet
facet normal 0 0 0
 outer loop
 vertex 0.092 0.0188356 0.00504697
 vertex 0.092 0.0198289 0.00261052
 vertex 0.092 0.0193332 0.00254526
 endloop
endfacet
facet normal 0 0 0
 outer loop
 vertex -0.032 0.0193332 0.00254526
 vertex -0.032 0.0195 -8.52372e-10
 vertex -0.032 0.02 -8.74228e-10
 endloop
endfacet
facet normal 0 0 0
 outer loop
 vertex -0.032 0.0193332 0.00254526
 vertex -0.032 0.02 -8.74228e-10
 vertex -0.032 0.0198289 0.00261052
 endloop
endfacet
facet normal 0 0 0
 outer loop
 vertex 0.092 0.0193332 0.00254526
 vertex 0.092 0.0198289 0.00261052
 vertex 0.092 0.02 -8.74228e-10
 endloop
endfacet
facet normal 0 0 0
 outer loop
 vertex 0.092 0.0193332 0.00254526
 vertex 0.092 0.02 -8.74228e-10
 vertex 0.092 0.0195 -8.52372e-10
 endloop
endfacet
facet normal 0 0 0
 outer loop
 vertex -0.032 0.0195 -8.52372e-10
 vertex -0.032 0.0193332 -0.00254526
 vertex -0.032 0.0198289 -0.00261052
 endloop
endfacet
facet normal 0 0 0
 outer loop
 vertex -0.032 0.0195 -8.52372e-10
 vertex -0.032 0.0198289 -0.00261052
 vertex -0.032 0.02 -8.74228e-10
 endloop
endfacet
facet normal 0 0 0
 outer loop
 vertex 0.092 0.0195 -8.52372e-10
 vertex 0.092 0.02 -8.74228e-10
 vertex 0.092 0.0198289 -0.00261052
 endloop
endfacet
facet normal 0 0 0
 outer loop
 vertex 0.092 0.0195 -8.52372e-10
 vertex 0.092 0.0198289 -0.00261052
 vertex 0.092 0.0193332 -0.00254526
 endloop
endfacet
facet normal 0 0 0
 outer loop
 vertex -0.032 0.0193332 -0.00254526
 vertex -0.032 0.0188356 -0.00504697
 vertex -0.032 0.0193185 -0.00517638
 endloop
endfacet
facet normal 0 0 0
 outer loop
 vertex -0.032 0.0193332 -0.00254526
 vertex -0.032 0.0193185 -0.00517638
 vertex -0.032 0.0198289 -0.00261052
 endloop
endfacet
facet normal 0 0 0
 outer loop
 vertex 0.092 0.0193332 -0.00254526
 vertex 0.092 0.0198289 -0.00261052
 vertex 0.092 0.0193185 -0.00517638
 endloop
endfacet
facet normal 0 0 0
 outer loop
 vertex 0.092 0.0193332 -0.00254526
 vertex 0.092 0.0193185 -0.00517638
 vertex 0.092 0.0188356 -0.00504697
 endloop
endfacet
facet normal 0 0 0
 outer loop
 vertex -0.032 0.0188356 -0.00504697
 vertex -0.032 0.0180157 -0.00746233
 vertex -0.032 0.0184776 -0.00765367
 endloop
endfacet
facet normal 0 0 0
 outer loop
 vertex -0.032 0.0188356 -0.00504697
 vertex -0.032 0.0184776 -0.00765367
 vertex -0.032 0.0193185 -0.00517638
 endloop
endfacet
facet normal 0 0 0
 outer loop
 vertex 0.092 0.0188356 -0.00504697
 vertex 0.092 0.0193185 -0.00517638
 vertex 0.092 0.0184776 -0.00765367
 endloop
endfacet
facet normal 0 0 0
 outer loop
 vertex 0.092 0.0188356 -0.00504697
 vertex 0.092 0.0184776 -0.00765367
 vertex 0.092 0.0180157 -0.00746233
 endloop
endfacet
facet normal 0 0 0
 outer loop
 vertex -0.032 0.0180157 -0.00746233
 vertex -0.032 0.0168875 -0.00975
 vertex -0.032 0.0173205 -0.01
 endloop
endfacet
facet normal 0 0 0
 outer loop
 vertex -0.032 0.0180157 -0.00746233
 vertex -0.032 0.0173205 -0.01
 vertex -0.032 0.0184776 -0.00765367
 endloop
endfacet
facet normal 0 0 0
 outer loop
 vertex 0.092 0.0180157 -0.00746233
 vertex 0.092 0.0184776 -0.00765367
 vertex 0.092 0.0173205 -0.01
 endloop
endfacet
facet normal 0 0 0
 outer loop
 vertex 0.092 0.0180157 -0.00746233
 vertex 0.092 0.0173205 -0.01
 vertex 0.092 0.0168875 -0.00975
 endloop
endfacet
facet normal 0 0 0
 outer loop
 vertex -0.032 0.0168875 -0.00975
 vertex -0.032 0.0154704 -0.0118708
 vertex -0.032 0.0158671 -0.0121752
 endloop
endfacet
facet normal 0 0 0
 outer loop
 vertex -0.032 0.0168875 -0.00975
 vertex -0.032 0.0158671 -0.0121752
 vertex -0.032 0.0173205 -0.01
 endloop
endfacet
facet normal 0 0 0
 outer loop
 vertex 0.092 0.0168875 -0.00975
 vertex 0.092 0.0173205 -0.01
 vertex 0.092 0.0158671 -0.0121752
 endloop
endfacet
facet normal 0 0 0
 outer loop
 vertex 0.092 0.0168875 -0.00975
 vertex 0.092 0.0158671 -0.0121752
 vertex 0.092 0.0154704 -0.0118708
 endloop
endfacet
facet normal 0 0 0
 outer loop
 vertex -0.032 0.0154704 -0.0118708
 vertex -0.032 0.0137886 -0.0137886
 vertex -0.032 0.0141421 -0.0141421
 endloop
endfacet
facet normal 0 0 0
 outer loop
 vertex -0.032 0.0154704 -0.0118708
 vertex -0.032 0.0141421 -0.0141421
 vertex -0.032 0.0158671 -0.0121752
 endloop
endfacet
facet normal 0 0 0
 outer loop
 vertex 0.092 0.0154704 -0.0118708
 vertex 0.092 0.0158671 -0.0121752
 vertex 0.092 0.0141421 -0.0141421
 endloop
endfacet
facet normal 0 0 0
 outer loop
 vertex 0.092 0.0154704 -0.0118708
 vertex 0.092 0.0141421 -0.0141421
 vertex 0.092 0.0137886 -0.0137886
 endloop
endfacet
facet normal 0 0 0
 outer loop
 vertex -0.032 0.0137886 -0.0137886
 vertex -0.032 0.0118708 -0.0154704
 vertex -0.032 0.0121752 -0.0158671
 endloop
endfacet
facet normal 0 0 0
 outer loop
 vertex -0.032 0.0137886 -0.0137886
 vertex -0.032 0.0121752 -0.0158671
 vertex -0.032 0.0141421 -0.0141421
 endloop
endfacet
facet normal 0 0 0
 outer loop
 vertex 0.092 0.0137886 -0.0137886
 vertex 0.092 0.0141421 -0.0141421
 vertex 0.092 0.0121752 -0.0158671
 endloop
endfacet
facet normal 0 0 0
 outer loop
 vertex 0.092 0.0137886 -0.0137886
 vertex 0.092 0.0121752 -0.0158671
 vertex 0.092 0.0118708 -0.0154704
 endloop
endfacet
facet normal 0 0 0
 outer loop
 vertex -0.032 0.0118708 -0.0154704
 vertex -0.032 0.00975 -0.0168875
 vertex -0.032 0.01 -0.0173205
 endloop
endfacet
facet normal 0 0 0
 outer loop
 vertex -0.032 0.0118708 -0.0154704
 vertex -0.032 0.01 -0.0173205
 vertex -0.032 0.0121752 -0.0158671
 endloop
endfacet
facet normal 0 0 0
 outer loop
 vertex 0.092 0.0118708 -0.0154704
 vertex 0.092 0.0121752 -0.0158671
 vertex 0.092 0.01 -0.0173205
 endloop
endfacet
facet normal 0 0 0
 outer loop
 vertex 0.092 0.0118708 -0.0154704
 vertex 0.092 0.01 -0.0173205
 vertex 0.092 0.00975 -0.0168875
 endloop
endfacet
facet normal 0 0 0
 outer loop
 vertex -0.032 0.00975 -0.0168875
 vertex -0.032 0.00746233 -0.0180157
 vertex -0.032 0.00765367 -0.0184776
 endloop
endfacet
facet normal 0 0 0
 outer loop
 vertex -0.032 0.00975 -0.0168875
 vertex -0.032 0.00765367 -0.0184776
 vertex -0.032 0.01 -0.0173205
 endloop
endfacet
facet normal 0 0 0
 outer loop
 vertex 0.092 0.00975 -0.0168875
 vertex 0.092 0.01 -0.0173205
 vertex 0.092 0.00765367 -0.0184776
 endloop
endfacet
facet normal 0 0 0
 outer loop
 vertex 0.092 0.00975 -0.0168875
 vertex 0.092 0.00765367 -0.0184776
 vertex 0.092 0.00746233 -0.0180157
 endloop
endfacet
facet normal 0 0 0
 outer loop
 vertex -0.032 0.00746233 -0.0180157
 vertex -0.032 0.00504697 -0.0188356
 vertex -0.032 0.00517638 -0.0193185
 endloop
endfacet
facet normal 0 0 0
 outer loop
 vertex -0.032 0.00746233 -0.0180157
 vertex -0.032 0.00517638 -0.0193185
 vertex -0.032 0.00765367 -0.0184776
 endloop
endfacet
facet normal 0 0 0
 outer loop
 vertex 0.092 0.00746233 -0.0180157
 vertex 0.092 0.00765367 -0.0184776
 vertex 0.092 0.00517638 -0.0193185
 endloop
endfacet
facet normal 0 0 0
 outer loop
 vertex 0.092 0.00746233 -0.0180157
 vertex 0.092 0.00517638 -0.0193185
 vertex 0.092 0.00504697 -0.0188356
 endloop
endfacet
facet normal 0 0 0
 outer loop
 vertex -0.032 0.00504697 -0.0188356
 vertex -0.032 0.00254526 -0.0193332
 vertex -0.032 0.00261052 -0.0198289
 endloop
endfacet
facet normal 0 0 0
 outer loop
 vertex -0.032 0.00504697 -0.0188356
 vertex -0.032 0.00261052 -0.0198289
 vertex -0.032 0.00517638 -0.0193185
 endloop
endfacet
facet normal 0 0 0
 outer loop
 vertex 0.092 0.00504697 -0.0188356
 vertex 0.092 0.00517638 -0.0193185
 vertex 0.092 0.00261052 -0.0198289
 endloop
endfacet
facet normal 0 0 0
 outer loop
 vertex 0.092 0.00504697 -0.0188356
 vertex 0.092 0.00261052 -0.0198289
 vertex 0.092 0.00254526 -0.0193332
 endloop
endfacet
facet normal 0 0 0
 outer loop
 vertex -0.032 0.00254526 -0.0193332
 vertex -0.032 -1.70474e-09 -0.0195
 vertex -0.032 -1.74846e-09 -0.02
 endloop
endfacet
facet normal 0 0 0
 outer loop
 vertex -0.032 0.00254526 -0.0193332
 vertex -0.032 -1.74846e-09 -0.02
 vertex -0.032 0.00261052 -0.0198289
 endloop
endfacet
facet normal 0 0 0
 outer loop
 vertex 0.092 0.00254526 -0.0193332
 vertex 0.092 0.00261052 -0.0198289
 vertex 0.092 -1.74846e-09 -0.02
 endloop
endfacet
facet normal 0 0 0
 outer loop
 vertex 0.092 0.00254526 -0.0193332
 vertex 0.092 -1.74846e-09 -0.02
 vertex 0.092 -1.70474e-09 -0.0195
 endloop
endfacet
facet normal 0 0 0
 outer loop
 vertex -0.032 -1.70474e-09 -0.0195
 vertex -0.032 -0.00254526 -0.0193332
 vertex -0.032 -0.00261053 -0.0198289
 endloop
endfacet
facet normal 0 0 0
 outer loop
 vertex -0.032 -1.70474e-09 -0.0195
 vertex -0.032 -0.00261053 -0.0198289
 vertex -0.032 -1.74846e-09 -0.02
 endloop
endfacet
facet normal 0 0 0
 outer loop
 vertex 0.092 -1.70474e-09 -0.0195
 vertex 0.092 -1.74846e-09 -0.02
 vertex 0.092 -0.00261053 -0.0198289
 endloop
endfacet
facet normal 0 0 0
 outer loop
 vertex 0.092 -1.70474e-09 -0.0195
 vertex 0.092 -0.00261053 -0.0198289
 vertex 0.092 -0.00254526 -0.0193332
 endloop
endfacet
facet normal 0 0 0
 outer loop
 vertex -0.032 -0.00254526 -0.0193332
 vertex -0.032 -0.00504697 -0.0188356
 vertex -0.032 -0.00517638 -0.0193185
 endloop
endfacet
facet normal 0 0 0
 outer loop
 vertex -0.032 -0.00254526 -0.0193332
 vertex -0.032 -0.00517638 -0.0193185
 vertex -0.032 -0.00261053 -0.0198289
 endloop
endfacet
facet normal 0 0 0
 outer loop
 vertex 0.092 -0.00254526 -0.0193332
 vertex 0.092 -0.00261053 -0.0198289
 vertex 0.092 -0.00517638 -0.0193185
 endloop
endfacet
facet normal 0 0 0
 outer loop
 vertex 0.092 -0.00254526 -0.0193332
 vertex 0.092 -0.00517638 -0.0193185
 vertex 0.092 -0.00504697 -0.0188356
 endloop
endfacet
facet normal 0 0 0
 outer loop
 vertex -0.032 -0.00504697 -0.0188356
 vertex -0.032 -0.00746233 -0.0180157
 vertex -0.032 -0.00765367 -0.0184776
 endloop
endfacet
facet normal 0 0 0
 outer loop
 vertex -0.032 -0.00504697 -0.0188356
 vertex -0.032 -0.00765367 -0.0184776
 vertex -0.032 -0.00517638 -0.0193185
 endloop
endfacet
facet normal 0 0 0
 outer loop
 vertex 0.092 -0.00504697 -0.0188356
 vertex 0.092 -0.00517638 -0.0193185
 vertex 0.092 -0.00765367 -0.0184776
 endloop
endfacet
facet normal 0 0 0
 outer loop
 vertex 0.092 -0.00504697 -0.0188356
 vertex 0.092 -0.00765367 -0.0184776
 vertex 0.092 -0.00746233 -0.0180157
 endloop
endfacet
facet normal 0 0 0
 outer loop
 vertex -0.032 -0.00746233 -0.0180157
 vertex -0.032 -0.00975 -0.0168875
 vertex -0.032 -0.01 -0.0173205
 endloop
endfacet
facet normal 0 0 0
 outer loop
 vertex -0.032 -0.00746233 -0.0180157
 vertex -0.032 -0.01 -0.0173205
 vertex -0.032 -0.00765367 -0.0184776
 endloop
endfacet
facet normal 0 0 0
 outer loop
 vertex 0.092 -0.00746233 -0.0180157
 vertex 0.092 -0.00765367 -0.0184776
 vertex 0.092 -0.01 -0.0173205
 endloop
endfacet
facet normal 0 0 0
 outer loop
 vertex 0.092 -0.00746233 -0.0180157
 vertex 0.092 -0.01 -0.0173205
 vertex 0.092 -0.00975 -0.0168875
 endloop
endfacet
facet normal 0 0 0
 outer loop
 vertex -0.032 -0.00975 -0.0168875
 vertex -0.032 -0.0118708 -0.0154704
 vertex -0.032 -0.0121752 -0.0158671
 endloop
endfacet
facet normal 0 0 0
 outer loop
 vertex -0.032 -0.00975 -0.0168875
 vertex -0.032 -0.0121752 -0.0158671
 vertex -0.032 -0.01 -0.0173205
 endloop
endfacet
facet normal 0 0 0
 outer loop
 vertex 0.092 -0.00975 -0.0168875
 vertex 0.092 -0.01 -0.0173205
 vertex 0.092 -0.0121752 -0.0158671
 endloop
endfacet
facet normal 0 0 0
 outer loop
 vertex 0.092 -0.00975 -0.0168875
 vertex 0.092 -0.0121752 -0.0158671
 vertex 0.092 -0.0118708 -0.0154704
 endloop
endfacet
facet normal 0 0 0
 outer loop
 vertex -0.032 -0.0118708 -0.0154704
 vertex -0.032 -0.0137886 -0.0137886
 vertex -0.032 -0.0141421 -0.0141421
 endloop
endfacet
facet normal 0 0 0
 outer loop
 vertex -0.032 -0.0118708 -0.0154704
 vertex -0.032 -0.0141421 -0.0141421
 vertex -0.032 -0.0121752 -0.0158671
 endloop
endfacet
facet normal 0 0 0
 outer loop
 vertex 0.092 -0.0118708 -0.0154704
 vertex 0.092 -0.0121752 -0.0158671
 vertex 0.092 -0.0141421 -0.0141421
 endloop
endfacet
facet normal 0 0 0
 outer loop
 vertex 0.092 -0.0118708 -0.0154704
 vertex 0.092 -0.0141421 -0.0141421
 vertex 0.092 -0.0137886 -0.0137886
 endloop
endfacet
facet normal 0 0 0
 outer loop
 vertex -0.032 -0.0137886 -0.0137886
 vertex -0.032 -0.0154704 -0.0118708
 vertex -0.032 -0.0158671 -0.0121752
 endloop
endfacet
facet normal 0 0 0
 outer loop
 vertex -0.032 -0.0137886 -0.0137886
 vertex -0.032 -0.0158671 -0.0121752
 vertex -0.032 -0.0141421 -0.0141421
 endloop
endfacet
facet normal 0 0 0
 outer loop
 vertex 0.092 -0.0137886 -0.0137886
 vertex 0.092 -0.0141421 -0.0141421
 vertex 0.092 -0.0158671 -0.0121752
 endloop
endfacet
facet normal 0 0 0
 outer loop
 vertex 0.092 -0.0137886 -0.0137886
 vertex 0.092 -0.0158671 -0.0121752
 vertex 0.092 -0.0154704 -0.0118708
 endloop
endfacet
facet normal 0 0 0
 outer loop
 vertex -0.032 -0.0154704 -0.0118708
 vertex -0.032 -0.0168875 -0.00975
 vertex -0.032 -0.0173205 -0.01
 endloop
endfacet
facet normal 0 0 0
 outer loop
 vertex -0.032 -0.0154704 -0.0118708
 vertex -0.032 -0.0173205 -0.01
 vertex -0.032 -0.0158671 -0.0121752
 endloop
endfacet
facet normal 0 0 0
 outer loop
 vertex 0.092 -0.0154704 -0.0118708
 vertex 0.092 -0.0158671 -0.0121752
 vertex 0.092 -0.0173205 -0.01
 endloop
endfacet
facet normal 0 0 0
 outer loop
 vertex 0.092 -0.0154704 -0.0118708
 vertex 0.092 -0.0173205 -0.01
 vertex 0.092 -0.0168875 -0.00975
 endloop
endfacet
facet normal 0 0 0
 outer loop
 vertex -0.032 -0.0168875 -0.00975
 vertex -0.032 -0.0180157 -0.00746233
 vertex -0.032 -0.0184776 -0.00765367
 endloop
endfacet
facet normal 0 0 0
 outer loop
 vertex -0.032 -0.0168875 -0.00975
 vertex -0.032 -0.0184776 -0.00765367
 vertex -0.032 -0.0173205 -0.01
 endloop
endfacet
facet normal 0 0 0
 outer loop
 vertex 0.092 -0.0168875 -0.00975
 vertex 0.092 -0.0173205 -0.01
 vertex 0.092 -0.0184776 -0.00765367
 endloop
endfacet
facet normal 0 0 0
 outer loop
 vertex 0.092 -0.0168875 -0.00975
 vertex 0.092 -0.0184776 -0.00765367
 vertex 0.092 -0.0180157 -0.00746233
 endloop
endfacet
facet normal 0 0 0
 outer loop
 vertex -0.032 -0.0180157 -0.00746233
 vertex -0.032 -0.0188356 -0.00504697
 vertex -0.032 -0.0193185 -0.00517638
 endloop
endfacet
facet normal 0 0 0
 outer loop
 vertex -0.032 -0.0180157 -0.00746233
 vertex -0.032 -0.0193185 -0.00517638
 vertex -0.032 -0.0184776 -0.00765367
 endloop
endfacet
facet normal 0 0 0
 outer loop
 vertex 0.092 -0.0180157 -0.00746233
 vertex 0.092 -0.0184776 -0.00765367
 vertex 0.092 -0.0193185 -0.00517638
 endloop
endfacet
facet normal 0 0 0
 outer loop
 vertex 0.092 -0.0180157 -0.00746233
 vertex 0.092 -0.0193185 -0.00517638
 vertex 0.092 -0.0188356 -0.00504697
 endloop
endfacet
facet normal 0 0 0
 outer loop
 vertex -0.032 -0.0188356 -0.00504697
 vertex -0.032 -0.0193332 -0.00254526
 vertex -0.032 -0.0198289 -0.00261053
 endloop
endfacet
facet normal 0 0 0
 outer loop
 vertex -0.032 -0.0188356 -0.00504697
 vertex -0.032 -0.0198289 -0.00261053
 vertex -0.032 -0.0193185 -0.00517638
 endloop
endfacet
facet normal 0 0 0
 outer loop
 vertex 0.092 -0.0188356 -0.00504697
 vertex 0.092 -0.0193185 -0.00517638
 vertex 0.092 -0.0198289 -0.00261053
 endloop
endfacet
facet normal 0 0 0
 outer loop
 vertex 0.092 -0.0188356 -0.00504697
 vertex 0.092 -0.0198289 -0.00261053
 vertex 0.092 -0.0193332 -0.00254526
 endloop
endfacet
facet normal 0 0 0
 outer loop
 vertex -0.032 -0.0193332 -0.00254526
 vertex -0.032 -0.0195 2.32535e-10
 vertex -0.032 -0.02 2.38498e-10
 endloop
endfacet
facet normal 0 0 0
 outer loop
 vertex -0.032 -0.0193332 -0.00254526
 vertex -0.032 -0.02 2.38498e-10
 vertex -0.032 -0.0198289 -0.00261053
 endloop
endfacet
facet normal 0 0 0
 outer loop
 vertex 0.092 -0.0193332 -0.00254526
 vertex 0.092 -0.0198289 -0.00261053
 vertex 0.092 -0.02 2.38498e-10
 endloop
endfacet
facet normal 0 0 0
 outer loop
 vertex 0.092 -0.0193332 -0.00254526
 vertex 0.092 -0.02 2.38498e-10
 vertex 0.092 -0.0195 2.32535e-10
 endloop
endfacet
facet normal 0 0 0
 outer loop
 vertex -0.032 -0.0195 2.32535e-10
 vertex -0.032 -0.0193332 0.00254527
 vertex -0.032 -0.0198289 0.00261053
 endloop
endfacet
facet normal 0 0 0
 outer loop
 vertex -0.032 -0.0195 2.32535e-10
 vertex -0.032 -0.0198289 0.00261053
 vertex -0.032 -0.02 2.38498e-10
 endloop
endfacet
facet normal 0 0 0
 outer loop
 vertex 0.092 -0.0195 2.32535e-10
 vertex 0.092 -0.02 2.38498e-10
 vertex 0.092 -0.0198289 0.00261053
 endloop
endfacet
facet normal 0 0 0
 outer loop
 vertex 0.092 -0.0195 2.32535e-10
 vertex 0.092 -0.0198289 0.00261053
 vertex 0.092 -0.0193332 0.00254527
 endloop
endfacet
facet normal 0 0 0
 outer loop
 vertex -0.032 -0.0193332 0.00254527
 vertex -0.032 -0.0188356 0.00504697
 vertex -0.032 -0.0193185 0.00517638
 endloop
endfacet
facet normal 0 0 0
 outer loop
 vertex -0.032 -0.0193332 0.00254527
 vertex -0.032 -0.0193185 0.00517638
 vertex -0.032 -0.0198289 0.00261053
 endloop
endfacet
facet normal 0 0 0
 outer loop
 vertex 0.092 -0.0193332 0.00254527
 vertex 0.092 -0.0198289 0.00261053
 vertex 0.092 -0.0193185 0.00517638
 endloop
endfacet
facet normal 0 0 0
 outer loop
 vertex 0.092 -0.0193332 0.00254527
 vertex 0.092 -0.0193185 0.00517638
 vertex 0.092 -0.0188356 0.00504697
 endloop
endfacet
facet normal 0 0 0
 outer loop
 vertex -0.032 -0.0188356 0.00504697
 vertex -0.032 -0.0180156 0.00746233
 vertex -0.032 -0.0184776 0.00765367
 endloop
endfacet
facet normal 0 0 0
 outer loop
 vertex -0.032 -0.0188356 0.00504697
 vertex -0.032 -0.0184776 0.00765367
 vertex -0.032 -0.0193185 0.00517638
 endloop
endfacet
facet normal 0 0 0
 outer loop
 vertex 0.092 -0.0188356 0.00504697
 vertex 0.092 -0.0193185 0.00517638
 vertex 0.092 -0.0184776 0.00765367
 endloop
endfacet
facet normal 0 0 0
 outer loop
 vertex 0.092 -0.0188356 0.00504697
 vertex 0.092 -0.0184776 0.00765367
 vertex 0.092 -0.0180156 0.00746233
 endloop
endfacet
facet normal 0 0 0
 outer loop
 vertex -0.032 -0.0180156 0.00746233
 vertex -0.032 -0.0168875 0.00975
 vertex -0.032 -0.0173205 0.01
 endloop
endfacet
facet normal 0 0 0
 outer loop
 vertex -0.032 -0.0180156 0.00746233
 vertex -0.032 -0.0173205 0.01
 vertex -0.032 -0.0184776 0.00765367
 endloop
endfacet
facet normal 0 0 0
 outer loop
 vertex 0.092 -0.0180156 0.00746233
 vertex 0.092 -0.0184776 0.00765367
 vertex 0.092 -0.0173205 0.01
 endloop
endfacet
facet normal 0 0 0
 outer loop
 vertex 0.092 -0.0180156 0.00746233
 vertex 0.092 -0.0173205 0.01
 vertex 0.092 -0.0168875 0.00975
 endloop
endfacet
facet normal 0 0 0
 outer loop
 vertex -0.032 -0.0168875 0.00975
 vertex -0.032 -0.0154704 0.0118709
 vertex -0.032 -0.0158671 0.0121752
 endloop
endfacet
facet normal 0 0 0
 outer loop
 vertex -0.032 -0.0168875 0.00975
 vertex -0.032 -0.0158671 0.0121752
 vertex -0.032 -0.0173205 0.01
 endloop
endfacet
facet normal 0 0 0
 outer loop
 vertex 0.092 -0.0168875 0.00975
 vertex 0.092 -0.0173205 0.01
 vertex 0.092 -0.0158671 0.0121752
 endloop
endfacet
facet normal 0 0 0
 outer loop
 vertex 0.092 -0.0168875 0.00975
 vertex 0.092 -0.0158671 0.0121752
 vertex 0.092 -0.0154704 0.0118709
 endloop
endfacet
facet normal 0 0 0
 outer loop
 vertex -0.032 -0.0154704 0.0118709
 vertex -0.032 -0.0137886 0.0137886
 vertex -0.032 -0.0141421 0.0141421
 endloop
endfacet
facet normal 0 0 0
 outer loop
 vertex -0.032 -0.0154704 0.0118709
 vertex -0.032 -0.0141421 0.0141421
 vertex -0.032 -0.0158671 0.0121752
 endloop
endfacet
facet normal 0 0 0
 outer loop
 vertex 0.092 -0.0154704 0.0118709
 vertex 0.092 -0.0158671 0.0121752
 vertex 0.092 -0.0141421 0.0141421
 endloop
endfacet
facet normal 0 0 0
 outer loop
 vertex 0.092 -0.0154704 0.0118709
 vertex 0.092 -0.0141421 0.0141421
 vertex 0.092 -0.0137886 0.0137886
 endloop
endfacet
facet normal 0 0 0
 outer loop
 vertex -0.032 -0.0137886 0.0137886
 vertex -0.032 -0.0118708 0.0154704
 vertex -0.032 -0.0121752 0.0158671
 endloop
endfacet
facet normal 0 0 0
 outer loop
 vertex -0.032 -0.0137886 0.0137886
 vertex -0.032 -0.0121752 0.0158671
 vertex -0.032 -0.0141421 0.0141421
 endloop
endfacet
facet normal 0 0 0
 outer loop
 vertex 0.092 -0.0137886 0.0137886
 vertex 0.092 -0.0141421 0.0141421
 vertex 0.092 -0.0121752 0.0158671
 endloop
endfacet
facet normal 0 0 0
 outer loop
 vertex 0.092 -0.0137886 0.0137886
 vertex 0.092 -0.0121752 0.0158671
 vertex 0.092 -0.0118708 0.0154704
 endloop
endfacet
facet normal 0 0 0
 outer loop
 vertex -0.032 -0.0118708 0.0154704
 vertex -0.032 -0.00975 0.0168875
 vertex -0.032 -0.01 0.0173205
 endloop
endfacet
facet normal 0 0 0
 outer loop
 vertex -0.032 -0.0118708 0.0154704
 vertex -0.032 -0.01 0.0173205
 vertex -0.032 -0.0121752 0.0158671
 endloop
endfacet
facet normal 0 0 0
 outer loop
 vertex 0.092 -0.0118708 0.0154704
 vertex 0.092 -0.0121752 0.0158671
 vertex 0.092 -0.01 0.0173205
 endloop
endfacet
facet normal 0 0 0
 outer loop
 vertex 0.092 -0.0118708 0.0154704
 vertex 0.092 -0.01 0.0173205
 vertex 0.092 -0.00975 0.0168875
 endloop
endfacet
facet normal 0 0 0
 outer loop
 vertex -0.032 -0.00975 0.0168875
 vertex -0.032 -0.00746233 0.0180157
 vertex -0.032 -0.00765367 0.0184776
 endloop
endfacet
facet normal 0 0 0
 outer loop
 vertex -0.032 -0.00975 0.0168875
 vertex -0.032 -0.00765367 0.0184776
 vertex -0.032 -0.01 0.0173205
 endloop
endfacet
facet normal 0 0 0
 outer loop
 vertex 0.092 -0.00975 0.0168875
 vertex 0.092 -0.01 0.0173205
 vertex 0.092 -0.00765367 0.0184776
 endloop
endfacet
facet normal 0 0 0
 outer loop
 vertex 0.092 -0.00975 0.0168875
 vertex 0.092 -0.00765367 0.0184776
 vertex 0.092 -0.00746233 0.0180157
 endloop
endfacet
facet normal 0 0 0
 outer loop
 vertex -0.032 -0.00746233 0.0180157
 vertex -0.032 -0.00504697 0.0188356
 vertex -0.032 -0.00517638 0.0193185
 endloop
endfacet
facet normal 0 0 0
 outer loop
 vertex -0.032 -0.00746233 0.0180157
 vertex -0.032 -0.00517638 0.0193185
 vertex -0.032 -0.00765367 0.0184776
 endloop
endfacet
facet normal 0 0 0
 outer loop
 vertex 0.092 -0.00746233 0.0180157
 vertex 0.092 -0.00765367 0.0184776
 vertex 0.092 -0.00517638 0.0193185
 endloop
endfacet
facet normal 0 0 0
 outer loop
 vertex 0.092 -0.00746233 0.0180157
 vertex 0.092 -0.00517638 0.0193185
 vertex 0.092 -0.00504697 0.0188356
 endloop
endfacet
facet normal 0 0 0
 outer loop
 vertex -0.032 -0.00504697 0.0188356
 vertex -0.032 -0.00254526 0.0193332
 vertex -0.032 -0.00261052 0.0198289
 endloop
endfacet
facet normal 0 0 0
 outer loop
 vertex -0.032 -0.00504697 0.0188356
 vertex -0.032 -0.00261052 0.0198289
 vertex -0.032 -0.00517638 0.0193185
 endloop
endfacet
facet normal 0 0 0
 outer loop
 vertex 0.092 -0.00504697 0.0188356
 vertex 0.092 -0.00517638 0.0193185
 vertex 0.092 -0.00261052 0.0198289
 endloop
endfacet
facet normal 0 0 0
 outer loop
 vertex 0.092 -0.00504697 0.0188356
 vertex 0.092 -0.00261052 0.0198289
 vertex 0.092 -0.00254526 0.0193332
 endloop
endfacet
facet normal 0 0 0
 outer loop
 vertex -0.032 -0.00254526 0.0193332
 vertex -0.032 3.40949e-09 0.0195
 vertex -0.032 3.49691e-09 0.02
 endloop
endfacet
facet normal 0 0 0
 outer loop
 vertex -0.032 -0.00254526 0.0193332
 vertex -0.032 3.49691e-09 0.02
 vertex -0.032 -0.00261052 0.0198289
 endloop
endfacet
facet normal 0 0 0
 outer loop
 vertex 0.092 -0.00254526 0.0193332
 vertex 0.092 -0.00261052 0.0198289
 vertex 0.092 3.49691e-09 0.02
 endloop
endfacet
facet normal 0 0 0
 outer loop
 vertex 0.092 -0.00254526 0.0193332
 vertex 0.092 3.49691e-09 0.02
 vertex 0.092 3.40949e-09 0.0195
 endloop
endfacet
endsolid magnet_assembly
