solid sapphire_bushings
facet normal 0 0 0
 outer loop
 vertex -0.074 0 0.019
 vertex -0.074 0.00248 0.0188375
 vertex -0.066 0.00248 0.0188375
 endloop
endfacet
facet normal 0 0 0
 outer loop
 vertex -0.074 0 0.019
 vertex -0.066 0.00248 0.0188375
 vertex -0.066 0 0.019
 endloop
endfacet
facet normal 0 0 0
 outer loop
 vertex -0.066 0 0.0171
 vertex -0.066 0.002232 0.0169537
 vertex -0.074 0.002232 0.0169537
 endloop
endfacet
facet normal 0 0 0
 outer loop
 vertex -0.066 0 0.0171
 vertex -0.074 0.002232 0.0169537
 vertex -0.074 0 0.0171
 endloop
endfacet
facet normal 0 0 0
 outer loop
 vertex -0.074 0.00248 0.0188375
 vertex -0.074 0.00491756 0.0183526
 vertex -0.066 0.00491756 0.0183526
 endloop
endfacet
facet normal 0 0 0
 outer loop
 vertex -0.074 0.00248 0.0188375
 vertex -0.066 0.00491756 0.0183526
 vertex -0.066 0.00248 0.0188375
 endloop
endfacet
facet normal 0 0 0
 outer loop
 vertex -0.066 0.002232 0.0169537
 vertex -0.066 0.00442581 0.0165173
 vertex -0.074 0.00442581 0.0165173
 endloop
endfacet
facet normal 0 0 0
 outer loop
 vertex -0.066 0.002232 0.0169537
 vertex -0.074 0.00442581 0.0165173
 vertex -0.074 0.002232 0.0169537
 endloop
endfacet
facet normal 0 0 0
 outer loop
 vertex -0.074 0.00491756 0.0183526
 vertex -0.074 0.00727099 0.0175537
 vertex -0.066 0.00727099 0.0175537
 endloop
endfacet
facet normal 0 0 0
 outer loop
 vertex -0.074 0.00491756 0.0183526
 vertex -0.066 0.00727099 0.0175537
 vertex -0.066 0.00491756 0.0183526
 endloop
endfacet
facet normal 0 0 0
 outer loop
 vertex -0.066 0.00442581 0.0165173
 vertex -0.066 0.00654389 0.0157983
 vertex -0.074 0.00654389 0.0157983
 endloop
endfacet
facet normal 0 0 0
 outer loop
 vertex -0.066 0.00442581 0.0165173
 vertex -0.074 0.00654389 0.0157983
 vertex -0.074 0.00442581 0.0165173
 endloop
endfacet
facet normal 0 0 0
 outer loop
 vertex -0.074 0.00727099 0.0175537
 vertex -0.074 0.0095 0.0164545
 vertex -0.066 0.0095 0.0164545
 endloop
endfacet
facet normal 0 0 0
 outer loop
 vertex -0.074 0.00727099 0.0175537
 vertex -0.066 0.0095 0.0164545
 vertex -0.066 0.00727099 0.0175537
 endloop
endfacet
facet normal 0 0 0
 outer loop
 vertex -0.066 0.00654389 0.0157983
 vertex -0.066 0.00855 0.014809
 vertex -0.074 0.00855 0.014809
 endloop
endfacet
facet normal 0 0 0
 outer loop
 vertex -0.066 0.00654389 0.0157983
 vertex -0.074 0.00855 0.014809
 vertex -0.074 0.00654389 0.0157983
 endloop
endfacet
facet normal 0 0 0
 outer loop
 vertex -0.074 0.0095 0.0164545
 vertex -0.074 0.0115665 0.0150737
 vertex -0.066 0.0115665 0.0150737
 endloop
endfacet
facet normal 0 0 0
 outer loop
 vertex -0.074 0.0095 0.0164545
 vertex -0.066 0.0115665 0.0150737
 vertex -0.066 0.0095 0.0164545
 endloop
endfacet
facet normal 0 0 0
 outer loop
 vertex -0.066 0.00855 0.014809
 vertex -0.066 0.0104098 0.0135663
 vertex -0.074 0.0104098 0.0135663
 endloop
endfacet
facet normal 0 0 0
 outer loop
 vertex -0.066 0.00855 0.014809
 vertex -0.074 0.0104098 0.0135663
 vertex -0.074 0.00855 0.014809
 endloop
endfacet
facet normal 0 0 0
 outer loop
 vertex -0.074 0.0115665 0.0150737
 vertex -0.074 0.013435 0.013435
 vertex -0.066 0.013435 0.013435
 endloop
endfacet
facet normal 0 0 0
 outer loop
 vertex -0.074 0.0115665 0.0150737
 vertex -0.066 0.013435 0.013435
 vertex -0.066 0.0115665 0.0150737
 endloop
endfacet
facet normal 0 0 0
 outer loop
 vertex -0.066 0.0104098 0.0135663
 vertex -0.066 0.0120915 0.0120915
 vertex -0.074 0.0120915 0.0120915
 endloop
endfacet
facet normal 0 0 0
 outer loop
 vertex -0.066 0.0104098 0.0135663
 vertex -0.074 0.0120915 0.0120915
 vertex -0.074 0.0104098 0.0135663
 endloop
endfacet
facet normal 0 0 0
 outer loop
 vertex -0.074 0.013435 0.013435
 vertex -0.074 0.0150737 0.0115665
 vertex -0.066 0.0150737 0.0115665
 endloop
endfacet
facet normal 0 0 0
 outer loop
 vertex -0.074 0.013435 0.013435
 vertex -0.066 0.0150737 0.0115665
 vertex -0.066 0.013435 0.013435
 endloop
endfacet
facet normal 0 0 0
 outer loop
 vertex -0.066 0.0120915 0.0120915
 vertex -0.066 0.0135663 0.0104098
 vertex -0.074 0.0135663 0.0104098
 endloop
endfacet
facet normal 0 0 0
 outer loop
 vertex -0.066 0.0120915 0.0120915
 vertex -0.074 0.0135663 0.0104098
 vertex -0.074 0.0120915 0.0120915
 endloop
endfacet
facet normal 0 0 0
 outer loop
 vertex -0.074 0.0150737 0.0115665
 vertex -0.074 0.0164545 0.0095
 vertex -0.066 0.0164545 0.0095
 endloop
endfacet
facet normal 0 0 0
 outer loop
 vertex -0.074 0.0150737 0.0115665
 vertex -0.066 0.0164545 0.0095
 vertex -0.066 0.0150737 0.0115665
 endloop
endfacet
facet normal 0 0 0
 outer loop
 vertex -0.066 0.0135663 0.0104098
 vertex -0.066 0.014809 0.00855
 vertex -0.074 0.014809 0.00855
 endloop
endfacet
facet normal 0 0 0
 outer loop
 vertex -0.066 0.0135663 0.0104098
 vertex -0.074 0.014809 0.00855
 vertex -0.074 0.0135663 0.0104098
 endloop
endfacet
facet normal 0 0 0
 outer loop
 vertex -0.074 0.0164545 0.0095
 vertex -0.074 0.0175537 0.00727098
 vertex -0.066 0.0175537 0.00727098
 endloop
endfacet
facet normal 0 0 0
 outer loop
 vertex -0.074 0.0164545 0.0095
 vertex -0.066 0.0175537 0.00727098
 vertex -0.066 0.0164545 0.0095
 endloop
endfacet
facet normal 0 0 0
 outer loop
 vertex -0.066 0.014809 0.00855
 vertex -0.066 0.0157983 0.00654389
 vertex -0.074 0.0157983 0.00654389
 endloop
endfacet
facet normal 0 0 0
 outer loop
 vertex -0.066 0.014809 0.00855
 vertex -0.074 0.0157983 0.00654389
 vertex -0.074 0.014809 0.00855
 endloop
endfacet
facet normal 0 0 0
 outer loop
 vertex -0.074 0.0175537 0.00727098
 vertex -0.074 0.0183526 0.00491756
 vertex -0.066 0.0183526 0.00491756
 endloop
endfacet
facet normal 0 0 0
 outer loop
 vertex -0.074 0.0175537 0.00727098
 vertex -0.066 0.0183526 0.00491756
 vertex -0.066 0.0175537 0.00727098
 endloop
endfacet
facet normal 0 0 0
 outer loop
 vertex -0.066 0.0157983 0.00654389
 vertex -0.066 0.0165173 0.00442581
 vertex -0.074 0.0165173 0.00442581
 endloop
endfacet
facet normal 0 0 0
 outer loop
 vertex -0.066 0.0157983 0.00654389
 vertex -0.074 0.0165173 0.00442581
 vertex -0.074 0.0157983 0.00654389
 endloop
endfacet
facet normal 0 0 0
 outer loop
 vertex -0.074 0.0183526 0.00491756
 vertex -0.074 0.0188375 0.00248
 vertex -0.066 0.0188375 0.00248
 endloop
endfacet
facet normal 0 0 0
 outer loop
 vertex -0.074 0.0183526 0.00491756
 vertex -0.066 0.0188375 0.00248
 vertex -0.066 0.0183526 0.00491756
 endloop
endfacet
facet normal 0 0 0
 outer loop
 vertex -0.066 0.0165173 0.00442581
 vertex -0.066 0.0169537 0.002232
 vertex -0.074 0.0169537 0.002232
 endloop
endfacet
facet normal 0 0 0
 outer loop
 vertex -0.066 0.0165173 0.00442581
 vertex -0.074 0.0169537 0.002232
 vertex -0.074 0.0165173 0.00442581
 endloop
endfacet
facet normal 0 0 0
 outer loop
 vertex -0.074 0.0188375 0.00248
 vertex -0.074 0.019 -8.30516e-10
 vertex -0.066 0.019 -8.30516e-10
 endloop
endfacet
facet normal 0 0 0
 outer loop
 vertex -0.074 0.0188375 0.00248
 vertex -0.066 0.019 -8.30516e-10
 vertex -0.066 0.0188375 0.00248
 endloop
endfacet
facet normal 0 0 0
 outer loop
 vertex -0.066 0.0169537 0.002232
 vertex -0.066 0.0171 -7.47465e-10
 vertex -0.074 0.0171 -7.47465e-10
 endloop
endfacet
facet normal 0 0 0
 outer loop
 vertex -0.066 0.0169537 0.002232
 vertex -0.074 0.0171 -7.47465e-10
 vertex -0.074 0.0169537 0.002232
 endloop
endfacet
facet normal 0 0 0
 outer loop
 vertex -0.074 0.019 -8.30516e-10
 vertex -0.074 0.0188375 -0.00248
 vertex -0.066 0.0188375 -0.00248
 endloop
endfacet
facet normal 0 0 0
 outer loop
 vertex -0.074 0.019 -8.30516e-10
 vertex -0.066 0.0188375 -0.00248
 vertex -0.066 0.019 -8.30516e-10
 endloop
endfacet
facet normal 0 0 0
 outer loop
 vertex -0.066 0.0171 -7.47465e-10
 vertex -0.066 0.0169537 -0.002232
 vertex -0.074 0.0169537 -0.002232
 endloop
endfacet
facet normal 0 0 0
 outer loop
 vertex -0.066 0.0171 -7.47465e-10
 vertex -0.074 0.0169537 -0.002232
 vertex -0.074 0.0171 -7.47465e-10
 endloop
endfacet
facet normal 0 0 0
 outer loop
 vertex -0.074 0.0188375 -0.00248
 vertex -0.074 0.0183526 -0.00491756
 vertex -0.066 0.0183526 -0.00491756
 endloop
endfacet
facet normal 0 0 0
 outer loop
 vertex -0.074 0.0188375 -0.00248
 vertex -0.066 0.0183526 -0.00491756
 vertex -0.066 0.0188375 -0.00248
 endloop
endfacet
facet normal 0 0 0
 outer loop
 vertex -0.066 0.0169537 -0.002232
 vertex -0.066 0.0165173 -0.00442581
 vertex -0.074 0.0165173 -0.00442581
 endloop
endfacet
facet normal 0 0 0
 outer loop
 vertex -0.066 0.0169537 -0.002232
 vertex -0.074 0.0165173 -0.00442581
 vertex -0.074 0.0169537 -0.002232
 endloop
endfacet
facet normal 0 0 0
 outer loop
 vertex -0.074 0.0183526 -0.00491756
 vertex -0.074 0.0175537 -0.00727098
 vertex -0.066 0.0175537 -0.00727098
 endloop
endfacet
facet normal 0 0 0
 outer loop
 vertex -0.074 0.0183526 -0.00491756
 vertex -0.066 0.0175537 -0.00727098
 vertex -0.066 0.0183526 -0.00491756
 endloop
endfacet
facet normal 0 0 0
 outer loop
 vertex -0.066 0.0165173 -0.00442581
 vertex -0.066 0.0157983 -0.00654389
 vertex -0.074 0.0157983 -0.00654389
 endloop
endfacet
facet normal 0 0 0
 outer loop
 vertex -0.066 0.0165173 -0.00442581
 vertex -0.074 0.0157983 -0.00654389
 vertex -0.074 0.0165173 -0.00442581
 endloop
endfacet
facet normal 0 0 0
 outer loop
 vertex -0.074 0.0175537 -0.00727098
 vertex -0.074 0.0164545 -0.0095
 vertex -0.066 0.0164545 -0.0095
 endloop
endfacet
facet normal 0 0 0
 outer loop
 vertex -0.074 0.0175537 -0.00727098
 vertex -0.066 0.0164545 -0.0095
 vertex -0.066 0.0175537 -0.00727098
 endloop
endfacet
facet normal 0 0 0
 outer loop
 vertex -0.066 0.0157983 -0.00654389
 vertex -0.066 0.014809 -0.00855
 vertex -0.074 0.014809 -0.00855
 endloop
endfacet
facet normal 0 0 0
 outer loop
 vertex -0.066 0.0157983 -0.00654389
 vertex -0.074 0.014809 -0.00855
 vertex -0.074 0.0157983 -0.00654389
 endloop
endfacet
facet normal 0 0 0
 outer loop
 vertex -0.074 0.0164545 -0.0095
 vertex -0.074 0.0150737 -0.0115665
 vertex -0.066 0.0150737 -0.0115665
 endloop
endfacet
facet normal 0 0 0
 outer loop
 vertex -0.074 0.0164545 -0.0095
 vertex -0.066 0.0150737 -0.0115665
 vertex -0.066 0.0164545 -0.0095
 endloop
endfacet
facet normal 0 0 0
 outer loop
 vertex -0.066 0.014809 -0.00855
 vertex -0.066 0.0135663 -0.0104098
 vertex -0.074 0.0135663 -0.0104098
 endloop
endfacet
facet normal 0 0 0
 outer loop
 vertex -0.066 0.014809 -0.00855
 vertex -0.074 0.0135663 -0.0104098
 vertex -0.074 0.014809 -0.00855
 endloop
endfacet
facet normal 0 0 0
 outer loop
 vertex -0.074 0.0150737 -0.0115665
 vertex -0.074 0.013435 -0.013435
 vertex -0.066 0.013435 -0.013435
 endloop
endfacet
facet normal 0 0 0
 outer loop
 vertex -0.074 0.0150737 -0.0115665
 vertex -0.066 0.013435 -0.013435
 vertex -0.066 0.0150737 -0.0115665
 endloop
endfacet
facet normal 0 0 0
 outer loop
 vertex -0.066 0.0135663 -0.0104098
 vertex -0.066 0.0120915 -0.0120915
 vertex -0.074 0.0120915 -0.0120915
 endloop
endfacet
facet normal 0 0 0
 outer loop
 vertex -0.066 0.0135663 -0.0104098
 vertex -0.074 0.0120915 -0.0120915
 vertex -0.074 0.0135663 -0.0104098
 endloop
endfacet
facet normal 0 0 0
 outer loop
 vertex -0.074 0.013435 -0.013435
 vertex -0.074 0.0115665 -0.0150737
 vertex -0.066 0.0115665 -0.0150737
 endloop
endfacet
facet normal 0 0 0
 outer loop
 vertex -0.074 0.013435 -0.013435
 vertex -0.066 0.0115665 -0.0150737
 vertex -0.066 0.013435 -0.013435
 endloop
endfacet
facet normal 0 0 0
 outer loop
 vertex -0.066 0.0120915 -0.0120915
 vertex -0.066 0.0104098 -0.0135663
 vertex -0.074 0.0104098 -0.0135663
 endloop
endfacet
facet normal 0 0 0
 outer loop
 vertex -0.066 0.0120915 -0.0120915
 vertex -0.074 0.0104098 -0.0135663
 vertex -0.074 0.0120915 -0.0120915
 endloop
endfacet
facet normal 0 0 0
 outer loop
 vertex -0.074 0.0115665 -0.0150737
 vertex -0.074 0.0095 -0.0164545
 vertex -0.066 0.0095 -0.0164545
 endloop
endfacet
facet normal 0 0 0
 outer loop
 vertex -0.074 0.0115665 -0.0150737
 vertex -0.066 0.0095 -0.0164545
 vertex -0.066 0.0115665 -0.0150737
 endloop
endfacet
facet normal 0 0 0
 outer loop
 vertex -0.066 0.0104098 -0.0135663
 vertex -0.066 0.00855 -0.014809
 vertex -0.074 0.00855 -0.014809
 endloop
endfacet
facet normal 0 0 0
 outer loop
 vertex -0.066 0.0104098 -0.0135663
 vertex -0.074 0.00855 -0.014809
 vertex -0.074 0.0104098 -0.0135663
 endloop
endfacet
facet normal 0 0 0
 outer loop
 vertex -0.074 0.0095 -0.0164545
 vertex -0.074 0.00727099 -0.0175537
 vertex -0.066 0.00727099 -0.0175537
 endloop
endfacet
facet normal 0 0 0
 outer loop
 vertex -0.074 0.0095 -0.0164545
 vertex -0.066 0.00727099 -0.0175537
 vertex -0.066 0.0095 -0.0164545
 endloop
endfacet
facet normal 0 0 0
 outer loop
 vertex -0.066 0.00855 -0.014809
 vertex -0.066 0.00654389 -0.0157983
 vertex -0.074 0.00654389 -0.0157983
 endloop
endfacet
facet normal 0 0 0
 outer loop
 vertex -0.066 0.00855 -0.014809
 vertex -0.074 0.00654389 -0.0157983
 vertex -0.074 0.00855 -0.014809
 endloop
endfacet
facet normal 0 0 0
 outer loop
 vertex -0.074 0.00727099 -0.0175537
 vertex -0.074 0.00491756 -0.0183526
 vertex -0.066 0.00491756 -0.0183526
 endloop
endfacet
facet normal 0 0 0
 outer loop
 vertex -0.074 0.00727099 -0.0175537
 vertex -0.066 0.00491756 -0.0183526
 vertex -0.066 0.00727099 -0.0175537
 endloop
endfacet
facet normal 0 0 0
 outer loop
 vertex -0.066 0.00654389 -0.0157983
 vertex -0.066 0.00442581 -0.0165173
 vertex -0.074 0.00442581 -0.0165173
 endloop
endfacet
facet normal 0 0 0
 outer loop
 vertex -0.066 0.00654389 -0.0157983
 vertex -0.074 0.00442581 -0.0165173
 vertex -0.074 0.00654389 -0.0157983
 endloop
endfacet
facet normal 0 0 0
 outer loop
 vertex -0.074 0.00491756 -0.0183526
 vertex -0.074 0.00248 -0.0188375
 vertex -0.066 0.00248 -0.0188375
 endloop
endfacet
facet normal 0 0 0
 outer loop
 vertex -0.074 0.00491756 -0.0183526
 vertex -0.066 0.00248 -0.0188375
 vertex -0.066 0.00491756 -0.0183526
 endloop
endfacet
facet normal 0 0 0
 outer loop
 vertex -0.066 0.00442581 -0.0165173
 vertex -0.066 0.002232 -0.0169537
 vertex -0.074 0.002232 -0.0169537
 endloop
endfacet
facet normal 0 0 0
 outer loop
 vertex -0.066 0.00442581 -0.0165173
 vertex -0.074 0.002232 -0.0169537
 vertex -0.074 0.00442581 -0.0165173
 endloop
endfacet
facet normal 0 0 0
 outer loop
 vertex -0.074 0.00248 -0.0188375
 vertex -0.074 -1.66103e-09 -0.019
 vertex -0.066 -1.66103e-09 -0.019
 endloop
endfacet
facet normal 0 0 0
 outer loop
 vertex -0.074 0.00248 -0.0188375
 vertex -0.066 -1.66103e-09 -0.019
 vertex -0.066 0.00248 -0.0188375
 endloop
endfacet
facet normal 0 0 0
 outer loop
 vertex -0.066 0.002232 -0.0169537
 vertex -0.066 -1.49493e-09 -0.0171
 vertex -0.074 -1.49493e-09 -0.0171
 endloop
endfacet
facet normal 0 0 0
 outer loop
 vertex -0.066 0.002232 -0.0169537
 vertex -0.074 -1.49493e-09 -0.0171
 vertex -0.074 0.002232 -0.0169537
 endloop
endfacet
facet normal 0 0 0
 outer loop
 vertex -0.074 -1.66103e-09 -0.019
 vertex -0.074 -0.00248 -0.0188375
 vertex -0.066 -0.00248 -0.0188375
 endloop
endfacet
facet normal 0 0 0
 outer loop
 vertex -0.074 -1.66103e-09 -0.019
 vertex -0.066 -0.00248 -0.0188375
 vertex -0.066 -1.66103e-09 -0.019
 endloop
endfacet
facet normal 0 0 0
 outer loop
 vertex -0.066 -1.49493e-09 -0.0171
 vertex -0.066 -0.002232 -0.0169537
 vertex -0.074 -0.002232 -0.0169537
 endloop
endfacet
facet normal 0 0 0
 outer loop
 vertex -0.066 -1.49493e-09 -0.0171
 vertex -0.074 -0.002232 -0.0169537
 vertex -0.074 -1.49493e-09 -0.0171
 endloop
endfacet
facet normal 0 0 0
 outer loop
 vertex -0.074 -0.00248 -0.0188375
 vertex -0.074 -0.00491756 -0.0183526
 vertex -0.066 -0.00491756 -0.0183526
 endloop
endfacet
facet normal 0 0 0
 outer loop
 vertex -0.074 -0.00248 -0.0188375
 vertex -0.066 -0.00491756 -0.0183526
 vertex -0.066 -0.00248 -0.0188375
 endloop
endfacet
facet normal 0 0 0
 outer loop
 vertex -0.066 -0.002232 -0.0169537
 vertex -0.066 -0.00442581 -0.0165173
 vertex -0.074 -0.00442581 -0.0165173
 endloop
endfacet
facet normal 0 0 0
 outer loop
 vertex -0.066 -0.002232 -0.0169537
 vertex -0.074 -0.00442581 -0.0165173
 vertex -0.074 -0.002232 -0.0169537
 endloop
endfacet
facet normal 0 0 0
 outer loop
 vertex -0.074 -0.00491756 -0.0183526
 vertex -0.074 -0.00727098 -0.0175537
 vertex -0.066 -0.00727098 -0.0175537
 endloop
endfacet
facet normal 0 0 0
 outer loop
 vertex -0.074 -0.00491756 -0.0183526
 vertex -0.066 -0.00727098 -0.0175537
 vertex -0.066 -0.00491756 -0.0183526
 endloop
endfacet
facet normal 0 0 0
 outer loop
 vertex -0.066 -0.00442581 -0.0165173
 vertex -0.066 -0.00654389 -0.0157983
 vertex -0.074 -0.00654389 -0.0157983
 endloop
endfacet
facet normal 0 0 0
 outer loop
 vertex -0.066 -0.00442581 -0.0165173
 vertex -0.074 -0.00654389 -0.0157983
 vertex -0.074 -0.00442581 -0.0165173
 endloop
endfacet
facet normal 0 0 0
 outer loop
 vertex -0.074 -0.00727098 -0.0175537
 vertex -0.074 -0.0095 -0.0164545
 vertex -0.066 -0.0095 -0.0164545
 endloop
endfacet
facet normal 0 0 0
 outer loop
 vertex -0.074 -0.00727098 -0.0175537
 vertex -0.066 -0.0095 -0.0164545
 vertex -0.066 -0.00727098 -0.0175537
 endloop
endfacet
facet normal 0 0 0
 outer loop
 vertex -0.066 -0.00654389 -0.0157983
 vertex -0.066 -0.00855 -0.014809
 vertex -0.074 -0.00855 -0.014809
 endloop
endfacet
facet normal 0 0 0
 outer loop
 vertex -0.066 -0.00654389 -0.0157983
 vertex -0.074 -0.00855 -0.014809
 vertex -0.074 -0.00654389 -0.0157983
 endloop
endfacet
facet normal 0 0 0
 outer loop
 vertex -0.074 -0.0095 -0.0164545
 vertex -0.074 -0.0115665 -0.0150737
 vertex -0.066 -0.0115665 -0.0150737
 endloop
endfacet
facet normal 0 0 0
 outer loop
 vertex -0.074 -0.0095 -0.0164545
 vertex -0.066 -0.0115665 -0.0150737
 vertex -0.066 -0.0095 -0.0164545
 endloop
endfacet
facet normal 0 0 0
 outer loop
 vertex -0.066 -0.00855 -0.014809
 vertex -0.066 -0.0104098 -0.0135663
 vertex -0.074 -0.0104098 -0.0135663
 endloop
endfacet
facet normal 0 0 0
 outer loop
 vertex -0.066 -0.00855 -0.014809
 vertex -0.074 -0.0104098 -0.0135663
 vertex -0.074 -0.00855 -0.014809
 endloop
endfacet
facet normal 0 0 0
 outer loop
 vertex -0.074 -0.0115665 -0.0150737
 vertex -0.074 -0.013435 -0.013435
 vertex -0.066 -0.013435 -0.013435
 endloop
endfacet
facet normal 0 0 0
 outer loop
 vertex -0.074 -0.0115665 -0.0150737
 vertex -0.066 -0.013435 -0.013435
 vertex -0.066 -0.0115665 -0.0150737
 endloop
endfacet
facet normal 0 0 0
 outer loop
 vertex -0.066 -0.0104098 -0.0135663
 vertex -0.066 -0.0120915 -0.0120915
 vertex -0.074 -0.0120915 -0.0120915
 endloop
endfacet
facet normal 0 0 0
 outer loop
 vertex -0.066 -0.0104098 -0.0135663
 vertex -0.074 -0.0120915 -0.0120915
 vertex -0.074 -0.0104098 -0.0135663
 endloop
endfacet
facet normal 0 0 0
 outer loop
 vertex -0.074 -0.013435 -0.013435
 vertex -0.074 -0.0150737 -0.0115665
 vertex -0.066 -0.0150737 -0.0115665
 endloop
endfacet
facet normal 0 0 0
 outer loop
 vertex -0.074 -0.013435 -0.013435
 vertex -0.066 -0.0150737 -0.0115665
 vertex -0.066 -0.013435 -0.013435
 endloop
endfacet
facet normal 0 0 0
 outer loop
 vertex -0.066 -0.0120915 -0.0120915
 vertex -0.066 -0.0135663 -0.0104098
 vertex -0.074 -0.0135663 -0.0104098
 endloop
endfacet
facet normal 0 0 0
 outer loop
 vertex -0.066 -0.0120915 -0.0120915
 vertex -0.074 -0.0135663 -0.0104098
 vertex -0.074 -0.0120915 -0.0120915
 endloop
endfacet
facet normal 0 0 0
 outer loop
 vertex -0.074 -0.0150737 -0.0115665
 vertex -0.074 -0.0164545 -0.0095
 vertex -0.066 -0.0164545 -0.0095
 endloop
endfacet
facet normal 0 0 0
 outer loop
 vertex -0.074 -0.0150737 -0.0115665
 vertex -0.066 -0.0164545 -0.0095
 vertex -0.066 -0.0150737 -0.0115665
 endloop
endfacet
facet normal 0 0 0
 outer loop
 vertex -0.066 -0.0135663 -0.0104098
 vertex -0.066 -0.014809 -0.00855
 vertex -0.074 -0.014809 -0.00855
 endloop
endfacet
facet normal 0 0 0
 outer loop
 vertex -0.066 -0.0135663 -0.0104098
 vertex -0.074 -0.014809 -0.00855
 vertex -0.074 -0.0135663 -0.0104098
 endloop
endfacet
facet normal 0 0 0
 outer loop
 vertex -0.074 -0.0164545 -0.0095
 vertex -0.074 -0.0175537 -0.00727099
 vertex -0.066 -0.0175537 -0.00727099
 endloop
endfacet
facet normal 0 0 0
 outer loop
 vertex -0.074 -0.0164545 -0.0095
 vertex -0.066 -0.0175537 -0.00727099
 vertex -0.066 -0.0164545 -0.0095
 endloop
endfacet
facet normal 0 0 0
 outer loop
 vertex -0.066 -0.014809 -0.00855
 vertex -0.066 -0.0157983 -0.00654389
 vertex -0.074 -0.0157983 -0.00654389
 endloop
endfacet
facet normal 0 0 0
 outer loop
 vertex -0.066 -0.014809 -0.00855
 vertex -0.074 -0.0157983 -0.00654389
 vertex -0.074 -0.014809 -0.00855
 endloop
endfacet
facet normal 0 0 0
 outer loop
 vertex -0.074 -0.0175537 -0.00727099
 vertex -0.074 -0.0183526 -0.00491756
 vertex -0.066 -0.0183526 -0.00491756
 endloop
endfacet
facet normal 0 0 0
 outer loop
 vertex -0.074 -0.0175537 -0.00727099
 vertex -0.066 -0.0183526 -0.00491756
 vertex -0.066 -0.0175537 -0.00727099
 endloop
endfacet
facet normal 0 0 0
 outer loop
 vertex -0.066 -0.0157983 -0.00654389
 vertex -0.066 -0.0165173 -0.0044258
 vertex -0.074 -0.0165173 -0.0044258
 endloop
endfacet
facet normal 0 0 0
 outer loop
 vertex -0.066 -0.0157983 -0.00654389
 vertex -0.074 -0.0165173 -0.0044258
 vertex -0.074 -0.0157983 -0.00654389
 endloop
endfacet
facet normal 0 0 0
 outer loop
 vertex -0.074 -0.0183526 -0.00491756
 vertex -0.074 -0.0188375 -0.00248
 vertex -0.066 -0.0188375 -0.00248
 endloop
endfacet
facet normal 0 0 0
 outer loop
 vertex -0.074 -0.0183526 -0.00491756
 vertex -0.066 -0.0188375 -0.00248
 vertex -0.066 -0.0183526 -0.00491756
 endloop
endfacet
facet normal 0 0 0
 outer loop
 vertex -0.066 -0.0165173 -0.0044258
 vertex -0.066 -0.0169537 -0.002232
 vertex -0.074 -0.0169537 -0.002232
 endloop
endfacet
facet normal 0 0 0
 outer loop
 vertex -0.066 -0.0165173 -0.0044258
 vertex -0.074 -0.0169537 -0.002232
 vertex -0.074 -0.0165173 -0.0044258
 endloop
endfacet
facet normal 0 0 0
 outer loop
 vertex -0.074 -0.0188375 -0.00248
 vertex -0.074 -0.019 2.26573e-10
 vertex -0.066 -0.019 2.26573e-10
 endloop
endfacet
facet normal 0 0 0
 outer loop
 vertex -0.074 -0.0188375 -0.00248
 vertex -0.066 -0.019 2.26573e-10
 vertex -0.066 -0.0188375 -0.00248
 endloop
endfacet
facet normal 0 0 0
 outer loop
 vertex -0.066 -0.0169537 -0.002232
 vertex -0.066 -0.0171 2.03915e-10
 vertex -0.074 -0.0171 2.03915e-10
 endloop
endfacet
facet normal 0 0 0
 outer loop
 vertex -0.066 -0.0169537 -0.002232
 vertex -0.074 -0.0171 2.03915e-10
 vertex -0.074 -0.0169537 -0.002232
 endloop
endfacet
facet normal 0 0 0
 outer loop
 vertex -0.074 -0.019 2.26573e-10
 vertex -0.074 -0.0188375 0.00248
 vertex -0.066 -0.0188375 0.00248
 endloop
endfacet
facet normal 0 0 0
 outer loop
 vertex -0.074 -0.019 2.26573e-10
 vertex -0.066 -0.0188375 0.00248
 vertex -0.066 -0.019 2.26573e-10
 endloop
endfacet
facet normal 0 0 0
 outer loop
 vertex -0.066 -0.0171 2.03915e-10
 vertex -0.066 -0.0169537 0.002232
 vertex -0.074 -0.0169537 0.002232
 endloop
endfacet
facet normal 0 0 0
 outer loop
 vertex -0.066 -0.0171 2.03915e-10
 vertex -0.074 -0.0169537 0.002232
 vertex -0.074 -0.0171 2.03915e-10
 endloop
endfacet
facet normal 0 0 0
 outer loop
 vertex -0.074 -0.0188375 0.00248
 vertex -0.074 -0.0183526 0.00491756
 vertex -0.066 -0.0183526 0.00491756
 endloop
endfacet
facet normal 0 0 0
 outer loop
 vertex -0.074 -0.0188375 0.00248
 vertex -0.066 -0.0183526 0.00491756
 vertex -0.066 -0.0188375 0.00248
 endloop
endfacet
facet normal 0 0 0
 outer loop
 vertex -0.066 -0.0169537 0.002232
 vertex -0.066 -0.0165173 0.00442581
 vertex -0.074 -0.0165173 0.00442581
 endloop
endfacet
facet normal 0 0 0
 outer loop
 vertex -0.066 -0.0169537 0.002232
 vertex -0.074 -0.0165173 0.00442581
 vertex -0.074 -0.0169537 0.002232
 endloop
endfacet
facet normal 0 0 0
 outer loop
 vertex -0.074 -0.0183526 0.00491756
 vertex -0.074 -0.0175537 0.00727099
 vertex -0.066 -0.0175537 0.00727099
 endloop
endfacet
facet normal 0 0 0
 outer loop
 vertex -0.074 -0.0183526 0.00491756
 vertex -0.066 -0.0175537 0.00727099
 vertex -0.066 -0.0183526 0.00491756
 endloop
endfacet
facet normal 0 0 0
 outer loop
 vertex -0.066 -0.0165173 0.00442581
 vertex -0.066 -0.0157983 0.00654389
 vertex -0.074 -0.0157983 0.00654389
 endloop
endfacet
facet normal 0 0 0
 outer loop
 vertex -0.066 -0.0165173 0.00442581
 vertex -0.074 -0.0157983 0.00654389
 vertex -0.074 -0.0165173 0.00442581
 endloop
endfacet
facet normal 0 0 0
 outer loop
 vertex -0.074 -0.0175537 0.00727099
 vertex -0.074 -0.0164545 0.0095
 vertex -0.066 -0.0164545 0.0095
 endloop
endfacet
facet normal 0 0 0
 outer loop
 vertex -0.074 -0.0175537 0.00727099
 vertex -0.066 -0.0164545 0.0095
 vertex -0.066 -0.0175537 0.00727099
 endloop
endfacet
facet normal 0 0 0
 outer loop
 vertex -0.066 -0.0157983 0.00654389
 vertex -0.066 -0.014809 0.00855
 vertex -0.074 -0.014809 0.00855
 endloop
endfacet
facet normal 0 0 0
 outer loop
 vertex -0.066 -0.0157983 0.00654389
 vertex -0.074 -0.014809 0.00855
 vertex -0.074 -0.0157983 0.00654389
 endloop
endfacet
facet normal 0 0 0
 outer loop
 vertex -0.074 -0.0164545 0.0095
 vertex -0.074 -0.0150737 0.0115665
 vertex -0.066 -0.0150737 0.0115665
 endloop
endfacet
facet normal 0 0 0
 outer loop
 vertex -0.074 -0.0164545 0.0095
 vertex -0.066 -0.0150737 0.0115665
 vertex -0.066 -0.0164545 0.0095
 endloop
endfacet
facet normal 0 0 0
 outer loop
 vertex -0.066 -0.014809 0.00855
 vertex -0.066 -0.0135663 0.0104098
 vertex -0.074 -0.0135663 0.0104098
 endloop
endfacet
facet normal 0 0 0
 outer loop
 vertex -0.066 -0.014809 0.00855
 vertex -0.074 -0.0135663 0.0104098
 vertex -0.074 -0.014809 0.00855
 endloop
endfacet
facet normal 0 0 0
 outer loop
 vertex -0.074 -0.0150737 0.0115665
 vertex -0.074 -0.013435 0.013435
 vertex -0.066 -0.013435 0.013435
 endloop
endfacet
facet normal 0 0 0
 outer loop
 vertex -0.074 -0.0150737 0.0115665
 vertex -0.066 -0.013435 0.013435
 vertex -0.066 -0.0150737 0.0115665
 endloop
endfacet
facet normal 0 0 0
 outer loop
 vertex -0.066 -0.0135663 0.0104098
 vertex -0.066 -0.0120915 0.0120915
 vertex -0.074 -0.0120915 0.0120915
 endloop
endfacet
facet normal 0 0 0
 outer loop
 vertex -0.066 -0.0135663 0.0104098
 vertex -0.074 -0.0120915 0.0120915
 vertex -0.074 -0.0135663 0.0104098
 endloop
endfacet
facet normal 0 0 0
 outer loop
 vertex -0.074 -0.013435 0.013435
 vertex -0.074 -0.0115665 0.0150737
 vertex -0.066 -0.0115665 0.0150737
 endloop
endfacet
facet normal 0 0 0
 outer loop
 vertex -0.074 -0.013435 0.013435
 vertex -0.066 -0.0115665 0.0150737
 vertex -0.066 -0.013435 0.013435
 endloop
endfacet
facet normal 0 0 0
 outer loop
 vertex -0.066 -0.0120915 0.0120915
 vertex -0.066 -0.0104098 0.0135663
 vertex -0.074 -0.0104098 0.0135663
 endloop
endfacet
facet normal 0 0 0
 outer loop
 vertex -0.066 -0.0120915 0.0120915
 vertex -0.074 -0.0104098 0.0135663
 vertex -0.074 -0.0120915 0.0120915
 endloop
endfacet
facet normal 0 0 0
 outer loop
 vertex -0.074 -0.0115665 0.0150737
 vertex -0.074 -0.0095 0.0164545
 vertex -0.066 -0.0095 0.0164545
 endloop
endfacet
facet normal 0 0 0
 outer loop
 vertex -0.074 -0.0115665 0.0150737
 vertex -0.066 -0.0095 0.0164545
 vertex -0.066 -0.0115665 0.0150737
 endloop
endfacet
facet normal 0 0 0
 outer loop
 vertex -0.066 -0.0104098 0.0135663
 vertex -0.066 -0.00855 0.014809
 vertex -0.074 -0.00855 0.014809
 endloop
endfacet
facet normal 0 0 0
 outer loop
 vertex -0.066 -0.0104098 0.0135663
 vertex -0.074 -0.00855 0.014809
 vertex -0.074 -0.0104098 0.0135663
 endloop
endfacet
facet normal 0 0 0
 outer loop
 vertex -0.074 -0.0095 0.0164545
 vertex -0.074 -0.00727098 0.0175537
 vertex -0.066 -0.00727098 0.0175537
 endloop
endfacet
facet normal 0 0 0
 outer loop
 vertex -0.074 -0.0095 0.0164545
 vertex -0.066 -0.00727098 0.0175537
 vertex -0.066 -0.0095 0.0164545
 endloop
endfacet
facet normal 0 0 0
 outer loop
 vertex -0.066 -0.00855 0.014809
 vertex -0.066 -0.00654389 0.0157983
 vertex -0.074 -0.00654389 0.0157983
 endloop
endfacet
facet normal 0 0 0
 outer loop
 vertex -0.066 -0.00855 0.014809
 vertex -0.074 -0.00654389 0.0157983
 vertex -0.074 -0.00855 0.014809
 endloop
endfacet
facet normal 0 0 0
 outer loop
 vertex -0.074 -0.00727098 0.0175537
 vertex -0.074 -0.00491756 0.0183526
 vertex -0.066 -0.00491756 0.0183526
 endloop
endfacet
facet normal 0 0 0
 outer loop
 vertex -0.074 -0.00727098 0.0175537
 vertex -0.066 -0.00491756 0.0183526
 vertex -0.066 -0.00727098 0.0175537
 endloop
endfacet
facet normal 0 0 0
 outer loop
 vertex -0.066 -0.00654389 0.0157983
 vertex -0.066 -0.0044258 0.0165173
 vertex -0.074 -0.0044258 0.0165173
 endloop
endfacet
facet normal 0 0 0
 outer loop
 vertex -0.066 -0.00654389 0.0157983
 vertex -0.074 -0.0044258 0.0165173
 vertex -0.074 -0.00654389 0.0157983
 endloop
endfacet
facet normal 0 0 0
 outer loop
 vertex -0.074 -0.00491756 0.0183526
 vertex -0.074 -0.00248 0.0188375
 vertex -0.066 -0.00248 0.0188375
 endloop
endfacet
facet normal 0 0 0
 outer loop
 vertex -0.074 -0.00491756 0.0183526
 vertex -0.066 -0.00248 0.0188375
 vertex -0.066 -0.00491756 0.0183526
 endloop
endfacet
facet normal 0 0 0
 outer loop
 vertex -0.066 -0.0044258 0.0165173
 vertex -0.066 -0.002232 0.0169537
 vertex -0.074 -0.002232 0.0169537
 endloop
endfacet
facet normal 0 0 0
 outer loop
 vertex -0.066 -0.0044258 0.0165173
 vertex -0.074 -0.002232 0.0169537
 vertex -0.074 -0.0044258 0.0165173
 endloop
endfacet
facet normal 0 0 0
 outer loop
 vertex -0.074 -0.00248 0.0188375
 vertex -0.074 3.32207e-09 0.019
 vertex -0.066 3.32207e-09 0.019
 endloop
endfacet
facet normal 0 0 0
 outer loop
 vertex -0.074 -0.00248 0.0188375
 vertex -0.066 3.32207e-09 0.019
 vertex -0.066 -0.00248 0.0188375
 endloop
endfacet
facet normal 0 0 0
 outer loop
 vertex -0.066 -0.002232 0.0169537
 vertex -0.066 2.98986e-09 0.0171
 vertex -0.074 2.98986e-09 0.0171
 endloop
endfacet
facet normal 0 0 0
 outer loop
 vertex -0.066 -0.002232 0.0169537
 vertex -0.074 2.98986e-09 0.0171
 vertex -0.074 -0.002232 0.0169537
 endloop
endfacet
facet normal 0 0 0
 outer loop
 vertex -0.074 0 0.0171
 vertex -0.074 0.002232 0.0169537
 vertex -0.074 0.00248 0.0188375
 endloop
endfacet
facet normal 0 0 0
 outer loop
 vertex -0.074 0 0.0171
 vertex -0.074 0.00248 0.0188375
 vertex -0.074 0 0.019
 endloop
endfacet
facet normal 0 0 0
 outer loop
 vertex -0.066 0 0.0171
 vertex -0.066 0 0.019
 vertex -0.066 0.00248 0.0188375
 endloop
endfacet
facet normal 0 0 0
 outer loop
 vertex -0.066 0 0.0171
 vertex -0.066 0.00248 0.0188375
 vertex -0.066 0.002232 0.0169537
 endloop
endfacet
facet normal 0 0 0
 outer loop
 vertex -0.074 0.002232 0.0169537
 vertex -0.074 0.00442581 0.0165173
 vertex -0.074 0.00491756 0.0183526
 endloop
endfacet
facet normal 0 0 0
 outer loop
 vertex -0.074 0.002232 0.0169537
 vertex -0.074 0.00491756 0.0183526
 vertex -0.074 0.00248 0.0188375
 endloop
endfacet
facet normal 0 0 0
 outer loop
 vertex -0.066 0.002232 0.0169537
 vertex -0.066 0.00248 0.0188375
 vertex -0.066 0.00491756 0.0183526
 endloop
endfacet
facet normal 0 0 0
 outer loop
 vertex -0.066 0.002232 0.0169537
 vertex -0.066 0.00491756 0.0183526
 vertex -0.066 0.00442581 0.0165173
 endloop
endfacet
facet normal 0 0 0
 outer loop
 vertex -0.074 0.00442581 0.0165173
 vertex -0.074 0.00654389 0.0157983
 vertex -0.074 0.00727099 0.0175537
 endloop
endfacet
facet normal 0 0 0
 outer loop
 vertex -0.074 0.00442581 0.0165173
 vertex -0.074 0.00727099 0.0175537
 vertex -0.074 0.00491756 0.0183526
 endloop
endfacet
facet normal 0 0 0
 outer loop
 vertex -0.066 0.00442581 0.0165173
 vertex -0.066 0.00491756 0.0183526
 vertex -0.066 0.00727099 0.0175537
 endloop
endfacet
facet normal 0 0 0
 outer loop
 vertex -0.066 0.00442581 0.0165173
 vertex -0.066 0.00727099 0.0175537
 vertex -0.066 0.00654389 0.0157983
 endloop
endfacet
facet normal 0 0 0
 outer loop
 vertex -0.074 0.00654389 0.0157983
 vertex -0.074 0.00855 0.014809
 vertex -0.074 0.0095 0.0164545
 endloop
endfacet
facet normal 0 0 0
 outer loop
 vertex -0.074 0.00654389 0.0157983
 vertex -0.074 0.0095 0.0164545
 vertex -0.074 0.00727099 0.0175537
 endloop
endfacet
facet normal 0 0 0
 outer loop
 vertex -0.066 0.00654389 0.0157983
 vertex -0.066 0.00727099 0.0175537
 vertex -0.066 0.0095 0.0164545
 endloop
endfacet
facet normal 0 0 0
 outer loop
 vertex -0.066 0.00654389 0.0157983
 vertex -0.066 0.0095 0.0164545
 vertex -0.066 0.00855 0.014809
 endloop
endfacet
facet normal 0 0 0
 outer loop
 vertex -0.074 0.00855 0.014809
 vertex -0.074 0.0104098 0.0135663
 vertex -0.074 0.0115665 0.0150737
 endloop
endfacet
facet normal 0 0 0
 outer loop
 vertex -0.074 0.00855 0.014809
 vertex -0.074 0.0115665 0.0150737
 vertex -0.074 0.0095 0.0164545
 endloop
endfacet
facet normal 0 0 0
 outer loop
 vertex -0.066 0.00855 0.014809
 vertex -0.066 0.0095 0.0164545
 vertex -0.066 0.0115665 0.0150737
 endloop
endfacet
facet normal 0 0 0
 outer loop
 vertex -0.066 0.00855 0.014809
 vertex -0.066 0.0115665 0.0150737
 vertex -0.066 0.0104098 0.0135663
 endloop
endfacet
facet normal 0 0 0
 outer loop
 vertex -0.074 0.0104098 0.0135663
 vertex -0.074 0.0120915 0.0120915
 vertex -0.074 0.013435 0.013435
 endloop
endfacet
facet normal 0 0 0
 outer loop
 vertex -0.074 0.0104098 0.0135663
 vertex -0.074 0.013435 0.013435
 vertex -0.074 0.0115665 0.0150737
 endloop
endfacet
facet normal 0 0 0
 outer loop
 vertex -0.066 0.0104098 0.0135663
 vertex -0.066 0.0115665 0.0150737
 vertex -0.066 0.013435 0.013435
 endloop
endfacet
facet normal 0 0 0
 outer loop
 vertex -0.066 0.0104098 0.0135663
 vertex -0.066 0.013435 0.013435
 vertex -0.066 0.0120915 0.0120915
 endloop
endfacet
facet normal 0 0 0
 outer loop
 vertex -0.074 0.0120915 0.0120915
 vertex -0.074 0.0135663 0.0104098
 vertex -0.074 0.0150737 0.0115665
 endloop
endfacet
facet normal 0 0 0
 outer loop
 vertex -0.074 0.0120915 0.0120915
 vertex -0.074 0.0150737 0.0115665
 vertex -0.074 0.013435 0.013435
 endloop
endfacet
facet normal 0 0 0
 outer loop
 vertex -0.066 0.0120915 0.0120915
 vertex -0.066 0.013435 0.013435
 vertex -0.066 0.0150737 0.0115665
 endloop
endfacet
facet normal 0 0 0
 outer loop
 vertex -0.066 0.0120915 0.0120915
 vertex -0.066 0.0150737 0.0115665
 vertex -0.066 0.0135663 0.0104098
 endloop
endfacet
facet normal 0 0 0
 outer loop
 vertex -0.074 0.0135663 0.0104098
 vertex -0.074 0.014809 0.00855
 vertex -0.074 0.0164545 0.0095
 endloop
endfacet
facet normal 0 0 0
 outer loop
 vertex -0.074 0.0135663 0.0104098
 vertex -0.074 0.0164545 0.0095
 vertex -0.074 0.0150737 0.0115665
 endloop
endfacet
facet normal 0 0 0
 outer loop
 vertex -0.066 0.0135663 0.0104098
 vertex -0.066 0.0150737 0.0115665
 vertex -0.066 0.0164545 0.0095
 endloop
endfacet
facet normal 0 0 0
 outer loop
 vertex -0.066 0.0135663 0.0104098
 vertex -0.066 0.0164545 0.0095
 vertex -0.066 0.014809 0.00855
 endloop
endfacet
facet normal 0 0 0
 outer loop
 vertex -0.074 0.014809 0.00855
 vertex -0.074 0.0157983 0.00654389
 vertex -0.074 0.0175537 0.00727098
 endloop
endfacet
facet normal 0 0 0
 outer loop
 vertex -0.074 0.014809 0.00855
 vertex -0.074 0.0175537 0.00727098
 vertex -0.074 0.0164545 0.0095
 endloop
endfacet
facet normal 0 0 0
 outer loop
 vertex -0.066 0.014809 0.00855
 vertex -0.066 0.0164545 0.0095
 vertex -0.066 0.0175537 0.00727098
 endloop
endfacet
facet normal 0 0 0
 outer loop
 vertex -0.066 0.014809 0.00855
 vertex -0.066 0.0175537 0.00727098
 vertex -0.066 0.0157983 0.00654389
 endloop
endfacet
facet normal 0 0 0
 outer loop
 vertex -0.074 0.0157983 0.00654389
 vertex -0.074 0.0165173 0.00442581
 vertex -0.074 0.0183526 0.00491756
 endloop
endfacet
facet normal 0 0 0
 outer loop
 vertex -0.074 0.0157983 0.00654389
 vertex -0.074 0.0183526 0.00491756
 vertex -0.074 0.0175537 0.00727098
 endloop
endfacet
facet normal 0 0 0
 outer loop
 vertex -0.066 0.0157983 0.00654389
 vertex -0.066 0.0175537 0.00727098
 vertex -0.066 0.0183526 0.00491756
 endloop
endfacet
facet normal 0 0 0
 outer loop
 vertex -0.066 0.0157983 0.00654389
 vertex -0.066 0.0183526 0.00491756
 vertex -0.066 0.0165173 0.00442581
 endloop
endfacet
facet normal 0 0 0
 outer loop
 vertex -0.074 0.0165173 0.00442581
 vertex -0.074 0.0169537 0.002232
 vertex -0.074 0.0188375 0.00248
 endloop
endfacet
facet normal 0 0 0
 outer loop
 vertex -0.074 0.0165173 0.00442581
 vertex -0.074 0.0188375 0.00248
 vertex -0.074 0.0183526 0.00491756
 endloop
endfacet
facet normal 0 0 0
 outer loop
 vertex -0.066 0.0165173 0.00442581
 vertex -0.066 0.0183526 0.00491756
 vertex -0.066 0.0188375 0.00248
 endloop
endfacet
facet normal 0 0 0
 outer loop
 vertex -0.066 0.0165173 0.00442581
 vertex -0.066 0.0188375 0.00248
 vertex -0.066 0.0169537 0.002232
 endloop
endfacet
facet normal 0 0 0
 outer loop
 vertex -0.074 0.0169537 0.002232
 vertex -0.074 0.0171 -7.47465e-10
 vertex -0.074 0.019 -8.30516e-10
 endloop
endfacet
facet normal 0 0 0
 outer loop
 vertex -0.074 0.0169537 0.002232
 vertex -0.074 0.019 -8.30516e-10
 vertex -0.074 0.0188375 0.00248
 endloop
endfacet
facet normal 0 0 0
 outer loop
 vertex -0.066 0.0169537 0.002232
 vertex -0.066 0.0188375 0.00248
 vertex -0.066 0.019 -8.30516e-10
 endloop
endfacet
facet normal 0 0 0
 outer loop
 vertex -0.066 0.0169537 0.002232
 vertex -0.066 0.019 -8.30516e-10
 vertex -0.066 0.0171 -7.47465e-10
 endloop
endfacet
facet normal 0 0 0
 outer loop
 vertex -0.074 0.0171 -7.47465e-10
 vertex -0.074 0.0169537 -0.002232
 vertex -0.074 0.0188375 -0.00248
 endloop
endfacet
facet normal 0 0 0
 outer loop
 vertex -0.074 0.0171 -7.47465e-10
 vertex -0.074 0.0188375 -0.00248
 vertex -0.074 0.019 -8.30516e-10
 endloop
endfacet
facet normal 0 0 0
 outer loop
 vertex -0.066 0.0171 -7.47465e-10
 vertex -0.066 0.019 -8.30516e-10
 vertex -0.066 0.0188375 -0.00248
 endloop
endfacet
facet normal 0 0 0
 outer loop
 vertex -0.066 0.0171 -7.47465e-10
 vertex -0.066 0.0188375 -0.00248
 vertex -0.066 0.0169537 -0.002232
 endloop
endfacet
facet normal 0 0 0
 outer loop
 vertex -0.074 0.0169537 -0.002232
 vertex -0.074 0.0165173 -0.00442581
 vertex -0.074 0.0183526 -0.00491756
 endloop
endfacet
facet normal 0 0 0
 outer loop
 vertex -0.074 0.0169537 -0.002232
 vertex -0.074 0.0183526 -0.00491756
 vertex -0.074 0.0188375 -0.00248
 endloop
endfacet
facet normal 0 0 0
 outer loop
 vertex -0.066 0.0169537 -0.002232
 vertex -0.066 0.0188375 -0.00248
 vertex -0.066 0.0183526 -0.00491756
 endloop
endfacet
facet normal 0 0 0
 outer loop
 vertex -0.066 0.0169537 -0.002232
 vertex -0.066 0.0183526 -0.00491756
 vertex -0.066 0.0165173 -0.00442581
 endloop
endfacet
facet normal 0 0 0
 outer loop
 vertex -0.074 0.0165173 -0.00442581
 vertex -0.074 0.0157983 -0.00654389
 vertex -0.074 0.0175537 -0.00727098
 endloop
endfacet
facet normal 0 0 0
 outer loop
 vertex -0.074 0.0165173 -0.00442581
 vertex -0.074 0.0175537 -0.00727098
 vertex -0.074 0.0183526 -0.00491756
 endloop
endfacet
facet normal 0 0 0
 outer loop
 vertex -0.066 0.0165173 -0.00442581
 vertex -0.066 0.0183526 -0.00491756
 vertex -0.066 0.0175537 -0.00727098
 endloop
endfacet
facet normal 0 0 0
 outer loop
 vertex -0.066 0.0165173 -0.00442581
 vertex -0.066 0.0175537 -0.00727098
 vertex -0.066 0.0157983 -0.00654389
 endloop
endfacet
facet normal 0 0 0
 outer loop
 vertex -0.074 0.0157983 -0.00654389
 vertex -0.074 0.014809 -0.00855
 vertex -0.074 0.0164545 -0.0095
 endloop
endfacet
facet normal 0 0 0
 outer loop
 vertex -0.074 0.0157983 -0.00654389
 vertex -0.074 0.0164545 -0.0095
 vertex -0.074 0.0175537 -0.00727098
 endloop
endfacet
facet normal 0 0 0
 outer loop
 vertex -0.066 0.0157983 -0.00654389
 vertex -0.066 0.0175537 -0.00727098
 vertex -0.066 0.0164545 -0.0095
 endloop
endfacet
facet normal 0 0 0
 outer loop
 vertex -0.066 0.0157983 -0.00654389
 vertex -0.066 0.0164545 -0.0095
 vertex -0.066 0.014809 -0.00855
 endloop
endfacet
facet normal 0 0 0
 outer loop
 vertex -0.074 0.014809 -0.00855
 vertex -0.074 0.0135663 -0.0104098
 vertex -0.074 0.0150737 -0.0115665
 endloop
endfacet
facet normal 0 0 0
 outer loop
 vertex -0.074 0.014809 -0.00855
 vertex -0.074 0.0150737 -0.0115665
 vertex -0.074 0.0164545 -0.0095
 endloop
endfacet
facet normal 0 0 0
 outer loop
 vertex -0.066 0.014809 -0.00855
 vertex -0.066 0.0164545 -0.0095
 vertex -0.066 0.0150737 -0.0115665
 endloop
endfacet
facet normal 0 0 0
 outer loop
 vertex -0.066 0.014809 -0.00855
 vertex -0.066 0.0150737 -0.0115665
 vertex -0.066 0.0135663 -0.0104098
 endloop
endfacet
facet normal 0 0 0
 outer loop
 vertex -0.074 0.0135663 -0.0104098
 vertex -0.074 0.0120915 -0.0120915
 vertex -0.074 0.013435 -0.013435
 endloop
endfacet
facet normal 0 0 0
 outer loop
 vertex -0.074 0.0135663 -0.0104098
 vertex -0.074 0.013435 -0.013435
 vertex -0.074 0.0150737 -0.0115665
 endloop
endfacet
facet normal 0 0 0
 outer loop
 vertex -0.066 0.0135663 -0.0104098
 vertex -0.066 0.0150737 -0.0115665
 vertex -0.066 0.013435 -0.013435
 endloop
endfacet
facet normal 0 0 0
 outer loop
 vertex -0.066 0.0135663 -0.0104098
 vertex -0.066 0.013435 -0.013435
 vertex -0.066 0.0120915 -0.0120915
 endloop
endfacet
facet normal 0 0 0
 outer loop
 vertex -0.074 0.0120915 -0.0120915
 vertex -0.074 0.0104098 -0.0135663
 vertex -0.074 0.0115665 -0.0150737
 endloop
endfacet
facet normal 0 0 0
 outer loop
 vertex -0.074 0.0120915 -0.0120915
 vertex -0.074 0.0115665 -0.0150737
 vertex -0.074 0.013435 -0.013435
 endloop
endfacet
facet normal 0 0 0
 outer loop
 vertex -0.066 0.0120915 -0.0120915
 vertex -0.066 0.013435 -0.013435
 vertex -0.066 0.0115665 -0.0150737
 endloop
endfacet
facet normal 0 0 0
 outer loop
 vertex -0.066 0.0120915 -0.0120915
 vertex -0.066 0.0115665 -0.0150737
 vertex -0.066 0.0104098 -0.0135663
 endloop
endfacet
facet normal 0 0 0
 outer loop
 vertex -0.074 0.0104098 -0.0135663
 vertex -0.074 0.00855 -0.014809
 vertex -0.074 0.0095 -0.0164545
 endloop
endfacet
facet normal 0 0 0
 outer loop
 vertex -0.074 0.0104098 -0.0135663
 vertex -0.074 0.0095 -0.0164545
 vertex -0.074 0.0115665 -0.0150737
 endloop
endfacet
facet normal 0 0 0
 outer loop
 vertex -0.066 0.0104098 -0.0135663
 vertex -0.066 0.0115665 -0.0150737
 vertex -0.066 0.0095 -0.0164545
 endloop
endfacet
facet normal 0 0 0
 outer loop
 vertex -0.066 0.0104098 -0.0135663
 vertex -0.066 0.0095 -0.0164545
 vertex -0.066 0.00855 -0.014809
 endloop
endfacet
facet normal 0 0 0
 outer loop
 vertex -0.074 0.00855 -0.014809
 vertex -0.074 0.00654389 -0.0157983
 vertex -0.074 0.00727099 -0.0175537
 endloop
endfacet
facet normal 0 0 0
 outer loop
 vertex -0.074 0.00855 -0.014809
 vertex -0.074 0.00727099 -0.0175537
 vertex -0.074 0.0095 -0.0164545
 endloop
endfacet
facet normal 0 0 0
 outer loop
 vertex -0.066 0.00855 -0.014809
 vertex -0.066 0.0095 -0.0164545
 vertex -0.066 0.00727099 -0.0175537
 endloop
endfacet
facet normal 0 0 0
 outer loop
 vertex -0.066 0.00855 -0.014809
 vertex -0.066 0.00727099 -0.0175537
 vertex -0.066 0.00654389 -0.0157983
 endloop
endfacet
facet normal 0 0 0
 outer loop
 vertex -0.074 0.00654389 -0.0157983
 vertex -0.074 0.00442581 -0.0165173
 vertex -0.074 0.00491756 -0.0183526
 endloop
endfacet
facet normal 0 0 0
 outer loop
 vertex -0.074 0.00654389 -0.0157983
 vertex -0.074 0.00491756 -0.0183526
 vertex -0.074 0.00727099 -0.0175537
 endloop
endfacet
facet normal 0 0 0
 outer loop
 vertex -0.066 0.00654389 -0.0157983
 vertex -0.066 0.00727099 -0.0175537
 vertex -0.066 0.00491756 -0.0183526
 endloop
endfacet
facet normal 0 0 0
 outer loop
 vertex -0.066 0.00654389 -0.0157983
 vertex -0.066 0.00491756 -0.0183526
 vertex -0.066 0.00442581 -0.0165173
 endloop
endfacet
facet normal 0 0 0
 outer loop
 vertex -0.074 0.00442581 -0.0165173
 vertex -0.074 0.002232 -0.0169537
 vertex -0.074 0.00248 -0.0188375
 endloop
endfacet
facet normal 0 0 0
 outer loop
 vertex -0.074 0.00442581 -0.0165173
 vertex -0.074 0.00248 -0.0188375
 vertex -0.074 0.00491756 -0.0183526
 endloop
endfacet
facet normal 0 0 0
 outer loop
 vertex -0.066 0.00442581 -0.0165173
 vertex -0.066 0.00491756 -0.0183526
 vertex -0.066 0.00248 -0.0188375
 endloop
endfacet
facet normal 0 0 0
 outer loop
 vertex -0.066 0.00442581 -0.0165173
 vertex -0.066 0.00248 -0.0188375
 vertex -0.066 0.002232 -0.0169537
 endloop
endfacet
facet normal 0 0 0
 outer loop
 vertex -0.074 0.002232 -0.0169537
 vertex -0.074 -1.49493e-09 -0.0171
 vertex -0.074 -1.66103e-09 -0.019
 endloop
endfacet
facet normal 0 0 0
 outer loop
 vertex -0.074 0.002232 -0.0169537
 vertex -0.074 -1.66103e-09 -0.019
 vertex -0.074 0.00248 -0.0188375
 endloop
endfacet
facet normal 0 0 0
 outer loop
 vertex -0.066 0.002232 -0.0169537
 vertex -0.066 0.00248 -0.0188375
 vertex -0.066 -1.66103e-09 -0.019
 endloop
endfacet
facet normal 0 0 0
 outer loop
 vertex -0.066 0.002232 -0.0169537
 vertex -0.066 -1.66103e-09 -0.019
 vertex -0.066 -1.49493e-09 -0.0171
 endloop
endfacet
facet normal 0 0 0
 outer loop
 vertex -0.074 -1.49493e-09 -0.0171
 vertex -0.074 -0.002232 -0.0169537
 vertex -0.074 -0.00248 -0.0188375
 endloop
endfacet
facet normal 0 0 0
 outer loop
 vertex -0.074 -1.49493e-09 -0.0171
 vertex -0.074 -0.00248 -0.0188375
 vertex -0.074 -1.66103e-09 -0.019
 endloop
endfacet
facet normal 0 0 0
 outer loop
 vertex -0.066 -1.49493e-09 -0.0171
 vertex -0.066 -1.66103e-09 -0.019
 vertex -0.066 -0.00248 -0.0188375
 endloop
endfacet
facet normal 0 0 0
 outer loop
 vertex -0.066 -1.49493e-09 -0.0171
 vertex -0.066 -0.00248 -0.0188375
 vertex -0.066 -0.002232 -0.0169537
 endloop
endfacet
facet normal 0 0 0
 outer loop
 vertex -0.074 -0.002232 -0.0169537
 vertex -0.074 -0.00442581 -0.0165173
 vertex -0.074 -0.00491756 -0.0183526
 endloop
endfacet
facet normal 0 0 0
 outer loop
 vertex -0.074 -0.002232 -0.0169537
 vertex -0.074 -0.00491756 -0.0183526
 vertex -0.074 -0.00248 -0.0188375
 endloop
endfacet
facet normal 0 0 0
 outer loop
 vertex -0.066 -0.002232 -0.0169537
 vertex -0.066 -0.00248 -0.0188375
 vertex -0.066 -0.00491756 -0.0183526
 endloop
endfacet
facet normal 0 0 0
 outer loop
 vertex -0.066 -0.002232 -0.0169537
 vertex -0.066 -0.00491756 -0.0183526
 vertex -0.066 -0.00442581 -0.0165173
 endloop
endfacet
facet normal 0 0 0
 outer loop
 vertex -0.074 -0.00442581 -0.0165173
 vertex -0.074 -0.00654389 -0.0157983
 vertex -0.074 -0.00727098 -0.0175537
 endloop
endfacet
facet normal 0 0 0
 outer loop
 vertex -0.074 -0.00442581 -0.0165173
 vertex -0.074 -0.00727098 -0.0175537
 vertex -0.074 -0.00491756 -0.0183526
 endloop
endfacet
facet normal 0 0 0
 outer loop
 vertex -0.066 -0.00442581 -0.0165173
 vertex -0.066 -0.00491756 -0.0183526
 vertex -0.066 -0.00727098 -0.0175537
 endloop
endfacet
facet normal 0 0 0
 outer loop
 vertex -0.066 -0.00442581 -0.0165173
 vertex -0.066 -0.00727098 -0.0175537
 vertex -0.066 -0.00654389 -0.0157983
 endloop
endfacet
facet normal 0 0 0
 outer loop
 vertex -0.074 -0.00654389 -0.0157983
 vertex -0.074 -0.00855 -0.014809
 vertex -0.074 -0.0095 -0.0164545
 endloop
endfacet
facet normal 0 0 0
 outer loop
 vertex -0.074 -0.00654389 -0.0157983
 vertex -0.074 -0.0095 -0.0164545
 vertex -0.074 -0.00727098 -0.0175537
 endloop
endfacet
facet normal 0 0 0
 outer loop
 vertex -0.066 -0.00654389 -0.0157983
 vertex -0.066 -0.00727098 -0.0175537
 vertex -0.066 -0.0095 -0.0164545
 endloop
endfacet
facet normal 0 0 0
 outer loop
 vertex -0.066 -0.00654389 -0.0157983
 vertex -0.066 -0.0095 -0.0164545
 vertex -0.066 -0.00855 -0.014809
 endloop
endfacet
facet normal 0 0 0
 outer loop
 vertex -0.074 -0.00855 -0.014809
 vertex -0.074 -0.0104098 -0.0135663
 vertex -0.074 -0.0115665 -0.0150737
 endloop
endfacet
facet normal 0 0 0
 outer loop
 vertex -0.074 -0.00855 -0.014809
 vertex -0.074 -0.0115665 -0.0150737
 vertex -0.074 -0.0095 -0.0164545
 endloop
endfacet
facet normal 0 0 0
 outer loop
 vertex -0.066 -0.00855 -0.014809
 vertex -0.066 -0.0095 -0.0164545
 vertex -0.066 -0.0115665 -0.0150737
 endloop
endfacet
facet normal 0 0 0
 outer loop
 vertex -0.066 -0.00855 -0.014809
 vertex -0.066 -0.0115665 -0.0150737
 vertex -0.066 -0.0104098 -0.0135663
 endloop
endfacet
facet normal 0 0 0
 outer loop
 vertex -0.074 -0.0104098 -0.0135663
 vertex -0.074 -0.0120915 -0.0120915
 vertex -0.074 -0.013435 -0.013435
 endloop
endfacet
facet normal 0 0 0
 outer loop
 vertex -0.074 -0.0104098 -0.0135663
 vertex -0.074 -0.013435 -0.013435
 vertex -0.074 -0.0115665 -0.0150737
 endloop
endfacet
facet normal 0 0 0
 outer loop
 vertex -0.066 -0.0104098 -0.0135663
 vertex -0.066 -0.0115665 -0.0150737
 vertex -0.066 -0.013435 -0.013435
 endloop
endfacet
facet normal 0 0 0
 outer loop
 vertex -0.066 -0.0104098 -0.0135663
 vertex -0.066 -0.013435 -0.013435
 vertex -0.066 -0.0120915 -0.0120915
 endloop
endfacet
facet normal 0 0 0
 outer loop
 vertex -0.074 -0.0120915 -0.0120915
 vertex -0.074 -0.0135663 -0.0104098
 vertex -0.074 -0.0150737 -0.0115665
 endloop
endfacet
facet normal 0 0 0
 outer loop
 vertex -0.074 -0.0120915 -0.0120915
 vertex -0.074 -0.0150737 -0.0115665
 vertex -0.074 -0.013435 -0.013435
 endloop
endfacet
facet normal 0 0 0
 outer loop
 vertex -0.066 -0.0120915 -0.0120915
 vertex -0.066 -0.013435 -0.013435
 vertex -0.066 -0.0150737 -0.0115665
 endloop
endfacet
facet normal 0 0 0
 outer loop
 vertex -0.066 -0.0120915 -0.0120915
 vertex -0.066 -0.0150737 -0.0115665
 vertex -0.066 -0.0135663 -0.0104098
 endloop
endfacet
facet normal 0 0 0
 outer loop
 vertex -0.074 -0.0135663 -0.0104098
 vertex -0.074 -0.014809 -0.00855
 vertex -0.074 -0.0164545 -0.0095
 endloop
endfacet
facet normal 0 0 0
 outer loop
 vertex -0.074 -0.0135663 -0.0104098
 vertex -0.074 -0.0164545 -0.0095
 vertex -0.074 -0.0150737 -0.0115665
 endloop
endfacet
facet normal 0 0 0
 outer loop
 vertex -0.066 -0.0135663 -0.0104098
 vertex -0.066 -0.0150737 -0.0115665
 vertex -0.066 -0.0164545 -0.0095
 endloop
endfacet
facet normal 0 0 0
 outer loop
 vertex -0.066 -0.0135663 -0.0104098
 vertex -0.066 -0.0164545 -0.0095
 vertex -0.066 -0.014809 -0.00855
 endloop
endfacet
facet normal 0 0 0
 outer loop
 vertex -0.074 -0.014809 -0.00855
 vertex -0.074 -0.0157983 -0.00654389
 vertex -0.074 -0.0175537 -0.00727099
 endloop
endfacet
facet normal 0 0 0
 outer loop
 vertex -0.074 -0.014809 -0.00855
 vertex -0.074 -0.0175537 -0.00727099
 vertex -0.074 -0.0164545 -0.0095
 endloop
endfacet
facet normal 0 0 0
 outer loop
 vertex -0.066 -0.014809 -0.00855
 vertex -0.066 -0.0164545 -0.0095
 vertex -0.066 -0.0175537 -0.00727099
 endloop
endfacet
facet normal 0 0 0
 outer loop
 vertex -0.066 -0.014809 -0.00855
 vertex -0.066 -0.0175537 -0.00727099
 vertex -0.066 -0.0157983 -0.00654389
 endloop
endfacet
facet normal 0 0 0
 outer loop
 vertex -0.074 -0.0157983 -0.00654389
 vertex -0.074 -0.0165173 -0.0044258
 vertex -0.074 -0.0183526 -0.00491756
 endloop
endfacet
facet normal 0 0 0
 outer loop
 vertex -0.074 -0.0157983 -0.00654389
 vertex -0.074 -0.0183526 -0.00491756
 vertex -0.074 -0.0175537 -0.00727099
 endloop
endfacet
facet normal 0 0 0
 outer loop
 vertex -0.066 -0.0157983 -0.00654389
 vertex -0.066 -0.0175537 -0.00727099
 vertex -0.066 -0.0183526 -0.00491756
 endloop
endfacet
facet normal 0 0 0
 outer loop
 vertex -0.066 -0.0157983 -0.00654389
 vertex -0.066 -0.0183526 -0.00491756
 vertex -0.066 -0.0165173 -0.0044258
 endloop
endfacet
facet normal 0 0 0
 outer loop
 vertex -0.074 -0.0165173 -0.0044258
 vertex -0.074 -0.0169537 -0.002232
 vertex -0.074 -0.0188375 -0.00248
 endloop
endfacet
facet normal 0 0 0
 outer loop
 vertex -0.074 -0.0165173 -0.0044258
 vertex -0.074 -0.0188375 -0.00248
 vertex -0.074 -0.0183526 -0.00491756
 endloop
endfacet
facet normal 0 0 0
 outer loop
 vertex -0.066 -0.0165173 -0.0044258
 vertex -0.066 -0.0183526 -0.00491756
 vertex -0.066 -0.0188375 -0.00248
 endloop
endfacet
facet normal 0 0 0
 outer loop
 vertex -0.066 -0.0165173 -0.0044258
 vertex -0.066 -0.0188375 -0.00248
 vertex -0.066 -0.0169537 -0.002232
 endloop
endfacet
facet normal 0 0 0
 outer loop
 vertex -0.074 -0.0169537 -0.002232
 vertex -0.074 -0.0171 2.03915e-10
 vertex -0.074 -0.019 2.26573e-10
 endloop
endfacet
facet normal 0 0 0
 outer loop
 vertex -0.074 -0.0169537 -0.002232
 vertex -0.074 -0.019 2.26573e-10
 vertex -0.074 -0.0188375 -0.00248
 endloop
endfacet
facet normal 0 0 0
 outer loop
 vertex -0.066 -0.0169537 -0.002232
 vertex -0.066 -0.0188375 -0.00248
 vertex -0.066 -0.019 2.26573e-10
 endloop
endfacet
facet normal 0 0 0
 outer loop
 vertex -0.066 -0.0169537 -0.002232
 vertex -0.066 -0.019 2.26573e-10
 vertex -0.066 -0.0171 2.03915e-10
 endloop
endfacet
facet normal 0 0 0
 outer loop
 vertex -0.074 -0.0171 2.03915e-10
 vertex -0.074 -0.0169537 0.002232
 vertex -0.074 -0.0188375 0.00248
 endloop
endfacet
facet normal 0 0 0
 outer loop
 vertex -0.074 -0.0171 2.03915e-10
 vertex -0.074 -0.0188375 0.00248
 vertex -0.074 -0.019 2.26573e-10
 endloop
endfacet
facet normal 0 0 0
 outer loop
 vertex -0.066 -0.0171 2.03915e-10
 vertex -0.066 -0.019 2.26573e-10
 vertex -0.066 -0.0188375 0.00248
 endloop
endfacet
facet normal 0 0 0
 outer loop
 vertex -0.066 -0.0171 2.03915e-10
 vertex -0.066 -0.0188375 0.00248
 vertex -0.066 -0.0169537 0.002232
 endloop
endfacet
facet normal 0 0 0
 outer loop
 vertex -0.074 -0.0169537 0.002232
 vertex -0.074 -0.0165173 0.00442581
 vertex -0.074 -0.0183526 0.00491756
 endloop
endfacet
facet normal 0 0 0
 outer loop
 vertex -0.074 -0.0169537 0.002232
 vertex -0.074 -0.0183526 0.00491756
 vertex -0.074 -0.0188375 0.00248
 endloop
endfacet
facet normal 0 0 0
 outer loop
 vertex -0.066 -0.0169537 0.002232
 vertex -0.066 -0.0188375 0.00248
 vertex -0.066 -0.0183526 0.00491756
 endloop
endfacet
facet normal 0 0 0
 outer loop
 vertex -0.066 -0.0169537 0.002232
 vertex -0.066 -0.0183526 0.00491756
 vertex -0.066 -0.0165173 0.00442581
 endloop
endfacet
facet normal 0 0 0
 outer loop
 vertex -0.074 -0.0165173 0.00442581
 vertex -0.074 -0.0157983 0.00654389
 vertex -0.074 -0.0175537 0.00727099
 endloop
endfacet
facet normal 0 0 0
 outer loop
 vertex -0.074 -0.0165173 0.00442581
 vertex -0.074 -0.0175537 0.00727099
 vertex -0.074 -0.0183526 0.00491756
 endloop
endfacet
facet normal 0 0 0
 outer loop
 vertex -0.066 -0.0165173 0.00442581
 vertex -0.066 -0.0183526 0.00491756
 vertex -0.066 -0.0175537 0.00727099
 endloop
endfacet
facet normal 0 0 0
 outer loop
 vertex -0.066 -0.0165173 0.00442581
 vertex -0.066 -0.0175537 0.00727099
 vertex -0.066 -0.0157983 0.00654389
 endloop
endfacet
facet normal 0 0 0
 outer loop
 vertex -0.074 -0.0157983 0.00654389
 vertex -0.074 -0.014809 0.00855
 vertex -0.074 -0.0164545 0.0095
 endloop
endfacet
facet normal 0 0 0
 outer loop
 vertex -0.074 -0.0157983 0.00654389
 vertex -0.074 -0.0164545 0.0095
 vertex -0.074 -0.0175537 0.00727099
 endloop
endfacet
facet normal 0 0 0
 outer loop
 vertex -0.066 -0.0157983 0.00654389
 vertex -0.066 -0.0175537 0.00727099
 vertex -0.066 -0.0164545 0.0095
 endloop
endfacet
facet normal 0 0 0
 outer loop
 vertex -0.066 -0.0157983 0.00654389
 vertex -0.066 -0.0164545 0.0095
 vertex -0.066 -0.014809 0.00855
 endloop
endfacet
facet normal 0 0 0
 outer loop
 vertex -0.074 -0.014809 0.00855
 vertex -0.074 -0.0135663 0.0104098
 vertex -0.074 -0.0150737 0.0115665
 endloop
endfacet
facet normal 0 0 0
 outer loop
 vertex -0.074 -0.014809 0.00855
 vertex -0.074 -0.0150737 0.0115665
 vertex -0.074 -0.0164545 0.0095
 endloop
endfacet
facet normal 0 0 0
 outer loop
 vertex -0.066 -0.014809 0.00855
 vertex -0.066 -0.0164545 0.0095
 vertex -0.066 -0.0150737 0.0115665
 endloop
endfacet
facet normal 0 0 0
 outer loop
 vertex -0.066 -0.014809 0.00855
 vertex -0.066 -0.0150737 0.0115665
 vertex -0.066 -0.0135663 0.0104098
 endloop
endfacet
facet normal 0 0 0
 outer loop
 vertex -0.074 -0.0135663 0.0104098
 vertex -0.074 -0.0120915 0.0120915
 vertex -0.074 -0.013435 0.013435
 endloop
endfacet
facet normal 0 0 0
 outer loop
 vertex -0.074 -0.0135663 0.0104098
 vertex -0.074 -0.013435 0.013435
 vertex -0.074 -0.0150737 0.0115665
 endloop
endfacet
facet normal 0 0 0
 outer loop
 vertex -0.066 -0.0135663 0.0104098
 vertex -0.066 -0.0150737 0.0115665
 vertex -0.066 -0.013435 0.013435
 endloop
endfacet
facet normal 0 0 0
 outer loop
 vertex -0.066 -0.0135663 0.0104098
 vertex -0.066 -0.013435 0.013435
 vertex -0.066 -0.0120915 0.0120915
 endloop
endfacet
facet normal 0 0 0
 outer loop
 vertex -0.074 -0.0120915 0.0120915
 vertex -0.074 -0.0104098 0.0135663
 vertex -0.074 -0.0115665 0.0150737
 endloop
endfacet
facet normal 0 0 0
 outer loop
 vertex -0.074 -0.0120915 0.0120915
 vertex -0.074 -0.0115665 0.0150737
 vertex -0.074 -0.013435 0.013435
 endloop
endfacet
facet normal 0 0 0
 outer loop
 vertex -0.066 -0.0120915 0.0120915
 vertex -0.066 -0.013435 0.013435
 vertex -0.066 -0.0115665 0.0150737
 endloop
endfacet
facet normal 0 0 0
 outer loop
 vertex -0.066 -0.0120915 0.0120915
 vertex -0.066 -0.0115665 0.0150737
 vertex -0.066 -0.0104098 0.0135663
 endloop
endfacet
facet normal 0 0 0
 outer loop
 vertex -0.074 -0.0104098 0.0135663
 vertex -0.074 -0.00855 0.014809
 vertex -0.074 -0.0095 0.0164545
 endloop
endfacet
facet normal 0 0 0
 outer loop
 vertex -0.074 -0.0104098 0.0135663
 vertex -0.074 -0.0095 0.0164545
 vertex -0.074 -0.0115665 0.0150737
 endloop
endfacet
facet normal 0 0 0
 outer loop
 vertex -0.066 -0.0104098 0.0135663
 vertex -0.066 -0.0115665 0.0150737
 vertex -0.066 -0.0095 0.0164545
 endloop
endfacet
facet normal 0 0 0
 outer loop
 vertex -0.066 -0.0104098 0.0135663
 vertex -0.066 -0.0095 0.0164545
 vertex -0.066 -0.00855 0.014809
 endloop
endfacet
facet normal 0 0 0
 outer loop
 vertex -0.074 -0.00855 0.014809
 vertex -0.074 -0.00654389 0.0157983
 vertex -0.074 -0.00727098 0.0175537
 endloop
endfacet
facet normal 0 0 0
 outer loop
 vertex -0.074 -0.00855 0.014809
 vertex -0.074 -0.00727098 0.0175537
 vertex -0.074 -0.0095 0.0164545
 endloop
endfacet
facet normal 0 0 0
 outer loop
 vertex -0.066 -0.00855 0.014809
 vertex -0.066 -0.0095 0.0164545
 vertex -0.066 -0.00727098 0.0175537
 endloop
endfacet
facet normal 0 0 0
 outer loop
 vertex -0.066 -0.00855 0.014809
 vertex -0.066 -0.00727098 0.0175537
 vertex -0.066 -0.00654389 0.0157983
 endloop
endfacet
facet normal 0 0 0
 outer loop
 vertex -0.074 -0.00654389 0.0157983
 vertex -0.074 -0.0044258 0.0165173
 vertex -0.074 -0.00491756 0.0183526
 endloop
endfacet
facet normal 0 0 0
 outer loop
 vertex -0.074 -0.00654389 0.0157983
 vertex -0.074 -0.00491756 0.0183526
 vertex -0.074 -0.00727098 0.0175537
 endloop
endfacet
facet normal 0 0 0
 outer loop
 vertex -0.066 -0.00654389 0.0157983
 vertex -0.066 -0.00727098 0.0175537
 vertex -0.066 -0.00491756 0.0183526
 endloop
endfacet
facet normal 0 0 0
 outer loop
 vertex -0.066 -0.00654389 0.0157983
 vertex -0.066 -0.00491756 0.0183526
 vertex -0.066 -0.0044258 0.0165173
 endloop
endfacet
facet normal 0 0 0
 outer loop
 vertex -0.074 -0.0044258 0.0165173
 vertex -0.074 -0.002232 0.0169537
 vertex -0.074 -0.00248 0.0188375
 endloop
endfacet
facet normal 0 0 0
 outer loop
 vertex -0.074 -0.0044258 0.0165173
 vertex -0.074 -0.00248 0.0188375
 vertex -0.074 -0.00491756 0.0183526
 endloop
endfacet
facet normal 0 0 0
 outer loop
 vertex -0.066 -0.0044258 0.0165173
 vertex -0.066 -0.00491756 0.0183526
 vertex -0.066 -0.00248 0.0188375
 endloop
endfacet
facet normal 0 0 0
 outer loop
 vertex -0.066 -0.0044258 0.0165173
 vertex -0.066 -0.00248 0.0188375
 vertex -0.066 -0.002232 0.0169537
 endloop
endfacet
facet normal 0 0 0
 outer loop
 vertex -0.074 -0.002232 0.0169537
 vertex -0.074 2.98986e-09 0.0171
 vertex -0.074 3.32207e-09 0.019
 endloop
endfacet
facet normal 0 0 0
 outer loop
 vertex -0.074 -0.002232 0.0169537
 vertex -0.074 3.32207e-09 0.019
 vertex -0.074 -0.00248 0.0188375
 endloop
endfacet
facet normal 0 0 0
 outer loop
 vertex -0.066 -0.002232 0.0169537
 vertex -0.066 -0.00248 0.0188375
 vertex -0.066 3.32207e-09 0.019
 endloop
endfacet
facet normal 0 0 0
 outer loop
 vertex -0.066 -0.002232 0.0169537
 vertex -0.066 3.32207e-09 0.019
 vertex -0.066 2.98986e-09 0.0171
 endloop
endfacet
facet normal 0 0 0
 outer loop
 vertex -0.076 0 0.0205
 vertex -0.076 0.00267579 0.0203246
 vertex -0.064 0.00267579 0.0203246
 endloop
endfacet
facet normal 0 0 0
 outer loop
 vertex -0.076 0 0.0205
 vertex -0.064 0.00267579 0.0203246
 vertex -0.064 0 0.0205
 endloop
endfacet
facet normal 0 0 0
 outer loop
 vertex -0.064 0 0.0195
 vertex -0.064 0.00254526 0.0193332
 vertex -0.076 0.00254526 0.0193332
 endloop
endfacet
facet normal 0 0 0
 outer loop
 vertex -0.064 0 0.0195
 vertex -0.076 0.00254526 0.0193332
 vertex -0.076 0 0.0195
 endloop
endfacet
facet normal 0 0 0
 outer loop
 vertex -0.076 0.00267579 0.0203246
 vertex -0.076 0.00530579 0.0198015
 vertex -0.064 0.00530579 0.0198015
 endloop
endfacet
facet normal 0 0 0
 outer loop
 vertex -0.076 0.00267579 0.0203246
 vertex -0.064 0.00530579 0.0198015
 vertex -0.064 0.00267579 0.0203246
 endloop
endfacet
facet normal 0 0 0
 outer loop
 vertex -0.064 0.00254526 0.0193332
 vertex -0.064 0.00504697 0.0188356
 vertex -0.076 0.00504697 0.0188356
 endloop
endfacet
facet normal 0 0 0
 outer loop
 vertex -0.064 0.00254526 0.0193332
 vertex -0.076 0.00504697 0.0188356
 vertex -0.076 0.00254526 0.0193332
 endloop
endfacet
facet normal 0 0 0
 outer loop
 vertex -0.076 0.00530579 0.0198015
 vertex -0.076 0.00784501 0.0189395
 vertex -0.064 0.00784501 0.0189395
 endloop
endfacet
facet normal 0 0 0
 outer loop
 vertex -0.076 0.00530579 0.0198015
 vertex -0.064 0.00784501 0.0189395
 vertex -0.064 0.00530579 0.0198015
 endloop
endfacet
facet normal 0 0 0
 outer loop
 vertex -0.064 0.00504697 0.0188356
 vertex -0.064 0.00746233 0.0180157
 vertex -0.076 0.00746233 0.0180157
 endloop
endfacet
facet normal 0 0 0
 outer loop
 vertex -0.064 0.00504697 0.0188356
 vertex -0.076 0.00746233 0.0180157
 vertex -0.076 0.00504697 0.0188356
 endloop
endfacet
facet normal 0 0 0
 outer loop
 vertex -0.076 0.00784501 0.0189395
 vertex -0.076 0.01025 0.0177535
 vertex -0.064 0.01025 0.0177535
 endloop
endfacet
facet normal 0 0 0
 outer loop
 vertex -0.076 0.00784501 0.0189395
 vertex -0.064 0.01025 0.0177535
 vertex -0.064 0.00784501 0.0189395
 endloop
endfacet
facet normal 0 0 0
 outer loop
 vertex -0.064 0.00746233 0.0180157
 vertex -0.064 0.00975 0.0168875
 vertex -0.076 0.00975 0.0168875
 endloop
endfacet
facet normal 0 0 0
 outer loop
 vertex -0.064 0.00746233 0.0180157
 vertex -0.076 0.00975 0.0168875
 vertex -0.076 0.00746233 0.0180157
 endloop
endfacet
facet normal 0 0 0
 outer loop
 vertex -0.076 0.01025 0.0177535
 vertex -0.076 0.0124796 0.0162637
 vertex -0.064 0.0124796 0.0162637
 endloop
endfacet
facet normal 0 0 0
 outer loop
 vertex -0.076 0.01025 0.0177535
 vertex -0.064 0.0124796 0.0162637
 vertex -0.064 0.01025 0.0177535
 endloop
endfacet
facet normal 0 0 0
 outer loop
 vertex -0.064 0.00975 0.0168875
 vertex -0.064 0.0118708 0.0154704
 vertex -0.076 0.0118708 0.0154704
 endloop
endfacet
facet normal 0 0 0
 outer loop
 vertex -0.064 0.00975 0.0168875
 vertex -0.076 0.0118708 0.0154704
 vertex -0.076 0.00975 0.0168875
 endloop
endfacet
facet normal 0 0 0
 outer loop
 vertex -0.076 0.0124796 0.0162637
 vertex -0.076 0.0144957 0.0144957
 vertex -0.064 0.0144957 0.0144957
 endloop
endfacet
facet normal 0 0 0
 outer loop
 vertex -0.076 0.0124796 0.0162637
 vertex -0.064 0.0144957 0.0144957
 vertex -0.064 0.0124796 0.0162637
 endloop
endfacet
facet normal 0 0 0
 outer loop
 vertex -0.064 0.0118708 0.0154704
 vertex -0.064 0.0137886 0.0137886
 vertex -0.076 0.0137886 0.0137886
 endloop
endfacet
facet normal 0 0 0
 outer loop
 vertex -0.064 0.0118708 0.0154704
 vertex -0.076 0.0137886 0.0137886
 vertex -0.076 0.0118708 0.0154704
 endloop
endfacet
facet normal 0 0 0
 outer loop
 vertex -0.076 0.0144957 0.0144957
 vertex -0.076 0.0162637 0.0124796
 vertex -0.064 0.0162637 0.0124796
 endloop
endfacet
facet normal 0 0 0
 outer loop
 vertex -0.076 0.0144957 0.0144957
 vertex -0.064 0.0162637 0.0124796
 vertex -0.064 0.0144957 0.0144957
 endloop
endfacet
facet normal 0 0 0
 outer loop
 vertex -0.064 0.0137886 0.0137886
 vertex -0.064 0.0154704 0.0118708
 vertex -0.076 0.0154704 0.0118708
 endloop
endfacet
facet normal 0 0 0
 outer loop
 vertex -0.064 0.0137886 0.0137886
 vertex -0.076 0.0154704 0.0118708
 vertex -0.076 0.0137886 0.0137886
 endloop
endfacet
facet normal 0 0 0
 outer loop
 vertex -0.076 0.0162637 0.0124796
 vertex -0.076 0.0177535 0.01025
 vertex -0.064 0.0177535 0.01025
 endloop
endfacet
facet normal 0 0 0
 outer loop
 vertex -0.076 0.0162637 0.0124796
 vertex -0.064 0.0177535 0.01025
 vertex -0.064 0.0162637 0.0124796
 endloop
endfacet
facet normal 0 0 0
 outer loop
 vertex -0.064 0.0154704 0.0118708
 vertex -0.064 0.0168875 0.00975
 vertex -0.076 0.0168875 0.00975
 endloop
endfacet
facet normal 0 0 0
 outer loop
 vertex -0.064 0.0154704 0.0118708
 vertex -0.076 0.0168875 0.00975
 vertex -0.076 0.0154704 0.0118708
 endloop
endfacet
facet normal 0 0 0
 outer loop
 vertex -0.076 0.0177535 0.01025
 vertex -0.076 0.0189395 0.00784501
 vertex -0.064 0.0189395 0.00784501
 endloop
endfacet
facet normal 0 0 0
 outer loop
 vertex -0.076 0.0177535 0.01025
 vertex -0.064 0.0189395 0.00784501
 vertex -0.064 0.0177535 0.01025
 endloop
endfacet
facet normal 0 0 0
 outer loop
 vertex -0.064 0.0168875 0.00975
 vertex -0.064 0.0180157 0.00746233
 vertex -0.076 0.0180157 0.00746233
 endloop
endfacet
facet normal 0 0 0
 outer loop
 vertex -0.064 0.0168875 0.00975
 vertex -0.076 0.0180157 0.00746233
 vertex -0.076 0.0168875 0.00975
 endloop
endfacet
facet normal 0 0 0
 outer loop
 vertex -0.076 0.0189395 0.00784501
 vertex -0.076 0.0198015 0.00530579
 vertex -0.064 0.0198015 0.00530579
 endloop
endfacet
facet normal 0 0 0
 outer loop
 vertex -0.076 0.0189395 0.00784501
 vertex -0.064 0.0198015 0.00530579
 vertex -0.064 0.0189395 0.00784501
 endloop
endfacet
facet normal 0 0 0
 outer loop
 vertex -0.064 0.0180157 0.00746233
 vertex -0.064 0.0188356 0.00504697
 vertex -0.076 0.0188356 0.00504697
 endloop
endfacet
facet normal 0 0 0
 outer loop
 vertex -0.064 0.0180157 0.00746233
 vertex -0.076 0.0188356 0.00504697
 vertex -0.076 0.0180157 0.00746233
 endloop
endfacet
facet normal 0 0 0
 outer loop
 vertex -0.076 0.0198015 0.00530579
 vertex -0.076 0.0203246 0.00267579
 vertex -0.064 0.0203246 0.00267579
 endloop
endfacet
facet normal 0 0 0
 outer loop
 vertex -0.076 0.0198015 0.00530579
 vertex -0.064 0.0203246 0.00267579
 vertex -0.064 0.0198015 0.00530579
 endloop
endfacet
facet normal 0 0 0
 outer loop
 vertex -0.064 0.0188356 0.00504697
 vertex -0.064 0.0193332 0.00254526
 vertex -0.076 0.0193332 0.00254526
 endloop
endfacet
facet normal 0 0 0
 outer loop
 vertex -0.064 0.0188356 0.00504697
 vertex -0.076 0.0193332 0.00254526
 vertex -0.076 0.0188356 0.00504697
 endloop
endfacet
facet normal 0 0 0
 outer loop
 vertex -0.076 0.0203246 0.00267579
 vertex -0.076 0.0205 -8.96083e-10
 vertex -0.064 0.0205 -8.96083e-10
 endloop
endfacet
facet normal 0 0 0
 outer loop
 vertex -0.076 0.0203246 0.00267579
 vertex -0.064 0.0205 -8.96083e-10
 vertex -0.064 0.0203246 0.00267579
 endloop
endfacet
facet normal 0 0 0
 outer loop
 vertex -0.064 0.0193332 0.00254526
 vertex -0.064 0.0195 -8.52372e-10
 vertex -0.076 0.0195 -8.52372e-10
 endloop
endfacet
facet normal 0 0 0
 outer loop
 vertex -0.064 0.0193332 0.00254526
 vertex -0.076 0.0195 -8.52372e-10
 vertex -0.076 0.0193332 0.00254526
 endloop
endfacet
facet normal 0 0 0
 outer loop
 vertex -0.076 0.0205 -8.96083e-10
 vertex -0.076 0.0203246 -0.00267579
 vertex -0.064 0.0203246 -0.00267579
 endloop
endfacet
facet normal 0 0 0
 outer loop
 vertex -0.076 0.0205 -8.96083e-10
 vertex -0.064 0.0203246 -0.00267579
 vertex -0.064 0.0205 -8.96083e-10
 endloop
endfacet
facet normal 0 0 0
 outer loop
 vertex -0.064 0.0195 -8.52372e-10
 vertex -0.064 0.0193332 -0.00254526
 vertex -0.076 0.0193332 -0.00254526
 endloop
endfacet
facet normal 0 0 0
 outer loop
 vertex -0.064 0.0195 -8.52372e-10
 vertex -0.076 0.0193332 -0.00254526
 vertex -0.076 0.0195 -8.52372e-10
 endloop
endfacet
facet normal 0 0 0
 outer loop
 vertex -0.076 0.0203246 -0.00267579
 vertex -0.076 0.0198015 -0.00530579
 vertex -0.064 0.0198015 -0.00530579
 endloop
endfacet
facet normal 0 0 0
 outer loop
 vertex -0.076 0.0203246 -0.00267579
 vertex -0.064 0.0198015 -0.00530579
 vertex -0.064 0.0203246 -0.00267579
 endloop
endfacet
facet normal 0 0 0
 outer loop
 vertex -0.064 0.0193332 -0.00254526
 vertex -0.064 0.0188356 -0.00504697
 vertex -0.076 0.0188356 -0.00504697
 endloop
endfacet
facet normal 0 0 0
 outer loop
 vertex -0.064 0.0193332 -0.00254526
 vertex -0.076 0.0188356 -0.00504697
 vertex -0.076 0.0193332 -0.00254526
 endloop
endfacet
facet normal 0 0 0
 outer loop
 vertex -0.076 0.0198015 -0.00530579
 vertex -0.076 0.0189395 -0.00784501
 vertex -0.064 0.0189395 -0.00784501
 endloop
endfacet
facet normal 0 0 0
 outer loop
 vertex -0.076 0.0198015 -0.00530579
 vertex -0.064 0.0189395 -0.00784501
 vertex -0.064 0.0198015 -0.00530579
 endloop
endfacet
facet normal 0 0 0
 outer loop
 vertex -0.064 0.0188356 -0.00504697
 vertex -0.064 0.0180157 -0.00746233
 vertex -0.076 0.0180157 -0.00746233
 endloop
endfacet
facet normal 0 0 0
 outer loop
 vertex -0.064 0.0188356 -0.00504697
 vertex -0.076 0.0180157 -0.00746233
 vertex -0.076 0.0188356 -0.00504697
 endloop
endfacet
facet normal 0 0 0
 outer loop
 vertex -0.076 0.0189395 -0.00784501
 vertex -0.076 0.0177535 -0.01025
 vertex -0.064 0.0177535 -0.01025
 endloop
endfacet
facet normal 0 0 0
 outer loop
 vertex -0.076 0.0189395 -0.00784501
 vertex -0.064 0.0177535 -0.01025
 vertex -0.064 0.0189395 -0.00784501
 endloop
endfacet
facet normal 0 0 0
 outer loop
 vertex -0.064 0.0180157 -0.00746233
 vertex -0.064 0.0168875 -0.00975
 vertex -0.076 0.0168875 -0.00975
 endloop
endfacet
facet normal 0 0 0
 outer loop
 vertex -0.064 0.0180157 -0.00746233
 vertex -0.076 0.0168875 -0.00975
 vertex -0.076 0.0180157 -0.00746233
 endloop
endfacet
facet normal 0 0 0
 outer loop
 vertex -0.076 0.0177535 -0.01025
 vertex -0.076 0.0162637 -0.0124796
 vertex -0.064 0.0162637 -0.0124796
 endloop
endfacet
facet normal 0 0 0
 outer loop
 vertex -0.076 0.0177535 -0.01025
 vertex -0.064 0.0162637 -0.0124796
 vertex -0.064 0.0177535 -0.01025
 endloop
endfacet
facet normal 0 0 0
 outer loop
 vertex -0.064 0.0168875 -0.00975
 vertex -0.064 0.0154704 -0.0118708
 vertex -0.076 0.0154704 -0.0118708
 endloop
endfacet
facet normal 0 0 0
 outer loop
 vertex -0.064 0.0168875 -0.00975
 vertex -0.076 0.0154704 -0.0118708
 vertex -0.076 0.0168875 -0.00975
 endloop
endfacet
facet normal 0 0 0
 outer loop
 vertex -0.076 0.0162637 -0.0124796
 vertex -0.076 0.0144957 -0.0144957
 vertex -0.064 0.0144957 -0.0144957
 endloop
endfacet
facet normal 0 0 0
 outer loop
 vertex -0.076 0.0162637 -0.0124796
 vertex -0.064 0.0144957 -0.0144957
 vertex -0.064 0.0162637 -0.0124796
 endloop
endfacet
facet normal 0 0 0
 outer loop
 vertex -0.064 0.0154704 -0.0118708
 vertex -0.064 0.0137886 -0.0137886
 vertex -0.076 0.0137886 -0.0137886
 endloop
endfacet
facet normal 0 0 0
 outer loop
 vertex -0.064 0.0154704 -0.0118708
 vertex -0.076 0.0137886 -0.0137886
 vertex -0.076 0.0154704 -0.0118708
 endloop
endfacet
facet normal 0 0 0
 outer loop
 vertex -0.076 0.0144957 -0.0144957
 vertex -0.076 0.0124796 -0.0162637
 vertex -0.064 0.0124796 -0.0162637
 endloop
endfacet
facet normal 0 0 0
 outer loop
 vertex -0.076 0.0144957 -0.0144957
 vertex -0.064 0.0124796 -0.0162637
 vertex -0.064 0.0144957 -0.0144957
 endloop
endfacet
facet normal 0 0 0
 outer loop
 vertex -0.064 0.0137886 -0.0137886
 vertex -0.064 0.0118708 -0.0154704
 vertex -0.076 0.0118708 -0.0154704
 endloop
endfacet
facet normal 0 0 0
 outer loop
 vertex -0.064 0.0137886 -0.0137886
 vertex -0.076 0.0118708 -0.0154704
 vertex -0.076 0.0137886 -0.0137886
 endloop
endfacet
facet normal 0 0 0
 outer loop
 vertex -0.076 0.0124796 -0.0162637
 vertex -0.076 0.01025 -0.0177535
 vertex -0.064 0.01025 -0.0177535
 endloop
endfacet
facet normal 0 0 0
 outer loop
 vertex -0.076 0.0124796 -0.0162637
 vertex -0.064 0.01025 -0.0177535
 vertex -0.064 0.0124796 -0.0162637
 endloop
endfacet
facet normal 0 0 0
 outer loop
 vertex -0.064 0.0118708 -0.0154704
 vertex -0.064 0.00975 -0.0168875
 vertex -0.076 0.00975 -0.0168875
 endloop
endfacet
facet normal 0 0 0
 outer loop
 vertex -0.064 0.0118708 -0.0154704
 vertex -0.076 0.00975 -0.0168875
 vertex -0.076 0.0118708 -0.0154704
 endloop
endfacet
facet normal 0 0 0
 outer loop
 vertex -0.076 0.01025 -0.0177535
 vertex -0.076 0.00784501 -0.0189395
 vertex -0.064 0.00784501 -0.0189395
 endloop
endfacet
facet normal 0 0 0
 outer loop
 vertex -0.076 0.01025 -0.0177535
 vertex -0.064 0.00784501 -0.0189395
 vertex -0.064 0.01025 -0.0177535
 endloop
endfacet
facet normal 0 0 0
 outer loop
 vertex -0.064 0.00975 -0.0168875
 vertex -0.064 0.00746233 -0.0180157
 vertex -0.076 0.00746233 -0.0180157
 endloop
endfacet
facet normal 0 0 0
 outer loop
 vertex -0.064 0.00975 -0.0168875
 vertex -0.076 0.00746233 -0.0180157
 vertex -0.076 0.00975 -0.0168875
 endloop
endfacet
facet normal 0 0 0
 outer loop
 vertex -0.076 0.00784501 -0.0189395
 vertex -0.076 0.00530579 -0.0198015
 vertex -0.064 0.00530579 -0.0198015
 endloop
endfacet
facet normal 0 0 0
 outer loop
 vertex -0.076 0.00784501 -0.0189395
 vertex -0.064 0.00530579 -0.0198015
 vertex -0.064 0.00784501 -0.0189395
 endloop
endfacet
facet normal 0 0 0
 outer loop
 vertex -0.064 0.00746233 -0.0180157
 vertex -0.064 0.00504697 -0.0188356
 vertex -0.076 0.00504697 -0.0188356
 endloop
endfacet
facet normal 0 0 0
 outer loop
 vertex -0.064 0.00746233 -0.0180157
 vertex -0.076 0.00504697 -0.0188356
 vertex -0.076 0.00746233 -0.0180157
 endloop
endfacet
facet normal 0 0 0
 outer loop
 vertex -0.076 0.00530579 -0.0198015
 vertex -0.076 0.00267578 -0.0203246
 vertex -0.064 0.00267578 -0.0203246
 endloop
endfacet
facet normal 0 0 0
 outer loop
 vertex -0.076 0.00530579 -0.0198015
 vertex -0.064 0.00267578 -0.0203246
 vertex -0.064 0.00530579 -0.0198015
 endloop
endfacet
facet normal 0 0 0
 outer loop
 vertex -0.064 0.00504697 -0.0188356
 vertex -0.064 0.00254526 -0.0193332
 vertex -0.076 0.00254526 -0.0193332
 endloop
endfacet
facet normal 0 0 0
 outer loop
 vertex -0.064 0.00504697 -0.0188356
 vertex -0.076 0.00254526 -0.0193332
 vertex -0.076 0.00504697 -0.0188356
 endloop
endfacet
facet normal 0 0 0
 outer loop
 vertex -0.076 0.00267578 -0.0203246
 vertex -0.076 -1.79217e-09 -0.0205
 vertex -0.064 -1.79217e-09 -0.0205
 endloop
endfacet
facet normal 0 0 0
 outer loop
 vertex -0.076 0.00267578 -0.0203246
 vertex -0.064 -1.79217e-09 -0.0205
 vertex -0.064 0.00267578 -0.0203246
 endloop
endfacet
facet normal 0 0 0
 outer loop
 vertex -0.064 0.00254526 -0.0193332
 vertex -0.064 -1.70474e-09 -0.0195
 vertex -0.076 -1.70474e-09 -0.0195
 endloop
endfacet
facet normal 0 0 0
 outer loop
 vertex -0.064 0.00254526 -0.0193332
 vertex -0.076 -1.70474e-09 -0.0195
 vertex -0.076 0.00254526 -0.0193332
 endloop
endfacet
facet normal 0 0 0
 outer loop
 vertex -0.076 -1.79217e-09 -0.0205
 vertex -0.076 -0.00267579 -0.0203246
 vertex -0.064 -0.00267579 -0.0203246
 endloop
endfacet
facet normal 0 0 0
 outer loop
 vertex -0.076 -1.79217e-09 -0.0205
 vertex -0.064 -0.00267579 -0.0203246
 vertex -0.064 -1.79217e-09 -0.0205
 endloop
endfacet
facet normal 0 0 0
 outer loop
 vertex -0.064 -1.70474e-09 -0.0195
 vertex -0.064 -0.00254526 -0.0193332
 vertex -0.076 -0.00254526 -0.0193332
 endloop
endfacet
facet normal 0 0 0
 outer loop
 vertex -0.064 -1.70474e-09 -0.0195
 vertex -0.076 -0.00254526 -0.0193332
 vertex -0.076 -1.70474e-09 -0.0195
 endloop
endfacet
facet normal 0 0 0
 outer loop
 vertex -0.076 -0.00267579 -0.0203246
 vertex -0.076 -0.00530579 -0.0198015
 vertex -0.064 -0.00530579 -0.0198015
 endloop
endfacet
facet normal 0 0 0
 outer loop
 vertex -0.076 -0.00267579 -0.0203246
 vertex -0.064 -0.00530579 -0.0198015
 vertex -0.064 -0.00267579 -0.0203246
 endloop
endfacet
facet normal 0 0 0
 outer loop
 vertex -0.064 -0.00254526 -0.0193332
 vertex -0.064 -0.00504697 -0.0188356
 vertex -0.076 -0.00504697 -0.0188356
 endloop
endfacet
facet normal 0 0 0
 outer loop
 vertex -0.064 -0.00254526 -0.0193332
 vertex -0.076 -0.00504697 -0.0188356
 vertex -0.076 -0.00254526 -0.0193332
 endloop
endfacet
facet normal 0 0 0
 outer loop
 vertex -0.076 -0.00530579 -0.0198015
 vertex -0.076 -0.00784501 -0.0189395
 vertex -0.064 -0.00784501 -0.0189395
 endloop
endfacet
facet normal 0 0 0
 outer loop
 vertex -0.076 -0.00530579 -0.0198015
 vertex -0.064 -0.00784501 -0.0189395
 vertex -0.064 -0.00530579 -0.0198015
 endloop
endfacet
facet normal 0 0 0
 outer loop
 vertex -0.064 -0.00504697 -0.0188356
 vertex -0.064 -0.00746233 -0.0180157
 vertex -0.076 -0.00746233 -0.0180157
 endloop
endfacet
facet normal 0 0 0
 outer loop
 vertex -0.064 -0.00504697 -0.0188356
 vertex -0.076 -0.00746233 -0.0180157
 vertex -0.076 -0.00504697 -0.0188356
 endloop
endfacet
facet normal 0 0 0
 outer loop
 vertex -0.076 -0.00784501 -0.0189395
 vertex -0.076 -0.01025 -0.0177535
 vertex -0.064 -0.01025 -0.0177535
 endloop
endfacet
facet normal 0 0 0
 outer loop
 vertex -0.076 -0.00784501 -0.0189395
 vertex -0.064 -0.01025 -0.0177535
 vertex -0.064 -0.00784501 -0.0189395
 endloop
endfacet
facet normal 0 0 0
 outer loop
 vertex -0.064 -0.00746233 -0.0180157
 vertex -0.064 -0.00975 -0.0168875
 vertex -0.076 -0.00975 -0.0168875
 endloop
endfacet
facet normal 0 0 0
 outer loop
 vertex -0.064 -0.00746233 -0.0180157
 vertex -0.076 -0.00975 -0.0168875
 vertex -0.076 -0.00746233 -0.0180157
 endloop
endfacet
facet normal 0 0 0
 outer loop
 vertex -0.076 -0.01025 -0.0177535
 vertex -0.076 -0.0124796 -0.0162637
 vertex -0.064 -0.0124796 -0.0162637
 endloop
endfacet
facet normal 0 0 0
 outer loop
 vertex -0.076 -0.01025 -0.0177535
 vertex -0.064 -0.0124796 -0.0162637
 vertex -0.064 -0.01025 -0.0177535
 endloop
endfacet
facet normal 0 0 0
 outer loop
 vertex -0.064 -0.00975 -0.0168875
 vertex -0.064 -0.0118708 -0.0154704
 vertex -0.076 -0.0118708 -0.0154704
 endloop
endfacet
facet normal 0 0 0
 outer loop
 vertex -0.064 -0.00975 -0.0168875
 vertex -0.076 -0.0118708 -0.0154704
 vertex -0.076 -0.00975 -0.0168875
 endloop
endfacet
facet normal 0 0 0
 outer loop
 vertex -0.076 -0.0124796 -0.0162637
 vertex -0.076 -0.0144957 -0.0144957
 vertex -0.064 -0.0144957 -0.0144957
 endloop
endfacet
facet normal 0 0 0
 outer loop
 vertex -0.076 -0.0124796 -0.0162637
 vertex -0.064 -0.0144957 -0.0144957
 vertex -0.064 -0.0124796 -0.0162637
 endloop
endfacet
facet normal 0 0 0
 outer loop
 vertex -0.064 -0.0118708 -0.0154704
 vertex -0.064 -0.0137886 -0.0137886
 vertex -0.076 -0.0137886 -0.0137886
 endloop
endfacet
facet normal 0 0 0
 outer loop
 vertex -0.064 -0.0118708 -0.0154704
 vertex -0.076 -0.0137886 -0.0137886
 vertex -0.076 -0.0118708 -0.0154704
 endloop
endfacet
facet normal 0 0 0
 outer loop
 vertex -0.076 -0.0144957 -0.0144957
 vertex -0.076 -0.0162637 -0.0124796
 vertex -0.064 -0.0162637 -0.0124796
 endloop
endfacet
facet normal 0 0 0
 outer loop
 vertex -0.076 -0.0144957 -0.0144957
 vertex -0.064 -0.0162637 -0.0124796
 vertex -0.064 -0.0144957 -0.0144957
 endloop
endfacet
facet normal 0 0 0
 outer loop
 vertex -0.064 -0.0137886 -0.0137886
 vertex -0.064 -0.0154704 -0.0118708
 vertex -0.076 -0.0154704 -0.0118708
 endloop
endfacet
facet normal 0 0 0
 outer loop
 vertex -0.064 -0.0137886 -0.0137886
 vertex -0.076 -0.0154704 -0.0118708
 vertex -0.076 -0.0137886 -0.0137886
 endloop
endfacet
facet normal 0 0 0
 outer loop
 vertex -0.076 -0.0162637 -0.0124796
 vertex -0.076 -0.0177535 -0.01025
 vertex -0.064 -0.0177535 -0.01025
 endloop
endfacet
facet normal 0 0 0
 outer loop
 vertex -0.076 -0.0162637 -0.0124796
 vertex -0.064 -0.0177535 -0.01025
 vertex -0.064 -0.0162637 -0.0124796
 endloop
endfacet
facet normal 0 0 0
 outer loop
 vertex -0.064 -0.0154704 -0.0118708
 vertex -0.064 -0.0168875 -0.00975
 vertex -0.076 -0.0168875 -0.00975
 endloop
endfacet
facet normal 0 0 0
 outer loop
 vertex -0.064 -0.0154704 -0.0118708
 vertex -0.076 -0.0168875 -0.00975
 vertex -0.076 -0.0154704 -0.0118708
 endloop
endfacet
facet normal 0 0 0
 outer loop
 vertex -0.076 -0.0177535 -0.01025
 vertex -0.076 -0.0189395 -0.00784501
 vertex -0.064 -0.0189395 -0.00784501
 endloop
endfacet
facet normal 0 0 0
 outer loop
 vertex -0.076 -0.0177535 -0.01025
 vertex -0.064 -0.0189395 -0.00784501
 vertex -0.064 -0.0177535 -0.01025
 endloop
endfacet
facet normal 0 0 0
 outer loop
 vertex -0.064 -0.0168875 -0.00975
 vertex -0.064 -0.0180157 -0.00746233
 vertex -0.076 -0.0180157 -0.00746233
 endloop
endfacet
facet normal 0 0 0
 outer loop
 vertex -0.064 -0.0168875 -0.00975
 vertex -0.076 -0.0180157 -0.00746233
 vertex -0.076 -0.0168875 -0.00975
 endloop
endfacet
facet normal 0 0 0
 outer loop
 vertex -0.076 -0.0189395 -0.00784501
 vertex -0.076 -0.0198015 -0.00530579
 vertex -0.064 -0.0198015 -0.00530579
 endloop
endfacet
facet normal 0 0 0
 outer loop
 vertex -0.076 -0.0189395 -0.00784501
 vertex -0.064 -0.0198015 -0.00530579
 vertex -0.064 -0.0189395 -0.00784501
 endloop
endfacet
facet normal 0 0 0
 outer loop
 vertex -0.064 -0.0180157 -0.00746233
 vertex -0.064 -0.0188356 -0.00504697
 vertex -0.076 -0.0188356 -0.00504697
 endloop
endfacet
facet normal 0 0 0
 outer loop
 vertex -0.064 -0.0180157 -0.00746233
 vertex -0.076 -0.0188356 -0.00504697
 vertex -0.076 -0.0180157 -0.00746233
 endloop
endfacet
facet normal 0 0 0
 outer loop
 vertex -0.076 -0.0198015 -0.00530579
 vertex -0.076 -0.0203246 -0.00267579
 vertex -0.064 -0.0203246 -0.00267579
 endloop
endfacet
facet normal 0 0 0
 outer loop
 vertex -0.076 -0.0198015 -0.00530579
 vertex -0.064 -0.0203246 -0.00267579
 vertex -0.064 -0.0198015 -0.00530579
 endloop
endfacet
facet normal 0 0 0
 outer loop
 vertex -0.064 -0.0188356 -0.00504697
 vertex -0.064 -0.0193332 -0.00254526
 vertex -0.076 -0.0193332 -0.00254526
 endloop
endfacet
facet normal 0 0 0
 outer loop
 vertex -0.064 -0.0188356 -0.00504697
 vertex -0.076 -0.0193332 -0.00254526
 vertex -0.076 -0.0188356 -0.00504697
 endloop
endfacet
facet normal 0 0 0
 outer loop
 vertex -0.076 -0.0203246 -0.00267579
 vertex -0.076 -0.0205 2.4446e-10
 vertex -0.064 -0.0205 2.4446e-10
 endloop
endfacet
facet normal 0 0 0
 outer loop
 vertex -0.076 -0.0203246 -0.00267579
 vertex -0.064 -0.0205 2.4446e-10
 vertex -0.064 -0.0203246 -0.00267579
 endloop
endfacet
facet normal 0 0 0
 outer loop
 vertex -0.064 -0.0193332 -0.00254526
 vertex -0.064 -0.0195 2.32535e-10
 vertex -0.076 -0.0195 2.32535e-10
 endloop
endfacet
facet normal 0 0 0
 outer loop
 vertex -0.064 -0.0193332 -0.00254526
 vertex -0.076 -0.0195 2.32535e-10
 vertex -0.076 -0.0193332 -0.00254526
 endloop
endfacet
facet normal 0 0 0
 outer loop
 vertex -0.076 -0.0205 2.4446e-10
 vertex -0.076 -0.0203246 0.00267579
 vertex -0.064 -0.0203246 0.00267579
 endloop
endfacet
facet normal 0 0 0
 outer loop
 vertex -0.076 -0.0205 2.4446e-10
 vertex -0.064 -0.0203246 0.00267579
 vertex -0.064 -0.0205 2.4446e-10
 endloop
endfacet
facet normal 0 0 0
 outer loop
 vertex -0.064 -0.0195 2.32535e-10
 vertex -0.064 -0.0193332 0.00254527
 vertex -0.076 -0.0193332 0.00254527
 endloop
endfacet
facet normal 0 0 0
 outer loop
 vertex -0.064 -0.0195 2.32535e-10
 vertex -0.076 -0.0193332 0.00254527
 vertex -0.076 -0.0195 2.32535e-10
 endloop
endfacet
facet normal 0 0 0
 outer loop
 vertex -0.076 -0.0203246 0.00267579
 vertex -0.076 -0.0198015 0.00530579
 vertex -0.064 -0.0198015 0.00530579
 endloop
endfacet
facet normal 0 0 0
 outer loop
 vertex -0.076 -0.0203246 0.00267579
 vertex -0.064 -0.0198015 0.00530579
 vertex -0.064 -0.0203246 0.00267579
 endloop
endfacet
facet normal 0 0 0
 outer loop
 vertex -0.064 -0.0193332 0.00254527
 vertex -0.064 -0.0188356 0.00504697
 vertex -0.076 -0.0188356 0.00504697
 endloop
endfacet
facet normal 0 0 0
 outer loop
 vertex -0.064 -0.0193332 0.00254527
 vertex -0.076 -0.0188356 0.00504697
 vertex -0.076 -0.0193332 0.00254527
 endloop
endfacet
facet normal 0 0 0
 outer loop
 vertex -0.076 -0.0198015 0.00530579
 vertex -0.076 -0.0189395 0.00784501
 vertex -0.064 -0.0189395 0.00784501
 endloop
endfacet
facet normal 0 0 0
 outer loop
 vertex -0.076 -0.0198015 0.00530579
 vertex -0.064 -0.0189395 0.00784501
 vertex -0.064 -0.0198015 0.00530579
 endloop
endfacet
facet normal 0 0 0
 outer loop
 vertex -0.064 -0.0188356 0.00504697
 vertex -0.064 -0.0180156 0.00746233
 vertex -0.076 -0.0180156 0.00746233
 endloop
endfacet
facet normal 0 0 0
 outer loop
 vertex -0.064 -0.0188356 0.00504697
 vertex -0.076 -0.0180156 0.00746233
 vertex -0.076 -0.0188356 0.00504697
 endloop
endfacet
facet normal 0 0 0
 outer loop
 vertex -0.076 -0.0189395 0.00784501
 vertex -0.076 -0.0177535 0.01025
 vertex -0.064 -0.0177535 0.01025
 endloop
endfacet
facet normal 0 0 0
 outer loop
 vertex -0.076 -0.0189395 0.00784501
 vertex -0.064 -0.0177535 0.01025
 vertex -0.064 -0.0189395 0.00784501
 endloop
endfacet
facet normal 0 0 0
 outer loop
 vertex -0.064 -0.0180156 0.00746233
 vertex -0.064 -0.0168875 0.00975
 vertex -0.076 -0.0168875 0.00975
 endloop
endfacet
facet normal 0 0 0
 outer loop
 vertex -0.064 -0.0180156 0.00746233
 vertex -0.076 -0.0168875 0.00975
 vertex -0.076 -0.0180156 0.00746233
 endloop
endfacet
facet normal 0 0 0
 outer loop
 vertex -0.076 -0.0177535 0.01025
 vertex -0.076 -0.0162637 0.0124796
 vertex -0.064 -0.0162637 0.0124796
 endloop
endfacet
facet normal 0 0 0
 outer loop
 vertex -0.076 -0.0177535 0.01025
 vertex -0.064 -0.0162637 0.0124796
 vertex -0.064 -0.0177535 0.01025
 endloop
endfacet
facet normal 0 0 0
 outer loop
 vertex -0.064 -0.0168875 0.00975
 vertex -0.064 -0.0154704 0.0118709
 vertex -0.076 -0.0154704 0.0118709
 endloop
endfacet
facet normal 0 0 0
 outer loop
 vertex -0.064 -0.0168875 0.00975
 vertex -0.076 -0.0154704 0.0118709
 vertex -0.076 -0.0168875 0.00975
 endloop
endfacet
facet normal 0 0 0
 outer loop
 vertex -0.076 -0.0162637 0.0124796
 vertex -0.076 -0.0144957 0.0144957
 vertex -0.064 -0.0144957 0.0144957
 endloop
endfacet
facet normal 0 0 0
 outer loop
 vertex -0.076 -0.0162637 0.0124796
 vertex -0.064 -0.0144957 0.0144957
 vertex -0.064 -0.0162637 0.0124796
 endloop
endfacet
facet normal 0 0 0
 outer loop
 vertex -0.064 -0.0154704 0.0118709
 vertex -0.064 -0.0137886 0.0137886
 vertex -0.076 -0.0137886 0.0137886
 endloop
endfacet
facet normal 0 0 0
 outer loop
 vertex -0.064 -0.0154704 0.0118709
 vertex -0.076 -0.0137886 0.0137886
 vertex -0.076 -0.0154704 0.0118709
 endloop
endfacet
facet normal 0 0 0
 outer loop
 vertex -0.076 -0.0144957 0.0144957
 vertex -0.076 -0.0124796 0.0162637
 vertex -0.064 -0.0124796 0.0162637
 endloop
endfacet
facet normal 0 0 0
 outer loop
 vertex -0.076 -0.0144957 0.0144957
 vertex -0.064 -0.0124796 0.0162637
 vertex -0.064 -0.0144957 0.0144957
 endloop
endfacet
facet normal 0 0 0
 outer loop
 vertex -0.064 -0.0137886 0.0137886
 vertex -0.064 -0.0118708 0.0154704
 vertex -0.076 -0.0118708 0.0154704
 endloop
endfacet
facet normal 0 0 0
 outer loop
 vertex -0.064 -0.0137886 0.0137886
 vertex -0.076 -0.0118708 0.0154704
 vertex -0.076 -0.0137886 0.0137886
 endloop
endfacet
facet normal 0 0 0
 outer loop
 vertex -0.076 -0.0124796 0.0162637
 vertex -0.076 -0.01025 0.0177535
 vertex -0.064 -0.01025 0.0177535
 endloop
endfacet
facet normal 0 0 0
 outer loop
 vertex -0.076 -0.0124796 0.0162637
 vertex -0.064 -0.01025 0.0177535
 vertex -0.064 -0.0124796 0.0162637
 endloop
endfacet
facet normal 0 0 0
 outer loop
 vertex -0.064 -0.0118708 0.0154704
 vertex -0.064 -0.00975 0.0168875
 vertex -0.076 -0.00975 0.0168875
 endloop
endfacet
facet normal 0 0 0
 outer loop
 vertex -0.064 -0.0118708 0.0154704
 vertex -0.076 -0.00975 0.0168875
 vertex -0.076 -0.0118708 0.0154704
 endloop
endfacet
facet normal 0 0 0
 outer loop
 vertex -0.076 -0.01025 0.0177535
 vertex -0.076 -0.00784501 0.0189395
 vertex -0.064 -0.00784501 0.0189395
 endloop
endfacet
facet normal 0 0 0
 outer loop
 vertex -0.076 -0.01025 0.0177535
 vertex -0.064 -0.00784501 0.0189395
 vertex -0.064 -0.01025 0.0177535
 endloop
endfacet
facet normal 0 0 0
 outer loop
 vertex -0.064 -0.00975 0.0168875
 vertex -0.064 -0.00746233 0.0180157
 vertex -0.076 -0.00746233 0.0180157
 endloop
endfacet
facet normal 0 0 0
 outer loop
 vertex -0.064 -0.00975 0.0168875
 vertex -0.076 -0.00746233 0.0180157
 vertex -0.076 -0.00975 0.0168875
 endloop
endfacet
facet normal 0 0 0
 outer loop
 vertex -0.076 -0.00784501 0.0189395
 vertex -0.076 -0.00530579 0.0198015
 vertex -0.064 -0.00530579 0.0198015
 endloop
endfacet
facet normal 0 0 0
 outer loop
 vertex -0.076 -0.00784501 0.0189395
 vertex -0.064 -0.00530579 0.0198015
 vertex -0.064 -0.00784501 0.0189395
 endloop
endfacet
facet normal 0 0 0
 outer loop
 vertex -0.064 -0.00746233 0.0180157
 vertex -0.064 -0.00504697 0.0188356
 vertex -0.076 -0.00504697 0.0188356
 endloop
endfacet
facet normal 0 0 0
 outer loop
 vertex -0.064 -0.00746233 0.0180157
 vertex -0.076 -0.00504697 0.0188356
 vertex -0.076 -0.00746233 0.0180157
 endloop
endfacet
facet normal 0 0 0
 outer loop
 vertex -0.076 -0.00530579 0.0198015
 vertex -0.076 -0.00267579 0.0203246
 vertex -0.064 -0.00267579 0.0203246
 endloop
endfacet
facet normal 0 0 0
 outer loop
 vertex -0.076 -0.00530579 0.0198015
 vertex -0.064 -0.00267579 0.0203246
 vertex -0.064 -0.00530579 0.0198015
 endloop
endfacet
facet normal 0 0 0
 outer loop
 vertex -0.064 -0.00504697 0.0188356
 vertex -0.064 -0.00254526 0.0193332
 vertex -0.076 -0.00254526 0.0193332
 endloop
endfacet
facet normal 0 0 0
 outer loop
 vertex -0.064 -0.00504697 0.0188356
 vertex -0.076 -0.00254526 0.0193332
 vertex -0.076 -0.00504697 0.0188356
 endloop
endfacet
facet normal 0 0 0
 outer loop
 vertex -0.076 -0.00267579 0.0203246
 vertex -0.076 3.58433e-09 0.0205
 vertex -0.064 3.58433e-09 0.0205
 endloop
endfacet
facet normal 0 0 0
 outer loop
 vertex -0.076 -0.00267579 0.0203246
 vertex -0.064 3.58433e-09 0.0205
 vertex -0.064 -0.00267579 0.0203246
 endloop
endfacet
facet normal 0 0 0
 outer loop
 vertex -0.064 -0.00254526 0.0193332
 vertex -0.064 3.40949e-09 0.0195
 vertex -0.076 3.40949e-09 0.0195
 endloop
endfacet
facet normal 0 0 0
 outer loop
 vertex -0.064 -0.00254526 0.0193332
 vertex -0.076 3.40949e-09 0.0195
 vertex -0.076 -0.00254526 0.0193332
 endloop
endfacet
facet normal 0 0 0
 outer loop
 vertex -0.076 0 0.0195
 vertex -0.076 0.00254526 0.0193332
 vertex -0.076 0.00267579 0.0203246
 endloop
endfacet
facet normal 0 0 0
 outer loop
 vertex -0.076 0 0.0195
 vertex -0.076 0.00267579 0.0203246
 vertex -0.076 0 0.0205
 endloop
endfacet
facet normal 0 0 0
 outer loop
 vertex -0.064 0 0.0195
 vertex -0.064 0 0.0205
 vertex -0.064 0.00267579 0.0203246
 endloop
endfacet
facet normal 0 0 0
 outer loop
 vertex -0.064 0 0.0195
 vertex -0.064 0.00267579 0.0203246
 vertex -0.064 0.00254526 0.0193332
 endloop
endfacet
facet normal 0 0 0
 outer loop
 vertex -0.076 0.00254526 0.0193332
 vertex -0.076 0.00504697 0.0188356
 vertex -0.076 0.00530579 0.0198015
 endloop
endfacet
facet normal 0 0 0
 outer loop
 vertex -0.076 0.00254526 0.0193332
 vertex -0.076 0.00530579 0.0198015
 vertex -0.076 0.00267579 0.0203246
 endloop
endfacet
facet normal 0 0 0
 outer loop
 vertex -0.064 0.00254526 0.0193332
 vertex -0.064 0.00267579 0.0203246
 vertex -0.064 0.00530579 0.0198015
 endloop
endfacet
facet normal 0 0 0
 outer loop
 vertex -0.064 0.00254526 0.0193332
 vertex -0.064 0.00530579 0.0198015
 vertex -0.064 0.00504697 0.0188356
 endloop
endfacet
facet normal 0 0 0
 outer loop
 vertex -0.076 0.00504697 0.0188356
 vertex -0.076 0.00746233 0.0180157
 vertex -0.076 0.00784501 0.0189395
 endloop
endfacet
facet normal 0 0 0
 outer loop
 vertex -0.076 0.00504697 0.0188356
 vertex -0.076 0.00784501 0.0189395
 vertex -0.076 0.00530579 0.0198015
 endloop
endfacet
facet normal 0 0 0
 outer loop
 vertex -0.064 0.00504697 0.0188356
 vertex -0.064 0.00530579 0.0198015
 vertex -0.064 0.00784501 0.0189395
 endloop
endfacet
facet normal 0 0 0
 outer loop
 vertex -0.064 0.00504697 0.0188356
 vertex -0.064 0.00784501 0.0189395
 vertex -0.064 0.00746233 0.0180157
 endloop
endfacet
facet normal 0 0 0
 outer loop
 vertex -0.076 0.00746233 0.0180157
 vertex -0.076 0.00975 0.0168875
 vertex -0.076 0.01025 0.0177535
 endloop
endfacet
facet normal 0 0 0
 outer loop
 vertex -0.076 0.00746233 0.0180157
 vertex -0.076 0.01025 0.0177535
 vertex -0.076 0.00784501 0.0189395
 endloop
endfacet
facet normal 0 0 0
 outer loop
 vertex -0.064 0.00746233 0.0180157
 vertex -0.064 0.00784501 0.0189395
 vertex -0.064 0.01025 0.0177535
 endloop
endfacet
facet normal 0 0 0
 outer loop
 vertex -0.064 0.00746233 0.0180157
 vertex -0.064 0.01025 0.0177535
 vertex -0.064 0.00975 0.0168875
 endloop
endfacet
facet normal 0 0 0
 outer loop
 vertex -0.076 0.00975 0.0168875
 vertex -0.076 0.0118708 0.0154704
 vertex -0.076 0.0124796 0.0162637
 endloop
endfacet
facet normal 0 0 0
 outer loop
 vertex -0.076 0.00975 0.0168875
 vertex -0.076 0.0124796 0.0162637
 vertex -0.076 0.01025 0.0177535
 endloop
endfacet
facet normal 0 0 0
 outer loop
 vertex -0.064 0.00975 0.0168875
 vertex -0.064 0.01025 0.0177535
 vertex -0.064 0.0124796 0.0162637
 endloop
endfacet
facet normal 0 0 0
 outer loop
 vertex -0.064 0.00975 0.0168875
 vertex -0.064 0.0124796 0.0162637
 vertex -0.064 0.0118708 0.0154704
 endloop
endfacet
facet normal 0 0 0
 outer loop
 vertex -0.076 0.0118708 0.0154704
 vertex -0.076 0.0137886 0.0137886
 vertex -0.076 0.0144957 0.0144957
 endloop
endfacet
facet normal 0 0 0
 outer loop
 vertex -0.076 0.0118708 0.0154704
 vertex -0.076 0.0144957 0.0144957
 vertex -0.076 0.0124796 0.0162637
 endloop
endfacet
facet normal 0 0 0
 outer loop
 vertex -0.064 0.0118708 0.0154704
 vertex -0.064 0.0124796 0.0162637
 vertex -0.064 0.0144957 0.0144957
 endloop
endfacet
facet normal 0 0 0
 outer loop
 vertex -0.064 0.0118708 0.0154704
 vertex -0.064 0.0144957 0.0144957
 vertex -0.064 0.0137886 0.0137886
 endloop
endfacet
facet normal 0 0 0
 outer loop
 vertex -0.076 0.0137886 0.0137886
 vertex -0.076 0.0154704 0.0118708
 vertex -0.076 0.0162637 0.0124796
 endloop
endfacet
facet normal 0 0 0
 outer loop
 vertex -0.076 0.0137886 0.0137886
 vertex -0.076 0.0162637 0.0124796
 vertex -0.076 0.0144957 0.0144957
 endloop
endfacet
facet normal 0 0 0
 outer loop
 vertex -0.064 0.0137886 0.0137886
 vertex -0.064 0.0144957 0.0144957
 vertex -0.064 0.0162637 0.0124796
 endloop
endfacet
facet normal 0 0 0
 outer loop
 vertex -0.064 0.0137886 0.0137886
 vertex -0.064 0.0162637 0.0124796
 vertex -0.064 0.0154704 0.0118708
 endloop
endfacet
facet normal 0 0 0
 outer loop
 vertex -0.076 0.0154704 0.0118708
 vertex -0.076 0.0168875 0.00975
 vertex -0.076 0.0177535 0.01025
 endloop
endfacet
facet normal 0 0 0
 outer loop
 vertex -0.076 0.0154704 0.0118708
 vertex -0.076 0.0177535 0.01025
 vertex -0.076 0.0162637 0.0124796
 endloop
endfacet
facet normal 0 0 0
 outer loop
 vertex -0.064 0.0154704 0.0118708
 vertex -0.064 0.0162637 0.0124796
 vertex -0.064 0.0177535 0.01025
 endloop
endfacet
facet normal 0 0 0
 outer loop
 vertex -0.064 0.0154704 0.0118708
 vertex -0.064 0.0177535 0.01025
 vertex -0.064 0.0168875 0.00975
 endloop
endfacet
facet normal 0 0 0
 outer loop
 vertex -0.076 0.0168875 0.00975
 vertex -0.076 0.0180157 0.00746233
 vertex -0.076 0.0189395 0.00784501
 endloop
endfacet
facet normal 0 0 0
 outer loop
 vertex -0.076 0.0168875 0.00975
 vertex -0.076 0.0189395 0.00784501
 vertex -0.076 0.0177535 0.01025
 endloop
endfacet
facet normal 0 0 0
 outer loop
 vertex -0.064 0.0168875 0.00975
 vertex -0.064 0.0177535 0.01025
 vertex -0.064 0.0189395 0.00784501
 endloop
endfacet
facet normal 0 0 0
 outer loop
 vertex -0.064 0.0168875 0.00975
 vertex -0.064 0.0189395 0.00784501
 vertex -0.064 0.0180157 0.00746233
 endloop
endfacet
facet normal 0 0 0
 outer loop
 vertex -0.076 0.0180157 0.00746233
 vertex -0.076 0.0188356 0.00504697
 vertex -0.076 0.0198015 0.00530579
 endloop
endfacet
facet normal 0 0 0
 outer loop
 vertex -0.076 0.0180157 0.00746233
 vertex -0.076 0.0198015 0.00530579
 vertex -0.076 0.0189395 0.00784501
 endloop
endfacet
facet normal 0 0 0
 outer loop
 vertex -0.064 0.0180157 0.00746233
 vertex -0.064 0.0189395 0.00784501
 vertex -0.064 0.0198015 0.00530579
 endloop
endfacet
facet normal 0 0 0
 outer loop
 vertex -0.064 0.0180157 0.00746233
 vertex -0.064 0.0198015 0.00530579
 vertex -0.064 0.0188356 0.00504697
 endloop
endfacet
facet normal 0 0 0
 outer loop
 vertex -0.076 0.0188356 0.00504697
 vertex -0.076 0.0193332 0.00254526
 vertex -0.076 0.0203246 0.00267579
 endloop
endfacet
facet normal 0 0 0
 outer loop
 vertex -0.076 0.0188356 0.00504697
 vertex -0.076 0.0203246 0.00267579
 vertex -0.076 0.0198015 0.00530579
 endloop
endfacet
facet normal 0 0 0
 outer loop
 vertex -0.064 0.0188356 0.00504697
 vertex -0.064 0.0198015 0.00530579
 vertex -0.064 0.0203246 0.00267579
 endloop
endfacet
facet normal 0 0 0
 outer loop
 vertex -0.064 0.0188356 0.00504697
 vertex -0.064 0.0203246 0.00267579
 vertex -0.064 0.0193332 0.00254526
 endloop
endfacet
facet normal 0 0 0
 outer loop
 vertex -0.076 0.0193332 0.00254526
 vertex -0.076 0.0195 -8.52372e-10
 vertex -0.076 0.0205 -8.96083e-10
 endloop
endfacet
facet normal 0 0 0
 outer loop
 vertex -0.076 0.0193332 0.00254526
 vertex -0.076 0.0205 -8.96083e-10
 vertex -0.076 0.0203246 0.00267579
 endloop
endfacet
facet normal 0 0 0
 outer loop
 vertex -0.064 0.0193332 0.00254526
 vertex -0.064 0.0203246 0.00267579
 vertex -0.064 0.0205 -8.96083e-10
 endloop
endfacet
facet normal 0 0 0
 outer loop
 vertex -0.064 0.0193332 0.00254526
 vertex -0.064 0.0205 -8.96083e-10
 vertex -0.064 0.0195 -8.52372e-10
 endloop
endfacet
facet normal 0 0 0
 outer loop
 vertex -0.076 0.0195 -8.52372e-10
 vertex -0.076 0.0193332 -0.00254526
 vertex -0.076 0.0203246 -0.00267579
 endloop
endfacet
facet normal 0 0 0
 outer loop
 vertex -0.076 0.0195 -8.52372e-10
 vertex -0.076 0.0203246 -0.00267579
 vertex -0.076 0.0205 -8.96083e-10
 endloop
endfacet
facet normal 0 0 0
 outer loop
 vertex -0.064 0.0195 -8.52372e-10
 vertex -0.064 0.0205 -8.96083e-10
 vertex -0.064 0.0203246 -0.00267579
 endloop
endfacet
facet normal 0 0 0
 outer loop
 vertex -0.064 0.0195 -8.52372e-10
 vertex -0.064 0.0203246 -0.00267579
 vertex -0.064 0.0193332 -0.00254526
 endloop
endfacet
facet normal 0 0 0
 outer loop
 vertex -0.076 0.0193332 -0.00254526
 vertex -0.076 0.0188356 -0.00504697
 vertex -0.076 0.0198015 -0.00530579
 endloop
endfacet
facet normal 0 0 0
 outer loop
 vertex -0.076 0.0193332 -0.00254526
 vertex -0.076 0.0198015 -0.00530579
 vertex -0.076 0.0203246 -0.00267579
 endloop
endfacet
facet normal 0 0 0
 outer loop
 vertex -0.064 0.0193332 -0.00254526
 vertex -0.064 0.0203246 -0.00267579
 vertex -0.064 0.0198015 -0.00530579
 endloop
endfacet
facet normal 0 0 0
 outer loop
 vertex -0.064 0.0193332 -0.00254526
 vertex -0.064 0.0198015 -0.00530579
 vertex -0.064 0.0188356 -0.00504697
 endloop
endfacet
facet normal 0 0 0
 outer loop
 vertex -0.076 0.0188356 -0.00504697
 vertex -0.076 0.0180157 -0.00746233
 vertex -0.076 0.0189395 -0.00784501
 endloop
endfacet
facet normal 0 0 0
 outer loop
 vertex -0.076 0.0188356 -0.00504697
 vertex -0.076 0.0189395 -0.00784501
 vertex -0.076 0.0198015 -0.00530579
 endloop
endfacet
facet normal 0 0 0
 outer loop
 vertex -0.064 0.0188356 -0.00504697
 vertex -0.064 0.0198015 -0.00530579
 vertex -0.064 0.0189395 -0.00784501
 endloop
endfacet
facet normal 0 0 0
 outer loop
 vertex -0.064 0.0188356 -0.00504697
 vertex -0.064 0.0189395 -0.00784501
 vertex -0.064 0.0180157 -0.00746233
 endloop
endfacet
facet normal 0 0 0
 outer loop
 vertex -0.076 0.0180157 -0.00746233
 vertex -0.076 0.0168875 -0.00975
 vertex -0.076 0.0177535 -0.01025
 endloop
endfacet
facet normal 0 0 0
 outer loop
 vertex -0.076 0.0180157 -0.00746233
 vertex -0.076 0.0177535 -0.01025
 vertex -0.076 0.0189395 -0.00784501
 endloop
endfacet
facet normal 0 0 0
 outer loop
 vertex -0.064 0.0180157 -0.00746233
 vertex -0.064 0.0189395 -0.00784501
 vertex -0.064 0.0177535 -0.01025
 endloop
endfacet
facet normal 0 0 0
 outer loop
 vertex -0.064 0.0180157 -0.00746233
 vertex -0.064 0.0177535 -0.01025
 vertex -0.064 0.0168875 -0.00975
 endloop
endfacet
facet normal 0 0 0
 outer loop
 vertex -0.076 0.0168875 -0.00975
 vertex -0.076 0.0154704 -0.0118708
 vertex -0.076 0.0162637 -0.0124796
 endloop
endfacet
facet normal 0 0 0
 outer loop
 vertex -0.076 0.0168875 -0.00975
 vertex -0.076 0.0162637 -0.0124796
 vertex -0.076 0.0177535 -0.01025
 endloop
endfacet
facet normal 0 0 0
 outer loop
 vertex -0.064 0.0168875 -0.00975
 vertex -0.064 0.0177535 -0.01025
 vertex -0.064 0.0162637 -0.0124796
 endloop
endfacet
facet normal 0 0 0
 outer loop
 vertex -0.064 0.0168875 -0.00975
 vertex -0.064 0.0162637 -0.0124796
 vertex -0.064 0.0154704 -0.0118708
 endloop
endfacet
facet normal 0 0 0
 outer loop
 vertex -0.076 0.0154704 -0.0118708
 vertex -0.076 0.0137886 -0.0137886
 vertex -0.076 0.0144957 -0.0144957
 endloop
endfacet
facet normal 0 0 0
 outer loop
 vertex -0.076 0.0154704 -0.0118708
 vertex -0.076 0.0144957 -0.0144957
 vertex -0.076 0.0162637 -0.0124796
 endloop
endfacet
facet normal 0 0 0
 outer loop
 vertex -0.064 0.0154704 -0.0118708
 vertex -0.064 0.0162637 -0.0124796
 vertex -0.064 0.0144957 -0.0144957
 endloop
endfacet
facet normal 0 0 0
 outer loop
 vertex -0.064 0.0154704 -0.0118708
 vertex -0.064 0.0144957 -0.0144957
 vertex -0.064 0.0137886 -0.0137886
 endloop
endfacet
facet normal 0 0 0
 outer loop
 vertex -0.076 0.0137886 -0.0137886
 vertex -0.076 0.0118708 -0.0154704
 vertex -0.076 0.0124796 -0.0162637
 endloop
endfacet
facet normal 0 0 0
 outer loop
 vertex -0.076 0.0137886 -0.0137886
 vertex -0.076 0.0124796 -0.0162637
 vertex -0.076 0.0144957 -0.0144957
 endloop
endfacet
facet normal 0 0 0
 outer loop
 vertex -0.064 0.0137886 -0.0137886
 vertex -0.064 0.0144957 -0.0144957
 vertex -0.064 0.0124796 -0.0162637
 endloop
endfacet
facet normal 0 0 0
 outer loop
 vertex -0.064 0.0137886 -0.0137886
 vertex -0.064 0.0124796 -0.0162637
 vertex -0.064 0.0118708 -0.0154704
 endloop
endfacet
facet normal 0 0 0
 outer loop
 vertex -0.076 0.0118708 -0.0154704
 vertex -0.076 0.00975 -0.0168875
 vertex -0.076 0.01025 -0.0177535
 endloop
endfacet
facet normal 0 0 0
 outer loop
 vertex -0.076 0.0118708 -0.0154704
 vertex -0.076 0.01025 -0.0177535
 vertex -0.076 0.0124796 -0.0162637
 endloop
endfacet
facet normal 0 0 0
 outer loop
 vertex -0.064 0.0118708 -0.0154704
 vertex -0.064 0.0124796 -0.0162637
 vertex -0.064 0.01025 -0.0177535
 endloop
endfacet
facet normal 0 0 0
 outer loop
 vertex -0.064 0.0118708 -0.0154704
 vertex -0.064 0.01025 -0.0177535
 vertex -0.064 0.00975 -0.0168875
 endloop
endfacet
facet normal 0 0 0
 outer loop
 vertex -0.076 0.00975 -0.0168875
 vertex -0.076 0.00746233 -0.0180157
 vertex -0.076 0.00784501 -0.0189395
 endloop
endfacet
facet normal 0 0 0
 outer loop
 vertex -0.076 0.00975 -0.0168875
 vertex -0.076 0.00784501 -0.0189395
 vertex -0.076 0.01025 -0.0177535
 endloop
endfacet
facet normal 0 0 0
 outer loop
 vertex -0.064 0.00975 -0.0168875
 vertex -0.064 0.01025 -0.0177535
 vertex -0.064 0.00784501 -0.0189395
 endloop
endfacet
facet normal 0 0 0
 outer loop
 vertex -0.064 0.00975 -0.0168875
 vertex -0.064 0.00784501 -0.0189395
 vertex -0.064 0.00746233 -0.0180157
 endloop
endfacet
facet normal 0 0 0
 outer loop
 vertex -0.076 0.00746233 -0.0180157
 vertex -0.076 0.00504697 -0.0188356
 vertex -0.076 0.00530579 -0.0198015
 endloop
endfacet
facet normal 0 0 0
 outer loop
 vertex -0.076 0.00746233 -0.0180157
 vertex -0.076 0.00530579 -0.0198015
 vertex -0.076 0.00784501 -0.0189395
 endloop
endfacet
facet normal 0 0 0
 outer loop
 vertex -0.064 0.00746233 -0.0180157
 vertex -0.064 0.00784501 -0.0189395
 vertex -0.064 0.00530579 -0.0198015
 endloop
endfacet
facet normal 0 0 0
 outer loop
 vertex -0.064 0.00746233 -0.0180157
 vertex -0.064 0.00530579 -0.0198015
 vertex -0.064 0.00504697 -0.0188356
 endloop
endfacet
facet normal 0 0 0
 outer loop
 vertex -0.076 0.00504697 -0.0188356
 vertex -0.076 0.00254526 -0.0193332
 vertex -0.076 0.00267578 -0.0203246
 endloop
endfacet
facet normal 0 0 0
 outer loop
 vertex -0.076 0.00504697 -0.0188356
 vertex -0.076 0.00267578 -0.0203246
 vertex -0.076 0.00530579 -0.0198015
 endloop
endfacet
facet normal 0 0 0
 outer loop
 vertex -0.064 0.00504697 -0.0188356
 vertex -0.064 0.00530579 -0.0198015
 vertex -0.064 0.00267578 -0.0203246
 endloop
endfacet
facet normal 0 0 0
 outer loop
 vertex -0.064 0.00504697 -0.0188356
 vertex -0.064 0.00267578 -0.0203246
 vertex -0.064 0.00254526 -0.0193332
 endloop
endfacet
facet normal 0 0 0
 outer loop
 vertex -0.076 0.00254526 -0.0193332
 vertex -0.076 -1.70474e-09 -0.0195
 vertex -0.076 -1.79217e-09 -0.0205
 endloop
endfacet
facet normal 0 0 0
 outer loop
 vertex -0.076 0.00254526 -0.0193332
 vertex -0.076 -1.79217e-09 -0.0205
 vertex -0.076 0.00267578 -0.0203246
 endloop
endfacet
facet normal 0 0 0
 outer loop
 vertex -0.064 0.00254526 -0.0193332
 vertex -0.064 0.00267578 -0.0203246
 vertex -0.064 -1.79217e-09 -0.0205
 endloop
endfacet
facet normal 0 0 0
 outer loop
 vertex -0.064 0.00254526 -0.0193332
 vertex -0.064 -1.79217e-09 -0.0205
 vertex -0.064 -1.70474e-09 -0.0195
 endloop
endfacet
facet normal 0 0 0
 outer loop
 vertex -0.076 -1.70474e-09 -0.0195
 vertex -0.076 -0.00254526 -0.0193332
 vertex -0.076 -0.00267579 -0.0203246
 endloop
endfacet
facet normal 0 0 0
 outer loop
 vertex -0.076 -1.70474e-09 -0.0195
 vertex -0.076 -0.00267579 -0.0203246
 vertex -0.076 -1.79217e-09 -0.0205
 endloop
endfacet
facet normal 0 0 0
 outer loop
 vertex -0.064 -1.70474e-09 -0.0195
 vertex -0.064 -1.79217e-09 -0.0205
 vertex -0.064 -0.00267579 -0.0203246
 endloop
endfacet
facet normal 0 0 0
 outer loop
 vertex -0.064 -1.70474e-09 -0.0195
 vertex -0.064 -0.00267579 -0.0203246
 vertex -0.064 -0.00254526 -0.0193332
 endloop
endfacet
facet normal 0 0 0
 outer loop
 vertex -0.076 -0.00254526 -0.0193332
 vertex -0.076 -0.00504697 -0.0188356
 vertex -0.076 -0.00530579 -0.0198015
 endloop
endfacet
facet normal 0 0 0
 outer loop
 vertex -0.076 -0.00254526 -0.0193332
 vertex -0.076 -0.00530579 -0.0198015
 vertex -0.076 -0.00267579 -0.0203246
 endloop
endfacet
facet normal 0 0 0
 outer loop
 vertex -0.064 -0.00254526 -0.0193332
 vertex -0.064 -0.00267579 -0.0203246
 vertex -0.064 -0.00530579 -0.0198015
 endloop
endfacet
facet normal 0 0 0
 outer loop
 vertex -0.064 -0.00254526 -0.0193332
 vertex -0.064 -0.00530579 -0.0198015
 vertex -0.064 -0.00504697 -0.0188356
 endloop
endfacet
facet normal 0 0 0
 outer loop
 vertex -0.076 -0.00504697 -0.0188356
 vertex -0.076 -0.00746233 -0.0180157
 vertex -0.076 -0.00784501 -0.0189395
 endloop
endfacet
facet normal 0 0 0
 outer loop
 vertex -0.076 -0.00504697 -0.0188356
 vertex -0.076 -0.00784501 -0.0189395
 vertex -0.076 -0.00530579 -0.0198015
 endloop
endfacet
facet normal 0 0 0
 outer loop
 vertex -0.064 -0.00504697 -0.0188356
 vertex -0.064 -0.00530579 -0.0198015
 vertex -0.064 -0.00784501 -0.0189395
 endloop
endfacet
facet normal 0 0 0
 outer loop
 vertex -0.064 -0.00504697 -0.0188356
 vertex -0.064 -0.00784501 -0.0189395
 vertex -0.064 -0.00746233 -0.0180157
 endloop
endfacet
facet normal 0 0 0
 outer loop
 vertex -0.076 -0.00746233 -0.0180157
 vertex -0.076 -0.00975 -0.0168875
 vertex -0.076 -0.01025 -0.0177535
 endloop
endfacet
facet normal 0 0 0
 outer loop
 vertex -0.076 -0.00746233 -0.0180157
 vertex -0.076 -0.01025 -0.0177535
 vertex -0.076 -0.00784501 -0.0189395
 endloop
endfacet
facet normal 0 0 0
 outer loop
 vertex -0.064 -0.00746233 -0.0180157
 vertex -0.064 -0.00784501 -0.0189395
 vertex -0.064 -0.01025 -0.0177535
 endloop
endfacet
facet normal 0 0 0
 outer loop
 vertex -0.064 -0.00746233 -0.0180157
 vertex -0.064 -0.01025 -0.0177535
 vertex -0.064 -0.00975 -0.0168875
 endloop
endfacet
facet normal 0 0 0
 outer loop
 vertex -0.076 -0.00975 -0.0168875
 vertex -0.076 -0.0118708 -0.0154704
 vertex -0.076 -0.0124796 -0.0162637
 endloop
endfacet
facet normal 0 0 0
 outer loop
 vertex -0.076 -0.00975 -0.0168875
 vertex -0.076 -0.0124796 -0.0162637
 vertex -0.076 -0.01025 -0.0177535
 endloop
endfacet
facet normal 0 0 0
 outer loop
 vertex -0.064 -0.00975 -0.0168875
 vertex -0.064 -0.01025 -0.0177535
 vertex -0.064 -0.0124796 -0.0162637
 endloop
endfacet
facet normal 0 0 0
 outer loop
 vertex -0.064 -0.00975 -0.0168875
 vertex -0.064 -0.0124796 -0.0162637
 vertex -0.064 -0.0118708 -0.0154704
 endloop
endfacet
facet normal 0 0 0
 outer loop
 vertex -0.076 -0.0118708 -0.0154704
 vertex -0.076 -0.0137886 -0.0137886
 vertex -0.076 -0.0144957 -0.0144957
 endloop
endfacet
facet normal 0 0 0
 outer loop
 vertex -0.076 -0.0118708 -0.0154704
 vertex -0.076 -0.0144957 -0.0144957
 vertex -0.076 -0.0124796 -0.0162637
 endloop
endfacet
facet normal 0 0 0
 outer loop
 vertex -0.064 -0.0118708 -0.0154704
 vertex -0.064 -0.0124796 -0.0162637
 vertex -0.064 -0.0144957 -0.0144957
 endloop
endfacet
facet normal 0 0 0
 outer loop
 vertex -0.064 -0.0118708 -0.0154704
 vertex -0.064 -0.0144957 -0.0144957
 vertex -0.064 -0.0137886 -0.0137886
 endloop
endfacet
facet normal 0 0 0
 outer loop
 vertex -0.076 -0.0137886 -0.0137886
 vertex -0.076 -0.0154704 -0.0118708
 vertex -0.076 -0.0162637 -0.0124796
 endloop
endfacet
facet normal 0 0 0
 outer loop
 vertex -0.076 -0.0137886 -0.0137886
 vertex -0.076 -0.0162637 -0.0124796
 vertex -0.076 -0.0144957 -0.0144957
 endloop
endfacet
facet normal 0 0 0
 outer loop
 vertex -0.064 -0.0137886 -0.0137886
 vertex -0.064 -0.0144957 -0.0144957
 vertex -0.064 -0.0162637 -0.0124796
 endloop
endfacet
facet normal 0 0 0
 outer loop
 vertex -0.064 -0.0137886 -0.0137886
 vertex -0.064 -0.0162637 -0.0124796
 vertex -0.064 -0.0154704 -0.0118708
 endloop
endfacet
facet normal 0 0 0
 outer loop
 vertex -0.076 -0.0154704 -0.0118708
 vertex -0.076 -0.0168875 -0.00975
 vertex -0.076 -0.0177535 -0.01025
 endloop
endfacet
facet normal 0 0 0
 outer loop
 vertex -0.076 -0.0154704 -0.0118708
 vertex -0.076 -0.0177535 -0.01025
 vertex -0.076 -0.0162637 -0.0124796
 endloop
endfacet
facet normal 0 0 0
 outer loop
 vertex -0.064 -0.0154704 -0.0118708
 vertex -0.064 -0.0162637 -0.0124796
 vertex -0.064 -0.0177535 -0.01025
 endloop
endfacet
facet normal 0 0 0
 outer loop
 vertex -0.064 -0.0154704 -0.0118708
 vertex -0.064 -0.0177535 -0.01025
 vertex -0.064 -0.0168875 -0.00975
 endloop
endfacet
facet normal 0 0 0
 outer loop
 vertex -0.076 -0.0168875 -0.00975
 vertex -0.076 -0.0180157 -0.00746233
 vertex -0.076 -0.0189395 -0.00784501
 endloop
endfacet
facet normal 0 0 0
 outer loop
 vertex -0.076 -0.0168875 -0.00975
 vertex -0.076 -0.0189395 -0.00784501
 vertex -0.076 -0.0177535 -0.01025
 endloop
endfacet
facet normal 0 0 0
 outer loop
 vertex -0.064 -0.0168875 -0.00975
 vertex -0.064 -0.0177535 -0.01025
 vertex -0.064 -0.0189395 -0.00784501
 endloop
endfacet
facet normal 0 0 0
 outer loop
 vertex -0.064 -0.0168875 -0.00975
 vertex -0.064 -0.0189395 -0.00784501
 vertex -0.064 -0.0180157 -0.00746233
 endloop
endfacet
facet normal 0 0 0
 outer loop
 vertex -0.076 -0.0180157 -0.00746233
 vertex -0.076 -0.0188356 -0.00504697
 vertex -0.076 -0.0198015 -0.00530579
 endloop
endfacet
facet normal 0 0 0
 outer loop
 vertex -0.076 -0.0180157 -0.00746233
 vertex -0.076 -0.0198015 -0.00530579
 vertex -0.076 -0.0189395 -0.00784501
 endloop
endfacet
facet normal 0 0 0
 outer loop
 vertex -0.064 -0.0180157 -0.00746233
 vertex -0.064 -0.0189395 -0.00784501
 vertex -0.064 -0.0198015 -0.00530579
 endloop
endfacet
facet normal 0 0 0
 outer loop
 vertex -0.064 -0.0180157 -0.00746233
 vertex -0.064 -0.0198015 -0.00530579
 vertex -0.064 -0.0188356 -0.00504697
 endloop
endfacet
facet normal 0 0 0
 outer loop
 vertex -0.076 -0.0188356 -0.00504697
 vertex -0.076 -0.0193332 -0.00254526
 vertex -0.076 -0.0203246 -0.00267579
 endloop
endfacet
facet normal 0 0 0
 outer loop
 vertex -0.076 -0.0188356 -0.00504697
 vertex -0.076 -0.0203246 -0.00267579
 vertex -0.076 -0.0198015 -0.00530579
 endloop
endfacet
facet normal 0 0 0
 outer loop
 vertex -0.064 -0.0188356 -0.00504697
 vertex -0.064 -0.0198015 -0.00530579
 vertex -0.064 -0.0203246 -0.00267579
 endloop
endfacet
facet normal 0 0 0
 outer loop
 vertex -0.064 -0.0188356 -0.00504697
 vertex -0.064 -0.0203246 -0.00267579
 vertex -0.064 -0.0193332 -0.00254526
 endloop
endfacet
facet normal 0 0 0
 outer loop
 vertex -0.076 -0.0193332 -0.00254526
 vertex -0.076 -0.0195 2.32535e-10
 vertex -0.076 -0.0205 2.4446e-10
 endloop
endfacet
facet normal 0 0 0
 outer loop
 vertex -0.076 -0.0193332 -0.00254526
 vertex -0.076 -0.0205 2.4446e-10
 vertex -0.076 -0.0203246 -0.00267579
 endloop
endfacet
facet normal 0 0 0
 outer loop
 vertex -0.064 -0.0193332 -0.00254526
 vertex -0.064 -0.0203246 -0.00267579
 vertex -0.064 -0.0205 2.4446e-10
 endloop
endfacet
facet normal 0 0 0
 outer loop
 vertex -0.064 -0.0193332 -0.00254526
 vertex -0.064 -0.0205 2.4446e-10
 vertex -0.064 -0.0195 2.32535e-10
 endloop
endfacet
facet normal 0 0 0
 outer loop
 vertex -0.076 -0.0195 2.32535e-10
 vertex -0.076 -0.0193332 0.00254527
 vertex -0.076 -0.0203246 0.00267579
 endloop
endfacet
facet normal 0 0 0
 outer loop
 vertex -0.076 -0.0195 2.32535e-10
 vertex -0.076 -0.0203246 0.00267579
 vertex -0.076 -0.0205 2.4446e-10
 endloop
endfacet
facet normal 0 0 0
 outer loop
 vertex -0.064 -0.0195 2.32535e-10
 vertex -0.064 -0.0205 2.4446e-10
 vertex -0.064 -0.0203246 0.00267579
 endloop
endfacet
facet normal 0 0 0
 outer loop
 vertex -0.064 -0.0195 2.32535e-10
 vertex -0.064 -0.0203246 0.00267579
 vertex -0.064 -0.0193332 0.00254527
 endloop
endfacet
facet normal 0 0 0
 outer loop
 vertex -0.076 -0.0193332 0.00254527
 vertex -0.076 -0.0188356 0.00504697
 vertex -0.076 -0.0198015 0.00530579
 endloop
endfacet
facet normal 0 0 0
 outer loop
 vertex -0.076 -0.0193332 0.00254527
 vertex -0.076 -0.0198015 0.00530579
 vertex -0.076 -0.0203246 0.00267579
 endloop
endfacet
facet normal 0 0 0
 outer loop
 vertex -0.064 -0.0193332 0.00254527
 vertex -0.064 -0.0203246 0.00267579
 vertex -0.064 -0.0198015 0.00530579
 endloop
endfacet
facet normal 0 0 0
 outer loop
 vertex -0.064 -0.0193332 0.00254527
 vertex -0.064 -0.0198015 0.00530579
 vertex -0.064 -0.0188356 0.00504697
 endloop
endfacet
facet normal 0 0 0
 outer loop
 vertex -0.076 -0.0188356 0.00504697
 vertex -0.076 -0.0180156 0.00746233
 vertex -0.076 -0.0189395 0.00784501
 endloop
endfacet
facet normal 0 0 0
 outer loop
 vertex -0.076 -0.0188356 0.00504697
 vertex -0.076 -0.0189395 0.00784501
 vertex -0.076 -0.0198015 0.00530579
 endloop
endfacet
facet normal 0 0 0
 outer loop
 vertex -0.064 -0.0188356 0.00504697
 vertex -0.064 -0.0198015 0.00530579
 vertex -0.064 -0.0189395 0.00784501
 endloop
endfacet
facet normal 0 0 0
 outer loop
 vertex -0.064 -0.0188356 0.00504697
 vertex -0.064 -0.0189395 0.00784501
 vertex -0.064 -0.0180156 0.00746233
 endloop
endfacet
facet normal 0 0 0
 outer loop
 vertex -0.076 -0.0180156 0.00746233
 vertex -0.076 -0.0168875 0.00975
 vertex -0.076 -0.0177535 0.01025
 endloop
endfacet
facet normal 0 0 0
 outer loop
 vertex -0.076 -0.0180156 0.00746233
 vertex -0.076 -0.0177535 0.01025
 vertex -0.076 -0.0189395 0.00784501
 endloop
endfacet
facet normal 0 0 0
 outer loop
 vertex -0.064 -0.0180156 0.00746233
 vertex -0.064 -0.0189395 0.00784501
 vertex -0.064 -0.0177535 0.01025
 endloop
endfacet
facet normal 0 0 0
 outer loop
 vertex -0.064 -0.0180156 0.00746233
 vertex -0.064 -0.0177535 0.01025
 vertex -0.064 -0.0168875 0.00975
 endloop
endfacet
facet normal 0 0 0
 outer loop
 vertex -0.076 -0.0168875 0.00975
 vertex -0.076 -0.0154704 0.0118709
 vertex -0.076 -0.0162637 0.0124796
 endloop
endfacet
facet normal 0 0 0
 outer loop
 vertex -0.076 -0.0168875 0.00975
 vertex -0.076 -0.0162637 0.0124796
 vertex -0.076 -0.0177535 0.01025
 endloop
endfacet
facet normal 0 0 0
 outer loop
 vertex -0.064 -0.0168875 0.00975
 vertex -0.064 -0.0177535 0.01025
 vertex -0.064 -0.0162637 0.0124796
 endloop
endfacet
facet normal 0 0 0
 outer loop
 vertex -0.064 -0.0168875 0.00975
 vertex -0.064 -0.0162637 0.0124796
 vertex -0.064 -0.0154704 0.0118709
 endloop
endfacet
facet normal 0 0 0
 outer loop
 vertex -0.076 -0.0154704 0.0118709
 vertex -0.076 -0.0137886 0.0137886
 vertex -0.076 -0.0144957 0.0144957
 endloop
endfacet
facet normal 0 0 0
 outer loop
 vertex -0.076 -0.0154704 0.0118709
 vertex -0.076 -0.0144957 0.0144957
 vertex -0.076 -0.0162637 0.0124796
 endloop
endfacet
facet normal 0 0 0
 outer loop
 vertex -0.064 -0.0154704 0.0118709
 vertex -0.064 -0.0162637 0.0124796
 vertex -0.064 -0.0144957 0.0144957
 endloop
endfacet
facet normal 0 0 0
 outer loop
 vertex -0.064 -0.0154704 0.0118709
 vertex -0.064 -0.0144957 0.0144957
 vertex -0.064 -0.0137886 0.0137886
 endloop
endfacet
facet normal 0 0 0
 outer loop
 vertex -0.076 -0.0137886 0.0137886
 vertex -0.076 -0.0118708 0.0154704
 vertex -0.076 -0.0124796 0.0162637
 endloop
endfacet
facet normal 0 0 0
 outer loop
 vertex -0.076 -0.0137886 0.0137886
 vertex -0.076 -0.0124796 0.0162637
 vertex -0.076 -0.0144957 0.0144957
 endloop
endfacet
facet normal 0 0 0
 outer loop
 vertex -0.064 -0.0137886 0.0137886
 vertex -0.064 -0.0144957 0.0144957
 vertex -0.064 -0.0124796 0.0162637
 endloop
endfacet
facet normal 0 0 0
 outer loop
 vertex -0.064 -0.0137886 0.0137886
 vertex -0.064 -0.0124796 0.0162637
 vertex -0.064 -0.0118708 0.0154704
 endloop
endfacet
facet normal 0 0 0
 outer loop
 vertex -0.076 -0.0118708 0.0154704
 vertex -0.076 -0.00975 0.0168875
 vertex -0.076 -0.01025 0.0177535
 endloop
endfacet
facet normal 0 0 0
 outer loop
 vertex -0.076 -0.0118708 0.0154704
 vertex -0.076 -0.01025 0.0177535
 vertex -0.076 -0.0124796 0.0162637
 endloop
endfacet
facet normal 0 0 0
 outer loop
 vertex -0.064 -0.0118708 0.0154704
 vertex -0.064 -0.0124796 0.0162637
 vertex -0.064 -0.01025 0.0177535
 endloop
endfacet
facet normal 0 0 0
 outer loop
 vertex -0.064 -0.0118708 0.0154704
 vertex -0.064 -0.01025 0.0177535
 vertex -0.064 -0.00975 0.0168875
 endloop
endfacet
facet normal 0 0 0
 outer loop
 vertex -0.076 -0.00975 0.0168875
 vertex -0.076 -0.00746233 0.0180157
 vertex -0.076 -0.00784501 0.0189395
 endloop
endfacet
facet normal 0 0 0
 outer loop
 vertex -0.076 -0.00975 0.0168875
 vertex -0.076 -0.00784501 0.0189395
 vertex -0.076 -0.01025 0.0177535
 endloop
endfacet
facet normal 0 0 0
 outer loop
 vertex -0.064 -0.00975 0.0168875
 vertex -0.064 -0.01025 0.0177535
 vertex -0.064 -0.00784501 0.0189395
 endloop
endfacet
facet normal 0 0 0
 outer loop
 vertex -0.064 -0.00975 0.0168875
 vertex -0.064 -0.00784501 0.0189395
 vertex -0.064 -0.00746233 0.0180157
 endloop
endfacet
facet normal 0 0 0
 outer loop
 vertex -0.076 -0.00746233 0.0180157
 vertex -0.076 -0.00504697 0.0188356
 vertex -0.076 -0.00530579 0.0198015
 endloop
endfacet
facet normal 0 0 0
 outer loop
 vertex -0.076 -0.00746233 0.0180157
 vertex -0.076 -0.00530579 0.0198015
 vertex -0.076 -0.00784501 0.0189395
 endloop
endfacet
facet normal 0 0 0
 outer loop
 vertex -0.064 -0.00746233 0.0180157
 vertex -0.064 -0.00784501 0.0189395
 vertex -0.064 -0.00530579 0.0198015
 endloop
endfacet
facet normal 0 0 0
 outer loop
 vertex -0.064 -0.00746233 0.0180157
 vertex -0.064 -0.00530579 0.0198015
 vertex -0.064 -0.00504697 0.0188356
 endloop
endfacet
facet normal 0 0 0
 outer loop
 vertex -0.076 -0.00504697 0.0188356
 vertex -0.076 -0.00254526 0.0193332
 vertex -0.076 -0.00267579 0.0203246
 endloop
endfacet
facet normal 0 0 0
 outer loop
 vertex -0.076 -0.00504697 0.0188356
 vertex -0.076 -0.00267579 0.0203246
 vertex -0.076 -0.00530579 0.0198015
 endloop
endfacet
facet normal 0 0 0
 outer loop
 vertex -0.064 -0.00504697 0.0188356
 vertex -0.064 -0.00530579 0.0198015
 vertex -0.064 -0.00267579 0.0203246
 endloop
endfacet
facet normal 0 0 0
 outer loop
 vertex -0.064 -0.00504697 0.0188356
 vertex -0.064 -0.00267579 0.0203246
 vertex -0.064 -0.00254526 0.0193332
 endloop
endfacet
facet normal 0 0 0
 outer loop
 vertex -0.076 -0.00254526 0.0193332
 vertex -0.076 3.40949e-09 0.0195
 vertex -0.076 3.58433e-09 0.0205
 endloop
endfacet
facet normal 0 0 0
 outer loop
 vertex -0.076 -0.00254526 0.0193332
 vertex -0.076 3.58433e-09 0.0205
 vertex -0.076 -0.00267579 0.0203246
 endloop
endfacet
facet normal 0 0 0
 outer loop
 vertex -0.064 -0.00254526 0.0193332
 vertex -0.064 -0.00267579 0.0203246
 vertex -0.064 3.58433e-09 0.0205
 endloop
endfacet
facet normal 0 0 0
 outer loop
 vertex -0.064 -0.00254526 0.0193332
 vertex -0.064 3.58433e-09 0.0205
 vertex -0.064 3.40949e-09 0.0195
 endloop
endfacet
facet normal 0 0 0
 outer loop
 vertex -0.076083 0 0.0204965
 vertex -0.076 -0.001 0.0195
 vertex -0.064 -0.001 0.0205
 endloop
endfacet
facet normal 0 0 0
 outer loop
 vertex -0.076083 0 0.0204965
 vertex -0.064 -0.001 0.0205
 vertex -0.064083 0 0.0214965
 endloop
endfacet
facet normal 0 0 0
 outer loop
 vertex -0.076 -0.001 0.0195
 vertex -0.075917 8.74228e-11 0.0185035
 vertex -0.063917 8.74228e-11 0.0195035
 endloop
endfacet
facet normal 0 0 0
 outer loop
 vertex -0.076 -0.001 0.0195
 vertex -0.063917 8.74228e-11 0.0195035
 vertex -0.064 -0.001 0.0205
 endloop
endfacet
facet normal 0 0 0
 outer loop
 vertex -0.075917 8.74228e-11 0.0185035
 vertex -0.076 0.001 0.0195
 vertex -0.064 0.001 0.0205
 endloop
endfacet
facet normal 0 0 0
 outer loop
 vertex -0.075917 8.74228e-11 0.0185035
 vertex -0.064 0.001 0.0205
 vertex -0.063917 8.74228e-11 0.0195035
 endloop
endfacet
facet normal 0 0 0
 outer loop
 vertex -0.076 0.001 0.0195
 vertex -0.076083 -1.74846e-10 0.0204965
 vertex -0.064083 -1.74846e-10 0.0214965
 endloop
endfacet
facet normal 0 0 0
 outer loop
 vertex -0.076 0.001 0.0195
 vertex -0.064083 -1.74846e-10 0.0214965
 vertex -0.064 0.001 0.0205
 endloop
endfacet
facet normal 0 0 0
 outer loop
 vertex -0.076 0 0.0195
 vertex -0.076 -0.001 0.0195
 vertex -0.076083 0 0.0204965
 endloop
endfacet
facet normal 0 0 0
 outer loop
 vertex -0.064 0 0.0205
 vertex -0.064083 0 0.0214965
 vertex -0.064 -0.001 0.0205
 endloop
endfacet
facet normal 0 0 0
 outer loop
 vertex -0.076 0 0.0195
 vertex -0.075917 8.74228e-11 0.0185035
 vertex -0.076 -0.001 0.0195
 endloop
endfacet
facet normal 0 0 0
 outer loop
 vertex -0.064 0 0.0205
 vertex -0.064 -0.001 0.0205
 vertex -0.063917 8.74228e-11 0.0195035
 endloop
endfacet
facet normal 0 0 0
 outer loop
 vertex -0.076 0 0.0195
 vertex -0.076 0.001 0.0195
 vertex -0.075917 8.74228e-11 0.0185035
 endloop
endfacet
facet normal 0 0 0
 outer loop
 vertex -0.064 0 0.0205
 vertex -0.063917 8.74228e-11 0.0195035
 vertex -0.064 0.001 0.0205
 endloop
endfacet
facet normal 0 0 0
 outer loop
 vertex -0.076 0 0.0195
 vertex -0.076083 -1.74846e-10 0.0204965
 vertex -0.076 0.001 0.0195
 endloop
endfacet
facet normal 0 0 0
 outer loop
 vertex -0.064 0 0.0205
 vertex -0.064 0.001 0.0205
 vertex -0.064083 -1.74846e-10 0.0214965
 endloop
endfacet
facet normal 0 0 0
 outer loop
 vertex -0.0760588 0.0137886 0.0147869
 vertex -0.0759414 0.0127903 0.013792
 vertex -0.0639414 0.0134974 0.0144991
 endloop
endfacet
facet normal 0 0 0
 outer loop
 vertex -0.0760588 0.0137886 0.0147869
 vertex -0.0639414 0.0134974 0.0144991
 vertex -0.0640588 0.0144957 0.015494
 endloop
endfacet
facet normal 0 0 0
 outer loop
 vertex -0.0759414 0.0127903 0.013792
 vertex -0.0759412 0.0137886 0.0127903
 vertex -0.0639412 0.0144957 0.0134974
 endloop
endfacet
facet normal 0 0 0
 outer loop
 vertex -0.0759414 0.0127903 0.013792
 vertex -0.0639412 0.0144957 0.0134974
 vertex -0.0639414 0.0134974 0.0144991
 endloop
endfacet
facet normal 0 0 0
 outer loop
 vertex -0.0759412 0.0137886 0.0127903
 vertex -0.0760586 0.0147869 0.0137851
 vertex -0.0640586 0.015494 0.0144922
 endloop
endfacet
facet normal 0 0 0
 outer loop
 vertex -0.0759412 0.0137886 0.0127903
 vertex -0.0640586 0.015494 0.0144922
 vertex -0.0639412 0.0144957 0.0134974
 endloop
endfacet
facet normal 0 0 0
 outer loop
 vertex -0.0760586 0.0147869 0.0137851
 vertex -0.0760588 0.0137886 0.0147869
 vertex -0.0640588 0.0144957 0.015494
 endloop
endfacet
facet normal 0 0 0
 outer loop
 vertex -0.0760586 0.0147869 0.0137851
 vertex -0.0640588 0.0144957 0.015494
 vertex -0.0640586 0.015494 0.0144922
 endloop
endfacet
facet normal 0 0 0
 outer loop
 vertex -0.076 0.0137886 0.0137886
 vertex -0.0759414 0.0127903 0.013792
 vertex -0.0760588 0.0137886 0.0147869
 endloop
endfacet
facet normal 0 0 0
 outer loop
 vertex -0.064 0.0144957 0.0144957
 vertex -0.0640588 0.0144957 0.015494
 vertex -0.0639414 0.0134974 0.0144991
 endloop
endfacet
facet normal 0 0 0
 outer loop
 vertex -0.076 0.0137886 0.0137886
 vertex -0.0759412 0.0137886 0.0127903
 vertex -0.0759414 0.0127903 0.013792
 endloop
endfacet
facet normal 0 0 0
 outer loop
 vertex -0.064 0.0144957 0.0144957
 vertex -0.0639414 0.0134974 0.0144991
 vertex -0.0639412 0.0144957 0.0134974
 endloop
endfacet
facet normal 0 0 0
 outer loop
 vertex -0.076 0.0137886 0.0137886
 vertex -0.0760586 0.0147869 0.0137851
 vertex -0.0759412 0.0137886 0.0127903
 endloop
endfacet
facet normal 0 0 0
 outer loop
 vertex -0.064 0.0144957 0.0144957
 vertex -0.0639412 0.0144957 0.0134974
 vertex -0.0640586 0.015494 0.0144922
 endloop
endfacet
facet normal 0 0 0
 outer loop
 vertex -0.076 0.0137886 0.0137886
 vertex -0.0760588 0.0137886 0.0147869
 vertex -0.0760586 0.0147869 0.0137851
 endloop
endfacet
facet normal 0 0 0
 outer loop
 vertex -0.064 0.0144957 0.0144957
 vertex -0.0640586 0.015494 0.0144922
 vertex -0.0640588 0.0144957 0.015494
 endloop
endfacet
facet normal 0 0 0
 outer loop
 vertex -0.076 0.0195 0.000999999
 vertex -0.075917 0.0185035 -8.96386e-10
 vertex -0.063917 0.0195035 -9.40097e-10
 endloop
endfacet
facet normal 0 0 0
 outer loop
 vertex -0.076 0.0195 0.000999999
 vertex -0.063917 0.0195035 -9.40097e-10
 vertex -0.064 0.0205 0.000999999
 endloop
endfacet
facet normal 0 0 0
 outer loop
 vertex -0.075917 0.0185035 -8.96386e-10
 vertex -0.076 0.0195 -0.001
 vertex -0.064 0.0205 -0.001
 endloop
endfacet
facet normal 0 0 0
 outer loop
 vertex -0.075917 0.0185035 -8.96386e-10
 vertex -0.064 0.0205 -0.001
 vertex -0.063917 0.0195035 -9.40097e-10
 endloop
endfacet
facet normal 0 0 0
 outer loop
 vertex -0.076 0.0195 -0.001
 vertex -0.076083 0.0204965 -8.40145e-10
 vertex -0.064083 0.0214965 -8.83856e-10
 endloop
endfacet
facet normal 0 0 0
 outer loop
 vertex -0.076 0.0195 -0.001
 vertex -0.064083 0.0214965 -8.83856e-10
 vertex -0.064 0.0205 -0.001
 endloop
endfacet
facet normal 0 0 0
 outer loop
 vertex -0.076083 0.0204965 -8.40145e-10
 vertex -0.076 0.0195 0.000999999
 vertex -0.064 0.0205 0.000999999
 endloop
endfacet
facet normal 0 0 0
 outer loop
 vertex -0.076083 0.0204965 -8.40145e-10
 vertex -0.064 0.0205 0.000999999
 vertex -0.064083 0.0214965 -8.83856e-10
 endloop
endfacet
facet normal 0 0 0
 outer loop
 vertex -0.076 0.0195 -8.52372e-10
 vertex -0.075917 0.0185035 -8.96386e-10
 vertex -0.076 0.0195 0.000999999
 endloop
endfacet
facet normal 0 0 0
 outer loop
 vertex -0.064 0.0205 -8.96083e-10
 vertex -0.064 0.0205 0.000999999
 vertex -0.063917 0.0195035 -9.40097e-10
 endloop
endfacet
facet normal 0 0 0
 outer loop
 vertex -0.076 0.0195 -8.52372e-10
 vertex -0.076 0.0195 -0.001
 vertex -0.075917 0.0185035 -8.96386e-10
 endloop
endfacet
facet normal 0 0 0
 outer loop
 vertex -0.064 0.0205 -8.96083e-10
 vertex -0.063917 0.0195035 -9.40097e-10
 vertex -0.064 0.0205 -0.001
 endloop
endfacet
facet normal 0 0 0
 outer loop
 vertex -0.076 0.0195 -8.52372e-10
 vertex -0.076083 0.0204965 -8.40145e-10
 vertex -0.076 0.0195 -0.001
 endloop
endfacet
facet normal 0 0 0
 outer loop
 vertex -0.064 0.0205 -8.96083e-10
 vertex -0.064 0.0205 -0.001
 vertex -0.064083 0.0214965 -8.83856e-10
 endloop
endfacet
facet normal 0 0 0
 outer loop
 vertex -0.076 0.0195 -8.52372e-10
 vertex -0.076 0.0195 0.000999999
 vertex -0.076083 0.0204965 -8.40145e-10
 endloop
endfacet
facet normal 0 0 0
 outer loop
 vertex -0.064 0.0205 -8.96083e-10
 vertex -0.064083 0.0214965 -8.83856e-10
 vertex -0.064 0.0205 0.000999999
 endloop
endfacet
facet normal 0 0 0
 outer loop
 vertex -0.0759412 0.0137886 -0.0127903
 vertex -0.0759414 0.0127903 -0.013792
 vertex -0.0639414 0.0134974 -0.0144991
 endloop
endfacet
facet normal 0 0 0
 outer loop
 vertex -0.0759412 0.0137886 -0.0127903
 vertex -0.0639414 0.0134974 -0.0144991
 vertex -0.0639412 0.0144957 -0.0134974
 endloop
endfacet
facet normal 0 0 0
 outer loop
 vertex -0.0759414 0.0127903 -0.013792
 vertex -0.0760588 0.0137886 -0.0147869
 vertex -0.0640588 0.0144957 -0.015494
 endloop
endfacet
facet normal 0 0 0
 outer loop
 vertex -0.0759414 0.0127903 -0.013792
 vertex -0.0640588 0.0144957 -0.015494
 vertex -0.0639414 0.0134974 -0.0144991
 endloop
endfacet
facet normal 0 0 0
 outer loop
 vertex -0.0760588 0.0137886 -0.0147869
 vertex -0.0760586 0.0147869 -0.0137851
 vertex -0.0640586 0.015494 -0.0144922
 endloop
endfacet
facet normal 0 0 0
 outer loop
 vertex -0.0760588 0.0137886 -0.0147869
 vertex -0.0640586 0.015494 -0.0144922
 vertex -0.0640588 0.0144957 -0.015494
 endloop
endfacet
facet normal 0 0 0
 outer loop
 vertex -0.0760586 0.0147869 -0.0137851
 vertex -0.0759412 0.0137886 -0.0127903
 vertex -0.0639412 0.0144957 -0.0134974
 endloop
endfacet
facet normal 0 0 0
 outer loop
 vertex -0.0760586 0.0147869 -0.0137851
 vertex -0.0639412 0.0144957 -0.0134974
 vertex -0.0640586 0.015494 -0.0144922
 endloop
endfacet
facet normal 0 0 0
 outer loop
 vertex -0.076 0.0137886 -0.0137886
 vertex -0.0759414 0.0127903 -0.013792
 vertex -0.0759412 0.0137886 -0.0127903
 endloop
endfacet
facet normal 0 0 0
 outer loop
 vertex -0.064 0.0144957 -0.0144957
 vertex -0.0639412 0.0144957 -0.0134974
 vertex -0.0639414 0.0134974 -0.0144991
 endloop
endfacet
facet normal 0 0 0
 outer loop
 vertex -0.076 0.0137886 -0.0137886
 vertex -0.0760588 0.0137886 -0.0147869
 vertex -0.0759414 0.0127903 -0.013792
 endloop
endfacet
facet normal 0 0 0
 outer loop
 vertex -0.064 0.0144957 -0.0144957
 vertex -0.0639414 0.0134974 -0.0144991
 vertex -0.0640588 0.0144957 -0.015494
 endloop
endfacet
facet normal 0 0 0
 outer loop
 vertex -0.076 0.0137886 -0.0137886
 vertex -0.0760586 0.0147869 -0.0137851
 vertex -0.0760588 0.0137886 -0.0147869
 endloop
endfacet
facet normal 0 0 0
 outer loop
 vertex -0.064 0.0144957 -0.0144957
 vertex -0.0640588 0.0144957 -0.015494
 vertex -0.0640586 0.015494 -0.0144922
 endloop
endfacet
facet normal 0 0 0
 outer loop
 vertex -0.076 0.0137886 -0.0137886
 vertex -0.0759412 0.0137886 -0.0127903
 vertex -0.0760586 0.0147869 -0.0137851
 endloop
endfacet
facet normal 0 0 0
 outer loop
 vertex -0.064 0.0144957 -0.0144957
 vertex -0.0640586 0.015494 -0.0144922
 vertex -0.0639412 0.0144957 -0.0134974
 endloop
endfacet
facet normal 0 0 0
 outer loop
 vertex -0.075917 -1.70474e-09 -0.0185035
 vertex -0.076 -0.001 -0.0195
 vertex -0.064 -0.001 -0.0205
 endloop
endfacet
facet normal 0 0 0
 outer loop
 vertex -0.075917 -1.70474e-09 -0.0185035
 vertex -0.064 -0.001 -0.0205
 vertex -0.063917 -1.79217e-09 -0.0195035
 endloop
endfacet
facet normal 0 0 0
 outer loop
 vertex -0.076 -0.001 -0.0195
 vertex -0.076083 -1.61732e-09 -0.0204965
 vertex -0.064083 -1.70474e-09 -0.0214965
 endloop
endfacet
facet normal 0 0 0
 outer loop
 vertex -0.076 -0.001 -0.0195
 vertex -0.064083 -1.70474e-09 -0.0214965
 vertex -0.064 -0.001 -0.0205
 endloop
endfacet
facet normal 0 0 0
 outer loop
 vertex -0.076083 -1.61732e-09 -0.0204965
 vertex -0.076 0.000999998 -0.0195
 vertex -0.064 0.000999998 -0.0205
 endloop
endfacet
facet normal 0 0 0
 outer loop
 vertex -0.076083 -1.61732e-09 -0.0204965
 vertex -0.064 0.000999998 -0.0205
 vertex -0.064083 -1.70474e-09 -0.0214965
 endloop
endfacet
facet normal 0 0 0
 outer loop
 vertex -0.076 0.000999998 -0.0195
 vertex -0.075917 -1.87959e-09 -0.0185035
 vertex -0.063917 -1.96701e-09 -0.0195035
 endloop
endfacet
facet normal 0 0 0
 outer loop
 vertex -0.076 0.000999998 -0.0195
 vertex -0.063917 -1.96701e-09 -0.0195035
 vertex -0.064 0.000999998 -0.0205
 endloop
endfacet
facet normal 0 0 0
 outer loop
 vertex -0.076 -1.70474e-09 -0.0195
 vertex -0.076 -0.001 -0.0195
 vertex -0.075917 -1.70474e-09 -0.0185035
 endloop
endfacet
facet normal 0 0 0
 outer loop
 vertex -0.064 -1.79217e-09 -0.0205
 vertex -0.063917 -1.79217e-09 -0.0195035
 vertex -0.064 -0.001 -0.0205
 endloop
endfacet
facet normal 0 0 0
 outer loop
 vertex -0.076 -1.70474e-09 -0.0195
 vertex -0.076083 -1.61732e-09 -0.0204965
 vertex -0.076 -0.001 -0.0195
 endloop
endfacet
facet normal 0 0 0
 outer loop
 vertex -0.064 -1.79217e-09 -0.0205
 vertex -0.064 -0.001 -0.0205
 vertex -0.064083 -1.70474e-09 -0.0214965
 endloop
endfacet
facet normal 0 0 0
 outer loop
 vertex -0.076 -1.70474e-09 -0.0195
 vertex -0.076 0.000999998 -0.0195
 vertex -0.076083 -1.61732e-09 -0.0204965
 endloop
endfacet
facet normal 0 0 0
 outer loop
 vertex -0.064 -1.79217e-09 -0.0205
 vertex -0.064083 -1.70474e-09 -0.0214965
 vertex -0.064 0.000999998 -0.0205
 endloop
endfacet
facet normal 0 0 0
 outer loop
 vertex -0.076 -1.70474e-09 -0.0195
 vertex -0.075917 -1.87959e-09 -0.0185035
 vertex -0.076 0.000999998 -0.0195
 endloop
endfacet
facet normal 0 0 0
 outer loop
 vertex -0.064 -1.79217e-09 -0.0205
 vertex -0.064 0.000999998 -0.0205
 vertex -0.063917 -1.96701e-09 -0.0195035
 endloop
endfacet
facet normal 0 0 0
 outer loop
 vertex -0.0759412 -0.0137886 -0.0127903
 vertex -0.0760586 -0.0147869 -0.0137851
 vertex -0.0640586 -0.015494 -0.0144922
 endloop
endfacet
facet normal 0 0 0
 outer loop
 vertex -0.0759412 -0.0137886 -0.0127903
 vertex -0.0640586 -0.015494 -0.0144922
 vertex -0.0639412 -0.0144957 -0.0134974
 endloop
endfacet
facet normal 0 0 0
 outer loop
 vertex -0.0760586 -0.0147869 -0.0137851
 vertex -0.0760588 -0.0137886 -0.0147869
 vertex -0.0640588 -0.0144957 -0.015494
 endloop
endfacet
facet normal 0 0 0
 outer loop
 vertex -0.0760586 -0.0147869 -0.0137851
 vertex -0.0640588 -0.0144957 -0.015494
 vertex -0.0640586 -0.015494 -0.0144922
 endloop
endfacet
facet normal 0 0 0
 outer loop
 vertex -0.0760588 -0.0137886 -0.0147869
 vertex -0.0759414 -0.0127903 -0.013792
 vertex -0.0639414 -0.0134974 -0.0144991
 endloop
endfacet
facet normal 0 0 0
 outer loop
 vertex -0.0760588 -0.0137886 -0.0147869
 vertex -0.0639414 -0.0134974 -0.0144991
 vertex -0.0640588 -0.0144957 -0.015494
 endloop
endfacet
facet normal 0 0 0
 outer loop
 vertex -0.0759414 -0.0127903 -0.013792
 vertex -0.0759412 -0.0137886 -0.0127903
 vertex -0.0639412 -0.0144957 -0.0134974
 endloop
endfacet
facet normal 0 0 0
 outer loop
 vertex -0.0759414 -0.0127903 -0.013792
 vertex -0.0639412 -0.0144957 -0.0134974
 vertex -0.0639414 -0.0134974 -0.0144991
 endloop
endfacet
facet normal 0 0 0
 outer loop
 vertex -0.076 -0.0137886 -0.0137886
 vertex -0.0760586 -0.0147869 -0.0137851
 vertex -0.0759412 -0.0137886 -0.0127903
 endloop
endfacet
facet normal 0 0 0
 outer loop
 vertex -0.064 -0.0144957 -0.0144957
 vertex -0.0639412 -0.0144957 -0.0134974
 vertex -0.0640586 -0.015494 -0.0144922
 endloop
endfacet
facet normal 0 0 0
 outer loop
 vertex -0.076 -0.0137886 -0.0137886
 vertex -0.0760588 -0.0137886 -0.0147869
 vertex -0.0760586 -0.0147869 -0.0137851
 endloop
endfacet
facet normal 0 0 0
 outer loop
 vertex -0.064 -0.0144957 -0.0144957
 vertex -0.0640586 -0.015494 -0.0144922
 vertex -0.0640588 -0.0144957 -0.015494
 endloop
endfacet
facet normal 0 0 0
 outer loop
 vertex -0.076 -0.0137886 -0.0137886
 vertex -0.0759414 -0.0127903 -0.013792
 vertex -0.0760588 -0.0137886 -0.0147869
 endloop
endfacet
facet normal 0 0 0
 outer loop
 vertex -0.064 -0.0144957 -0.0144957
 vertex -0.0640588 -0.0144957 -0.015494
 vertex -0.0639414 -0.0134974 -0.0144991
 endloop
endfacet
facet normal 0 0 0
 outer loop
 vertex -0.076 -0.0137886 -0.0137886
 vertex -0.0759412 -0.0137886 -0.0127903
 vertex -0.0759414 -0.0127903 -0.013792
 endloop
endfacet
facet normal 0 0 0
 outer loop
 vertex -0.064 -0.0144957 -0.0144957
 vertex -0.0639414 -0.0134974 -0.0144991
 vertex -0.0639412 -0.0144957 -0.0134974
 endloop
endfacet
facet normal 0 0 0
 outer loop
 vertex -0.076 -0.0195 0.001
 vertex -0.076083 -0.0204965 1.88741e-10
 vertex -0.064083 -0.0214965 2.00666e-10
 endloop
endfacet
facet normal 0 0 0
 outer loop
 vertex -0.076 -0.0195 0.001
 vertex -0.064083 -0.0214965 2.00666e-10
 vertex -0.064 -0.0205 0.001
 endloop
endfacet
facet normal 0 0 0
 outer loop
 vertex -0.076083 -0.0204965 1.88741e-10
 vertex -0.076 -0.0195 -0.001
 vertex -0.064 -0.0205 -0.001
 endloop
endfacet
facet normal 0 0 0
 outer loop
 vertex -0.076083 -0.0204965 1.88741e-10
 vertex -0.064 -0.0205 -0.001
 vertex -0.064083 -0.0214965 2.00666e-10
 endloop
endfacet
facet normal 0 0 0
 outer loop
 vertex -0.076 -0.0195 -0.001
 vertex -0.075917 -0.0185035 2.44543e-10
 vertex -0.063917 -0.0195035 2.56467e-10
 endloop
endfacet
facet normal 0 0 0
 outer loop
 vertex -0.076 -0.0195 -0.001
 vertex -0.063917 -0.0195035 2.56467e-10
 vertex -0.064 -0.0205 -0.001
 endloop
endfacet
facet normal 0 0 0
 outer loop
 vertex -0.075917 -0.0185035 2.44543e-10
 vertex -0.076 -0.0195 0.001
 vertex -0.064 -0.0205 0.001
 endloop
endfacet
facet normal 0 0 0
 outer loop
 vertex -0.075917 -0.0185035 2.44543e-10
 vertex -0.064 -0.0205 0.001
 vertex -0.063917 -0.0195035 2.56467e-10
 endloop
endfacet
facet normal 0 0 0
 outer loop
 vertex -0.076 -0.0195 2.32535e-10
 vertex -0.076083 -0.0204965 1.88741e-10
 vertex -0.076 -0.0195 0.001
 endloop
endfacet
facet normal 0 0 0
 outer loop
 vertex -0.064 -0.0205 2.4446e-10
 vertex -0.064 -0.0205 0.001
 vertex -0.064083 -0.0214965 2.00666e-10
 endloop
endfacet
facet normal 0 0 0
 outer loop
 vertex -0.076 -0.0195 2.32535e-10
 vertex -0.076 -0.0195 -0.001
 vertex -0.076083 -0.0204965 1.88741e-10
 endloop
endfacet
facet normal 0 0 0
 outer loop
 vertex -0.064 -0.0205 2.4446e-10
 vertex -0.064083 -0.0214965 2.00666e-10
 vertex -0.064 -0.0205 -0.001
 endloop
endfacet
facet normal 0 0 0
 outer loop
 vertex -0.076 -0.0195 2.32535e-10
 vertex -0.075917 -0.0185035 2.44543e-10
 vertex -0.076 -0.0195 -0.001
 endloop
endfacet
facet normal 0 0 0
 outer loop
 vertex -0.064 -0.0205 2.4446e-10
 vertex -0.064 -0.0205 -0.001
 vertex -0.063917 -0.0195035 2.56467e-10
 endloop
endfacet
facet normal 0 0 0
 outer loop
 vertex -0.076 -0.0195 2.32535e-10
 vertex -0.076 -0.0195 0.001
 vertex -0.075917 -0.0185035 2.44543e-10
 endloop
endfacet
facet normal 0 0 0
 outer loop
 vertex -0.064 -0.0205 2.4446e-10
 vertex -0.063917 -0.0195035 2.56467e-10
 vertex -0.064 -0.0205 0.001
 endloop
endfacet
facet normal 0 0 0
 outer loop
 vertex -0.0760588 -0.0137886 0.0147868
 vertex -0.0760586 -0.0147869 0.0137851
 vertex -0.0640586 -0.015494 0.0144922
 endloop
endfacet
facet normal 0 0 0
 outer loop
 vertex -0.0760588 -0.0137886 0.0147868
 vertex -0.0640586 -0.015494 0.0144922
 vertex -0.0640588 -0.0144957 0.015494
 endloop
endfacet
facet normal 0 0 0
 outer loop
 vertex -0.0760586 -0.0147869 0.0137851
 vertex -0.0759412 -0.0137886 0.0127903
 vertex -0.0639412 -0.0144957 0.0134974
 endloop
endfacet
facet normal 0 0 0
 outer loop
 vertex -0.0760586 -0.0147869 0.0137851
 vertex -0.0639412 -0.0144957 0.0134974
 vertex -0.0640586 -0.015494 0.0144922
 endloop
endfacet
facet normal 0 0 0
 outer loop
 vertex -0.0759412 -0.0137886 0.0127903
 vertex -0.0759414 -0.0127903 0.013792
 vertex -0.0639414 -0.0134974 0.0144991
 endloop
endfacet
facet normal 0 0 0
 outer loop
 vertex -0.0759412 -0.0137886 0.0127903
 vertex -0.0639414 -0.0134974 0.0144991
 vertex -0.0639412 -0.0144957 0.0134974
 endloop
endfacet
facet normal 0 0 0
 outer loop
 vertex -0.0759414 -0.0127903 0.013792
 vertex -0.0760588 -0.0137886 0.0147868
 vertex -0.0640588 -0.0144957 0.015494
 endloop
endfacet
facet normal 0 0 0
 outer loop
 vertex -0.0759414 -0.0127903 0.013792
 vertex -0.0640588 -0.0144957 0.015494
 vertex -0.0639414 -0.0134974 0.0144991
 endloop
endfacet
facet normal 0 0 0
 outer loop
 vertex -0.076 -0.0137886 0.0137886
 vertex -0.0760586 -0.0147869 0.0137851
 vertex -0.0760588 -0.0137886 0.0147868
 endloop
endfacet
facet normal 0 0 0
 outer loop
 vertex -0.064 -0.0144957 0.0144957
 vertex -0.0640588 -0.0144957 0.015494
 vertex -0.0640586 -0.015494 0.0144922
 endloop
endfacet
facet normal 0 0 0
 outer loop
 vertex -0.076 -0.0137886 0.0137886
 vertex -0.0759412 -0.0137886 0.0127903
 vertex -0.0760586 -0.0147869 0.0137851
 endloop
endfacet
facet normal 0 0 0
 outer loop
 vertex -0.064 -0.0144957 0.0144957
 vertex -0.0640586 -0.015494 0.0144922
 vertex -0.0639412 -0.0144957 0.0134974
 endloop
endfacet
facet normal 0 0 0
 outer loop
 vertex -0.076 -0.0137886 0.0137886
 vertex -0.0759414 -0.0127903 0.013792
 vertex -0.0759412 -0.0137886 0.0127903
 endloop
endfacet
facet normal 0 0 0
 outer loop
 vertex -0.064 -0.0144957 0.0144957
 vertex -0.0639412 -0.0144957 0.0134974
 vertex -0.0639414 -0.0134974 0.0144991
 endloop
endfacet
facet normal 0 0 0
 outer loop
 vertex -0.076 -0.0137886 0.0137886
 vertex -0.0760588 -0.0137886 0.0147868
 vertex -0.0759414 -0.0127903 0.013792
 endloop
endfacet
facet normal 0 0 0
 outer loop
 vertex -0.064 -0.0144957 0.0144957
 vertex -0.0639414 -0.0134974 0.0144991
 vertex -0.0640588 -0.0144957 0.015494
 endloop
endfacet
facet normal 0 0 0
 outer loop
 vertex 0.126 0 0.019
 vertex 0.126 0.00248 0.0188375
 vertex 0.134 0.00248 0.0188375
 endloop
endfacet
facet normal 0 0 0
 outer loop
 vertex 0.126 0 0.019
 vertex 0.134 0.00248 0.0188375
 vertex 0.134 0 0.019
 endloop
endfacet
facet normal 0 0 0
 outer loop
 vertex 0.134 0 0.0171
 vertex 0.134 0.002232 0.0169537
 vertex 0.126 0.002232 0.0169537
 endloop
endfacet
facet normal 0 0 0
 outer loop
 vertex 0.134 0 0.0171
 vertex 0.126 0.002232 0.0169537
 vertex 0.126 0 0.0171
 endloop
endfacet
facet normal 0 0 0
 outer loop
 vertex 0.126 0.00248 0.0188375
 vertex 0.126 0.00491756 0.0183526
 vertex 0.134 0.00491756 0.0183526
 endloop
endfacet
facet normal 0 0 0
 outer loop
 vertex 0.126 0.00248 0.0188375
 vertex 0.134 0.00491756 0.0183526
 vertex 0.134 0.00248 0.0188375
 endloop
endfacet
facet normal 0 0 0
 outer loop
 vertex 0.134 0.002232 0.0169537
 vertex 0.134 0.00442581 0.0165173
 vertex 0.126 0.00442581 0.0165173
 endloop
endfacet
facet normal 0 0 0
 outer loop
 vertex 0.134 0.002232 0.0169537
 vertex 0.126 0.00442581 0.0165173
 vertex 0.126 0.002232 0.0169537
 endloop
endfacet
facet normal 0 0 0
 outer loop
 vertex 0.126 0.00491756 0.0183526
 vertex 0.126 0.00727099 0.0175537
 vertex 0.134 0.00727099 0.0175537
 endloop
endfacet
facet normal 0 0 0
 outer loop
 vertex 0.126 0.00491756 0.0183526
 vertex 0.134 0.00727099 0.0175537
 vertex 0.134 0.00491756 0.0183526
 endloop
endfacet
facet normal 0 0 0
 outer loop
 vertex 0.134 0.00442581 0.0165173
 vertex 0.134 0.00654389 0.0157983
 vertex 0.126 0.00654389 0.0157983
 endloop
endfacet
facet normal 0 0 0
 outer loop
 vertex 0.134 0.00442581 0.0165173
 vertex 0.126 0.00654389 0.0157983
 vertex 0.126 0.00442581 0.0165173
 endloop
endfacet
facet normal 0 0 0
 outer loop
 vertex 0.126 0.00727099 0.0175537
 vertex 0.126 0.0095 0.0164545
 vertex 0.134 0.0095 0.0164545
 endloop
endfacet
facet normal 0 0 0
 outer loop
 vertex 0.126 0.00727099 0.0175537
 vertex 0.134 0.0095 0.0164545
 vertex 0.134 0.00727099 0.0175537
 endloop
endfacet
facet normal 0 0 0
 outer loop
 vertex 0.134 0.00654389 0.0157983
 vertex 0.134 0.00855 0.014809
 vertex 0.126 0.00855 0.014809
 endloop
endfacet
facet normal 0 0 0
 outer loop
 vertex 0.134 0.00654389 0.0157983
 vertex 0.126 0.00855 0.014809
 vertex 0.126 0.00654389 0.0157983
 endloop
endfacet
facet normal 0 0 0
 outer loop
 vertex 0.126 0.0095 0.0164545
 vertex 0.126 0.0115665 0.0150737
 vertex 0.134 0.0115665 0.0150737
 endloop
endfacet
facet normal 0 0 0
 outer loop
 vertex 0.126 0.0095 0.0164545
 vertex 0.134 0.0115665 0.0150737
 vertex 0.134 0.0095 0.0164545
 endloop
endfacet
facet normal 0 0 0
 outer loop
 vertex 0.134 0.00855 0.014809
 vertex 0.134 0.0104098 0.0135663
 vertex 0.126 0.0104098 0.0135663
 endloop
endfacet
facet normal 0 0 0
 outer loop
 vertex 0.134 0.00855 0.014809
 vertex 0.126 0.0104098 0.0135663
 vertex 0.126 0.00855 0.014809
 endloop
endfacet
facet normal 0 0 0
 outer loop
 vertex 0.126 0.0115665 0.0150737
 vertex 0.126 0.013435 0.013435
 vertex 0.134 0.013435 0.013435
 endloop
endfacet
facet normal 0 0 0
 outer loop
 vertex 0.126 0.0115665 0.0150737
 vertex 0.134 0.013435 0.013435
 vertex 0.134 0.0115665 0.0150737
 endloop
endfacet
facet normal 0 0 0
 outer loop
 vertex 0.134 0.0104098 0.0135663
 vertex 0.134 0.0120915 0.0120915
 vertex 0.126 0.0120915 0.0120915
 endloop
endfacet
facet normal 0 0 0
 outer loop
 vertex 0.134 0.0104098 0.0135663
 vertex 0.126 0.0120915 0.0120915
 vertex 0.126 0.0104098 0.0135663
 endloop
endfacet
facet normal 0 0 0
 outer loop
 vertex 0.126 0.013435 0.013435
 vertex 0.126 0.0150737 0.0115665
 vertex 0.134 0.0150737 0.0115665
 endloop
endfacet
facet normal 0 0 0
 outer loop
 vertex 0.126 0.013435 0.013435
 vertex 0.134 0.0150737 0.0115665
 vertex 0.134 0.013435 0.013435
 endloop
endfacet
facet normal 0 0 0
 outer loop
 vertex 0.134 0.0120915 0.0120915
 vertex 0.134 0.0135663 0.0104098
 vertex 0.126 0.0135663 0.0104098
 endloop
endfacet
facet normal 0 0 0
 outer loop
 vertex 0.134 0.0120915 0.0120915
 vertex 0.126 0.0135663 0.0104098
 vertex 0.126 0.0120915 0.0120915
 endloop
endfacet
facet normal 0 0 0
 outer loop
 vertex 0.126 0.0150737 0.0115665
 vertex 0.126 0.0164545 0.0095
 vertex 0.134 0.0164545 0.0095
 endloop
endfacet
facet normal 0 0 0
 outer loop
 vertex 0.126 0.0150737 0.0115665
 vertex 0.134 0.0164545 0.0095
 vertex 0.134 0.0150737 0.0115665
 endloop
endfacet
facet normal 0 0 0
 outer loop
 vertex 0.134 0.0135663 0.0104098
 vertex 0.134 0.014809 0.00855
 vertex 0.126 0.014809 0.00855
 endloop
endfacet
facet normal 0 0 0
 outer loop
 vertex 0.134 0.0135663 0.0104098
 vertex 0.126 0.014809 0.00855
 vertex 0.126 0.0135663 0.0104098
 endloop
endfacet
facet normal 0 0 0
 outer loop
 vertex 0.126 0.0164545 0.0095
 vertex 0.126 0.0175537 0.00727098
 vertex 0.134 0.0175537 0.00727098
 endloop
endfacet
facet normal 0 0 0
 outer loop
 vertex 0.126 0.0164545 0.0095
 vertex 0.134 0.0175537 0.00727098
 vertex 0.134 0.0164545 0.0095
 endloop
endfacet
facet normal 0 0 0
 outer loop
 vertex 0.134 0.014809 0.00855
 vertex 0.134 0.0157983 0.00654389
 vertex 0.126 0.0157983 0.00654389
 endloop
endfacet
facet normal 0 0 0
 outer loop
 vertex 0.134 0.014809 0.00855
 vertex 0.126 0.0157983 0.00654389
 vertex 0.126 0.014809 0.00855
 endloop
endfacet
facet normal 0 0 0
 outer loop
 vertex 0.126 0.0175537 0.00727098
 vertex 0.126 0.0183526 0.00491756
 vertex 0.134 0.0183526 0.00491756
 endloop
endfacet
facet normal 0 0 0
 outer loop
 vertex 0.126 0.0175537 0.00727098
 vertex 0.134 0.0183526 0.00491756
 vertex 0.134 0.0175537 0.00727098
 endloop
endfacet
facet normal 0 0 0
 outer loop
 vertex 0.134 0.0157983 0.00654389
 vertex 0.134 0.0165173 0.00442581
 vertex 0.126 0.0165173 0.00442581
 endloop
endfacet
facet normal 0 0 0
 outer loop
 vertex 0.134 0.0157983 0.00654389
 vertex 0.126 0.0165173 0.00442581
 vertex 0.126 0.0157983 0.00654389
 endloop
endfacet
facet normal 0 0 0
 outer loop
 vertex 0.126 0.0183526 0.00491756
 vertex 0.126 0.0188375 0.00248
 vertex 0.134 0.0188375 0.00248
 endloop
endfacet
facet normal 0 0 0
 outer loop
 vertex 0.126 0.0183526 0.00491756
 vertex 0.134 0.0188375 0.00248
 vertex 0.134 0.0183526 0.00491756
 endloop
endfacet
facet normal 0 0 0
 outer loop
 vertex 0.134 0.0165173 0.00442581
 vertex 0.134 0.0169537 0.002232
 vertex 0.126 0.0169537 0.002232
 endloop
endfacet
facet normal 0 0 0
 outer loop
 vertex 0.134 0.0165173 0.00442581
 vertex 0.126 0.0169537 0.002232
 vertex 0.126 0.0165173 0.00442581
 endloop
endfacet
facet normal 0 0 0
 outer loop
 vertex 0.126 0.0188375 0.00248
 vertex 0.126 0.019 -8.30516e-10
 vertex 0.134 0.019 -8.30516e-10
 endloop
endfacet
facet normal 0 0 0
 outer loop
 vertex 0.126 0.0188375 0.00248
 vertex 0.134 0.019 -8.30516e-10
 vertex 0.134 0.0188375 0.00248
 endloop
endfacet
facet normal 0 0 0
 outer loop
 vertex 0.134 0.0169537 0.002232
 vertex 0.134 0.0171 -7.47465e-10
 vertex 0.126 0.0171 -7.47465e-10
 endloop
endfacet
facet normal 0 0 0
 outer loop
 vertex 0.134 0.0169537 0.002232
 vertex 0.126 0.0171 -7.47465e-10
 vertex 0.126 0.0169537 0.002232
 endloop
endfacet
facet normal 0 0 0
 outer loop
 vertex 0.126 0.019 -8.30516e-10
 vertex 0.126 0.0188375 -0.00248
 vertex 0.134 0.0188375 -0.00248
 endloop
endfacet
facet normal 0 0 0
 outer loop
 vertex 0.126 0.019 -8.30516e-10
 vertex 0.134 0.0188375 -0.00248
 vertex 0.134 0.019 -8.30516e-10
 endloop
endfacet
facet normal 0 0 0
 outer loop
 vertex 0.134 0.0171 -7.47465e-10
 vertex 0.134 0.0169537 -0.002232
 vertex 0.126 0.0169537 -0.002232
 endloop
endfacet
facet normal 0 0 0
 outer loop
 vertex 0.134 0.0171 -7.47465e-10
 vertex 0.126 0.0169537 -0.002232
 vertex 0.126 0.0171 -7.47465e-10
 endloop
endfacet
facet normal 0 0 0
 outer loop
 vertex 0.126 0.0188375 -0.00248
 vertex 0.126 0.0183526 -0.00491756
 vertex 0.134 0.0183526 -0.00491756
 endloop
endfacet
facet normal 0 0 0
 outer loop
 vertex 0.126 0.0188375 -0.00248
 vertex 0.134 0.0183526 -0.00491756
 vertex 0.134 0.0188375 -0.00248
 endloop
endfacet
facet normal 0 0 0
 outer loop
 vertex 0.134 0.0169537 -0.002232
 vertex 0.134 0.0165173 -0.00442581
 vertex 0.126 0.0165173 -0.00442581
 endloop
endfacet
facet normal 0 0 0
 outer loop
 vertex 0.134 0.0169537 -0.002232
 vertex 0.126 0.0165173 -0.00442581
 vertex 0.126 0.0169537 -0.002232
 endloop
endfacet
facet normal 0 0 0
 outer loop
 vertex 0.126 0.0183526 -0.00491756
 vertex 0.126 0.0175537 -0.00727098
 vertex 0.134 0.0175537 -0.00727098
 endloop
endfacet
facet normal 0 0 0
 outer loop
 vertex 0.126 0.0183526 -0.00491756
 vertex 0.134 0.0175537 -0.00727098
 vertex 0.134 0.0183526 -0.00491756
 endloop
endfacet
facet normal 0 0 0
 outer loop
 vertex 0.134 0.0165173 -0.00442581
 vertex 0.134 0.0157983 -0.00654389
 vertex 0.126 0.0157983 -0.00654389
 endloop
endfacet
facet normal 0 0 0
 outer loop
 vertex 0.134 0.0165173 -0.00442581
 vertex 0.126 0.0157983 -0.00654389
 vertex 0.126 0.0165173 -0.00442581
 endloop
endfacet
facet normal 0 0 0
 outer loop
 vertex 0.126 0.0175537 -0.00727098
 vertex 0.126 0.0164545 -0.0095
 vertex 0.134 0.0164545 -0.0095
 endloop
endfacet
facet normal 0 0 0
 outer loop
 vertex 0.126 0.0175537 -0.00727098
 vertex 0.134 0.0164545 -0.0095
 vertex 0.134 0.0175537 -0.00727098
 endloop
endfacet
facet normal 0 0 0
 outer loop
 vertex 0.134 0.0157983 -0.00654389
 vertex 0.134 0.014809 -0.00855
 vertex 0.126 0.014809 -0.00855
 endloop
endfacet
facet normal 0 0 0
 outer loop
 vertex 0.134 0.0157983 -0.00654389
 vertex 0.126 0.014809 -0.00855
 vertex 0.126 0.0157983 -0.00654389
 endloop
endfacet
facet normal 0 0 0
 outer loop
 vertex 0.126 0.0164545 -0.0095
 vertex 0.126 0.0150737 -0.0115665
 vertex 0.134 0.0150737 -0.0115665
 endloop
endfacet
facet normal 0 0 0
 outer loop
 vertex 0.126 0.0164545 -0.0095
 vertex 0.134 0.0150737 -0.0115665
 vertex 0.134 0.0164545 -0.0095
 endloop
endfacet
facet normal 0 0 0
 outer loop
 vertex 0.134 0.014809 -0.00855
 vertex 0.134 0.0135663 -0.0104098
 vertex 0.126 0.0135663 -0.0104098
 endloop
endfacet
facet normal 0 0 0
 outer loop
 vertex 0.134 0.014809 -0.00855
 vertex 0.126 0.0135663 -0.0104098
 vertex 0.126 0.014809 -0.00855
 endloop
endfacet
facet normal 0 0 0
 outer loop
 vertex 0.126 0.0150737 -0.0115665
 vertex 0.126 0.013435 -0.013435
 vertex 0.134 0.013435 -0.013435
 endloop
endfacet
facet normal 0 0 0
 outer loop
 vertex 0.126 0.0150737 -0.0115665
 vertex 0.134 0.013435 -0.013435
 vertex 0.134 0.0150737 -0.0115665
 endloop
endfacet
facet normal 0 0 0
 outer loop
 vertex 0.134 0.0135663 -0.0104098
 vertex 0.134 0.0120915 -0.0120915
 vertex 0.126 0.0120915 -0.0120915
 endloop
endfacet
facet normal 0 0 0
 outer loop
 vertex 0.134 0.0135663 -0.0104098
 vertex 0.126 0.0120915 -0.0120915
 vertex 0.126 0.0135663 -0.0104098
 endloop
endfacet
facet normal 0 0 0
 outer loop
 vertex 0.126 0.013435 -0.013435
 vertex 0.126 0.0115665 -0.0150737
 vertex 0.134 0.0115665 -0.0150737
 endloop
endfacet
facet normal 0 0 0
 outer loop
 vertex 0.126 0.013435 -0.013435
 vertex 0.134 0.0115665 -0.0150737
 vertex 0.134 0.013435 -0.013435
 endloop
endfacet
facet normal 0 0 0
 outer loop
 vertex 0.134 0.0120915 -0.0120915
 vertex 0.134 0.0104098 -0.0135663
 vertex 0.126 0.0104098 -0.0135663
 endloop
endfacet
facet normal 0 0 0
 outer loop
 vertex 0.134 0.0120915 -0.0120915
 vertex 0.126 0.0104098 -0.0135663
 vertex 0.126 0.0120915 -0.0120915
 endloop
endfacet
facet normal 0 0 0
 outer loop
 vertex 0.126 0.0115665 -0.0150737
 vertex 0.126 0.0095 -0.0164545
 vertex 0.134 0.0095 -0.0164545
 endloop
endfacet
facet normal 0 0 0
 outer loop
 vertex 0.126 0.0115665 -0.0150737
 vertex 0.134 0.0095 -0.0164545
 vertex 0.134 0.0115665 -0.0150737
 endloop
endfacet
facet normal 0 0 0
 outer loop
 vertex 0.134 0.0104098 -0.0135663
 vertex 0.134 0.00855 -0.014809
 vertex 0.126 0.00855 -0.014809
 endloop
endfacet
facet normal 0 0 0
 outer loop
 vertex 0.134 0.0104098 -0.0135663
 vertex 0.126 0.00855 -0.014809
 vertex 0.126 0.0104098 -0.0135663
 endloop
endfacet
facet normal 0 0 0
 outer loop
 vertex 0.126 0.0095 -0.0164545
 vertex 0.126 0.00727099 -0.0175537
 vertex 0.134 0.00727099 -0.0175537
 endloop
endfacet
facet normal 0 0 0
 outer loop
 vertex 0.126 0.0095 -0.0164545
 vertex 0.134 0.00727099 -0.0175537
 vertex 0.134 0.0095 -0.0164545
 endloop
endfacet
facet normal 0 0 0
 outer loop
 vertex 0.134 0.00855 -0.014809
 vertex 0.134 0.00654389 -0.0157983
 vertex 0.126 0.00654389 -0.0157983
 endloop
endfacet
facet normal 0 0 0
 outer loop
 vertex 0.134 0.00855 -0.014809
 vertex 0.126 0.00654389 -0.0157983
 vertex 0.126 0.00855 -0.014809
 endloop
endfacet
facet normal 0 0 0
 outer loop
 vertex 0.126 0.00727099 -0.0175537
 vertex 0.126 0.00491756 -0.0183526
 vertex 0.134 0.00491756 -0.0183526
 endloop
endfacet
facet normal 0 0 0
 outer loop
 vertex 0.126 0.00727099 -0.0175537
 vertex 0.134 0.00491756 -0.0183526
 vertex 0.134 0.00727099 -0.0175537
 endloop
endfacet
facet normal 0 0 0
 outer loop
 vertex 0.134 0.00654389 -0.0157983
 vertex 0.134 0.00442581 -0.0165173
 vertex 0.126 0.00442581 -0.0165173
 endloop
endfacet
facet normal 0 0 0
 outer loop
 vertex 0.134 0.00654389 -0.0157983
 vertex 0.126 0.00442581 -0.0165173
 vertex 0.126 0.00654389 -0.0157983
 endloop
endfacet
facet normal 0 0 0
 outer loop
 vertex 0.126 0.00491756 -0.0183526
 vertex 0.126 0.00248 -0.0188375
 vertex 0.134 0.00248 -0.0188375
 endloop
endfacet
facet normal 0 0 0
 outer loop
 vertex 0.126 0.00491756 -0.0183526
 vertex 0.134 0.00248 -0.0188375
 vertex 0.134 0.00491756 -0.0183526
 endloop
endfacet
facet normal 0 0 0
 outer loop
 vertex 0.134 0.00442581 -0.0165173
 vertex 0.134 0.002232 -0.0169537
 vertex 0.126 0.002232 -0.0169537
 endloop
endfacet
facet normal 0 0 0
 outer loop
 vertex 0.134 0.00442581 -0.0165173
 vertex 0.126 0.002232 -0.0169537
 vertex 0.126 0.00442581 -0.0165173
 endloop
endfacet
facet normal 0 0 0
 outer loop
 vertex 0.126 0.00248 -0.0188375
 vertex 0.126 -1.66103e-09 -0.019
 vertex 0.134 -1.66103e-09 -0.019
 endloop
endfacet
facet normal 0 0 0
 outer loop
 vertex 0.126 0.00248 -0.0188375
 vertex 0.134 -1.66103e-09 -0.019
 vertex 0.134 0.00248 -0.0188375
 endloop
endfacet
facet normal 0 0 0
 outer loop
 vertex 0.134 0.002232 -0.0169537
 vertex 0.134 -1.49493e-09 -0.0171
 vertex 0.126 -1.49493e-09 -0.0171
 endloop
endfacet
facet normal 0 0 0
 outer loop
 vertex 0.134 0.002232 -0.0169537
 vertex 0.126 -1.49493e-09 -0.0171
 vertex 0.126 0.002232 -0.0169537
 endloop
endfacet
facet normal 0 0 0
 outer loop
 vertex 0.126 -1.66103e-09 -0.019
 vertex 0.126 -0.00248 -0.0188375
 vertex 0.134 -0.00248 -0.0188375
 endloop
endfacet
facet normal 0 0 0
 outer loop
 vertex 0.126 -1.66103e-09 -0.019
 vertex 0.134 -0.00248 -0.0188375
 vertex 0.134 -1.66103e-09 -0.019
 endloop
endfacet
facet normal 0 0 0
 outer loop
 vertex 0.134 -1.49493e-09 -0.0171
 vertex 0.134 -0.002232 -0.0169537
 vertex 0.126 -0.002232 -0.0169537
 endloop
endfacet
facet normal 0 0 0
 outer loop
 vertex 0.134 -1.49493e-09 -0.0171
 vertex 0.126 -0.002232 -0.0169537
 vertex 0.126 -1.49493e-09 -0.0171
 endloop
endfacet
facet normal 0 0 0
 outer loop
 vertex 0.126 -0.00248 -0.0188375
 vertex 0.126 -0.00491756 -0.0183526
 vertex 0.134 -0.00491756 -0.0183526
 endloop
endfacet
facet normal 0 0 0
 outer loop
 vertex 0.126 -0.00248 -0.0188375
 vertex 0.134 -0.00491756 -0.0183526
 vertex 0.134 -0.00248 -0.0188375
 endloop
endfacet
facet normal 0 0 0
 outer loop
 vertex 0.134 -0.002232 -0.0169537
 vertex 0.134 -0.00442581 -0.0165173
 vertex 0.126 -0.00442581 -0.0165173
 endloop
endfacet
facet normal 0 0 0
 outer loop
 vertex 0.134 -0.002232 -0.0169537
 vertex 0.126 -0.00442581 -0.0165173
 vertex 0.126 -0.002232 -0.0169537
 endloop
endfacet
facet normal 0 0 0
 outer loop
 vertex 0.126 -0.00491756 -0.0183526
 vertex 0.126 -0.00727098 -0.0175537
 vertex 0.134 -0.00727098 -0.0175537
 endloop
endfacet
facet normal 0 0 0
 outer loop
 vertex 0.126 -0.00491756 -0.0183526
 vertex 0.134 -0.00727098 -0.0175537
 vertex 0.134 -0.00491756 -0.0183526
 endloop
endfacet
facet normal 0 0 0
 outer loop
 vertex 0.134 -0.00442581 -0.0165173
 vertex 0.134 -0.00654389 -0.0157983
 vertex 0.126 -0.00654389 -0.0157983
 endloop
endfacet
facet normal 0 0 0
 outer loop
 vertex 0.134 -0.00442581 -0.0165173
 vertex 0.126 -0.00654389 -0.0157983
 vertex 0.126 -0.00442581 -0.0165173
 endloop
endfacet
facet normal 0 0 0
 outer loop
 vertex 0.126 -0.00727098 -0.0175537
 vertex 0.126 -0.0095 -0.0164545
 vertex 0.134 -0.0095 -0.0164545
 endloop
endfacet
facet normal 0 0 0
 outer loop
 vertex 0.126 -0.00727098 -0.0175537
 vertex 0.134 -0.0095 -0.0164545
 vertex 0.134 -0.00727098 -0.0175537
 endloop
endfacet
facet normal 0 0 0
 outer loop
 vertex 0.134 -0.00654389 -0.0157983
 vertex 0.134 -0.00855 -0.014809
 vertex 0.126 -0.00855 -0.014809
 endloop
endfacet
facet normal 0 0 0
 outer loop
 vertex 0.134 -0.00654389 -0.0157983
 vertex 0.126 -0.00855 -0.014809
 vertex 0.126 -0.00654389 -0.0157983
 endloop
endfacet
facet normal 0 0 0
 outer loop
 vertex 0.126 -0.0095 -0.0164545
 vertex 0.126 -0.0115665 -0.0150737
 vertex 0.134 -0.0115665 -0.0150737
 endloop
endfacet
facet normal 0 0 0
 outer loop
 vertex 0.126 -0.0095 -0.0164545
 vertex 0.134 -0.0115665 -0.0150737
 vertex 0.134 -0.0095 -0.0164545
 endloop
endfacet
facet normal 0 0 0
 outer loop
 vertex 0.134 -0.00855 -0.014809
 vertex 0.134 -0.0104098 -0.0135663
 vertex 0.126 -0.0104098 -0.0135663
 endloop
endfacet
facet normal 0 0 0
 outer loop
 vertex 0.134 -0.00855 -0.014809
 vertex 0.126 -0.0104098 -0.0135663
 vertex 0.126 -0.00855 -0.014809
 endloop
endfacet
facet normal 0 0 0
 outer loop
 vertex 0.126 -0.0115665 -0.0150737
 vertex 0.126 -0.013435 -0.013435
 vertex 0.134 -0.013435 -0.013435
 endloop
endfacet
facet normal 0 0 0
 outer loop
 vertex 0.126 -0.0115665 -0.0150737
 vertex 0.134 -0.013435 -0.013435
 vertex 0.134 -0.0115665 -0.0150737
 endloop
endfacet
facet normal 0 0 0
 outer loop
 vertex 0.134 -0.0104098 -0.0135663
 vertex 0.134 -0.0120915 -0.0120915
 vertex 0.126 -0.0120915 -0.0120915
 endloop
endfacet
facet normal 0 0 0
 outer loop
 vertex 0.134 -0.0104098 -0.0135663
 vertex 0.126 -0.0120915 -0.0120915
 vertex 0.126 -0.0104098 -0.0135663
 endloop
endfacet
facet normal 0 0 0
 outer loop
 vertex 0.126 -0.013435 -0.013435
 vertex 0.126 -0.0150737 -0.0115665
 vertex 0.134 -0.0150737 -0.0115665
 endloop
endfacet
facet normal 0 0 0
 outer loop
 vertex 0.126 -0.013435 -0.013435
 vertex 0.134 -0.0150737 -0.0115665
 vertex 0.134 -0.013435 -0.013435
 endloop
endfacet
facet normal 0 0 0
 outer loop
 vertex 0.134 -0.0120915 -0.0120915
 vertex 0.134 -0.0135663 -0.0104098
 vertex 0.126 -0.0135663 -0.0104098
 endloop
endfacet
facet normal 0 0 0
 outer loop
 vertex 0.134 -0.0120915 -0.0120915
 vertex 0.126 -0.0135663 -0.0104098
 vertex 0.126 -0.0120915 -0.0120915
 endloop
endfacet
facet normal 0 0 0
 outer loop
 vertex 0.126 -0.0150737 -0.0115665
 vertex 0.126 -0.0164545 -0.0095
 vertex 0.134 -0.0164545 -0.0095
 endloop
endfacet
facet normal 0 0 0
 outer loop
 vertex 0.126 -0.0150737 -0.0115665
 vertex 0.134 -0.0164545 -0.0095
 vertex 0.134 -0.0150737 -0.0115665
 endloop
endfacet
facet normal 0 0 0
 outer loop
 vertex 0.134 -0.0135663 -0.0104098
 vertex 0.134 -0.014809 -0.00855
 vertex 0.126 -0.014809 -0.00855
 endloop
endfacet
facet normal 0 0 0
 outer loop
 vertex 0.134 -0.0135663 -0.0104098
 vertex 0.126 -0.014809 -0.00855
 vertex 0.126 -0.0135663 -0.0104098
 endloop
endfacet
facet normal 0 0 0
 outer loop
 vertex 0.126 -0.0164545 -0.0095
 vertex 0.126 -0.0175537 -0.00727099
 vertex 0.134 -0.0175537 -0.00727099
 endloop
endfacet
facet normal 0 0 0
 outer loop
 vertex 0.126 -0.0164545 -0.0095
 vertex 0.134 -0.0175537 -0.00727099
 vertex 0.134 -0.0164545 -0.0095
 endloop
endfacet
facet normal 0 0 0
 outer loop
 vertex 0.134 -0.014809 -0.00855
 vertex 0.134 -0.0157983 -0.00654389
 vertex 0.126 -0.0157983 -0.00654389
 endloop
endfacet
facet normal 0 0 0
 outer loop
 vertex 0.134 -0.014809 -0.00855
 vertex 0.126 -0.0157983 -0.00654389
 vertex 0.126 -0.014809 -0.00855
 endloop
endfacet
facet normal 0 0 0
 outer loop
 vertex 0.126 -0.0175537 -0.00727099
 vertex 0.126 -0.0183526 -0.00491756
 vertex 0.134 -0.0183526 -0.00491756
 endloop
endfacet
facet normal 0 0 0
 outer loop
 vertex 0.126 -0.0175537 -0.00727099
 vertex 0.134 -0.0183526 -0.00491756
 vertex 0.134 -0.0175537 -0.00727099
 endloop
endfacet
facet normal 0 0 0
 outer loop
 vertex 0.134 -0.0157983 -0.00654389
 vertex 0.134 -0.0165173 -0.0044258
 vertex 0.126 -0.0165173 -0.0044258
 endloop
endfacet
facet normal 0 0 0
 outer loop
 vertex 0.134 -0.0157983 -0.00654389
 vertex 0.126 -0.0165173 -0.0044258
 vertex 0.126 -0.0157983 -0.00654389
 endloop
endfacet
facet normal 0 0 0
 outer loop
 vertex 0.126 -0.0183526 -0.00491756
 vertex 0.126 -0.0188375 -0.00248
 vertex 0.134 -0.0188375 -0.00248
 endloop
endfacet
facet normal 0 0 0
 outer loop
 vertex 0.126 -0.0183526 -0.00491756
 vertex 0.134 -0.0188375 -0.00248
 vertex 0.134 -0.0183526 -0.00491756
 endloop
endfacet
facet normal 0 0 0
 outer loop
 vertex 0.134 -0.0165173 -0.0044258
 vertex 0.134 -0.0169537 -0.002232
 vertex 0.126 -0.0169537 -0.002232
 endloop
endfacet
facet normal 0 0 0
 outer loop
 vertex 0.134 -0.0165173 -0.0044258
 vertex 0.126 -0.0169537 -0.002232
 vertex 0.126 -0.0165173 -0.0044258
 endloop
endfacet
facet normal 0 0 0
 outer loop
 vertex 0.126 -0.0188375 -0.00248
 vertex 0.126 -0.019 2.26573e-10
 vertex 0.134 -0.019 2.26573e-10
 endloop
endfacet
facet normal 0 0 0
 outer loop
 vertex 0.126 -0.0188375 -0.00248
 vertex 0.134 -0.019 2.26573e-10
 vertex 0.134 -0.0188375 -0.00248
 endloop
endfacet
facet normal 0 0 0
 outer loop
 vertex 0.134 -0.0169537 -0.002232
 vertex 0.134 -0.0171 2.03915e-10
 vertex 0.126 -0.0171 2.03915e-10
 endloop
endfacet
facet normal 0 0 0
 outer loop
 vertex 0.134 -0.0169537 -0.002232
 vertex 0.126 -0.0171 2.03915e-10
 vertex 0.126 -0.0169537 -0.002232
 endloop
endfacet
facet normal 0 0 0
 outer loop
 vertex 0.126 -0.019 2.26573e-10
 vertex 0.126 -0.0188375 0.00248
 vertex 0.134 -0.0188375 0.00248
 endloop
endfacet
facet normal 0 0 0
 outer loop
 vertex 0.126 -0.019 2.26573e-10
 vertex 0.134 -0.0188375 0.00248
 vertex 0.134 -0.019 2.26573e-10
 endloop
endfacet
facet normal 0 0 0
 outer loop
 vertex 0.134 -0.0171 2.03915e-10
 vertex 0.134 -0.0169537 0.002232
 vertex 0.126 -0.0169537 0.002232
 endloop
endfacet
facet normal 0 0 0
 outer loop
 vertex 0.134 -0.0171 2.03915e-10
 vertex 0.126 -0.0169537 0.002232
 vertex 0.126 -0.0171 2.03915e-10
 endloop
endfacet
facet normal 0 0 0
 outer loop
 vertex 0.126 -0.0188375 0.00248
 vertex 0.126 -0.0183526 0.00491756
 vertex 0.134 -0.0183526 0.00491756
 endloop
endfacet
facet normal 0 0 0
 outer loop
 vertex 0.126 -0.0188375 0.00248
 vertex 0.134 -0.0183526 0.00491756
 vertex 0.134 -0.0188375 0.00248
 endloop
endfacet
facet normal 0 0 0
 outer loop
 vertex 0.134 -0.0169537 0.002232
 vertex 0.134 -0.0165173 0.00442581
 vertex 0.126 -0.0165173 0.00442581
 endloop
endfacet
facet normal 0 0 0
 outer loop
 vertex 0.134 -0.0169537 0.002232
 vertex 0.126 -0.0165173 0.00442581
 vertex 0.126 -0.0169537 0.002232
 endloop
endfacet
facet normal 0 0 0
 outer loop
 vertex 0.126 -0.0183526 0.00491756
 vertex 0.126 -0.0175537 0.00727099
 vertex 0.134 -0.0175537 0.00727099
 endloop
endfacet
facet normal 0 0 0
 outer loop
 vertex 0.126 -0.0183526 0.00491756
 vertex 0.134 -0.0175537 0.00727099
 vertex 0.134 -0.0183526 0.00491756
 endloop
endfacet
facet normal 0 0 0
 outer loop
 vertex 0.134 -0.0165173 0.00442581
 vertex 0.134 -0.0157983 0.00654389
 vertex 0.126 -0.0157983 0.00654389
 endloop
endfacet
facet normal 0 0 0
 outer loop
 vertex 0.134 -0.0165173 0.00442581
 vertex 0.126 -0.0157983 0.00654389
 vertex 0.126 -0.0165173 0.00442581
 endloop
endfacet
facet normal 0 0 0
 outer loop
 vertex 0.126 -0.0175537 0.00727099
 vertex 0.126 -0.0164545 0.0095
 vertex 0.134 -0.0164545 0.0095
 endloop
endfacet
facet normal 0 0 0
 outer loop
 vertex 0.126 -0.0175537 0.00727099
 vertex 0.134 -0.0164545 0.0095
 vertex 0.134 -0.0175537 0.00727099
 endloop
endfacet
facet normal 0 0 0
 outer loop
 vertex 0.134 -0.0157983 0.00654389
 vertex 0.134 -0.014809 0.00855
 vertex 0.126 -0.014809 0.00855
 endloop
endfacet
facet normal 0 0 0
 outer loop
 vertex 0.134 -0.0157983 0.00654389
 vertex 0.126 -0.014809 0.00855
 vertex 0.126 -0.0157983 0.00654389
 endloop
endfacet
facet normal 0 0 0
 outer loop
 vertex 0.126 -0.0164545 0.0095
 vertex 0.126 -0.0150737 0.0115665
 vertex 0.134 -0.0150737 0.0115665
 endloop
endfacet
facet normal 0 0 0
 outer loop
 vertex 0.126 -0.0164545 0.0095
 vertex 0.134 -0.0150737 0.0115665
 vertex 0.134 -0.0164545 0.0095
 endloop
endfacet
facet normal 0 0 0
 outer loop
 vertex 0.134 -0.014809 0.00855
 vertex 0.134 -0.0135663 0.0104098
 vertex 0.126 -0.0135663 0.0104098
 endloop
endfacet
facet normal 0 0 0
 outer loop
 vertex 0.134 -0.014809 0.00855
 vertex 0.126 -0.0135663 0.0104098
 vertex 0.126 -0.014809 0.00855
 endloop
endfacet
facet normal 0 0 0
 outer loop
 vertex 0.126 -0.0150737 0.0115665
 vertex 0.126 -0.013435 0.013435
 vertex 0.134 -0.013435 0.013435
 endloop
endfacet
facet normal 0 0 0
 outer loop
 vertex 0.126 -0.0150737 0.0115665
 vertex 0.134 -0.013435 0.013435
 vertex 0.134 -0.0150737 0.0115665
 endloop
endfacet
facet normal 0 0 0
 outer loop
 vertex 0.134 -0.0135663 0.0104098
 vertex 0.134 -0.0120915 0.0120915
 vertex 0.126 -0.0120915 0.0120915
 endloop
endfacet
facet normal 0 0 0
 outer loop
 vertex 0.134 -0.0135663 0.0104098
 vertex 0.126 -0.0120915 0.0120915
 vertex 0.126 -0.0135663 0.0104098
 endloop
endfacet
facet normal 0 0 0
 outer loop
 vertex 0.126 -0.013435 0.013435
 vertex 0.126 -0.0115665 0.0150737
 vertex 0.134 -0.0115665 0.0150737
 endloop
endfacet
facet normal 0 0 0
 outer loop
 vertex 0.126 -0.013435 0.013435
 vertex 0.134 -0.0115665 0.0150737
 vertex 0.134 -0.013435 0.013435
 endloop
endfacet
facet normal 0 0 0
 outer loop
 vertex 0.134 -0.0120915 0.0120915
 vertex 0.134 -0.0104098 0.0135663
 vertex 0.126 -0.0104098 0.0135663
 endloop
endfacet
facet normal 0 0 0
 outer loop
 vertex 0.134 -0.0120915 0.0120915
 vertex 0.126 -0.0104098 0.0135663
 vertex 0.126 -0.0120915 0.0120915
 endloop
endfacet
facet normal 0 0 0
 outer loop
 vertex 0.126 -0.0115665 0.0150737
 vertex 0.126 -0.0095 0.0164545
 vertex 0.134 -0.0095 0.0164545
 endloop
endfacet
facet normal 0 0 0
 outer loop
 vertex 0.126 -0.0115665 0.0150737
 vertex 0.134 -0.0095 0.0164545
 vertex 0.134 -0.0115665 0.0150737
 endloop
endfacet
facet normal 0 0 0
 outer loop
 vertex 0.134 -0.0104098 0.0135663
 vertex 0.134 -0.00855 0.014809
 vertex 0.126 -0.00855 0.014809
 endloop
endfacet
facet normal 0 0 0
 outer loop
 vertex 0.134 -0.0104098 0.0135663
 vertex 0.126 -0.00855 0.014809
 vertex 0.126 -0.0104098 0.0135663
 endloop
endfacet
facet normal 0 0 0
 outer loop
 vertex 0.126 -0.0095 0.0164545
 vertex 0.126 -0.00727098 0.0175537
 vertex 0.134 -0.00727098 0.0175537
 endloop
endfacet
facet normal 0 0 0
 outer loop
 vertex 0.126 -0.0095 0.0164545
 vertex 0.134 -0.00727098 0.0175537
 vertex 0.134 -0.0095 0.0164545
 endloop
endfacet
facet normal 0 0 0
 outer loop
 vertex 0.134 -0.00855 0.014809
 vertex 0.134 -0.00654389 0.0157983
 vertex 0.126 -0.00654389 0.0157983
 endloop
endfacet
facet normal 0 0 0
 outer loop
 vertex 0.134 -0.00855 0.014809
 vertex 0.126 -0.00654389 0.0157983
 vertex 0.126 -0.00855 0.014809
 endloop
endfacet
facet normal 0 0 0
 outer loop
 vertex 0.126 -0.00727098 0.0175537
 vertex 0.126 -0.00491756 0.0183526
 vertex 0.134 -0.00491756 0.0183526
 endloop
endfacet
facet normal 0 0 0
 outer loop
 vertex 0.126 -0.00727098 0.0175537
 vertex 0.134 -0.00491756 0.0183526
 vertex 0.134 -0.00727098 0.0175537
 endloop
endfacet
facet normal 0 0 0
 outer loop
 vertex 0.134 -0.00654389 0.0157983
 vertex 0.134 -0.0044258 0.0165173
 vertex 0.126 -0.0044258 0.0165173
 endloop
endfacet
facet normal 0 0 0
 outer loop
 vertex 0.134 -0.00654389 0.0157983
 vertex 0.126 -0.0044258 0.0165173
 vertex 0.126 -0.00654389 0.0157983
 endloop
endfacet
facet normal 0 0 0
 outer loop
 vertex 0.126 -0.00491756 0.0183526
 vertex 0.126 -0.00248 0.0188375
 vertex 0.134 -0.00248 0.0188375
 endloop
endfacet
facet normal 0 0 0
 outer loop
 vertex 0.126 -0.00491756 0.0183526
 vertex 0.134 -0.00248 0.0188375
 vertex 0.134 -0.00491756 0.0183526
 endloop
endfacet
facet normal 0 0 0
 outer loop
 vertex 0.134 -0.0044258 0.0165173
 vertex 0.134 -0.002232 0.0169537
 vertex 0.126 -0.002232 0.0169537
 endloop
endfacet
facet normal 0 0 0
 outer loop
 vertex 0.134 -0.0044258 0.0165173
 vertex 0.126 -0.002232 0.0169537
 vertex 0.126 -0.0044258 0.0165173
 endloop
endfacet
facet normal 0 0 0
 outer loop
 vertex 0.126 -0.00248 0.0188375
 vertex 0.126 3.32207e-09 0.019
 vertex 0.134 3.32207e-09 0.019
 endloop
endfacet
facet normal 0 0 0
 outer loop
 vertex 0.126 -0.00248 0.0188375
 vertex 0.134 3.32207e-09 0.019
 vertex 0.134 -0.00248 0.0188375
 endloop
endfacet
facet normal 0 0 0
 outer loop
 vertex 0.134 -0.002232 0.0169537
 vertex 0.134 2.98986e-09 0.0171
 vertex 0.126 2.98986e-09 0.0171
 endloop
endfacet
facet normal 0 0 0
 outer loop
 vertex 0.134 -0.002232 0.0169537
 vertex 0.126 2.98986e-09 0.0171
 vertex 0.126 -0.002232 0.0169537
 endloop
endfacet
facet normal 0 0 0
 outer loop
 vertex 0.126 0 0.0171
 vertex 0.126 0.002232 0.0169537
 vertex 0.126 0.00248 0.0188375
 endloop
endfacet
facet normal 0 0 0
 outer loop
 vertex 0.126 0 0.0171
 vertex 0.126 0.00248 0.0188375
 vertex 0.126 0 0.019
 endloop
endfacet
facet normal 0 0 0
 outer loop
 vertex 0.134 0 0.0171
 vertex 0.134 0 0.019
 vertex 0.134 0.00248 0.0188375
 endloop
endfacet
facet normal 0 0 0
 outer loop
 vertex 0.134 0 0.0171
 vertex 0.134 0.00248 0.0188375
 vertex 0.134 0.002232 0.0169537
 endloop
endfacet
facet normal 0 0 0
 outer loop
 vertex 0.126 0.002232 0.0169537
 vertex 0.126 0.00442581 0.0165173
 vertex 0.126 0.00491756 0.0183526
 endloop
endfacet
facet normal 0 0 0
 outer loop
 vertex 0.126 0.002232 0.0169537
 vertex 0.126 0.00491756 0.0183526
 vertex 0.126 0.00248 0.0188375
 endloop
endfacet
facet normal 0 0 0
 outer loop
 vertex 0.134 0.002232 0.0169537
 vertex 0.134 0.00248 0.0188375
 vertex 0.134 0.00491756 0.0183526
 endloop
endfacet
facet normal 0 0 0
 outer loop
 vertex 0.134 0.002232 0.0169537
 vertex 0.134 0.00491756 0.0183526
 vertex 0.134 0.00442581 0.0165173
 endloop
endfacet
facet normal 0 0 0
 outer loop
 vertex 0.126 0.00442581 0.0165173
 vertex 0.126 0.00654389 0.0157983
 vertex 0.126 0.00727099 0.0175537
 endloop
endfacet
facet normal 0 0 0
 outer loop
 vertex 0.126 0.00442581 0.0165173
 vertex 0.126 0.00727099 0.0175537
 vertex 0.126 0.00491756 0.0183526
 endloop
endfacet
facet normal 0 0 0
 outer loop
 vertex 0.134 0.00442581 0.0165173
 vertex 0.134 0.00491756 0.0183526
 vertex 0.134 0.00727099 0.0175537
 endloop
endfacet
facet normal 0 0 0
 outer loop
 vertex 0.134 0.00442581 0.0165173
 vertex 0.134 0.00727099 0.0175537
 vertex 0.134 0.00654389 0.0157983
 endloop
endfacet
facet normal 0 0 0
 outer loop
 vertex 0.126 0.00654389 0.0157983
 vertex 0.126 0.00855 0.014809
 vertex 0.126 0.0095 0.0164545
 endloop
endfacet
facet normal 0 0 0
 outer loop
 vertex 0.126 0.00654389 0.0157983
 vertex 0.126 0.0095 0.0164545
 vertex 0.126 0.00727099 0.0175537
 endloop
endfacet
facet normal 0 0 0
 outer loop
 vertex 0.134 0.00654389 0.0157983
 vertex 0.134 0.00727099 0.0175537
 vertex 0.134 0.0095 0.0164545
 endloop
endfacet
facet normal 0 0 0
 outer loop
 vertex 0.134 0.00654389 0.0157983
 vertex 0.134 0.0095 0.0164545
 vertex 0.134 0.00855 0.014809
 endloop
endfacet
facet normal 0 0 0
 outer loop
 vertex 0.126 0.00855 0.014809
 vertex 0.126 0.0104098 0.0135663
 vertex 0.126 0.0115665 0.0150737
 endloop
endfacet
facet normal 0 0 0
 outer loop
 vertex 0.126 0.00855 0.014809
 vertex 0.126 0.0115665 0.0150737
 vertex 0.126 0.0095 0.0164545
 endloop
endfacet
facet normal 0 0 0
 outer loop
 vertex 0.134 0.00855 0.014809
 vertex 0.134 0.0095 0.0164545
 vertex 0.134 0.0115665 0.0150737
 endloop
endfacet
facet normal 0 0 0
 outer loop
 vertex 0.134 0.00855 0.014809
 vertex 0.134 0.0115665 0.0150737
 vertex 0.134 0.0104098 0.0135663
 endloop
endfacet
facet normal 0 0 0
 outer loop
 vertex 0.126 0.0104098 0.0135663
 vertex 0.126 0.0120915 0.0120915
 vertex 0.126 0.013435 0.013435
 endloop
endfacet
facet normal 0 0 0
 outer loop
 vertex 0.126 0.0104098 0.0135663
 vertex 0.126 0.013435 0.013435
 vertex 0.126 0.0115665 0.0150737
 endloop
endfacet
facet normal 0 0 0
 outer loop
 vertex 0.134 0.0104098 0.0135663
 vertex 0.134 0.0115665 0.0150737
 vertex 0.134 0.013435 0.013435
 endloop
endfacet
facet normal 0 0 0
 outer loop
 vertex 0.134 0.0104098 0.0135663
 vertex 0.134 0.013435 0.013435
 vertex 0.134 0.0120915 0.0120915
 endloop
endfacet
facet normal 0 0 0
 outer loop
 vertex 0.126 0.0120915 0.0120915
 vertex 0.126 0.0135663 0.0104098
 vertex 0.126 0.0150737 0.0115665
 endloop
endfacet
facet normal 0 0 0
 outer loop
 vertex 0.126 0.0120915 0.0120915
 vertex 0.126 0.0150737 0.0115665
 vertex 0.126 0.013435 0.013435
 endloop
endfacet
facet normal 0 0 0
 outer loop
 vertex 0.134 0.0120915 0.0120915
 vertex 0.134 0.013435 0.013435
 vertex 0.134 0.0150737 0.0115665
 endloop
endfacet
facet normal 0 0 0
 outer loop
 vertex 0.134 0.0120915 0.0120915
 vertex 0.134 0.0150737 0.0115665
 vertex 0.134 0.0135663 0.0104098
 endloop
endfacet
facet normal 0 0 0
 outer loop
 vertex 0.126 0.0135663 0.0104098
 vertex 0.126 0.014809 0.00855
 vertex 0.126 0.0164545 0.0095
 endloop
endfacet
facet normal 0 0 0
 outer loop
 vertex 0.126 0.0135663 0.0104098
 vertex 0.126 0.0164545 0.0095
 vertex 0.126 0.0150737 0.0115665
 endloop
endfacet
facet normal 0 0 0
 outer loop
 vertex 0.134 0.0135663 0.0104098
 vertex 0.134 0.0150737 0.0115665
 vertex 0.134 0.0164545 0.0095
 endloop
endfacet
facet normal 0 0 0
 outer loop
 vertex 0.134 0.0135663 0.0104098
 vertex 0.134 0.0164545 0.0095
 vertex 0.134 0.014809 0.00855
 endloop
endfacet
facet normal 0 0 0
 outer loop
 vertex 0.126 0.014809 0.00855
 vertex 0.126 0.0157983 0.00654389
 vertex 0.126 0.0175537 0.00727098
 endloop
endfacet
facet normal 0 0 0
 outer loop
 vertex 0.126 0.014809 0.00855
 vertex 0.126 0.0175537 0.00727098
 vertex 0.126 0.0164545 0.0095
 endloop
endfacet
facet normal 0 0 0
 outer loop
 vertex 0.134 0.014809 0.00855
 vertex 0.134 0.0164545 0.0095
 vertex 0.134 0.0175537 0.00727098
 endloop
endfacet
facet normal 0 0 0
 outer loop
 vertex 0.134 0.014809 0.00855
 vertex 0.134 0.0175537 0.00727098
 vertex 0.134 0.0157983 0.00654389
 endloop
endfacet
facet normal 0 0 0
 outer loop
 vertex 0.126 0.0157983 0.00654389
 vertex 0.126 0.0165173 0.00442581
 vertex 0.126 0.0183526 0.00491756
 endloop
endfacet
facet normal 0 0 0
 outer loop
 vertex 0.126 0.0157983 0.00654389
 vertex 0.126 0.0183526 0.00491756
 vertex 0.126 0.0175537 0.00727098
 endloop
endfacet
facet normal 0 0 0
 outer loop
 vertex 0.134 0.0157983 0.00654389
 vertex 0.134 0.0175537 0.00727098
 vertex 0.134 0.0183526 0.00491756
 endloop
endfacet
facet normal 0 0 0
 outer loop
 vertex 0.134 0.0157983 0.00654389
 vertex 0.134 0.0183526 0.00491756
 vertex 0.134 0.0165173 0.00442581
 endloop
endfacet
facet normal 0 0 0
 outer loop
 vertex 0.126 0.0165173 0.00442581
 vertex 0.126 0.0169537 0.002232
 vertex 0.126 0.0188375 0.00248
 endloop
endfacet
facet normal 0 0 0
 outer loop
 vertex 0.126 0.0165173 0.00442581
 vertex 0.126 0.0188375 0.00248
 vertex 0.126 0.0183526 0.00491756
 endloop
endfacet
facet normal 0 0 0
 outer loop
 vertex 0.134 0.0165173 0.00442581
 vertex 0.134 0.0183526 0.00491756
 vertex 0.134 0.0188375 0.00248
 endloop
endfacet
facet normal 0 0 0
 outer loop
 vertex 0.134 0.0165173 0.00442581
 vertex 0.134 0.0188375 0.00248
 vertex 0.134 0.0169537 0.002232
 endloop
endfacet
facet normal 0 0 0
 outer loop
 vertex 0.126 0.0169537 0.002232
 vertex 0.126 0.0171 -7.47465e-10
 vertex 0.126 0.019 -8.30516e-10
 endloop
endfacet
facet normal 0 0 0
 outer loop
 vertex 0.126 0.0169537 0.002232
 vertex 0.126 0.019 -8.30516e-10
 vertex 0.126 0.0188375 0.00248
 endloop
endfacet
facet normal 0 0 0
 outer loop
 vertex 0.134 0.0169537 0.002232
 vertex 0.134 0.0188375 0.00248
 vertex 0.134 0.019 -8.30516e-10
 endloop
endfacet
facet normal 0 0 0
 outer loop
 vertex 0.134 0.0169537 0.002232
 vertex 0.134 0.019 -8.30516e-10
 vertex 0.134 0.0171 -7.47465e-10
 endloop
endfacet
facet normal 0 0 0
 outer loop
 vertex 0.126 0.0171 -7.47465e-10
 vertex 0.126 0.0169537 -0.002232
 vertex 0.126 0.0188375 -0.00248
 endloop
endfacet
facet normal 0 0 0
 outer loop
 vertex 0.126 0.0171 -7.47465e-10
 vertex 0.126 0.0188375 -0.00248
 vertex 0.126 0.019 -8.30516e-10
 endloop
endfacet
facet normal 0 0 0
 outer loop
 vertex 0.134 0.0171 -7.47465e-10
 vertex 0.134 0.019 -8.30516e-10
 vertex 0.134 0.0188375 -0.00248
 endloop
endfacet
facet normal 0 0 0
 outer loop
 vertex 0.134 0.0171 -7.47465e-10
 vertex 0.134 0.0188375 -0.00248
 vertex 0.134 0.0169537 -0.002232
 endloop
endfacet
facet normal 0 0 0
 outer loop
 vertex 0.126 0.0169537 -0.002232
 vertex 0.126 0.0165173 -0.00442581
 vertex 0.126 0.0183526 -0.00491756
 endloop
endfacet
facet normal 0 0 0
 outer loop
 vertex 0.126 0.0169537 -0.002232
 vertex 0.126 0.0183526 -0.00491756
 vertex 0.126 0.0188375 -0.00248
 endloop
endfacet
facet normal 0 0 0
 outer loop
 vertex 0.134 0.0169537 -0.002232
 vertex 0.134 0.0188375 -0.00248
 vertex 0.134 0.0183526 -0.00491756
 endloop
endfacet
facet normal 0 0 0
 outer loop
 vertex 0.134 0.0169537 -0.002232
 vertex 0.134 0.0183526 -0.00491756
 vertex 0.134 0.0165173 -0.00442581
 endloop
endfacet
facet normal 0 0 0
 outer loop
 vertex 0.126 0.0165173 -0.00442581
 vertex 0.126 0.0157983 -0.00654389
 vertex 0.126 0.0175537 -0.00727098
 endloop
endfacet
facet normal 0 0 0
 outer loop
 vertex 0.126 0.0165173 -0.00442581
 vertex 0.126 0.0175537 -0.00727098
 vertex 0.126 0.0183526 -0.00491756
 endloop
endfacet
facet normal 0 0 0
 outer loop
 vertex 0.134 0.0165173 -0.00442581
 vertex 0.134 0.0183526 -0.00491756
 vertex 0.134 0.0175537 -0.00727098
 endloop
endfacet
facet normal 0 0 0
 outer loop
 vertex 0.134 0.0165173 -0.00442581
 vertex 0.134 0.0175537 -0.00727098
 vertex 0.134 0.0157983 -0.00654389
 endloop
endfacet
facet normal 0 0 0
 outer loop
 vertex 0.126 0.0157983 -0.00654389
 vertex 0.126 0.014809 -0.00855
 vertex 0.126 0.0164545 -0.0095
 endloop
endfacet
facet normal 0 0 0
 outer loop
 vertex 0.126 0.0157983 -0.00654389
 vertex 0.126 0.0164545 -0.0095
 vertex 0.126 0.0175537 -0.00727098
 endloop
endfacet
facet normal 0 0 0
 outer loop
 vertex 0.134 0.0157983 -0.00654389
 vertex 0.134 0.0175537 -0.00727098
 vertex 0.134 0.0164545 -0.0095
 endloop
endfacet
facet normal 0 0 0
 outer loop
 vertex 0.134 0.0157983 -0.00654389
 vertex 0.134 0.0164545 -0.0095
 vertex 0.134 0.014809 -0.00855
 endloop
endfacet
facet normal 0 0 0
 outer loop
 vertex 0.126 0.014809 -0.00855
 vertex 0.126 0.0135663 -0.0104098
 vertex 0.126 0.0150737 -0.0115665
 endloop
endfacet
facet normal 0 0 0
 outer loop
 vertex 0.126 0.014809 -0.00855
 vertex 0.126 0.0150737 -0.0115665
 vertex 0.126 0.0164545 -0.0095
 endloop
endfacet
facet normal 0 0 0
 outer loop
 vertex 0.134 0.014809 -0.00855
 vertex 0.134 0.0164545 -0.0095
 vertex 0.134 0.0150737 -0.0115665
 endloop
endfacet
facet normal 0 0 0
 outer loop
 vertex 0.134 0.014809 -0.00855
 vertex 0.134 0.0150737 -0.0115665
 vertex 0.134 0.0135663 -0.0104098
 endloop
endfacet
facet normal 0 0 0
 outer loop
 vertex 0.126 0.0135663 -0.0104098
 vertex 0.126 0.0120915 -0.0120915
 vertex 0.126 0.013435 -0.013435
 endloop
endfacet
facet normal 0 0 0
 outer loop
 vertex 0.126 0.0135663 -0.0104098
 vertex 0.126 0.013435 -0.013435
 vertex 0.126 0.0150737 -0.0115665
 endloop
endfacet
facet normal 0 0 0
 outer loop
 vertex 0.134 0.0135663 -0.0104098
 vertex 0.134 0.0150737 -0.0115665
 vertex 0.134 0.013435 -0.013435
 endloop
endfacet
facet normal 0 0 0
 outer loop
 vertex 0.134 0.0135663 -0.0104098
 vertex 0.134 0.013435 -0.013435
 vertex 0.134 0.0120915 -0.0120915
 endloop
endfacet
facet normal 0 0 0
 outer loop
 vertex 0.126 0.0120915 -0.0120915
 vertex 0.126 0.0104098 -0.0135663
 vertex 0.126 0.0115665 -0.0150737
 endloop
endfacet
facet normal 0 0 0
 outer loop
 vertex 0.126 0.0120915 -0.0120915
 vertex 0.126 0.0115665 -0.0150737
 vertex 0.126 0.013435 -0.013435
 endloop
endfacet
facet normal 0 0 0
 outer loop
 vertex 0.134 0.0120915 -0.0120915
 vertex 0.134 0.013435 -0.013435
 vertex 0.134 0.0115665 -0.0150737
 endloop
endfacet
facet normal 0 0 0
 outer loop
 vertex 0.134 0.0120915 -0.0120915
 vertex 0.134 0.0115665 -0.0150737
 vertex 0.134 0.0104098 -0.0135663
 endloop
endfacet
facet normal 0 0 0
 outer loop
 vertex 0.126 0.0104098 -0.0135663
 vertex 0.126 0.00855 -0.014809
 vertex 0.126 0.0095 -0.0164545
 endloop
endfacet
facet normal 0 0 0
 outer loop
 vertex 0.126 0.0104098 -0.0135663
 vertex 0.126 0.0095 -0.0164545
 vertex 0.126 0.0115665 -0.0150737
 endloop
endfacet
facet normal 0 0 0
 outer loop
 vertex 0.134 0.0104098 -0.0135663
 vertex 0.134 0.0115665 -0.0150737
 vertex 0.134 0.0095 -0.0164545
 endloop
endfacet
facet normal 0 0 0
 outer loop
 vertex 0.134 0.0104098 -0.0135663
 vertex 0.134 0.0095 -0.0164545
 vertex 0.134 0.00855 -0.014809
 endloop
endfacet
facet normal 0 0 0
 outer loop
 vertex 0.126 0.00855 -0.014809
 vertex 0.126 0.00654389 -0.0157983
 vertex 0.126 0.00727099 -0.0175537
 endloop
endfacet
facet normal 0 0 0
 outer loop
 vertex 0.126 0.00855 -0.014809
 vertex 0.126 0.00727099 -0.0175537
 vertex 0.126 0.0095 -0.0164545
 endloop
endfacet
facet normal 0 0 0
 outer loop
 vertex 0.134 0.00855 -0.014809
 vertex 0.134 0.0095 -0.0164545
 vertex 0.134 0.00727099 -0.0175537
 endloop
endfacet
facet normal 0 0 0
 outer loop
 vertex 0.134 0.00855 -0.014809
 vertex 0.134 0.00727099 -0.0175537
 vertex 0.134 0.00654389 -0.0157983
 endloop
endfacet
facet normal 0 0 0
 outer loop
 vertex 0.126 0.00654389 -0.0157983
 vertex 0.126 0.00442581 -0.0165173
 vertex 0.126 0.00491756 -0.0183526
 endloop
endfacet
facet normal 0 0 0
 outer loop
 vertex 0.126 0.00654389 -0.0157983
 vertex 0.126 0.00491756 -0.0183526
 vertex 0.126 0.00727099 -0.0175537
 endloop
endfacet
facet normal 0 0 0
 outer loop
 vertex 0.134 0.00654389 -0.0157983
 vertex 0.134 0.00727099 -0.0175537
 vertex 0.134 0.00491756 -0.0183526
 endloop
endfacet
facet normal 0 0 0
 outer loop
 vertex 0.134 0.00654389 -0.0157983
 vertex 0.134 0.00491756 -0.0183526
 vertex 0.134 0.00442581 -0.0165173
 endloop
endfacet
facet normal 0 0 0
 outer loop
 vertex 0.126 0.00442581 -0.0165173
 vertex 0.126 0.002232 -0.0169537
 vertex 0.126 0.00248 -0.0188375
 endloop
endfacet
facet normal 0 0 0
 outer loop
 vertex 0.126 0.00442581 -0.0165173
 vertex 0.126 0.00248 -0.0188375
 vertex 0.126 0.00491756 -0.0183526
 endloop
endfacet
facet normal 0 0 0
 outer loop
 vertex 0.134 0.00442581 -0.0165173
 vertex 0.134 0.00491756 -0.0183526
 vertex 0.134 0.00248 -0.0188375
 endloop
endfacet
facet normal 0 0 0
 outer loop
 vertex 0.134 0.00442581 -0.0165173
 vertex 0.134 0.00248 -0.0188375
 vertex 0.134 0.002232 -0.0169537
 endloop
endfacet
facet normal 0 0 0
 outer loop
 vertex 0.126 0.002232 -0.0169537
 vertex 0.126 -1.49493e-09 -0.0171
 vertex 0.126 -1.66103e-09 -0.019
 endloop
endfacet
facet normal 0 0 0
 outer loop
 vertex 0.126 0.002232 -0.0169537
 vertex 0.126 -1.66103e-09 -0.019
 vertex 0.126 0.00248 -0.0188375
 endloop
endfacet
facet normal 0 0 0
 outer loop
 vertex 0.134 0.002232 -0.0169537
 vertex 0.134 0.00248 -0.0188375
 vertex 0.134 -1.66103e-09 -0.019
 endloop
endfacet
facet normal 0 0 0
 outer loop
 vertex 0.134 0.002232 -0.0169537
 vertex 0.134 -1.66103e-09 -0.019
 vertex 0.134 -1.49493e-09 -0.0171
 endloop
endfacet
facet normal 0 0 0
 outer loop
 vertex 0.126 -1.49493e-09 -0.0171
 vertex 0.126 -0.002232 -0.0169537
 vertex 0.126 -0.00248 -0.0188375
 endloop
endfacet
facet normal 0 0 0
 outer loop
 vertex 0.126 -1.49493e-09 -0.0171
 vertex 0.126 -0.00248 -0.0188375
 vertex 0.126 -1.66103e-09 -0.019
 endloop
endfacet
facet normal 0 0 0
 outer loop
 vertex 0.134 -1.49493e-09 -0.0171
 vertex 0.134 -1.66103e-09 -0.019
 vertex 0.134 -0.00248 -0.0188375
 endloop
endfacet
facet normal 0 0 0
 outer loop
 vertex 0.134 -1.49493e-09 -0.0171
 vertex 0.134 -0.00248 -0.0188375
 vertex 0.134 -0.002232 -0.0169537
 endloop
endfacet
facet normal 0 0 0
 outer loop
 vertex 0.126 -0.002232 -0.0169537
 vertex 0.126 -0.00442581 -0.0165173
 vertex 0.126 -0.00491756 -0.0183526
 endloop
endfacet
facet normal 0 0 0
 outer loop
 vertex 0.126 -0.002232 -0.0169537
 vertex 0.126 -0.00491756 -0.0183526
 vertex 0.126 -0.00248 -0.0188375
 endloop
endfacet
facet normal 0 0 0
 outer loop
 vertex 0.134 -0.002232 -0.0169537
 vertex 0.134 -0.00248 -0.0188375
 vertex 0.134 -0.00491756 -0.0183526
 endloop
endfacet
facet normal 0 0 0
 outer loop
 vertex 0.134 -0.002232 -0.0169537
 vertex 0.134 -0.00491756 -0.0183526
 vertex 0.134 -0.00442581 -0.0165173
 endloop
endfacet
facet normal 0 0 0
 outer loop
 vertex 0.126 -0.00442581 -0.0165173
 vertex 0.126 -0.00654389 -0.0157983
 vertex 0.126 -0.00727098 -0.0175537
 endloop
endfacet
facet normal 0 0 0
 outer loop
 vertex 0.126 -0.00442581 -0.0165173
 vertex 0.126 -0.00727098 -0.0175537
 vertex 0.126 -0.00491756 -0.0183526
 endloop
endfacet
facet normal 0 0 0
 outer loop
 vertex 0.134 -0.00442581 -0.0165173
 vertex 0.134 -0.00491756 -0.0183526
 vertex 0.134 -0.00727098 -0.0175537
 endloop
endfacet
facet normal 0 0 0
 outer loop
 vertex 0.134 -0.00442581 -0.0165173
 vertex 0.134 -0.00727098 -0.0175537
 vertex 0.134 -0.00654389 -0.0157983
 endloop
endfacet
facet normal 0 0 0
 outer loop
 vertex 0.126 -0.00654389 -0.0157983
 vertex 0.126 -0.00855 -0.014809
 vertex 0.126 -0.0095 -0.0164545
 endloop
endfacet
facet normal 0 0 0
 outer loop
 vertex 0.126 -0.00654389 -0.0157983
 vertex 0.126 -0.0095 -0.0164545
 vertex 0.126 -0.00727098 -0.0175537
 endloop
endfacet
facet normal 0 0 0
 outer loop
 vertex 0.134 -0.00654389 -0.0157983
 vertex 0.134 -0.00727098 -0.0175537
 vertex 0.134 -0.0095 -0.0164545
 endloop
endfacet
facet normal 0 0 0
 outer loop
 vertex 0.134 -0.00654389 -0.0157983
 vertex 0.134 -0.0095 -0.0164545
 vertex 0.134 -0.00855 -0.014809
 endloop
endfacet
facet normal 0 0 0
 outer loop
 vertex 0.126 -0.00855 -0.014809
 vertex 0.126 -0.0104098 -0.0135663
 vertex 0.126 -0.0115665 -0.0150737
 endloop
endfacet
facet normal 0 0 0
 outer loop
 vertex 0.126 -0.00855 -0.014809
 vertex 0.126 -0.0115665 -0.0150737
 vertex 0.126 -0.0095 -0.0164545
 endloop
endfacet
facet normal 0 0 0
 outer loop
 vertex 0.134 -0.00855 -0.014809
 vertex 0.134 -0.0095 -0.0164545
 vertex 0.134 -0.0115665 -0.0150737
 endloop
endfacet
facet normal 0 0 0
 outer loop
 vertex 0.134 -0.00855 -0.014809
 vertex 0.134 -0.0115665 -0.0150737
 vertex 0.134 -0.0104098 -0.0135663
 endloop
endfacet
facet normal 0 0 0
 outer loop
 vertex 0.126 -0.0104098 -0.0135663
 vertex 0.126 -0.0120915 -0.0120915
 vertex 0.126 -0.013435 -0.013435
 endloop
endfacet
facet normal 0 0 0
 outer loop
 vertex 0.126 -0.0104098 -0.0135663
 vertex 0.126 -0.013435 -0.013435
 vertex 0.126 -0.0115665 -0.0150737
 endloop
endfacet
facet normal 0 0 0
 outer loop
 vertex 0.134 -0.0104098 -0.0135663
 vertex 0.134 -0.0115665 -0.0150737
 vertex 0.134 -0.013435 -0.013435
 endloop
endfacet
facet normal 0 0 0
 outer loop
 vertex 0.134 -0.0104098 -0.0135663
 vertex 0.134 -0.013435 -0.013435
 vertex 0.134 -0.0120915 -0.0120915
 endloop
endfacet
facet normal 0 0 0
 outer loop
 vertex 0.126 -0.0120915 -0.0120915
 vertex 0.126 -0.0135663 -0.0104098
 vertex 0.126 -0.0150737 -0.0115665
 endloop
endfacet
facet normal 0 0 0
 outer loop
 vertex 0.126 -0.0120915 -0.0120915
 vertex 0.126 -0.0150737 -0.0115665
 vertex 0.126 -0.013435 -0.013435
 endloop
endfacet
facet normal 0 0 0
 outer loop
 vertex 0.134 -0.0120915 -0.0120915
 vertex 0.134 -0.013435 -0.013435
 vertex 0.134 -0.0150737 -0.0115665
 endloop
endfacet
facet normal 0 0 0
 outer loop
 vertex 0.134 -0.0120915 -0.0120915
 vertex 0.134 -0.0150737 -0.0115665
 vertex 0.134 -0.0135663 -0.0104098
 endloop
endfacet
facet normal 0 0 0
 outer loop
 vertex 0.126 -0.0135663 -0.0104098
 vertex 0.126 -0.014809 -0.00855
 vertex 0.126 -0.0164545 -0.0095
 endloop
endfacet
facet normal 0 0 0
 outer loop
 vertex 0.126 -0.0135663 -0.0104098
 vertex 0.126 -0.0164545 -0.0095
 vertex 0.126 -0.0150737 -0.0115665
 endloop
endfacet
facet normal 0 0 0
 outer loop
 vertex 0.134 -0.0135663 -0.0104098
 vertex 0.134 -0.0150737 -0.0115665
 vertex 0.134 -0.0164545 -0.0095
 endloop
endfacet
facet normal 0 0 0
 outer loop
 vertex 0.134 -0.0135663 -0.0104098
 vertex 0.134 -0.0164545 -0.0095
 vertex 0.134 -0.014809 -0.00855
 endloop
endfacet
facet normal 0 0 0
 outer loop
 vertex 0.126 -0.014809 -0.00855
 vertex 0.126 -0.0157983 -0.00654389
 vertex 0.126 -0.0175537 -0.00727099
 endloop
endfacet
facet normal 0 0 0
 outer loop
 vertex 0.126 -0.014809 -0.00855
 vertex 0.126 -0.0175537 -0.00727099
 vertex 0.126 -0.0164545 -0.0095
 endloop
endfacet
facet normal 0 0 0
 outer loop
 vertex 0.134 -0.014809 -0.00855
 vertex 0.134 -0.0164545 -0.0095
 vertex 0.134 -0.0175537 -0.00727099
 endloop
endfacet
facet normal 0 0 0
 outer loop
 vertex 0.134 -0.014809 -0.00855
 vertex 0.134 -0.0175537 -0.00727099
 vertex 0.134 -0.0157983 -0.00654389
 endloop
endfacet
facet normal 0 0 0
 outer loop
 vertex 0.126 -0.0157983 -0.00654389
 vertex 0.126 -0.0165173 -0.0044258
 vertex 0.126 -0.0183526 -0.00491756
 endloop
endfacet
facet normal 0 0 0
 outer loop
 vertex 0.126 -0.0157983 -0.00654389
 vertex 0.126 -0.0183526 -0.00491756
 vertex 0.126 -0.0175537 -0.00727099
 endloop
endfacet
facet normal 0 0 0
 outer loop
 vertex 0.134 -0.0157983 -0.00654389
 vertex 0.134 -0.0175537 -0.00727099
 vertex 0.134 -0.0183526 -0.00491756
 endloop
endfacet
facet normal 0 0 0
 outer loop
 vertex 0.134 -0.0157983 -0.00654389
 vertex 0.134 -0.0183526 -0.00491756
 vertex 0.134 -0.0165173 -0.0044258
 endloop
endfacet
facet normal 0 0 0
 outer loop
 vertex 0.126 -0.0165173 -0.0044258
 vertex 0.126 -0.0169537 -0.002232
 vertex 0.126 -0.0188375 -0.00248
 endloop
endfacet
facet normal 0 0 0
 outer loop
 vertex 0.126 -0.0165173 -0.0044258
 vertex 0.126 -0.0188375 -0.00248
 vertex 0.126 -0.0183526 -0.00491756
 endloop
endfacet
facet normal 0 0 0
 outer loop
 vertex 0.134 -0.0165173 -0.0044258
 vertex 0.134 -0.0183526 -0.00491756
 vertex 0.134 -0.0188375 -0.00248
 endloop
endfacet
facet normal 0 0 0
 outer loop
 vertex 0.134 -0.0165173 -0.0044258
 vertex 0.134 -0.0188375 -0.00248
 vertex 0.134 -0.0169537 -0.002232
 endloop
endfacet
facet normal 0 0 0
 outer loop
 vertex 0.126 -0.0169537 -0.002232
 vertex 0.126 -0.0171 2.03915e-10
 vertex 0.126 -0.019 2.26573e-10
 endloop
endfacet
facet normal 0 0 0
 outer loop
 vertex 0.126 -0.0169537 -0.002232
 vertex 0.126 -0.019 2.26573e-10
 vertex 0.126 -0.0188375 -0.00248
 endloop
endfacet
facet normal 0 0 0
 outer loop
 vertex 0.134 -0.0169537 -0.002232
 vertex 0.134 -0.0188375 -0.00248
 vertex 0.134 -0.019 2.26573e-10
 endloop
endfacet
facet normal 0 0 0
 outer loop
 vertex 0.134 -0.0169537 -0.002232
 vertex 0.134 -0.019 2.26573e-10
 vertex 0.134 -0.0171 2.03915e-10
 endloop
endfacet
facet normal 0 0 0
 outer loop
 vertex 0.126 -0.0171 2.03915e-10
 vertex 0.126 -0.0169537 0.002232
 vertex 0.126 -0.0188375 0.00248
 endloop
endfacet
facet normal 0 0 0
 outer loop
 vertex 0.126 -0.0171 2.03915e-10
 vertex 0.126 -0.0188375 0.00248
 vertex 0.126 -0.019 2.26573e-10
 endloop
endfacet
facet normal 0 0 0
 outer loop
 vertex 0.134 -0.0171 2.03915e-10
 vertex 0.134 -0.019 2.26573e-10
 vertex 0.134 -0.0188375 0.00248
 endloop
endfacet
facet normal 0 0 0
 outer loop
 vertex 0.134 -0.0171 2.03915e-10
 vertex 0.134 -0.0188375 0.00248
 vertex 0.134 -0.0169537 0.002232
 endloop
endfacet
facet normal 0 0 0
 outer loop
 vertex 0.126 -0.0169537 0.002232
 vertex 0.126 -0.0165173 0.00442581
 vertex 0.126 -0.0183526 0.00491756
 endloop
endfacet
facet normal 0 0 0
 outer loop
 vertex 0.126 -0.0169537 0.002232
 vertex 0.126 -0.0183526 0.00491756
 vertex 0.126 -0.0188375 0.00248
 endloop
endfacet
facet normal 0 0 0
 outer loop
 vertex 0.134 -0.0169537 0.002232
 vertex 0.134 -0.0188375 0.00248
 vertex 0.134 -0.0183526 0.00491756
 endloop
endfacet
facet normal 0 0 0
 outer loop
 vertex 0.134 -0.0169537 0.002232
 vertex 0.134 -0.0183526 0.00491756
 vertex 0.134 -0.0165173 0.00442581
 endloop
endfacet
facet normal 0 0 0
 outer loop
 vertex 0.126 -0.0165173 0.00442581
 vertex 0.126 -0.0157983 0.00654389
 vertex 0.126 -0.0175537 0.00727099
 endloop
endfacet
facet normal 0 0 0
 outer loop
 vertex 0.126 -0.0165173 0.00442581
 vertex 0.126 -0.0175537 0.00727099
 vertex 0.126 -0.0183526 0.00491756
 endloop
endfacet
facet normal 0 0 0
 outer loop
 vertex 0.134 -0.0165173 0.00442581
 vertex 0.134 -0.0183526 0.00491756
 vertex 0.134 -0.0175537 0.00727099
 endloop
endfacet
facet normal 0 0 0
 outer loop
 vertex 0.134 -0.0165173 0.00442581
 vertex 0.134 -0.0175537 0.00727099
 vertex 0.134 -0.0157983 0.00654389
 endloop
endfacet
facet normal 0 0 0
 outer loop
 vertex 0.126 -0.0157983 0.00654389
 vertex 0.126 -0.014809 0.00855
 vertex 0.126 -0.0164545 0.0095
 endloop
endfacet
facet normal 0 0 0
 outer loop
 vertex 0.126 -0.0157983 0.00654389
 vertex 0.126 -0.0164545 0.0095
 vertex 0.126 -0.0175537 0.00727099
 endloop
endfacet
facet normal 0 0 0
 outer loop
 vertex 0.134 -0.0157983 0.00654389
 vertex 0.134 -0.0175537 0.00727099
 vertex 0.134 -0.0164545 0.0095
 endloop
endfacet
facet normal 0 0 0
 outer loop
 vertex 0.134 -0.0157983 0.00654389
 vertex 0.134 -0.0164545 0.0095
 vertex 0.134 -0.014809 0.00855
 endloop
endfacet
facet normal 0 0 0
 outer loop
 vertex 0.126 -0.014809 0.00855
 vertex 0.126 -0.0135663 0.0104098
 vertex 0.126 -0.0150737 0.0115665
 endloop
endfacet
facet normal 0 0 0
 outer loop
 vertex 0.126 -0.014809 0.00855
 vertex 0.126 -0.0150737 0.0115665
 vertex 0.126 -0.0164545 0.0095
 endloop
endfacet
facet normal 0 0 0
 outer loop
 vertex 0.134 -0.014809 0.00855
 vertex 0.134 -0.0164545 0.0095
 vertex 0.134 -0.0150737 0.0115665
 endloop
endfacet
facet normal 0 0 0
 outer loop
 vertex 0.134 -0.014809 0.00855
 vertex 0.134 -0.0150737 0.0115665
 vertex 0.134 -0.0135663 0.0104098
 endloop
endfacet
facet normal 0 0 0
 outer loop
 vertex 0.126 -0.0135663 0.0104098
 vertex 0.126 -0.0120915 0.0120915
 vertex 0.126 -0.013435 0.013435
 endloop
endfacet
facet normal 0 0 0
 outer loop
 vertex 0.126 -0.0135663 0.0104098
 vertex 0.126 -0.013435 0.013435
 vertex 0.126 -0.0150737 0.0115665
 endloop
endfacet
facet normal 0 0 0
 outer loop
 vertex 0.134 -0.0135663 0.0104098
 vertex 0.134 -0.0150737 0.0115665
 vertex 0.134 -0.013435 0.013435
 endloop
endfacet
facet normal 0 0 0
 outer loop
 vertex 0.134 -0.0135663 0.0104098
 vertex 0.134 -0.013435 0.013435
 vertex 0.134 -0.0120915 0.0120915
 endloop
endfacet
facet normal 0 0 0
 outer loop
 vertex 0.126 -0.0120915 0.0120915
 vertex 0.126 -0.0104098 0.0135663
 vertex 0.126 -0.0115665 0.0150737
 endloop
endfacet
facet normal 0 0 0
 outer loop
 vertex 0.126 -0.0120915 0.0120915
 vertex 0.126 -0.0115665 0.0150737
 vertex 0.126 -0.013435 0.013435
 endloop
endfacet
facet normal 0 0 0
 outer loop
 vertex 0.134 -0.0120915 0.0120915
 vertex 0.134 -0.013435 0.013435
 vertex 0.134 -0.0115665 0.0150737
 endloop
endfacet
facet normal 0 0 0
 outer loop
 vertex 0.134 -0.0120915 0.0120915
 vertex 0.134 -0.0115665 0.0150737
 vertex 0.134 -0.0104098 0.0135663
 endloop
endfacet
facet normal 0 0 0
 outer loop
 vertex 0.126 -0.0104098 0.0135663
 vertex 0.126 -0.00855 0.014809
 vertex 0.126 -0.0095 0.0164545
 endloop
endfacet
facet normal 0 0 0
 outer loop
 vertex 0.126 -0.0104098 0.0135663
 vertex 0.126 -0.0095 0.0164545
 vertex 0.126 -0.0115665 0.0150737
 endloop
endfacet
facet normal 0 0 0
 outer loop
 vertex 0.134 -0.0104098 0.0135663
 vertex 0.134 -0.0115665 0.0150737
 vertex 0.134 -0.0095 0.0164545
 endloop
endfacet
facet normal 0 0 0
 outer loop
 vertex 0.134 -0.0104098 0.0135663
 vertex 0.134 -0.0095 0.0164545
 vertex 0.134 -0.00855 0.014809
 endloop
endfacet
facet normal 0 0 0
 outer loop
 vertex 0.126 -0.00855 0.014809
 vertex 0.126 -0.00654389 0.0157983
 vertex 0.126 -0.00727098 0.0175537
 endloop
endfacet
facet normal 0 0 0
 outer loop
 vertex 0.126 -0.00855 0.014809
 vertex 0.126 -0.00727098 0.0175537
 vertex 0.126 -0.0095 0.0164545
 endloop
endfacet
facet normal 0 0 0
 outer loop
 vertex 0.134 -0.00855 0.014809
 vertex 0.134 -0.0095 0.0164545
 vertex 0.134 -0.00727098 0.0175537
 endloop
endfacet
facet normal 0 0 0
 outer loop
 vertex 0.134 -0.00855 0.014809
 vertex 0.134 -0.00727098 0.0175537
 vertex 0.134 -0.00654389 0.0157983
 endloop
endfacet
facet normal 0 0 0
 outer loop
 vertex 0.126 -0.00654389 0.0157983
 vertex 0.126 -0.0044258 0.0165173
 vertex 0.126 -0.00491756 0.0183526
 endloop
endfacet
facet normal 0 0 0
 outer loop
 vertex 0.126 -0.00654389 0.0157983
 vertex 0.126 -0.00491756 0.0183526
 vertex 0.126 -0.00727098 0.0175537
 endloop
endfacet
facet normal 0 0 0
 outer loop
 vertex 0.134 -0.00654389 0.0157983
 vertex 0.134 -0.00727098 0.0175537
 vertex 0.134 -0.00491756 0.0183526
 endloop
endfacet
facet normal 0 0 0
 outer loop
 vertex 0.134 -0.00654389 0.0157983
 vertex 0.134 -0.00491756 0.0183526
 vertex 0.134 -0.0044258 0.0165173
 endloop
endfacet
facet normal 0 0 0
 outer loop
 vertex 0.126 -0.0044258 0.0165173
 vertex 0.126 -0.002232 0.0169537
 vertex 0.126 -0.00248 0.0188375
 endloop
endfacet
facet normal 0 0 0
 outer loop
 vertex 0.126 -0.0044258 0.0165173
 vertex 0.126 -0.00248 0.0188375
 vertex 0.126 -0.00491756 0.0183526
 endloop
endfacet
facet normal 0 0 0
 outer loop
 vertex 0.134 -0.0044258 0.0165173
 vertex 0.134 -0.00491756 0.0183526
 vertex 0.134 -0.00248 0.0188375
 endloop
endfacet
facet normal 0 0 0
 outer loop
 vertex 0.134 -0.0044258 0.0165173
 vertex 0.134 -0.00248 0.0188375
 vertex 0.134 -0.002232 0.0169537
 endloop
endfacet
facet normal 0 0 0
 outer loop
 vertex 0.126 -0.002232 0.0169537
 vertex 0.126 2.98986e-09 0.0171
 vertex 0.126 3.32207e-09 0.019
 endloop
endfacet
facet normal 0 0 0
 outer loop
 vertex 0.126 -0.002232 0.0169537
 vertex 0.126 3.32207e-09 0.019
 vertex 0.126 -0.00248 0.0188375
 endloop
endfacet
facet normal 0 0 0
 outer loop
 vertex 0.134 -0.002232 0.0169537
 vertex 0.134 -0.00248 0.0188375
 vertex 0.134 3.32207e-09 0.019
 endloop
endfacet
facet normal 0 0 0
 outer loop
 vertex 0.134 -0.002232 0.0169537
 vertex 0.134 3.32207e-09 0.019
 vertex 0.134 2.98986e-09 0.0171
 endloop
endfacet
facet normal 0 0 0
 outer loop
 vertex 0.124 0 0.0205
 vertex 0.124 0.00267579 0.0203246
 vertex 0.136 0.00267579 0.0203246
 endloop
endfacet
facet normal 0 0 0
 outer loop
 vertex 0.124 0 0.0205
 vertex 0.136 0.00267579 0.0203246
 vertex 0.136 0 0.0205
 endloop
endfacet
facet normal 0 0 0
 outer loop
 vertex 0.136 0 0.0195
 vertex 0.136 0.00254526 0.0193332
 vertex 0.124 0.00254526 0.0193332
 endloop
endfacet
facet normal 0 0 0
 outer loop
 vertex 0.136 0 0.0195
 vertex 0.124 0.00254526 0.0193332
 vertex 0.124 0 0.0195
 endloop
endfacet
facet normal 0 0 0
 outer loop
 vertex 0.124 0.00267579 0.0203246
 vertex 0.124 0.00530579 0.0198015
 vertex 0.136 0.00530579 0.0198015
 endloop
endfacet
facet normal 0 0 0
 outer loop
 vertex 0.124 0.00267579 0.0203246
 vertex 0.136 0.00530579 0.0198015
 vertex 0.136 0.00267579 0.0203246
 endloop
endfacet
facet normal 0 0 0
 outer loop
 vertex 0.136 0.00254526 0.0193332
 vertex 0.136 0.00504697 0.0188356
 vertex 0.124 0.00504697 0.0188356
 endloop
endfacet
facet normal 0 0 0
 outer loop
 vertex 0.136 0.00254526 0.0193332
 vertex 0.124 0.00504697 0.0188356
 vertex 0.124 0.00254526 0.0193332
 endloop
endfacet
facet normal 0 0 0
 outer loop
 vertex 0.124 0.00530579 0.0198015
 vertex 0.124 0.00784501 0.0189395
 vertex 0.136 0.00784501 0.0189395
 endloop
endfacet
facet normal 0 0 0
 outer loop
 vertex 0.124 0.00530579 0.0198015
 vertex 0.136 0.00784501 0.0189395
 vertex 0.136 0.00530579 0.0198015
 endloop
endfacet
facet normal 0 0 0
 outer loop
 vertex 0.136 0.00504697 0.0188356
 vertex 0.136 0.00746233 0.0180157
 vertex 0.124 0.00746233 0.0180157
 endloop
endfacet
facet normal 0 0 0
 outer loop
 vertex 0.136 0.00504697 0.0188356
 vertex 0.124 0.00746233 0.0180157
 vertex 0.124 0.00504697 0.0188356
 endloop
endfacet
facet normal 0 0 0
 outer loop
 vertex 0.124 0.00784501 0.0189395
 vertex 0.124 0.01025 0.0177535
 vertex 0.136 0.01025 0.0177535
 endloop
endfacet
facet normal 0 0 0
 outer loop
 vertex 0.124 0.00784501 0.0189395
 vertex 0.136 0.01025 0.0177535
 vertex 0.136 0.00784501 0.0189395
 endloop
endfacet
facet normal 0 0 0
 outer loop
 vertex 0.136 0.00746233 0.0180157
 vertex 0.136 0.00975 0.0168875
 vertex 0.124 0.00975 0.0168875
 endloop
endfacet
facet normal 0 0 0
 outer loop
 vertex 0.136 0.00746233 0.0180157
 vertex 0.124 0.00975 0.0168875
 vertex 0.124 0.00746233 0.0180157
 endloop
endfacet
facet normal 0 0 0
 outer loop
 vertex 0.124 0.01025 0.0177535
 vertex 0.124 0.0124796 0.0162637
 vertex 0.136 0.0124796 0.0162637
 endloop
endfacet
facet normal 0 0 0
 outer loop
 vertex 0.124 0.01025 0.0177535
 vertex 0.136 0.0124796 0.0162637
 vertex 0.136 0.01025 0.0177535
 endloop
endfacet
facet normal 0 0 0
 outer loop
 vertex 0.136 0.00975 0.0168875
 vertex 0.136 0.0118708 0.0154704
 vertex 0.124 0.0118708 0.0154704
 endloop
endfacet
facet normal 0 0 0
 outer loop
 vertex 0.136 0.00975 0.0168875
 vertex 0.124 0.0118708 0.0154704
 vertex 0.124 0.00975 0.0168875
 endloop
endfacet
facet normal 0 0 0
 outer loop
 vertex 0.124 0.0124796 0.0162637
 vertex 0.124 0.0144957 0.0144957
 vertex 0.136 0.0144957 0.0144957
 endloop
endfacet
facet normal 0 0 0
 outer loop
 vertex 0.124 0.0124796 0.0162637
 vertex 0.136 0.0144957 0.0144957
 vertex 0.136 0.0124796 0.0162637
 endloop
endfacet
facet normal 0 0 0
 outer loop
 vertex 0.136 0.0118708 0.0154704
 vertex 0.136 0.0137886 0.0137886
 vertex 0.124 0.0137886 0.0137886
 endloop
endfacet
facet normal 0 0 0
 outer loop
 vertex 0.136 0.0118708 0.0154704
 vertex 0.124 0.0137886 0.0137886
 vertex 0.124 0.0118708 0.0154704
 endloop
endfacet
facet normal 0 0 0
 outer loop
 vertex 0.124 0.0144957 0.0144957
 vertex 0.124 0.0162637 0.0124796
 vertex 0.136 0.0162637 0.0124796
 endloop
endfacet
facet normal 0 0 0
 outer loop
 vertex 0.124 0.0144957 0.0144957
 vertex 0.136 0.0162637 0.0124796
 vertex 0.136 0.0144957 0.0144957
 endloop
endfacet
facet normal 0 0 0
 outer loop
 vertex 0.136 0.0137886 0.0137886
 vertex 0.136 0.0154704 0.0118708
 vertex 0.124 0.0154704 0.0118708
 endloop
endfacet
facet normal 0 0 0
 outer loop
 vertex 0.136 0.0137886 0.0137886
 vertex 0.124 0.0154704 0.0118708
 vertex 0.124 0.0137886 0.0137886
 endloop
endfacet
facet normal 0 0 0
 outer loop
 vertex 0.124 0.0162637 0.0124796
 vertex 0.124 0.0177535 0.01025
 vertex 0.136 0.0177535 0.01025
 endloop
endfacet
facet normal 0 0 0
 outer loop
 vertex 0.124 0.0162637 0.0124796
 vertex 0.136 0.0177535 0.01025
 vertex 0.136 0.0162637 0.0124796
 endloop
endfacet
facet normal 0 0 0
 outer loop
 vertex 0.136 0.0154704 0.0118708
 vertex 0.136 0.0168875 0.00975
 vertex 0.124 0.0168875 0.00975
 endloop
endfacet
facet normal 0 0 0
 outer loop
 vertex 0.136 0.0154704 0.0118708
 vertex 0.124 0.0168875 0.00975
 vertex 0.124 0.0154704 0.0118708
 endloop
endfacet
facet normal 0 0 0
 outer loop
 vertex 0.124 0.0177535 0.01025
 vertex 0.124 0.0189395 0.00784501
 vertex 0.136 0.0189395 0.00784501
 endloop
endfacet
facet normal 0 0 0
 outer loop
 vertex 0.124 0.0177535 0.01025
 vertex 0.136 0.0189395 0.00784501
 vertex 0.136 0.0177535 0.01025
 endloop
endfacet
facet normal 0 0 0
 outer loop
 vertex 0.136 0.0168875 0.00975
 vertex 0.136 0.0180157 0.00746233
 vertex 0.124 0.0180157 0.00746233
 endloop
endfacet
facet normal 0 0 0
 outer loop
 vertex 0.136 0.0168875 0.00975
 vertex 0.124 0.0180157 0.00746233
 vertex 0.124 0.0168875 0.00975
 endloop
endfacet
facet normal 0 0 0
 outer loop
 vertex 0.124 0.0189395 0.00784501
 vertex 0.124 0.0198015 0.00530579
 vertex 0.136 0.0198015 0.00530579
 endloop
endfacet
facet normal 0 0 0
 outer loop
 vertex 0.124 0.0189395 0.00784501
 vertex 0.136 0.0198015 0.00530579
 vertex 0.136 0.0189395 0.00784501
 endloop
endfacet
facet normal 0 0 0
 outer loop
 vertex 0.136 0.0180157 0.00746233
 vertex 0.136 0.0188356 0.00504697
 vertex 0.124 0.0188356 0.00504697
 endloop
endfacet
facet normal 0 0 0
 outer loop
 vertex 0.136 0.0180157 0.00746233
 vertex 0.124 0.0188356 0.00504697
 vertex 0.124 0.0180157 0.00746233
 endloop
endfacet
facet normal 0 0 0
 outer loop
 vertex 0.124 0.0198015 0.00530579
 vertex 0.124 0.0203246 0.00267579
 vertex 0.136 0.0203246 0.00267579
 endloop
endfacet
facet normal 0 0 0
 outer loop
 vertex 0.124 0.0198015 0.00530579
 vertex 0.136 0.0203246 0.00267579
 vertex 0.136 0.0198015 0.00530579
 endloop
endfacet
facet normal 0 0 0
 outer loop
 vertex 0.136 0.0188356 0.00504697
 vertex 0.136 0.0193332 0.00254526
 vertex 0.124 0.0193332 0.00254526
 endloop
endfacet
facet normal 0 0 0
 outer loop
 vertex 0.136 0.0188356 0.00504697
 vertex 0.124 0.0193332 0.00254526
 vertex 0.124 0.0188356 0.00504697
 endloop
endfacet
facet normal 0 0 0
 outer loop
 vertex 0.124 0.0203246 0.00267579
 vertex 0.124 0.0205 -8.96083e-10
 vertex 0.136 0.0205 -8.96083e-10
 endloop
endfacet
facet normal 0 0 0
 outer loop
 vertex 0.124 0.0203246 0.00267579
 vertex 0.136 0.0205 -8.96083e-10
 vertex 0.136 0.0203246 0.00267579
 endloop
endfacet
facet normal 0 0 0
 outer loop
 vertex 0.136 0.0193332 0.00254526
 vertex 0.136 0.0195 -8.52372e-10
 vertex 0.124 0.0195 -8.52372e-10
 endloop
endfacet
facet normal 0 0 0
 outer loop
 vertex 0.136 0.0193332 0.00254526
 vertex 0.124 0.0195 -8.52372e-10
 vertex 0.124 0.0193332 0.00254526
 endloop
endfacet
facet normal 0 0 0
 outer loop
 vertex 0.124 0.0205 -8.96083e-10
 vertex 0.124 0.0203246 -0.00267579
 vertex 0.136 0.0203246 -0.00267579
 endloop
endfacet
facet normal 0 0 0
 outer loop
 vertex 0.124 0.0205 -8.96083e-10
 vertex 0.136 0.0203246 -0.00267579
 vertex 0.136 0.0205 -8.96083e-10
 endloop
endfacet
facet normal 0 0 0
 outer loop
 vertex 0.136 0.0195 -8.52372e-10
 vertex 0.136 0.0193332 -0.00254526
 vertex 0.124 0.0193332 -0.00254526
 endloop
endfacet
facet normal 0 0 0
 outer loop
 vertex 0.136 0.0195 -8.52372e-10
 vertex 0.124 0.0193332 -0.00254526
 vertex 0.124 0.0195 -8.52372e-10
 endloop
endfacet
facet normal 0 0 0
 outer loop
 vertex 0.124 0.0203246 -0.00267579
 vertex 0.124 0.0198015 -0.00530579
 vertex 0.136 0.0198015 -0.00530579
 endloop
endfacet
facet normal 0 0 0
 outer loop
 vertex 0.124 0.0203246 -0.00267579
 vertex 0.136 0.0198015 -0.00530579
 vertex 0.136 0.0203246 -0.00267579
 endloop
endfacet
facet normal 0 0 0
 outer loop
 vertex 0.136 0.0193332 -0.00254526
 vertex 0.136 0.0188356 -0.00504697
 vertex 0.124 0.0188356 -0.00504697
 endloop
endfacet
facet normal 0 0 0
 outer loop
 vertex 0.136 0.0193332 -0.00254526
 vertex 0.124 0.0188356 -0.00504697
 vertex 0.124 0.0193332 -0.00254526
 endloop
endfacet
facet normal 0 0 0
 outer loop
 vertex 0.124 0.0198015 -0.00530579
 vertex 0.124 0.0189395 -0.00784501
 vertex 0.136 0.0189395 -0.00784501
 endloop
endfacet
facet normal 0 0 0
 outer loop
 vertex 0.124 0.0198015 -0.00530579
 vertex 0.136 0.0189395 -0.00784501
 vertex 0.136 0.0198015 -0.00530579
 endloop
endfacet
facet normal 0 0 0
 outer loop
 vertex 0.136 0.0188356 -0.00504697
 vertex 0.136 0.0180157 -0.00746233
 vertex 0.124 0.0180157 -0.00746233
 endloop
endfacet
facet normal 0 0 0
 outer loop
 vertex 0.136 0.0188356 -0.00504697
 vertex 0.124 0.0180157 -0.00746233
 vertex 0.124 0.0188356 -0.00504697
 endloop
endfacet
facet normal 0 0 0
 outer loop
 vertex 0.124 0.0189395 -0.00784501
 vertex 0.124 0.0177535 -0.01025
 vertex 0.136 0.0177535 -0.01025
 endloop
endfacet
facet normal 0 0 0
 outer loop
 vertex 0.124 0.0189395 -0.00784501
 vertex 0.136 0.0177535 -0.01025
 vertex 0.136 0.0189395 -0.00784501
 endloop
endfacet
facet normal 0 0 0
 outer loop
 vertex 0.136 0.0180157 -0.00746233
 vertex 0.136 0.0168875 -0.00975
 vertex 0.124 0.0168875 -0.00975
 endloop
endfacet
facet normal 0 0 0
 outer loop
 vertex 0.136 0.0180157 -0.00746233
 vertex 0.124 0.0168875 -0.00975
 vertex 0.124 0.0180157 -0.00746233
 endloop
endfacet
facet normal 0 0 0
 outer loop
 vertex 0.124 0.0177535 -0.01025
 vertex 0.124 0.0162637 -0.0124796
 vertex 0.136 0.0162637 -0.0124796
 endloop
endfacet
facet normal 0 0 0
 outer loop
 vertex 0.124 0.0177535 -0.01025
 vertex 0.136 0.0162637 -0.0124796
 vertex 0.136 0.0177535 -0.01025
 endloop
endfacet
facet normal 0 0 0
 outer loop
 vertex 0.136 0.0168875 -0.00975
 vertex 0.136 0.0154704 -0.0118708
 vertex 0.124 0.0154704 -0.0118708
 endloop
endfacet
facet normal 0 0 0
 outer loop
 vertex 0.136 0.0168875 -0.00975
 vertex 0.124 0.0154704 -0.0118708
 vertex 0.124 0.0168875 -0.00975
 endloop
endfacet
facet normal 0 0 0
 outer loop
 vertex 0.124 0.0162637 -0.0124796
 vertex 0.124 0.0144957 -0.0144957
 vertex 0.136 0.0144957 -0.0144957
 endloop
endfacet
facet normal 0 0 0
 outer loop
 vertex 0.124 0.0162637 -0.0124796
 vertex 0.136 0.0144957 -0.0144957
 vertex 0.136 0.0162637 -0.0124796
 endloop
endfacet
facet normal 0 0 0
 outer loop
 vertex 0.136 0.0154704 -0.0118708
 vertex 0.136 0.0137886 -0.0137886
 vertex 0.124 0.0137886 -0.0137886
 endloop
endfacet
facet normal 0 0 0
 outer loop
 vertex 0.136 0.0154704 -0.0118708
 vertex 0.124 0.0137886 -0.0137886
 vertex 0.124 0.0154704 -0.0118708
 endloop
endfacet
facet normal 0 0 0
 outer loop
 vertex 0.124 0.0144957 -0.0144957
 vertex 0.124 0.0124796 -0.0162637
 vertex 0.136 0.0124796 -0.0162637
 endloop
endfacet
facet normal 0 0 0
 outer loop
 vertex 0.124 0.0144957 -0.0144957
 vertex 0.136 0.0124796 -0.0162637
 vertex 0.136 0.0144957 -0.0144957
 endloop
endfacet
facet normal 0 0 0
 outer loop
 vertex 0.136 0.0137886 -0.0137886
 vertex 0.136 0.0118708 -0.0154704
 vertex 0.124 0.0118708 -0.0154704
 endloop
endfacet
facet normal 0 0 0
 outer loop
 vertex 0.136 0.0137886 -0.0137886
 vertex 0.124 0.0118708 -0.0154704
 vertex 0.124 0.0137886 -0.0137886
 endloop
endfacet
facet normal 0 0 0
 outer loop
 vertex 0.124 0.0124796 -0.0162637
 vertex 0.124 0.01025 -0.0177535
 vertex 0.136 0.01025 -0.0177535
 endloop
endfacet
facet normal 0 0 0
 outer loop
 vertex 0.124 0.0124796 -0.0162637
 vertex 0.136 0.01025 -0.0177535
 vertex 0.136 0.0124796 -0.0162637
 endloop
endfacet
facet normal 0 0 0
 outer loop
 vertex 0.136 0.0118708 -0.0154704
 vertex 0.136 0.00975 -0.0168875
 vertex 0.124 0.00975 -0.0168875
 endloop
endfacet
facet normal 0 0 0
 outer loop
 vertex 0.136 0.0118708 -0.0154704
 vertex 0.124 0.00975 -0.0168875
 vertex 0.124 0.0118708 -0.0154704
 endloop
endfacet
facet normal 0 0 0
 outer loop
 vertex 0.124 0.01025 -0.0177535
 vertex 0.124 0.00784501 -0.0189395
 vertex 0.136 0.00784501 -0.0189395
 endloop
endfacet
facet normal 0 0 0
 outer loop
 vertex 0.124 0.01025 -0.0177535
 vertex 0.136 0.00784501 -0.0189395
 vertex 0.136 0.01025 -0.0177535
 endloop
endfacet
facet normal 0 0 0
 outer loop
 vertex 0.136 0.00975 -0.0168875
 vertex 0.136 0.00746233 -0.0180157
 vertex 0.124 0.00746233 -0.0180157
 endloop
endfacet
facet normal 0 0 0
 outer loop
 vertex 0.136 0.00975 -0.0168875
 vertex 0.124 0.00746233 -0.0180157
 vertex 0.124 0.00975 -0.0168875
 endloop
endfacet
facet normal 0 0 0
 outer loop
 vertex 0.124 0.00784501 -0.0189395
 vertex 0.124 0.00530579 -0.0198015
 vertex 0.136 0.00530579 -0.0198015
 endloop
endfacet
facet normal 0 0 0
 outer loop
 vertex 0.124 0.00784501 -0.0189395
 vertex 0.136 0.00530579 -0.0198015
 vertex 0.136 0.00784501 -0.0189395
 endloop
endfacet
facet normal 0 0 0
 outer loop
 vertex 0.136 0.00746233 -0.0180157
 vertex 0.136 0.00504697 -0.0188356
 vertex 0.124 0.00504697 -0.0188356
 endloop
endfacet
facet normal 0 0 0
 outer loop
 vertex 0.136 0.00746233 -0.0180157
 vertex 0.124 0.00504697 -0.0188356
 vertex 0.124 0.00746233 -0.0180157
 endloop
endfacet
facet normal 0 0 0
 outer loop
 vertex 0.124 0.00530579 -0.0198015
 vertex 0.124 0.00267578 -0.0203246
 vertex 0.136 0.00267578 -0.0203246
 endloop
endfacet
facet normal 0 0 0
 outer loop
 vertex 0.124 0.00530579 -0.0198015
 vertex 0.136 0.00267578 -0.0203246
 vertex 0.136 0.00530579 -0.0198015
 endloop
endfacet
facet normal 0 0 0
 outer loop
 vertex 0.136 0.00504697 -0.0188356
 vertex 0.136 0.00254526 -0.0193332
 vertex 0.124 0.00254526 -0.0193332
 endloop
endfacet
facet normal 0 0 0
 outer loop
 vertex 0.136 0.00504697 -0.0188356
 vertex 0.124 0.00254526 -0.0193332
 vertex 0.124 0.00504697 -0.0188356
 endloop
endfacet
facet normal 0 0 0
 outer loop
 vertex 0.124 0.00267578 -0.0203246
 vertex 0.124 -1.79217e-09 -0.0205
 vertex 0.136 -1.79217e-09 -0.0205
 endloop
endfacet
facet normal 0 0 0
 outer loop
 vertex 0.124 0.00267578 -0.0203246
 vertex 0.136 -1.79217e-09 -0.0205
 vertex 0.136 0.00267578 -0.0203246
 endloop
endfacet
facet normal 0 0 0
 outer loop
 vertex 0.136 0.00254526 -0.0193332
 vertex 0.136 -1.70474e-09 -0.0195
 vertex 0.124 -1.70474e-09 -0.0195
 endloop
endfacet
facet normal 0 0 0
 outer loop
 vertex 0.136 0.00254526 -0.0193332
 vertex 0.124 -1.70474e-09 -0.0195
 vertex 0.124 0.00254526 -0.0193332
 endloop
endfacet
facet normal 0 0 0
 outer loop
 vertex 0.124 -1.79217e-09 -0.0205
 vertex 0.124 -0.00267579 -0.0203246
 vertex 0.136 -0.00267579 -0.0203246
 endloop
endfacet
facet normal 0 0 0
 outer loop
 vertex 0.124 -1.79217e-09 -0.0205
 vertex 0.136 -0.00267579 -0.0203246
 vertex 0.136 -1.79217e-09 -0.0205
 endloop
endfacet
facet normal 0 0 0
 outer loop
 vertex 0.136 -1.70474e-09 -0.0195
 vertex 0.136 -0.00254526 -0.0193332
 vertex 0.124 -0.00254526 -0.0193332
 endloop
endfacet
facet normal 0 0 0
 outer loop
 vertex 0.136 -1.70474e-09 -0.0195
 vertex 0.124 -0.00254526 -0.0193332
 vertex 0.124 -1.70474e-09 -0.0195
 endloop
endfacet
facet normal 0 0 0
 outer loop
 vertex 0.124 -0.00267579 -0.0203246
 vertex 0.124 -0.00530579 -0.0198015
 vertex 0.136 -0.00530579 -0.0198015
 endloop
endfacet
facet normal 0 0 0
 outer loop
 vertex 0.124 -0.00267579 -0.0203246
 vertex 0.136 -0.00530579 -0.0198015
 vertex 0.136 -0.00267579 -0.0203246
 endloop
endfacet
facet normal 0 0 0
 outer loop
 vertex 0.136 -0.00254526 -0.0193332
 vertex 0.136 -0.00504697 -0.0188356
 vertex 0.124 -0.00504697 -0.0188356
 endloop
endfacet
facet normal 0 0 0
 outer loop
 vertex 0.136 -0.00254526 -0.0193332
 vertex 0.124 -0.00504697 -0.0188356
 vertex 0.124 -0.00254526 -0.0193332
 endloop
endfacet
facet normal 0 0 0
 outer loop
 vertex 0.124 -0.00530579 -0.0198015
 vertex 0.124 -0.00784501 -0.0189395
 vertex 0.136 -0.00784501 -0.0189395
 endloop
endfacet
facet normal 0 0 0
 outer loop
 vertex 0.124 -0.00530579 -0.0198015
 vertex 0.136 -0.00784501 -0.0189395
 vertex 0.136 -0.00530579 -0.0198015
 endloop
endfacet
facet normal 0 0 0
 outer loop
 vertex 0.136 -0.00504697 -0.0188356
 vertex 0.136 -0.00746233 -0.0180157
 vertex 0.124 -0.00746233 -0.0180157
 endloop
endfacet
facet normal 0 0 0
 outer loop
 vertex 0.136 -0.00504697 -0.0188356
 vertex 0.124 -0.00746233 -0.0180157
 vertex 0.124 -0.00504697 -0.0188356
 endloop
endfacet
facet normal 0 0 0
 outer loop
 vertex 0.124 -0.00784501 -0.0189395
 vertex 0.124 -0.01025 -0.0177535
 vertex 0.136 -0.01025 -0.0177535
 endloop
endfacet
facet normal 0 0 0
 outer loop
 vertex 0.124 -0.00784501 -0.0189395
 vertex 0.136 -0.01025 -0.0177535
 vertex 0.136 -0.00784501 -0.0189395
 endloop
endfacet
facet normal 0 0 0
 outer loop
 vertex 0.136 -0.00746233 -0.0180157
 vertex 0.136 -0.00975 -0.0168875
 vertex 0.124 -0.00975 -0.0168875
 endloop
endfacet
facet normal 0 0 0
 outer loop
 vertex 0.136 -0.00746233 -0.0180157
 vertex 0.124 -0.00975 -0.0168875
 vertex 0.124 -0.00746233 -0.0180157
 endloop
endfacet
facet normal 0 0 0
 outer loop
 vertex 0.124 -0.01025 -0.0177535
 vertex 0.124 -0.0124796 -0.0162637
 vertex 0.136 -0.0124796 -0.0162637
 endloop
endfacet
facet normal 0 0 0
 outer loop
 vertex 0.124 -0.01025 -0.0177535
 vertex 0.136 -0.0124796 -0.0162637
 vertex 0.136 -0.01025 -0.0177535
 endloop
endfacet
facet normal 0 0 0
 outer loop
 vertex 0.136 -0.00975 -0.0168875
 vertex 0.136 -0.0118708 -0.0154704
 vertex 0.124 -0.0118708 -0.0154704
 endloop
endfacet
facet normal 0 0 0
 outer loop
 vertex 0.136 -0.00975 -0.0168875
 vertex 0.124 -0.0118708 -0.0154704
 vertex 0.124 -0.00975 -0.0168875
 endloop
endfacet
facet normal 0 0 0
 outer loop
 vertex 0.124 -0.0124796 -0.0162637
 vertex 0.124 -0.0144957 -0.0144957
 vertex 0.136 -0.0144957 -0.0144957
 endloop
endfacet
facet normal 0 0 0
 outer loop
 vertex 0.124 -0.0124796 -0.0162637
 vertex 0.136 -0.0144957 -0.0144957
 vertex 0.136 -0.0124796 -0.0162637
 endloop
endfacet
facet normal 0 0 0
 outer loop
 vertex 0.136 -0.0118708 -0.0154704
 vertex 0.136 -0.0137886 -0.0137886
 vertex 0.124 -0.0137886 -0.0137886
 endloop
endfacet
facet normal 0 0 0
 outer loop
 vertex 0.136 -0.0118708 -0.0154704
 vertex 0.124 -0.0137886 -0.0137886
 vertex 0.124 -0.0118708 -0.0154704
 endloop
endfacet
facet normal 0 0 0
 outer loop
 vertex 0.124 -0.0144957 -0.0144957
 vertex 0.124 -0.0162637 -0.0124796
 vertex 0.136 -0.0162637 -0.0124796
 endloop
endfacet
facet normal 0 0 0
 outer loop
 vertex 0.124 -0.0144957 -0.0144957
 vertex 0.136 -0.0162637 -0.0124796
 vertex 0.136 -0.0144957 -0.0144957
 endloop
endfacet
facet normal 0 0 0
 outer loop
 vertex 0.136 -0.0137886 -0.0137886
 vertex 0.136 -0.0154704 -0.0118708
 vertex 0.124 -0.0154704 -0.0118708
 endloop
endfacet
facet normal 0 0 0
 outer loop
 vertex 0.136 -0.0137886 -0.0137886
 vertex 0.124 -0.0154704 -0.0118708
 vertex 0.124 -0.0137886 -0.0137886
 endloop
endfacet
facet normal 0 0 0
 outer loop
 vertex 0.124 -0.0162637 -0.0124796
 vertex 0.124 -0.0177535 -0.01025
 vertex 0.136 -0.0177535 -0.01025
 endloop
endfacet
facet normal 0 0 0
 outer loop
 vertex 0.124 -0.0162637 -0.0124796
 vertex 0.136 -0.0177535 -0.01025
 vertex 0.136 -0.0162637 -0.0124796
 endloop
endfacet
facet normal 0 0 0
 outer loop
 vertex 0.136 -0.0154704 -0.0118708
 vertex 0.136 -0.0168875 -0.00975
 vertex 0.124 -0.0168875 -0.00975
 endloop
endfacet
facet normal 0 0 0
 outer loop
 vertex 0.136 -0.0154704 -0.0118708
 vertex 0.124 -0.0168875 -0.00975
 vertex 0.124 -0.0154704 -0.0118708
 endloop
endfacet
facet normal 0 0 0
 outer loop
 vertex 0.124 -0.0177535 -0.01025
 vertex 0.124 -0.0189395 -0.00784501
 vertex 0.136 -0.0189395 -0.00784501
 endloop
endfacet
facet normal 0 0 0
 outer loop
 vertex 0.124 -0.0177535 -0.01025
 vertex 0.136 -0.0189395 -0.00784501
 vertex 0.136 -0.0177535 -0.01025
 endloop
endfacet
facet normal 0 0 0
 outer loop
 vertex 0.136 -0.0168875 -0.00975
 vertex 0.136 -0.0180157 -0.00746233
 vertex 0.124 -0.0180157 -0.00746233
 endloop
endfacet
facet normal 0 0 0
 outer loop
 vertex 0.136 -0.0168875 -0.00975
 vertex 0.124 -0.0180157 -0.00746233
 vertex 0.124 -0.0168875 -0.00975
 endloop
endfacet
facet normal 0 0 0
 outer loop
 vertex 0.124 -0.0189395 -0.00784501
 vertex 0.124 -0.0198015 -0.00530579
 vertex 0.136 -0.0198015 -0.00530579
 endloop
endfacet
facet normal 0 0 0
 outer loop
 vertex 0.124 -0.0189395 -0.00784501
 vertex 0.136 -0.0198015 -0.00530579
 vertex 0.136 -0.0189395 -0.00784501
 endloop
endfacet
facet normal 0 0 0
 outer loop
 vertex 0.136 -0.0180157 -0.00746233
 vertex 0.136 -0.0188356 -0.00504697
 vertex 0.124 -0.0188356 -0.00504697
 endloop
endfacet
facet normal 0 0 0
 outer loop
 vertex 0.136 -0.0180157 -0.00746233
 vertex 0.124 -0.0188356 -0.00504697
 vertex 0.124 -0.0180157 -0.00746233
 endloop
endfacet
facet normal 0 0 0
 outer loop
 vertex 0.124 -0.0198015 -0.00530579
 vertex 0.124 -0.0203246 -0.00267579
 vertex 0.136 -0.0203246 -0.00267579
 endloop
endfacet
facet normal 0 0 0
 outer loop
 vertex 0.124 -0.0198015 -0.00530579
 vertex 0.136 -0.0203246 -0.00267579
 vertex 0.136 -0.0198015 -0.00530579
 endloop
endfacet
facet normal 0 0 0
 outer loop
 vertex 0.136 -0.0188356 -0.00504697
 vertex 0.136 -0.0193332 -0.00254526
 vertex 0.124 -0.0193332 -0.00254526
 endloop
endfacet
facet normal 0 0 0
 outer loop
 vertex 0.136 -0.0188356 -0.00504697
 vertex 0.124 -0.0193332 -0.00254526
 vertex 0.124 -0.0188356 -0.00504697
 endloop
endfacet
facet normal 0 0 0
 outer loop
 vertex 0.124 -0.0203246 -0.00267579
 vertex 0.124 -0.0205 2.4446e-10
 vertex 0.136 -0.0205 2.4446e-10
 endloop
endfacet
facet normal 0 0 0
 outer loop
 vertex 0.124 -0.0203246 -0.00267579
 vertex 0.136 -0.0205 2.4446e-10
 vertex 0.136 -0.0203246 -0.00267579
 endloop
endfacet
facet normal 0 0 0
 outer loop
 vertex 0.136 -0.0193332 -0.00254526
 vertex 0.136 -0.0195 2.32535e-10
 vertex 0.124 -0.0195 2.32535e-10
 endloop
endfacet
facet normal 0 0 0
 outer loop
 vertex 0.136 -0.0193332 -0.00254526
 vertex 0.124 -0.0195 2.32535e-10
 vertex 0.124 -0.0193332 -0.00254526
 endloop
endfacet
facet normal 0 0 0
 outer loop
 vertex 0.124 -0.0205 2.4446e-10
 vertex 0.124 -0.0203246 0.00267579
 vertex 0.136 -0.0203246 0.00267579
 endloop
endfacet
facet normal 0 0 0
 outer loop
 vertex 0.124 -0.0205 2.4446e-10
 vertex 0.136 -0.0203246 0.00267579
 vertex 0.136 -0.0205 2.4446e-10
 endloop
endfacet
facet normal 0 0 0
 outer loop
 vertex 0.136 -0.0195 2.32535e-10
 vertex 0.136 -0.0193332 0.00254527
 vertex 0.124 -0.0193332 0.00254527
 endloop
endfacet
facet normal 0 0 0
 outer loop
 vertex 0.136 -0.0195 2.32535e-10
 vertex 0.124 -0.0193332 0.00254527
 vertex 0.124 -0.0195 2.32535e-10
 endloop
endfacet
facet normal 0 0 0
 outer loop
 vertex 0.124 -0.0203246 0.00267579
 vertex 0.124 -0.0198015 0.00530579
 vertex 0.136 -0.0198015 0.00530579
 endloop
endfacet
facet normal 0 0 0
 outer loop
 vertex 0.124 -0.0203246 0.00267579
 vertex 0.136 -0.0198015 0.00530579
 vertex 0.136 -0.0203246 0.00267579
 endloop
endfacet
facet normal 0 0 0
 outer loop
 vertex 0.136 -0.0193332 0.00254527
 vertex 0.136 -0.0188356 0.00504697
 vertex 0.124 -0.0188356 0.00504697
 endloop
endfacet
facet normal 0 0 0
 outer loop
 vertex 0.136 -0.0193332 0.00254527
 vertex 0.124 -0.0188356 0.00504697
 vertex 0.124 -0.0193332 0.00254527
 endloop
endfacet
facet normal 0 0 0
 outer loop
 vertex 0.124 -0.0198015 0.00530579
 vertex 0.124 -0.0189395 0.00784501
 vertex 0.136 -0.0189395 0.00784501
 endloop
endfacet
facet normal 0 0 0
 outer loop
 vertex 0.124 -0.0198015 0.00530579
 vertex 0.136 -0.0189395 0.00784501
 vertex 0.136 -0.0198015 0.00530579
 endloop
endfacet
facet normal 0 0 0
 outer loop
 vertex 0.136 -0.0188356 0.00504697
 vertex 0.136 -0.0180156 0.00746233
 vertex 0.124 -0.0180156 0.00746233
 endloop
endfacet
facet normal 0 0 0
 outer loop
 vertex 0.136 -0.0188356 0.00504697
 vertex 0.124 -0.0180156 0.00746233
 vertex 0.124 -0.0188356 0.00504697
 endloop
endfacet
facet normal 0 0 0
 outer loop
 vertex 0.124 -0.0189395 0.00784501
 vertex 0.124 -0.0177535 0.01025
 vertex 0.136 -0.0177535 0.01025
 endloop
endfacet
facet normal 0 0 0
 outer loop
 vertex 0.124 -0.0189395 0.00784501
 vertex 0.136 -0.0177535 0.01025
 vertex 0.136 -0.0189395 0.00784501
 endloop
endfacet
facet normal 0 0 0
 outer loop
 vertex 0.136 -0.0180156 0.00746233
 vertex 0.136 -0.0168875 0.00975
 vertex 0.124 -0.0168875 0.00975
 endloop
endfacet
facet normal 0 0 0
 outer loop
 vertex 0.136 -0.0180156 0.00746233
 vertex 0.124 -0.0168875 0.00975
 vertex 0.124 -0.0180156 0.00746233
 endloop
endfacet
facet normal 0 0 0
 outer loop
 vertex 0.124 -0.0177535 0.01025
 vertex 0.124 -0.0162637 0.0124796
 vertex 0.136 -0.0162637 0.0124796
 endloop
endfacet
facet normal 0 0 0
 outer loop
 vertex 0.124 -0.0177535 0.01025
 vertex 0.136 -0.0162637 0.0124796
 vertex 0.136 -0.0177535 0.01025
 endloop
endfacet
facet normal 0 0 0
 outer loop
 vertex 0.136 -0.0168875 0.00975
 vertex 0.136 -0.0154704 0.0118709
 vertex 0.124 -0.0154704 0.0118709
 endloop
endfacet
facet normal 0 0 0
 outer loop
 vertex 0.136 -0.0168875 0.00975
 vertex 0.124 -0.0154704 0.0118709
 vertex 0.124 -0.0168875 0.00975
 endloop
endfacet
facet normal 0 0 0
 outer loop
 vertex 0.124 -0.0162637 0.0124796
 vertex 0.124 -0.0144957 0.0144957
 vertex 0.136 -0.0144957 0.0144957
 endloop
endfacet
facet normal 0 0 0
 outer loop
 vertex 0.124 -0.0162637 0.0124796
 vertex 0.136 -0.0144957 0.0144957
 vertex 0.136 -0.0162637 0.0124796
 endloop
endfacet
facet normal 0 0 0
 outer loop
 vertex 0.136 -0.0154704 0.0118709
 vertex 0.136 -0.0137886 0.0137886
 vertex 0.124 -0.0137886 0.0137886
 endloop
endfacet
facet normal 0 0 0
 outer loop
 vertex 0.136 -0.0154704 0.0118709
 vertex 0.124 -0.0137886 0.0137886
 vertex 0.124 -0.0154704 0.0118709
 endloop
endfacet
facet normal 0 0 0
 outer loop
 vertex 0.124 -0.0144957 0.0144957
 vertex 0.124 -0.0124796 0.0162637
 vertex 0.136 -0.0124796 0.0162637
 endloop
endfacet
facet normal 0 0 0
 outer loop
 vertex 0.124 -0.0144957 0.0144957
 vertex 0.136 -0.0124796 0.0162637
 vertex 0.136 -0.0144957 0.0144957
 endloop
endfacet
facet normal 0 0 0
 outer loop
 vertex 0.136 -0.0137886 0.0137886
 vertex 0.136 -0.0118708 0.0154704
 vertex 0.124 -0.0118708 0.0154704
 endloop
endfacet
facet normal 0 0 0
 outer loop
 vertex 0.136 -0.0137886 0.0137886
 vertex 0.124 -0.0118708 0.0154704
 vertex 0.124 -0.0137886 0.0137886
 endloop
endfacet
facet normal 0 0 0
 outer loop
 vertex 0.124 -0.0124796 0.0162637
 vertex 0.124 -0.01025 0.0177535
 vertex 0.136 -0.01025 0.0177535
 endloop
endfacet
facet normal 0 0 0
 outer loop
 vertex 0.124 -0.0124796 0.0162637
 vertex 0.136 -0.01025 0.0177535
 vertex 0.136 -0.0124796 0.0162637
 endloop
endfacet
facet normal 0 0 0
 outer loop
 vertex 0.136 -0.0118708 0.0154704
 vertex 0.136 -0.00975 0.0168875
 vertex 0.124 -0.00975 0.0168875
 endloop
endfacet
facet normal 0 0 0
 outer loop
 vertex 0.136 -0.0118708 0.0154704
 vertex 0.124 -0.00975 0.0168875
 vertex 0.124 -0.0118708 0.0154704
 endloop
endfacet
facet normal 0 0 0
 outer loop
 vertex 0.124 -0.01025 0.0177535
 vertex 0.124 -0.00784501 0.0189395
 vertex 0.136 -0.00784501 0.0189395
 endloop
endfacet
facet normal 0 0 0
 outer loop
 vertex 0.124 -0.01025 0.0177535
 vertex 0.136 -0.00784501 0.0189395
 vertex 0.136 -0.01025 0.0177535
 endloop
endfacet
facet normal 0 0 0
 outer loop
 vertex 0.136 -0.00975 0.0168875
 vertex 0.136 -0.00746233 0.0180157
 vertex 0.124 -0.00746233 0.0180157
 endloop
endfacet
facet normal 0 0 0
 outer loop
 vertex 0.136 -0.00975 0.0168875
 vertex 0.124 -0.00746233 0.0180157
 vertex 0.124 -0.00975 0.0168875
 endloop
endfacet
facet normal 0 0 0
 outer loop
 vertex 0.124 -0.00784501 0.0189395
 vertex 0.124 -0.00530579 0.0198015
 vertex 0.136 -0.00530579 0.0198015
 endloop
endfacet
facet normal 0 0 0
 outer loop
 vertex 0.124 -0.00784501 0.0189395
 vertex 0.136 -0.00530579 0.0198015
 vertex 0.136 -0.00784501 0.0189395
 endloop
endfacet
facet normal 0 0 0
 outer loop
 vertex 0.136 -0.00746233 0.0180157
 vertex 0.136 -0.00504697 0.0188356
 vertex 0.124 -0.00504697 0.0188356
 endloop
endfacet
facet normal 0 0 0
 outer loop
 vertex 0.136 -0.00746233 0.0180157
 vertex 0.124 -0.00504697 0.0188356
 vertex 0.124 -0.00746233 0.0180157
 endloop
endfacet
facet normal 0 0 0
 outer loop
 vertex 0.124 -0.00530579 0.0198015
 vertex 0.124 -0.00267579 0.0203246
 vertex 0.136 -0.00267579 0.0203246
 endloop
endfacet
facet normal 0 0 0
 outer loop
 vertex 0.124 -0.00530579 0.0198015
 vertex 0.136 -0.00267579 0.0203246
 vertex 0.136 -0.00530579 0.0198015
 endloop
endfacet
facet normal 0 0 0
 outer loop
 vertex 0.136 -0.00504697 0.0188356
 vertex 0.136 -0.00254526 0.0193332
 vertex 0.124 -0.00254526 0.0193332
 endloop
endfacet
facet normal 0 0 0
 outer loop
 vertex 0.136 -0.00504697 0.0188356
 vertex 0.124 -0.00254526 0.0193332
 vertex 0.124 -0.00504697 0.0188356
 endloop
endfacet
facet normal 0 0 0
 outer loop
 vertex 0.124 -0.00267579 0.0203246
 vertex 0.124 3.58433e-09 0.0205
 vertex 0.136 3.58433e-09 0.0205
 endloop
endfacet
facet normal 0 0 0
 outer loop
 vertex 0.124 -0.00267579 0.0203246
 vertex 0.136 3.58433e-09 0.0205
 vertex 0.136 -0.00267579 0.0203246
 endloop
endfacet
facet normal 0 0 0
 outer loop
 vertex 0.136 -0.00254526 0.0193332
 vertex 0.136 3.40949e-09 0.0195
 vertex 0.124 3.40949e-09 0.0195
 endloop
endfacet
facet normal 0 0 0
 outer loop
 vertex 0.136 -0.00254526 0.0193332
 vertex 0.124 3.40949e-09 0.0195
 vertex 0.124 -0.00254526 0.0193332
 endloop
endfacet
facet normal 0 0 0
 outer loop
 vertex 0.124 0 0.0195
 vertex 0.124 0.00254526 0.0193332
 vertex 0.124 0.00267579 0.0203246
 endloop
endfacet
facet normal 0 0 0
 outer loop
 vertex 0.124 0 0.0195
 vertex 0.124 0.00267579 0.0203246
 vertex 0.124 0 0.0205
 endloop
endfacet
facet normal 0 0 0
 outer loop
 vertex 0.136 0 0.0195
 vertex 0.136 0 0.0205
 vertex 0.136 0.00267579 0.0203246
 endloop
endfacet
facet normal 0 0 0
 outer loop
 vertex 0.136 0 0.0195
 vertex 0.136 0.00267579 0.0203246
 vertex 0.136 0.00254526 0.0193332
 endloop
endfacet
facet normal 0 0 0
 outer loop
 vertex 0.124 0.00254526 0.0193332
 vertex 0.124 0.00504697 0.0188356
 vertex 0.124 0.00530579 0.0198015
 endloop
endfacet
facet normal 0 0 0
 outer loop
 vertex 0.124 0.00254526 0.0193332
 vertex 0.124 0.00530579 0.0198015
 vertex 0.124 0.00267579 0.0203246
 endloop
endfacet
facet normal 0 0 0
 outer loop
 vertex 0.136 0.00254526 0.0193332
 vertex 0.136 0.00267579 0.0203246
 vertex 0.136 0.00530579 0.0198015
 endloop
endfacet
facet normal 0 0 0
 outer loop
 vertex 0.136 0.00254526 0.0193332
 vertex 0.136 0.00530579 0.0198015
 vertex 0.136 0.00504697 0.0188356
 endloop
endfacet
facet normal 0 0 0
 outer loop
 vertex 0.124 0.00504697 0.0188356
 vertex 0.124 0.00746233 0.0180157
 vertex 0.124 0.00784501 0.0189395
 endloop
endfacet
facet normal 0 0 0
 outer loop
 vertex 0.124 0.00504697 0.0188356
 vertex 0.124 0.00784501 0.0189395
 vertex 0.124 0.00530579 0.0198015
 endloop
endfacet
facet normal 0 0 0
 outer loop
 vertex 0.136 0.00504697 0.0188356
 vertex 0.136 0.00530579 0.0198015
 vertex 0.136 0.00784501 0.0189395
 endloop
endfacet
facet normal 0 0 0
 outer loop
 vertex 0.136 0.00504697 0.0188356
 vertex 0.136 0.00784501 0.0189395
 vertex 0.136 0.00746233 0.0180157
 endloop
endfacet
facet normal 0 0 0
 outer loop
 vertex 0.124 0.00746233 0.0180157
 vertex 0.124 0.00975 0.0168875
 vertex 0.124 0.01025 0.0177535
 endloop
endfacet
facet normal 0 0 0
 outer loop
 vertex 0.124 0.00746233 0.0180157
 vertex 0.124 0.01025 0.0177535
 vertex 0.124 0.00784501 0.0189395
 endloop
endfacet
facet normal 0 0 0
 outer loop
 vertex 0.136 0.00746233 0.0180157
 vertex 0.136 0.00784501 0.0189395
 vertex 0.136 0.01025 0.0177535
 endloop
endfacet
facet normal 0 0 0
 outer loop
 vertex 0.136 0.00746233 0.0180157
 vertex 0.136 0.01025 0.0177535
 vertex 0.136 0.00975 0.0168875
 endloop
endfacet
facet normal 0 0 0
 outer loop
 vertex 0.124 0.00975 0.0168875
 vertex 0.124 0.0118708 0.0154704
 vertex 0.124 0.0124796 0.0162637
 endloop
endfacet
facet normal 0 0 0
 outer loop
 vertex 0.124 0.00975 0.0168875
 vertex 0.124 0.0124796 0.0162637
 vertex 0.124 0.01025 0.0177535
 endloop
endfacet
facet normal 0 0 0
 outer loop
 vertex 0.136 0.00975 0.0168875
 vertex 0.136 0.01025 0.0177535
 vertex 0.136 0.0124796 0.0162637
 endloop
endfacet
facet normal 0 0 0
 outer loop
 vertex 0.136 0.00975 0.0168875
 vertex 0.136 0.0124796 0.0162637
 vertex 0.136 0.0118708 0.0154704
 endloop
endfacet
facet normal 0 0 0
 outer loop
 vertex 0.124 0.0118708 0.0154704
 vertex 0.124 0.0137886 0.0137886
 vertex 0.124 0.0144957 0.0144957
 endloop
endfacet
facet normal 0 0 0
 outer loop
 vertex 0.124 0.0118708 0.0154704
 vertex 0.124 0.0144957 0.0144957
 vertex 0.124 0.0124796 0.0162637
 endloop
endfacet
facet normal 0 0 0
 outer loop
 vertex 0.136 0.0118708 0.0154704
 vertex 0.136 0.0124796 0.0162637
 vertex 0.136 0.0144957 0.0144957
 endloop
endfacet
facet normal 0 0 0
 outer loop
 vertex 0.136 0.0118708 0.0154704
 vertex 0.136 0.0144957 0.0144957
 vertex 0.136 0.0137886 0.0137886
 endloop
endfacet
facet normal 0 0 0
 outer loop
 vertex 0.124 0.0137886 0.0137886
 vertex 0.124 0.0154704 0.0118708
 vertex 0.124 0.0162637 0.0124796
 endloop
endfacet
facet normal 0 0 0
 outer loop
 vertex 0.124 0.0137886 0.0137886
 vertex 0.124 0.0162637 0.0124796
 vertex 0.124 0.0144957 0.0144957
 endloop
endfacet
facet normal 0 0 0
 outer loop
 vertex 0.136 0.0137886 0.0137886
 vertex 0.136 0.0144957 0.0144957
 vertex 0.136 0.0162637 0.0124796
 endloop
endfacet
facet normal 0 0 0
 outer loop
 vertex 0.136 0.0137886 0.0137886
 vertex 0.136 0.0162637 0.0124796
 vertex 0.136 0.0154704 0.0118708
 endloop
endfacet
facet normal 0 0 0
 outer loop
 vertex 0.124 0.0154704 0.0118708
 vertex 0.124 0.0168875 0.00975
 vertex 0.124 0.0177535 0.01025
 endloop
endfacet
facet normal 0 0 0
 outer loop
 vertex 0.124 0.0154704 0.0118708
 vertex 0.124 0.0177535 0.01025
 vertex 0.124 0.0162637 0.0124796
 endloop
endfacet
facet normal 0 0 0
 outer loop
 vertex 0.136 0.0154704 0.0118708
 vertex 0.136 0.0162637 0.0124796
 vertex 0.136 0.0177535 0.01025
 endloop
endfacet
facet normal 0 0 0
 outer loop
 vertex 0.136 0.0154704 0.0118708
 vertex 0.136 0.0177535 0.01025
 vertex 0.136 0.0168875 0.00975
 endloop
endfacet
facet normal 0 0 0
 outer loop
 vertex 0.124 0.0168875 0.00975
 vertex 0.124 0.0180157 0.00746233
 vertex 0.124 0.0189395 0.00784501
 endloop
endfacet
facet normal 0 0 0
 outer loop
 vertex 0.124 0.0168875 0.00975
 vertex 0.124 0.0189395 0.00784501
 vertex 0.124 0.0177535 0.01025
 endloop
endfacet
facet normal 0 0 0
 outer loop
 vertex 0.136 0.0168875 0.00975
 vertex 0.136 0.0177535 0.01025
 vertex 0.136 0.0189395 0.00784501
 endloop
endfacet
facet normal 0 0 0
 outer loop
 vertex 0.136 0.0168875 0.00975
 vertex 0.136 0.0189395 0.00784501
 vertex 0.136 0.0180157 0.00746233
 endloop
endfacet
facet normal 0 0 0
 outer loop
 vertex 0.124 0.0180157 0.00746233
 vertex 0.124 0.0188356 0.00504697
 vertex 0.124 0.0198015 0.00530579
 endloop
endfacet
facet normal 0 0 0
 outer loop
 vertex 0.124 0.0180157 0.00746233
 vertex 0.124 0.0198015 0.00530579
 vertex 0.124 0.0189395 0.00784501
 endloop
endfacet
facet normal 0 0 0
 outer loop
 vertex 0.136 0.0180157 0.00746233
 vertex 0.136 0.0189395 0.00784501
 vertex 0.136 0.0198015 0.00530579
 endloop
endfacet
facet normal 0 0 0
 outer loop
 vertex 0.136 0.0180157 0.00746233
 vertex 0.136 0.0198015 0.00530579
 vertex 0.136 0.0188356 0.00504697
 endloop
endfacet
facet normal 0 0 0
 outer loop
 vertex 0.124 0.0188356 0.00504697
 vertex 0.124 0.0193332 0.00254526
 vertex 0.124 0.0203246 0.00267579
 endloop
endfacet
facet normal 0 0 0
 outer loop
 vertex 0.124 0.0188356 0.00504697
 vertex 0.124 0.0203246 0.00267579
 vertex 0.124 0.0198015 0.00530579
 endloop
endfacet
facet normal 0 0 0
 outer loop
 vertex 0.136 0.0188356 0.00504697
 vertex 0.136 0.0198015 0.00530579
 vertex 0.136 0.0203246 0.00267579
 endloop
endfacet
facet normal 0 0 0
 outer loop
 vertex 0.136 0.0188356 0.00504697
 vertex 0.136 0.0203246 0.00267579
 vertex 0.136 0.0193332 0.00254526
 endloop
endfacet
facet normal 0 0 0
 outer loop
 vertex 0.124 0.0193332 0.00254526
 vertex 0.124 0.0195 -8.52372e-10
 vertex 0.124 0.0205 -8.96083e-10
 endloop
endfacet
facet normal 0 0 0
 outer loop
 vertex 0.124 0.0193332 0.00254526
 vertex 0.124 0.0205 -8.96083e-10
 vertex 0.124 0.0203246 0.00267579
 endloop
endfacet
facet normal 0 0 0
 outer loop
 vertex 0.136 0.0193332 0.00254526
 vertex 0.136 0.0203246 0.00267579
 vertex 0.136 0.0205 -8.96083e-10
 endloop
endfacet
facet normal 0 0 0
 outer loop
 vertex 0.136 0.0193332 0.00254526
 vertex 0.136 0.0205 -8.96083e-10
 vertex 0.136 0.0195 -8.52372e-10
 endloop
endfacet
facet normal 0 0 0
 outer loop
 vertex 0.124 0.0195 -8.52372e-10
 vertex 0.124 0.0193332 -0.00254526
 vertex 0.124 0.0203246 -0.00267579
 endloop
endfacet
facet normal 0 0 0
 outer loop
 vertex 0.124 0.0195 -8.52372e-10
 vertex 0.124 0.0203246 -0.00267579
 vertex 0.124 0.0205 -8.96083e-10
 endloop
endfacet
facet normal 0 0 0
 outer loop
 vertex 0.136 0.0195 -8.52372e-10
 vertex 0.136 0.0205 -8.96083e-10
 vertex 0.136 0.0203246 -0.00267579
 endloop
endfacet
facet normal 0 0 0
 outer loop
 vertex 0.136 0.0195 -8.52372e-10
 vertex 0.136 0.0203246 -0.00267579
 vertex 0.136 0.0193332 -0.00254526
 endloop
endfacet
facet normal 0 0 0
 outer loop
 vertex 0.124 0.0193332 -0.00254526
 vertex 0.124 0.0188356 -0.00504697
 vertex 0.124 0.0198015 -0.00530579
 endloop
endfacet
facet normal 0 0 0
 outer loop
 vertex 0.124 0.0193332 -0.00254526
 vertex 0.124 0.0198015 -0.00530579
 vertex 0.124 0.0203246 -0.00267579
 endloop
endfacet
facet normal 0 0 0
 outer loop
 vertex 0.136 0.0193332 -0.00254526
 vertex 0.136 0.0203246 -0.00267579
 vertex 0.136 0.0198015 -0.00530579
 endloop
endfacet
facet normal 0 0 0
 outer loop
 vertex 0.136 0.0193332 -0.00254526
 vertex 0.136 0.0198015 -0.00530579
 vertex 0.136 0.0188356 -0.00504697
 endloop
endfacet
facet normal 0 0 0
 outer loop
 vertex 0.124 0.0188356 -0.00504697
 vertex 0.124 0.0180157 -0.00746233
 vertex 0.124 0.0189395 -0.00784501
 endloop
endfacet
facet normal 0 0 0
 outer loop
 vertex 0.124 0.0188356 -0.00504697
 vertex 0.124 0.0189395 -0.00784501
 vertex 0.124 0.0198015 -0.00530579
 endloop
endfacet
facet normal 0 0 0
 outer loop
 vertex 0.136 0.0188356 -0.00504697
 vertex 0.136 0.0198015 -0.00530579
 vertex 0.136 0.0189395 -0.00784501
 endloop
endfacet
facet normal 0 0 0
 outer loop
 vertex 0.136 0.0188356 -0.00504697
 vertex 0.136 0.0189395 -0.00784501
 vertex 0.136 0.0180157 -0.00746233
 endloop
endfacet
facet normal 0 0 0
 outer loop
 vertex 0.124 0.0180157 -0.00746233
 vertex 0.124 0.0168875 -0.00975
 vertex 0.124 0.0177535 -0.01025
 endloop
endfacet
facet normal 0 0 0
 outer loop
 vertex 0.124 0.0180157 -0.00746233
 vertex 0.124 0.0177535 -0.01025
 vertex 0.124 0.0189395 -0.00784501
 endloop
endfacet
facet normal 0 0 0
 outer loop
 vertex 0.136 0.0180157 -0.00746233
 vertex 0.136 0.0189395 -0.00784501
 vertex 0.136 0.0177535 -0.01025
 endloop
endfacet
facet normal 0 0 0
 outer loop
 vertex 0.136 0.0180157 -0.00746233
 vertex 0.136 0.0177535 -0.01025
 vertex 0.136 0.0168875 -0.00975
 endloop
endfacet
facet normal 0 0 0
 outer loop
 vertex 0.124 0.0168875 -0.00975
 vertex 0.124 0.0154704 -0.0118708
 vertex 0.124 0.0162637 -0.0124796
 endloop
endfacet
facet normal 0 0 0
 outer loop
 vertex 0.124 0.0168875 -0.00975
 vertex 0.124 0.0162637 -0.0124796
 vertex 0.124 0.0177535 -0.01025
 endloop
endfacet
facet normal 0 0 0
 outer loop
 vertex 0.136 0.0168875 -0.00975
 vertex 0.136 0.0177535 -0.01025
 vertex 0.136 0.0162637 -0.0124796
 endloop
endfacet
facet normal 0 0 0
 outer loop
 vertex 0.136 0.0168875 -0.00975
 vertex 0.136 0.0162637 -0.0124796
 vertex 0.136 0.0154704 -0.0118708
 endloop
endfacet
facet normal 0 0 0
 outer loop
 vertex 0.124 0.0154704 -0.0118708
 vertex 0.124 0.0137886 -0.0137886
 vertex 0.124 0.0144957 -0.0144957
 endloop
endfacet
facet normal 0 0 0
 outer loop
 vertex 0.124 0.0154704 -0.0118708
 vertex 0.124 0.0144957 -0.0144957
 vertex 0.124 0.0162637 -0.0124796
 endloop
endfacet
facet normal 0 0 0
 outer loop
 vertex 0.136 0.0154704 -0.0118708
 vertex 0.136 0.0162637 -0.0124796
 vertex 0.136 0.0144957 -0.0144957
 endloop
endfacet
facet normal 0 0 0
 outer loop
 vertex 0.136 0.0154704 -0.0118708
 vertex 0.136 0.0144957 -0.0144957
 vertex 0.136 0.0137886 -0.0137886
 endloop
endfacet
facet normal 0 0 0
 outer loop
 vertex 0.124 0.0137886 -0.0137886
 vertex 0.124 0.0118708 -0.0154704
 vertex 0.124 0.0124796 -0.0162637
 endloop
endfacet
facet normal 0 0 0
 outer loop
 vertex 0.124 0.0137886 -0.0137886
 vertex 0.124 0.0124796 -0.0162637
 vertex 0.124 0.0144957 -0.0144957
 endloop
endfacet
facet normal 0 0 0
 outer loop
 vertex 0.136 0.0137886 -0.0137886
 vertex 0.136 0.0144957 -0.0144957
 vertex 0.136 0.0124796 -0.0162637
 endloop
endfacet
facet normal 0 0 0
 outer loop
 vertex 0.136 0.0137886 -0.0137886
 vertex 0.136 0.0124796 -0.0162637
 vertex 0.136 0.0118708 -0.0154704
 endloop
endfacet
facet normal 0 0 0
 outer loop
 vertex 0.124 0.0118708 -0.0154704
 vertex 0.124 0.00975 -0.0168875
 vertex 0.124 0.01025 -0.0177535
 endloop
endfacet
facet normal 0 0 0
 outer loop
 vertex 0.124 0.0118708 -0.0154704
 vertex 0.124 0.01025 -0.0177535
 vertex 0.124 0.0124796 -0.0162637
 endloop
endfacet
facet normal 0 0 0
 outer loop
 vertex 0.136 0.0118708 -0.0154704
 vertex 0.136 0.0124796 -0.0162637
 vertex 0.136 0.01025 -0.0177535
 endloop
endfacet
facet normal 0 0 0
 outer loop
 vertex 0.136 0.0118708 -0.0154704
 vertex 0.136 0.01025 -0.0177535
 vertex 0.136 0.00975 -0.0168875
 endloop
endfacet
facet normal 0 0 0
 outer loop
 vertex 0.124 0.00975 -0.0168875
 vertex 0.124 0.00746233 -0.0180157
 vertex 0.124 0.00784501 -0.0189395
 endloop
endfacet
facet normal 0 0 0
 outer loop
 vertex 0.124 0.00975 -0.0168875
 vertex 0.124 0.00784501 -0.0189395
 vertex 0.124 0.01025 -0.0177535
 endloop
endfacet
facet normal 0 0 0
 outer loop
 vertex 0.136 0.00975 -0.0168875
 vertex 0.136 0.01025 -0.0177535
 vertex 0.136 0.00784501 -0.0189395
 endloop
endfacet
facet normal 0 0 0
 outer loop
 vertex 0.136 0.00975 -0.0168875
 vertex 0.136 0.00784501 -0.0189395
 vertex 0.136 0.00746233 -0.0180157
 endloop
endfacet
facet normal 0 0 0
 outer loop
 vertex 0.124 0.00746233 -0.0180157
 vertex 0.124 0.00504697 -0.0188356
 vertex 0.124 0.00530579 -0.0198015
 endloop
endfacet
facet normal 0 0 0
 outer loop
 vertex 0.124 0.00746233 -0.0180157
 vertex 0.124 0.00530579 -0.0198015
 vertex 0.124 0.00784501 -0.0189395
 endloop
endfacet
facet normal 0 0 0
 outer loop
 vertex 0.136 0.00746233 -0.0180157
 vertex 0.136 0.00784501 -0.0189395
 vertex 0.136 0.00530579 -0.0198015
 endloop
endfacet
facet normal 0 0 0
 outer loop
 vertex 0.136 0.00746233 -0.0180157
 vertex 0.136 0.00530579 -0.0198015
 vertex 0.136 0.00504697 -0.0188356
 endloop
endfacet
facet normal 0 0 0
 outer loop
 vertex 0.124 0.00504697 -0.0188356
 vertex 0.124 0.00254526 -0.0193332
 vertex 0.124 0.00267578 -0.0203246
 endloop
endfacet
facet normal 0 0 0
 outer loop
 vertex 0.124 0.00504697 -0.0188356
 vertex 0.124 0.00267578 -0.0203246
 vertex 0.124 0.00530579 -0.0198015
 endloop
endfacet
facet normal 0 0 0
 outer loop
 vertex 0.136 0.00504697 -0.0188356
 vertex 0.136 0.00530579 -0.0198015
 vertex 0.136 0.00267578 -0.0203246
 endloop
endfacet
facet normal 0 0 0
 outer loop
 vertex 0.136 0.00504697 -0.0188356
 vertex 0.136 0.00267578 -0.0203246
 vertex 0.136 0.00254526 -0.0193332
 endloop
endfacet
facet normal 0 0 0
 outer loop
 vertex 0.124 0.00254526 -0.0193332
 vertex 0.124 -1.70474e-09 -0.0195
 vertex 0.124 -1.79217e-09 -0.0205
 endloop
endfacet
facet normal 0 0 0
 outer loop
 vertex 0.124 0.00254526 -0.0193332
 vertex 0.124 -1.79217e-09 -0.0205
 vertex 0.124 0.00267578 -0.0203246
 endloop
endfacet
facet normal 0 0 0
 outer loop
 vertex 0.136 0.00254526 -0.0193332
 vertex 0.136 0.00267578 -0.0203246
 vertex 0.136 -1.79217e-09 -0.0205
 endloop
endfacet
facet normal 0 0 0
 outer loop
 vertex 0.136 0.00254526 -0.0193332
 vertex 0.136 -1.79217e-09 -0.0205
 vertex 0.136 -1.70474e-09 -0.0195
 endloop
endfacet
facet normal 0 0 0
 outer loop
 vertex 0.124 -1.70474e-09 -0.0195
 vertex 0.124 -0.00254526 -0.0193332
 vertex 0.124 -0.00267579 -0.0203246
 endloop
endfacet
facet normal 0 0 0
 outer loop
 vertex 0.124 -1.70474e-09 -0.0195
 vertex 0.124 -0.00267579 -0.0203246
 vertex 0.124 -1.79217e-09 -0.0205
 endloop
endfacet
facet normal 0 0 0
 outer loop
 vertex 0.136 -1.70474e-09 -0.0195
 vertex 0.136 -1.79217e-09 -0.0205
 vertex 0.136 -0.00267579 -0.0203246
 endloop
endfacet
facet normal 0 0 0
 outer loop
 vertex 0.136 -1.70474e-09 -0.0195
 vertex 0.136 -0.00267579 -0.0203246
 vertex 0.136 -0.00254526 -0.0193332
 endloop
endfacet
facet normal 0 0 0
 outer loop
 vertex 0.124 -0.00254526 -0.0193332
 vertex 0.124 -0.00504697 -0.0188356
 vertex 0.124 -0.00530579 -0.0198015
 endloop
endfacet
facet normal 0 0 0
 outer loop
 vertex 0.124 -0.00254526 -0.0193332
 vertex 0.124 -0.00530579 -0.0198015
 vertex 0.124 -0.00267579 -0.0203246
 endloop
endfacet
facet normal 0 0 0
 outer loop
 vertex 0.136 -0.00254526 -0.0193332
 vertex 0.136 -0.00267579 -0.0203246
 vertex 0.136 -0.00530579 -0.0198015
 endloop
endfacet
facet normal 0 0 0
 outer loop
 vertex 0.136 -0.00254526 -0.0193332
 vertex 0.136 -0.00530579 -0.0198015
 vertex 0.136 -0.00504697 -0.0188356
 endloop
endfacet
facet normal 0 0 0
 outer loop
 vertex 0.124 -0.00504697 -0.0188356
 vertex 0.124 -0.00746233 -0.0180157
 vertex 0.124 -0.00784501 -0.0189395
 endloop
endfacet
facet normal 0 0 0
 outer loop
 vertex 0.124 -0.00504697 -0.0188356
 vertex 0.124 -0.00784501 -0.0189395
 vertex 0.124 -0.00530579 -0.0198015
 endloop
endfacet
facet normal 0 0 0
 outer loop
 vertex 0.136 -0.00504697 -0.0188356
 vertex 0.136 -0.00530579 -0.0198015
 vertex 0.136 -0.00784501 -0.0189395
 endloop
endfacet
facet normal 0 0 0
 outer loop
 vertex 0.136 -0.00504697 -0.0188356
 vertex 0.136 -0.00784501 -0.0189395
 vertex 0.136 -0.00746233 -0.0180157
 endloop
endfacet
facet normal 0 0 0
 outer loop
 vertex 0.124 -0.00746233 -0.0180157
 vertex 0.124 -0.00975 -0.0168875
 vertex 0.124 -0.01025 -0.0177535
 endloop
endfacet
facet normal 0 0 0
 outer loop
 vertex 0.124 -0.00746233 -0.0180157
 vertex 0.124 -0.01025 -0.0177535
 vertex 0.124 -0.00784501 -0.0189395
 endloop
endfacet
facet normal 0 0 0
 outer loop
 vertex 0.136 -0.00746233 -0.0180157
 vertex 0.136 -0.00784501 -0.0189395
 vertex 0.136 -0.01025 -0.0177535
 endloop
endfacet
facet normal 0 0 0
 outer loop
 vertex 0.136 -0.00746233 -0.0180157
 vertex 0.136 -0.01025 -0.0177535
 vertex 0.136 -0.00975 -0.0168875
 endloop
endfacet
facet normal 0 0 0
 outer loop
 vertex 0.124 -0.00975 -0.0168875
 vertex 0.124 -0.0118708 -0.0154704
 vertex 0.124 -0.0124796 -0.0162637
 endloop
endfacet
facet normal 0 0 0
 outer loop
 vertex 0.124 -0.00975 -0.0168875
 vertex 0.124 -0.0124796 -0.0162637
 vertex 0.124 -0.01025 -0.0177535
 endloop
endfacet
facet normal 0 0 0
 outer loop
 vertex 0.136 -0.00975 -0.0168875
 vertex 0.136 -0.01025 -0.0177535
 vertex 0.136 -0.0124796 -0.0162637
 endloop
endfacet
facet normal 0 0 0
 outer loop
 vertex 0.136 -0.00975 -0.0168875
 vertex 0.136 -0.0124796 -0.0162637
 vertex 0.136 -0.0118708 -0.0154704
 endloop
endfacet
facet normal 0 0 0
 outer loop
 vertex 0.124 -0.0118708 -0.0154704
 vertex 0.124 -0.0137886 -0.0137886
 vertex 0.124 -0.0144957 -0.0144957
 endloop
endfacet
facet normal 0 0 0
 outer loop
 vertex 0.124 -0.0118708 -0.0154704
 vertex 0.124 -0.0144957 -0.0144957
 vertex 0.124 -0.0124796 -0.0162637
 endloop
endfacet
facet normal 0 0 0
 outer loop
 vertex 0.136 -0.0118708 -0.0154704
 vertex 0.136 -0.0124796 -0.0162637
 vertex 0.136 -0.0144957 -0.0144957
 endloop
endfacet
facet normal 0 0 0
 outer loop
 vertex 0.136 -0.0118708 -0.0154704
 vertex 0.136 -0.0144957 -0.0144957
 vertex 0.136 -0.0137886 -0.0137886
 endloop
endfacet
facet normal 0 0 0
 outer loop
 vertex 0.124 -0.0137886 -0.0137886
 vertex 0.124 -0.0154704 -0.0118708
 vertex 0.124 -0.0162637 -0.0124796
 endloop
endfacet
facet normal 0 0 0
 outer loop
 vertex 0.124 -0.0137886 -0.0137886
 vertex 0.124 -0.0162637 -0.0124796
 vertex 0.124 -0.0144957 -0.0144957
 endloop
endfacet
facet normal 0 0 0
 outer loop
 vertex 0.136 -0.0137886 -0.0137886
 vertex 0.136 -0.0144957 -0.0144957
 vertex 0.136 -0.0162637 -0.0124796
 endloop
endfacet
facet normal 0 0 0
 outer loop
 vertex 0.136 -0.0137886 -0.0137886
 vertex 0.136 -0.0162637 -0.0124796
 vertex 0.136 -0.0154704 -0.0118708
 endloop
endfacet
facet normal 0 0 0
 outer loop
 vertex 0.124 -0.0154704 -0.0118708
 vertex 0.124 -0.0168875 -0.00975
 vertex 0.124 -0.0177535 -0.01025
 endloop
endfacet
facet normal 0 0 0
 outer loop
 vertex 0.124 -0.0154704 -0.0118708
 vertex 0.124 -0.0177535 -0.01025
 vertex 0.124 -0.0162637 -0.0124796
 endloop
endfacet
facet normal 0 0 0
 outer loop
 vertex 0.136 -0.0154704 -0.0118708
 vertex 0.136 -0.0162637 -0.0124796
 vertex 0.136 -0.0177535 -0.01025
 endloop
endfacet
facet normal 0 0 0
 outer loop
 vertex 0.136 -0.0154704 -0.0118708
 vertex 0.136 -0.0177535 -0.01025
 vertex 0.136 -0.0168875 -0.00975
 endloop
endfacet
facet normal 0 0 0
 outer loop
 vertex 0.124 -0.0168875 -0.00975
 vertex 0.124 -0.0180157 -0.00746233
 vertex 0.124 -0.0189395 -0.00784501
 endloop
endfacet
facet normal 0 0 0
 outer loop
 vertex 0.124 -0.0168875 -0.00975
 vertex 0.124 -0.0189395 -0.00784501
 vertex 0.124 -0.0177535 -0.01025
 endloop
endfacet
facet normal 0 0 0
 outer loop
 vertex 0.136 -0.0168875 -0.00975
 vertex 0.136 -0.0177535 -0.01025
 vertex 0.136 -0.0189395 -0.00784501
 endloop
endfacet
facet normal 0 0 0
 outer loop
 vertex 0.136 -0.0168875 -0.00975
 vertex 0.136 -0.0189395 -0.00784501
 vertex 0.136 -0.0180157 -0.00746233
 endloop
endfacet
facet normal 0 0 0
 outer loop
 vertex 0.124 -0.0180157 -0.00746233
 vertex 0.124 -0.0188356 -0.00504697
 vertex 0.124 -0.0198015 -0.00530579
 endloop
endfacet
facet normal 0 0 0
 outer loop
 vertex 0.124 -0.0180157 -0.00746233
 vertex 0.124 -0.0198015 -0.00530579
 vertex 0.124 -0.0189395 -0.00784501
 endloop
endfacet
facet normal 0 0 0
 outer loop
 vertex 0.136 -0.0180157 -0.00746233
 vertex 0.136 -0.0189395 -0.00784501
 vertex 0.136 -0.0198015 -0.00530579
 endloop
endfacet
facet normal 0 0 0
 outer loop
 vertex 0.136 -0.0180157 -0.00746233
 vertex 0.136 -0.0198015 -0.00530579
 vertex 0.136 -0.0188356 -0.00504697
 endloop
endfacet
facet normal 0 0 0
 outer loop
 vertex 0.124 -0.0188356 -0.00504697
 vertex 0.124 -0.0193332 -0.00254526
 vertex 0.124 -0.0203246 -0.00267579
 endloop
endfacet
facet normal 0 0 0
 outer loop
 vertex 0.124 -0.0188356 -0.00504697
 vertex 0.124 -0.0203246 -0.00267579
 vertex 0.124 -0.0198015 -0.00530579
 endloop
endfacet
facet normal 0 0 0
 outer loop
 vertex 0.136 -0.0188356 -0.00504697
 vertex 0.136 -0.0198015 -0.00530579
 vertex 0.136 -0.0203246 -0.00267579
 endloop
endfacet
facet normal 0 0 0
 outer loop
 vertex 0.136 -0.0188356 -0.00504697
 vertex 0.136 -0.0203246 -0.00267579
 vertex 0.136 -0.0193332 -0.00254526
 endloop
endfacet
facet normal 0 0 0
 outer loop
 vertex 0.124 -0.0193332 -0.00254526
 vertex 0.124 -0.0195 2.32535e-10
 vertex 0.124 -0.0205 2.4446e-10
 endloop
endfacet
facet normal 0 0 0
 outer loop
 vertex 0.124 -0.0193332 -0.00254526
 vertex 0.124 -0.0205 2.4446e-10
 vertex 0.124 -0.0203246 -0.00267579
 endloop
endfacet
facet normal 0 0 0
 outer loop
 vertex 0.136 -0.0193332 -0.00254526
 vertex 0.136 -0.0203246 -0.00267579
 vertex 0.136 -0.0205 2.4446e-10
 endloop
endfacet
facet normal 0 0 0
 outer loop
 vertex 0.136 -0.0193332 -0.00254526
 vertex 0.136 -0.0205 2.4446e-10
 vertex 0.136 -0.0195 2.32535e-10
 endloop
endfacet
facet normal 0 0 0
 outer loop
 vertex 0.124 -0.0195 2.32535e-10
 vertex 0.124 -0.0193332 0.00254527
 vertex 0.124 -0.0203246 0.00267579
 endloop
endfacet
facet normal 0 0 0
 outer loop
 vertex 0.124 -0.0195 2.32535e-10
 vertex 0.124 -0.0203246 0.00267579
 vertex 0.124 -0.0205 2.4446e-10
 endloop
endfacet
facet normal 0 0 0
 outer loop
 vertex 0.136 -0.0195 2.32535e-10
 vertex 0.136 -0.0205 2.4446e-10
 vertex 0.136 -0.0203246 0.00267579
 endloop
endfacet
facet normal 0 0 0
 outer loop
 vertex 0.136 -0.0195 2.32535e-10
 vertex 0.136 -0.0203246 0.00267579
 vertex 0.136 -0.0193332 0.00254527
 endloop
endfacet
facet normal 0 0 0
 outer loop
 vertex 0.124 -0.0193332 0.00254527
 vertex 0.124 -0.0188356 0.00504697
 vertex 0.124 -0.0198015 0.00530579
 endloop
endfacet
facet normal 0 0 0
 outer loop
 vertex 0.124 -0.0193332 0.00254527
 vertex 0.124 -0.0198015 0.00530579
 vertex 0.124 -0.0203246 0.00267579
 endloop
endfacet
facet normal 0 0 0
 outer loop
 vertex 0.136 -0.0193332 0.00254527
 vertex 0.136 -0.0203246 0.00267579
 vertex 0.136 -0.0198015 0.00530579
 endloop
endfacet
facet normal 0 0 0
 outer loop
 vertex 0.136 -0.0193332 0.00254527
 vertex 0.136 -0.0198015 0.00530579
 vertex 0.136 -0.0188356 0.00504697
 endloop
endfacet
facet normal 0 0 0
 outer loop
 vertex 0.124 -0.0188356 0.00504697
 vertex 0.124 -0.0180156 0.00746233
 vertex 0.124 -0.0189395 0.00784501
 endloop
endfacet
facet normal 0 0 0
 outer loop
 vertex 0.124 -0.0188356 0.00504697
 vertex 0.124 -0.0189395 0.00784501
 vertex 0.124 -0.0198015 0.00530579
 endloop
endfacet
facet normal 0 0 0
 outer loop
 vertex 0.136 -0.0188356 0.00504697
 vertex 0.136 -0.0198015 0.00530579
 vertex 0.136 -0.0189395 0.00784501
 endloop
endfacet
facet normal 0 0 0
 outer loop
 vertex 0.136 -0.0188356 0.00504697
 vertex 0.136 -0.0189395 0.00784501
 vertex 0.136 -0.0180156 0.00746233
 endloop
endfacet
facet normal 0 0 0
 outer loop
 vertex 0.124 -0.0180156 0.00746233
 vertex 0.124 -0.0168875 0.00975
 vertex 0.124 -0.0177535 0.01025
 endloop
endfacet
facet normal 0 0 0
 outer loop
 vertex 0.124 -0.0180156 0.00746233
 vertex 0.124 -0.0177535 0.01025
 vertex 0.124 -0.0189395 0.00784501
 endloop
endfacet
facet normal 0 0 0
 outer loop
 vertex 0.136 -0.0180156 0.00746233
 vertex 0.136 -0.0189395 0.00784501
 vertex 0.136 -0.0177535 0.01025
 endloop
endfacet
facet normal 0 0 0
 outer loop
 vertex 0.136 -0.0180156 0.00746233
 vertex 0.136 -0.0177535 0.01025
 vertex 0.136 -0.0168875 0.00975
 endloop
endfacet
facet normal 0 0 0
 outer loop
 vertex 0.124 -0.0168875 0.00975
 vertex 0.124 -0.0154704 0.0118709
 vertex 0.124 -0.0162637 0.0124796
 endloop
endfacet
facet normal 0 0 0
 outer loop
 vertex 0.124 -0.0168875 0.00975
 vertex 0.124 -0.0162637 0.0124796
 vertex 0.124 -0.0177535 0.01025
 endloop
endfacet
facet normal 0 0 0
 outer loop
 vertex 0.136 -0.0168875 0.00975
 vertex 0.136 -0.0177535 0.01025
 vertex 0.136 -0.0162637 0.0124796
 endloop
endfacet
facet normal 0 0 0
 outer loop
 vertex 0.136 -0.0168875 0.00975
 vertex 0.136 -0.0162637 0.0124796
 vertex 0.136 -0.0154704 0.0118709
 endloop
endfacet
facet normal 0 0 0
 outer loop
 vertex 0.124 -0.0154704 0.0118709
 vertex 0.124 -0.0137886 0.0137886
 vertex 0.124 -0.0144957 0.0144957
 endloop
endfacet
facet normal 0 0 0
 outer loop
 vertex 0.124 -0.0154704 0.0118709
 vertex 0.124 -0.0144957 0.0144957
 vertex 0.124 -0.0162637 0.0124796
 endloop
endfacet
facet normal 0 0 0
 outer loop
 vertex 0.136 -0.0154704 0.0118709
 vertex 0.136 -0.0162637 0.0124796
 vertex 0.136 -0.0144957 0.0144957
 endloop
endfacet
facet normal 0 0 0
 outer loop
 vertex 0.136 -0.0154704 0.0118709
 vertex 0.136 -0.0144957 0.0144957
 vertex 0.136 -0.0137886 0.0137886
 endloop
endfacet
facet normal 0 0 0
 outer loop
 vertex 0.124 -0.0137886 0.0137886
 vertex 0.124 -0.0118708 0.0154704
 vertex 0.124 -0.0124796 0.0162637
 endloop
endfacet
facet normal 0 0 0
 outer loop
 vertex 0.124 -0.0137886 0.0137886
 vertex 0.124 -0.0124796 0.0162637
 vertex 0.124 -0.0144957 0.0144957
 endloop
endfacet
facet normal 0 0 0
 outer loop
 vertex 0.136 -0.0137886 0.0137886
 vertex 0.136 -0.0144957 0.0144957
 vertex 0.136 -0.0124796 0.0162637
 endloop
endfacet
facet normal 0 0 0
 outer loop
 vertex 0.136 -0.0137886 0.0137886
 vertex 0.136 -0.0124796 0.0162637
 vertex 0.136 -0.0118708 0.0154704
 endloop
endfacet
facet normal 0 0 0
 outer loop
 vertex 0.124 -0.0118708 0.0154704
 vertex 0.124 -0.00975 0.0168875
 vertex 0.124 -0.01025 0.0177535
 endloop
endfacet
facet normal 0 0 0
 outer loop
 vertex 0.124 -0.0118708 0.0154704
 vertex 0.124 -0.01025 0.0177535
 vertex 0.124 -0.0124796 0.0162637
 endloop
endfacet
facet normal 0 0 0
 outer loop
 vertex 0.136 -0.0118708 0.0154704
 vertex 0.136 -0.0124796 0.0162637
 vertex 0.136 -0.01025 0.0177535
 endloop
endfacet
facet normal 0 0 0
 outer loop
 vertex 0.136 -0.0118708 0.0154704
 vertex 0.136 -0.01025 0.0177535
 vertex 0.136 -0.00975 0.0168875
 endloop
endfacet
facet normal 0 0 0
 outer loop
 vertex 0.124 -0.00975 0.0168875
 vertex 0.124 -0.00746233 0.0180157
 vertex 0.124 -0.00784501 0.0189395
 endloop
endfacet
facet normal 0 0 0
 outer loop
 vertex 0.124 -0.00975 0.0168875
 vertex 0.124 -0.00784501 0.0189395
 vertex 0.124 -0.01025 0.0177535
 endloop
endfacet
facet normal 0 0 0
 outer loop
 vertex 0.136 -0.00975 0.0168875
 vertex 0.136 -0.01025 0.0177535
 vertex 0.136 -0.00784501 0.0189395
 endloop
endfacet
facet normal 0 0 0
 outer loop
 vertex 0.136 -0.00975 0.0168875
 vertex 0.136 -0.00784501 0.0189395
 vertex 0.136 -0.00746233 0.0180157
 endloop
endfacet
facet normal 0 0 0
 outer loop
 vertex 0.124 -0.00746233 0.0180157
 vertex 0.124 -0.00504697 0.0188356
 vertex 0.124 -0.00530579 0.0198015
 endloop
endfacet
facet normal 0 0 0
 outer loop
 vertex 0.124 -0.00746233 0.0180157
 vertex 0.124 -0.00530579 0.0198015
 vertex 0.124 -0.00784501 0.0189395
 endloop
endfacet
facet normal 0 0 0
 outer loop
 vertex 0.136 -0.00746233 0.0180157
 vertex 0.136 -0.00784501 0.0189395
 vertex 0.136 -0.00530579 0.0198015
 endloop
endfacet
facet normal 0 0 0
 outer loop
 vertex 0.136 -0.00746233 0.0180157
 vertex 0.136 -0.00530579 0.0198015
 vertex 0.136 -0.00504697 0.0188356
 endloop
endfacet
facet normal 0 0 0
 outer loop
 vertex 0.124 -0.00504697 0.0188356
 vertex 0.124 -0.00254526 0.0193332
 vertex 0.124 -0.00267579 0.0203246
 endloop
endfacet
facet normal 0 0 0
 outer loop
 vertex 0.124 -0.00504697 0.0188356
 vertex 0.124 -0.00267579 0.0203246
 vertex 0.124 -0.00530579 0.0198015
 endloop
endfacet
facet normal 0 0 0
 outer loop
 vertex 0.136 -0.00504697 0.0188356
 vertex 0.136 -0.00530579 0.0198015
 vertex 0.136 -0.00267579 0.0203246
 endloop
endfacet
facet normal 0 0 0
 outer loop
 vertex 0.136 -0.00504697 0.0188356
 vertex 0.136 -0.00267579 0.0203246
 vertex 0.136 -0.00254526 0.0193332
 endloop
endfacet
facet normal 0 0 0
 outer loop
 vertex 0.124 -0.00254526 0.0193332
 vertex 0.124 3.40949e-09 0.0195
 vertex 0.124 3.58433e-09 0.0205
 endloop
endfacet
facet normal 0 0 0
 outer loop
 vertex 0.124 -0.00254526 0.0193332
 vertex 0.124 3.58433e-09 0.0205
 vertex 0.124 -0.00267579 0.0203246
 endloop
endfacet
facet normal 0 0 0
 outer loop
 vertex 0.136 -0.00254526 0.0193332
 vertex 0.136 -0.00267579 0.0203246
 vertex 0.136 3.58433e-09 0.0205
 endloop
endfacet
facet normal 0 0 0
 outer loop
 vertex 0.136 -0.00254526 0.0193332
 vertex 0.136 3.58433e-09 0.0205
 vertex 0.136 3.40949e-09 0.0195
 endloop
endfacet
facet normal 0 0 0
 outer loop
 vertex 0.123917 0 0.0204965
 vertex 0.124 -0.001 0.0195
 vertex 0.136 -0.001 0.0205
 endloop
endfacet
facet normal 0 0 0
 outer loop
 vertex 0.123917 0 0.0204965
 vertex 0.136 -0.001 0.0205
 vertex 0.135917 0 0.0214965
 endloop
endfacet
facet normal 0 0 0
 outer loop
 vertex 0.124 -0.001 0.0195
 vertex 0.124083 8.74228e-11 0.0185035
 vertex 0.136083 8.74228e-11 0.0195035
 endloop
endfacet
facet normal 0 0 0
 outer loop
 vertex 0.124 -0.001 0.0195
 vertex 0.136083 8.74228e-11 0.0195035
 vertex 0.136 -0.001 0.0205
 endloop
endfacet
facet normal 0 0 0
 outer loop
 vertex 0.124083 8.74228e-11 0.0185035
 vertex 0.124 0.001 0.0195
 vertex 0.136 0.001 0.0205
 endloop
endfacet
facet normal 0 0 0
 outer loop
 vertex 0.124083 8.74228e-11 0.0185035
 vertex 0.136 0.001 0.0205
 vertex 0.136083 8.74228e-11 0.0195035
 endloop
endfacet
facet normal 0 0 0
 outer loop
 vertex 0.124 0.001 0.0195
 vertex 0.123917 -1.74846e-10 0.0204965
 vertex 0.135917 -1.74846e-10 0.0214965
 endloop
endfacet
facet normal 0 0 0
 outer loop
 vertex 0.124 0.001 0.0195
 vertex 0.135917 -1.74846e-10 0.0214965
 vertex 0.136 0.001 0.0205
 endloop
endfacet
facet normal 0 0 0
 outer loop
 vertex 0.124 0 0.0195
 vertex 0.124 -0.001 0.0195
 vertex 0.123917 0 0.0204965
 endloop
endfacet
facet normal 0 0 0
 outer loop
 vertex 0.136 0 0.0205
 vertex 0.135917 0 0.0214965
 vertex 0.136 -0.001 0.0205
 endloop
endfacet
facet normal 0 0 0
 outer loop
 vertex 0.124 0 0.0195
 vertex 0.124083 8.74228e-11 0.0185035
 vertex 0.124 -0.001 0.0195
 endloop
endfacet
facet normal 0 0 0
 outer loop
 vertex 0.136 0 0.0205
 vertex 0.136 -0.001 0.0205
 vertex 0.136083 8.74228e-11 0.0195035
 endloop
endfacet
facet normal 0 0 0
 outer loop
 vertex 0.124 0 0.0195
 vertex 0.124 0.001 0.0195
 vertex 0.124083 8.74228e-11 0.0185035
 endloop
endfacet
facet normal 0 0 0
 outer loop
 vertex 0.136 0 0.0205
 vertex 0.136083 8.74228e-11 0.0195035
 vertex 0.136 0.001 0.0205
 endloop
endfacet
facet normal 0 0 0
 outer loop
 vertex 0.124 0 0.0195
 vertex 0.123917 -1.74846e-10 0.0204965
 vertex 0.124 0.001 0.0195
 endloop
endfacet
facet normal 0 0 0
 outer loop
 vertex 0.136 0 0.0205
 vertex 0.136 0.001 0.0205
 vertex 0.135917 -1.74846e-10 0.0214965
 endloop
endfacet
facet normal 0 0 0
 outer loop
 vertex 0.123941 0.0137886 0.0147869
 vertex 0.124059 0.0127903 0.013792
 vertex 0.136059 0.0134974 0.0144991
 endloop
endfacet
facet normal 0 0 0
 outer loop
 vertex 0.123941 0.0137886 0.0147869
 vertex 0.136059 0.0134974 0.0144991
 vertex 0.135941 0.0144957 0.015494
 endloop
endfacet
facet normal 0 0 0
 outer loop
 vertex 0.124059 0.0127903 0.013792
 vertex 0.124059 0.0137886 0.0127903
 vertex 0.136059 0.0144957 0.0134974
 endloop
endfacet
facet normal 0 0 0
 outer loop
 vertex 0.124059 0.0127903 0.013792
 vertex 0.136059 0.0144957 0.0134974
 vertex 0.136059 0.0134974 0.0144991
 endloop
endfacet
facet normal 0 0 0
 outer loop
 vertex 0.124059 0.0137886 0.0127903
 vertex 0.123941 0.0147869 0.0137851
 vertex 0.135941 0.015494 0.0144922
 endloop
endfacet
facet normal 0 0 0
 outer loop
 vertex 0.124059 0.0137886 0.0127903
 vertex 0.135941 0.015494 0.0144922
 vertex 0.136059 0.0144957 0.0134974
 endloop
endfacet
facet normal 0 0 0
 outer loop
 vertex 0.123941 0.0147869 0.0137851
 vertex 0.123941 0.0137886 0.0147869
 vertex 0.135941 0.0144957 0.015494
 endloop
endfacet
facet normal 0 0 0
 outer loop
 vertex 0.123941 0.0147869 0.0137851
 vertex 0.135941 0.0144957 0.015494
 vertex 0.135941 0.015494 0.0144922
 endloop
endfacet
facet normal 0 0 0
 outer loop
 vertex 0.124 0.0137886 0.0137886
 vertex 0.124059 0.0127903 0.013792
 vertex 0.123941 0.0137886 0.0147869
 endloop
endfacet
facet normal 0 0 0
 outer loop
 vertex 0.136 0.0144957 0.0144957
 vertex 0.135941 0.0144957 0.015494
 vertex 0.136059 0.0134974 0.0144991
 endloop
endfacet
facet normal 0 0 0
 outer loop
 vertex 0.124 0.0137886 0.0137886
 vertex 0.124059 0.0137886 0.0127903
 vertex 0.124059 0.0127903 0.013792
 endloop
endfacet
facet normal 0 0 0
 outer loop
 vertex 0.136 0.0144957 0.0144957
 vertex 0.136059 0.0134974 0.0144991
 vertex 0.136059 0.0144957 0.0134974
 endloop
endfacet
facet normal 0 0 0
 outer loop
 vertex 0.124 0.0137886 0.0137886
 vertex 0.123941 0.0147869 0.0137851
 vertex 0.124059 0.0137886 0.0127903
 endloop
endfacet
facet normal 0 0 0
 outer loop
 vertex 0.136 0.0144957 0.0144957
 vertex 0.136059 0.0144957 0.0134974
 vertex 0.135941 0.015494 0.0144922
 endloop
endfacet
facet normal 0 0 0
 outer loop
 vertex 0.124 0.0137886 0.0137886
 vertex 0.123941 0.0137886 0.0147869
 vertex 0.123941 0.0147869 0.0137851
 endloop
endfacet
facet normal 0 0 0
 outer loop
 vertex 0.136 0.0144957 0.0144957
 vertex 0.135941 0.015494 0.0144922
 vertex 0.135941 0.0144957 0.015494
 endloop
endfacet
facet normal 0 0 0
 outer loop
 vertex 0.124 0.0195 0.000999999
 vertex 0.124083 0.0185035 -8.96386e-10
 vertex 0.136083 0.0195035 -9.40097e-10
 endloop
endfacet
facet normal 0 0 0
 outer loop
 vertex 0.124 0.0195 0.000999999
 vertex 0.136083 0.0195035 -9.40097e-10
 vertex 0.136 0.0205 0.000999999
 endloop
endfacet
facet normal 0 0 0
 outer loop
 vertex 0.124083 0.0185035 -8.96386e-10
 vertex 0.124 0.0195 -0.001
 vertex 0.136 0.0205 -0.001
 endloop
endfacet
facet normal 0 0 0
 outer loop
 vertex 0.124083 0.0185035 -8.96386e-10
 vertex 0.136 0.0205 -0.001
 vertex 0.136083 0.0195035 -9.40097e-10
 endloop
endfacet
facet normal 0 0 0
 outer loop
 vertex 0.124 0.0195 -0.001
 vertex 0.123917 0.0204965 -8.40145e-10
 vertex 0.135917 0.0214965 -8.83856e-10
 endloop
endfacet
facet normal 0 0 0
 outer loop
 vertex 0.124 0.0195 -0.001
 vertex 0.135917 0.0214965 -8.83856e-10
 vertex 0.136 0.0205 -0.001
 endloop
endfacet
facet normal 0 0 0
 outer loop
 vertex 0.123917 0.0204965 -8.40145e-10
 vertex 0.124 0.0195 0.000999999
 vertex 0.136 0.0205 0.000999999
 endloop
endfacet
facet normal 0 0 0
 outer loop
 vertex 0.123917 0.0204965 -8.40145e-10
 vertex 0.136 0.0205 0.000999999
 vertex 0.135917 0.0214965 -8.83856e-10
 endloop
endfacet
facet normal 0 0 0
 outer loop
 vertex 0.124 0.0195 -8.52372e-10
 vertex 0.124083 0.0185035 -8.96386e-10
 vertex 0.124 0.0195 0.000999999
 endloop
endfacet
facet normal 0 0 0
 outer loop
 vertex 0.136 0.0205 -8.96083e-10
 vertex 0.136 0.0205 0.000999999
 vertex 0.136083 0.0195035 -9.40097e-10
 endloop
endfacet
facet normal 0 0 0
 outer loop
 vertex 0.124 0.0195 -8.52372e-10
 vertex 0.124 0.0195 -0.001
 vertex 0.124083 0.0185035 -8.96386e-10
 endloop
endfacet
facet normal 0 0 0
 outer loop
 vertex 0.136 0.0205 -8.96083e-10
 vertex 0.136083 0.0195035 -9.40097e-10
 vertex 0.136 0.0205 -0.001
 endloop
endfacet
facet normal 0 0 0
 outer loop
 vertex 0.124 0.0195 -8.52372e-10
 vertex 0.123917 0.0204965 -8.40145e-10
 vertex 0.124 0.0195 -0.001
 endloop
endfacet
facet normal 0 0 0
 outer loop
 vertex 0.136 0.0205 -8.96083e-10
 vertex 0.136 0.0205 -0.001
 vertex 0.135917 0.0214965 -8.83856e-10
 endloop
endfacet
facet normal 0 0 0
 outer loop
 vertex 0.124 0.0195 -8.52372e-10
 vertex 0.124 0.0195 0.000999999
 vertex 0.123917 0.0204965 -8.40145e-10
 endloop
endfacet
facet normal 0 0 0
 outer loop
 vertex 0.136 0.0205 -8.96083e-10
 vertex 0.135917 0.0214965 -8.83856e-10
 vertex 0.136 0.0205 0.000999999
 endloop
endfacet
facet normal 0 0 0
 outer loop
 vertex 0.124059 0.0137886 -0.0127903
 vertex 0.124059 0.0127903 -0.013792
 vertex 0.136059 0.0134974 -0.0144991
 endloop
endfacet
facet normal 0 0 0
 outer loop
 vertex 0.124059 0.0137886 -0.0127903
 vertex 0.136059 0.0134974 -0.0144991
 vertex 0.136059 0.0144957 -0.0134974
 endloop
endfacet
facet normal 0 0 0
 outer loop
 vertex 0.124059 0.0127903 -0.013792
 vertex 0.123941 0.0137886 -0.0147869
 vertex 0.135941 0.0144957 -0.015494
 endloop
endfacet
facet normal 0 0 0
 outer loop
 vertex 0.124059 0.0127903 -0.013792
 vertex 0.135941 0.0144957 -0.015494
 vertex 0.136059 0.0134974 -0.0144991
 endloop
endfacet
facet normal 0 0 0
 outer loop
 vertex 0.123941 0.0137886 -0.0147869
 vertex 0.123941 0.0147869 -0.0137851
 vertex 0.135941 0.015494 -0.0144922
 endloop
endfacet
facet normal 0 0 0
 outer loop
 vertex 0.123941 0.0137886 -0.0147869
 vertex 0.135941 0.015494 -0.0144922
 vertex 0.135941 0.0144957 -0.015494
 endloop
endfacet
facet normal 0 0 0
 outer loop
 vertex 0.123941 0.0147869 -0.0137851
 vertex 0.124059 0.0137886 -0.0127903
 vertex 0.136059 0.0144957 -0.0134974
 endloop
endfacet
facet normal 0 0 0
 outer loop
 vertex 0.123941 0.0147869 -0.0137851
 vertex 0.136059 0.0144957 -0.0134974
 vertex 0.135941 0.015494 -0.0144922
 endloop
endfacet
facet normal 0 0 0
 outer loop
 vertex 0.124 0.0137886 -0.0137886
 vertex 0.124059 0.0127903 -0.013792
 vertex 0.124059 0.0137886 -0.0127903
 endloop
endfacet
facet normal 0 0 0
 outer loop
 vertex 0.136 0.0144957 -0.0144957
 vertex 0.136059 0.0144957 -0.0134974
 vertex 0.136059 0.0134974 -0.0144991
 endloop
endfacet
facet normal 0 0 0
 outer loop
 vertex 0.124 0.0137886 -0.0137886
 vertex 0.123941 0.0137886 -0.0147869
 vertex 0.124059 0.0127903 -0.013792
 endloop
endfacet
facet normal 0 0 0
 outer loop
 vertex 0.136 0.0144957 -0.0144957
 vertex 0.136059 0.0134974 -0.0144991
 vertex 0.135941 0.0144957 -0.015494
 endloop
endfacet
facet normal 0 0 0
 outer loop
 vertex 0.124 0.0137886 -0.0137886
 vertex 0.123941 0.0147869 -0.0137851
 vertex 0.123941 0.0137886 -0.0147869
 endloop
endfacet
facet normal 0 0 0
 outer loop
 vertex 0.136 0.0144957 -0.0144957
 vertex 0.135941 0.0144957 -0.015494
 vertex 0.135941 0.015494 -0.0144922
 endloop
endfacet
facet normal 0 0 0
 outer loop
 vertex 0.124 0.0137886 -0.0137886
 vertex 0.124059 0.0137886 -0.0127903
 vertex 0.123941 0.0147869 -0.0137851
 endloop
endfacet
facet normal 0 0 0
 outer loop
 vertex 0.136 0.0144957 -0.0144957
 vertex 0.135941 0.015494 -0.0144922
 vertex 0.136059 0.0144957 -0.0134974
 endloop
endfacet
facet normal 0 0 0
 outer loop
 vertex 0.124083 -1.70474e-09 -0.0185035
 vertex 0.124 -0.001 -0.0195
 vertex 0.136 -0.001 -0.0205
 endloop
endfacet
facet normal 0 0 0
 outer loop
 vertex 0.124083 -1.70474e-09 -0.0185035
 vertex 0.136 -0.001 -0.0205
 vertex 0.136083 -1.79217e-09 -0.0195035
 endloop
endfacet
facet normal 0 0 0
 outer loop
 vertex 0.124 -0.001 -0.0195
 vertex 0.123917 -1.61732e-09 -0.0204965
 vertex 0.135917 -1.70474e-09 -0.0214965
 endloop
endfacet
facet normal 0 0 0
 outer loop
 vertex 0.124 -0.001 -0.0195
 vertex 0.135917 -1.70474e-09 -0.0214965
 vertex 0.136 -0.001 -0.0205
 endloop
endfacet
facet normal 0 0 0
 outer loop
 vertex 0.123917 -1.61732e-09 -0.0204965
 vertex 0.124 0.000999998 -0.0195
 vertex 0.136 0.000999998 -0.0205
 endloop
endfacet
facet normal 0 0 0
 outer loop
 vertex 0.123917 -1.61732e-09 -0.0204965
 vertex 0.136 0.000999998 -0.0205
 vertex 0.135917 -1.70474e-09 -0.0214965
 endloop
endfacet
facet normal 0 0 0
 outer loop
 vertex 0.124 0.000999998 -0.0195
 vertex 0.124083 -1.87959e-09 -0.0185035
 vertex 0.136083 -1.96701e-09 -0.0195035
 endloop
endfacet
facet normal 0 0 0
 outer loop
 vertex 0.124 0.000999998 -0.0195
 vertex 0.136083 -1.96701e-09 -0.0195035
 vertex 0.136 0.000999998 -0.0205
 endloop
endfacet
facet normal 0 0 0
 outer loop
 vertex 0.124 -1.70474e-09 -0.0195
 vertex 0.124 -0.001 -0.0195
 vertex 0.124083 -1.70474e-09 -0.0185035
 endloop
endfacet
facet normal 0 0 0
 outer loop
 vertex 0.136 -1.79217e-09 -0.0205
 vertex 0.136083 -1.79217e-09 -0.0195035
 vertex 0.136 -0.001 -0.0205
 endloop
endfacet
facet normal 0 0 0
 outer loop
 vertex 0.124 -1.70474e-09 -0.0195
 vertex 0.123917 -1.61732e-09 -0.0204965
 vertex 0.124 -0.001 -0.0195
 endloop
endfacet
facet normal 0 0 0
 outer loop
 vertex 0.136 -1.79217e-09 -0.0205
 vertex 0.136 -0.001 -0.0205
 vertex 0.135917 -1.70474e-09 -0.0214965
 endloop
endfacet
facet normal 0 0 0
 outer loop
 vertex 0.124 -1.70474e-09 -0.0195
 vertex 0.124 0.000999998 -0.0195
 vertex 0.123917 -1.61732e-09 -0.0204965
 endloop
endfacet
facet normal 0 0 0
 outer loop
 vertex 0.136 -1.79217e-09 -0.0205
 vertex 0.135917 -1.70474e-09 -0.0214965
 vertex 0.136 0.000999998 -0.0205
 endloop
endfacet
facet normal 0 0 0
 outer loop
 vertex 0.124 -1.70474e-09 -0.0195
 vertex 0.124083 -1.87959e-09 -0.0185035
 vertex 0.124 0.000999998 -0.0195
 endloop
endfacet
facet normal 0 0 0
 outer loop
 vertex 0.136 -1.79217e-09 -0.0205
 vertex 0.136 0.000999998 -0.0205
 vertex 0.136083 -1.96701e-09 -0.0195035
 endloop
endfacet
facet normal 0 0 0
 outer loop
 vertex 0.124059 -0.0137886 -0.0127903
 vertex 0.123941 -0.0147869 -0.0137851
 vertex 0.135941 -0.015494 -0.0144922
 endloop
endfacet
facet normal 0 0 0
 outer loop
 vertex 0.124059 -0.0137886 -0.0127903
 vertex 0.135941 -0.015494 -0.0144922
 vertex 0.136059 -0.0144957 -0.0134974
 endloop
endfacet
facet normal 0 0 0
 outer loop
 vertex 0.123941 -0.0147869 -0.0137851
 vertex 0.123941 -0.0137886 -0.0147869
 vertex 0.135941 -0.0144957 -0.015494
 endloop
endfacet
facet normal 0 0 0
 outer loop
 vertex 0.123941 -0.0147869 -0.0137851
 vertex 0.135941 -0.0144957 -0.015494
 vertex 0.135941 -0.015494 -0.0144922
 endloop
endfacet
facet normal 0 0 0
 outer loop
 vertex 0.123941 -0.0137886 -0.0147869
 vertex 0.124059 -0.0127903 -0.013792
 vertex 0.136059 -0.0134974 -0.0144991
 endloop
endfacet
facet normal 0 0 0
 outer loop
 vertex 0.123941 -0.0137886 -0.0147869
 vertex 0.136059 -0.0134974 -0.0144991
 vertex 0.135941 -0.0144957 -0.015494
 endloop
endfacet
facet normal 0 0 0
 outer loop
 vertex 0.124059 -0.0127903 -0.013792
 vertex 0.124059 -0.0137886 -0.0127903
 vertex 0.136059 -0.0144957 -0.0134974
 endloop
endfacet
facet normal 0 0 0
 outer loop
 vertex 0.124059 -0.0127903 -0.013792
 vertex 0.136059 -0.0144957 -0.0134974
 vertex 0.136059 -0.0134974 -0.0144991
 endloop
endfacet
facet normal 0 0 0
 outer loop
 vertex 0.124 -0.0137886 -0.0137886
 vertex 0.123941 -0.0147869 -0.0137851
 vertex 0.124059 -0.0137886 -0.0127903
 endloop
endfacet
facet normal 0 0 0
 outer loop
 vertex 0.136 -0.0144957 -0.0144957
 vertex 0.136059 -0.0144957 -0.0134974
 vertex 0.135941 -0.015494 -0.0144922
 endloop
endfacet
facet normal 0 0 0
 outer loop
 vertex 0.124 -0.0137886 -0.0137886
 vertex 0.123941 -0.0137886 -0.0147869
 vertex 0.123941 -0.0147869 -0.0137851
 endloop
endfacet
facet normal 0 0 0
 outer loop
 vertex 0.136 -0.0144957 -0.0144957
 vertex 0.135941 -0.015494 -0.0144922
 vertex 0.135941 -0.0144957 -0.015494
 endloop
endfacet
facet normal 0 0 0
 outer loop
 vertex 0.124 -0.0137886 -0.0137886
 vertex 0.124059 -0.0127903 -0.013792
 vertex 0.123941 -0.0137886 -0.0147869
 endloop
endfacet
facet normal 0 0 0
 outer loop
 vertex 0.136 -0.0144957 -0.0144957
 vertex 0.135941 -0.0144957 -0.015494
 vertex 0.136059 -0.0134974 -0.0144991
 endloop
endfacet
facet normal 0 0 0
 outer loop
 vertex 0.124 -0.0137886 -0.0137886
 vertex 0.124059 -0.0137886 -0.0127903
 vertex 0.124059 -0.0127903 -0.013792
 endloop
endfacet
facet normal 0 0 0
 outer loop
 vertex 0.136 -0.0144957 -0.0144957
 vertex 0.136059 -0.0134974 -0.0144991
 vertex 0.136059 -0.0144957 -0.0134974
 endloop
endfacet
facet normal 0 0 0
 outer loop
 vertex 0.124 -0.0195 0.001
 vertex 0.123917 -0.0204965 1.88741e-10
 vertex 0.135917 -0.0214965 2.00666e-10
 endloop
endfacet
facet normal 0 0 0
 outer loop
 vertex 0.124 -0.0195 0.001
 vertex 0.135917 -0.0214965 2.00666e-10
 vertex 0.136 -0.0205 0.001
 endloop
endfacet
facet normal 0 0 0
 outer loop
 vertex 0.123917 -0.0204965 1.88741e-10
 vertex 0.124 -0.0195 -0.001
 vertex 0.136 -0.0205 -0.001
 endloop
endfacet
facet normal 0 0 0
 outer loop
 vertex 0.123917 -0.0204965 1.88741e-10
 vertex 0.136 -0.0205 -0.001
 vertex 0.135917 -0.0214965 2.00666e-10
 endloop
endfacet
facet normal 0 0 0
 outer loop
 vertex 0.124 -0.0195 -0.001
 vertex 0.124083 -0.0185035 2.44543e-10
 vertex 0.136083 -0.0195035 2.56467e-10
 endloop
endfacet
facet normal 0 0 0
 outer loop
 vertex 0.124 -0.0195 -0.001
 vertex 0.136083 -0.0195035 2.56467e-10
 vertex 0.136 -0.0205 -0.001
 endloop
endfacet
facet normal 0 0 0
 outer loop
 vertex 0.124083 -0.0185035 2.44543e-10
 vertex 0.124 -0.0195 0.001
 vertex 0.136 -0.0205 0.001
 endloop
endfacet
facet normal 0 0 0
 outer loop
 vertex 0.124083 -0.0185035 2.44543e-10
 vertex 0.136 -0.0205 0.001
 vertex 0.136083 -0.0195035 2.56467e-10
 endloop
endfacet
facet normal 0 0 0
 outer loop
 vertex 0.124 -0.0195 2.32535e-10
 vertex 0.123917 -0.0204965 1.88741e-10
 vertex 0.124 -0.0195 0.001
 endloop
endfacet
facet normal 0 0 0
 outer loop
 vertex 0.136 -0.0205 2.4446e-10
 vertex 0.136 -0.0205 0.001
 vertex 0.135917 -0.0214965 2.00666e-10
 endloop
endfacet
facet normal 0 0 0
 outer loop
 vertex 0.124 -0.0195 2.32535e-10
 vertex 0.124 -0.0195 -0.001
 vertex 0.123917 -0.0204965 1.88741e-10
 endloop
endfacet
facet normal 0 0 0
 outer loop
 vertex 0.136 -0.0205 2.4446e-10
 vertex 0.135917 -0.0214965 2.00666e-10
 vertex 0.136 -0.0205 -0.001
 endloop
endfacet
facet normal 0 0 0
 outer loop
 vertex 0.124 -0.0195 2.32535e-10
 vertex 0.124083 -0.0185035 2.44543e-10
 vertex 0.124 -0.0195 -0.001
 endloop
endfacet
facet normal 0 0 0
 outer loop
 vertex 0.136 -0.0205 2.4446e-10
 vertex 0.136 -0.0205 -0.001
 vertex 0.136083 -0.0195035 2.56467e-10
 endloop
endfacet
facet normal 0 0 0
 outer loop
 vertex 0.124 -0.0195 2.32535e-10
 vertex 0.124 -0.0195 0.001
 vertex 0.124083 -0.0185035 2.44543e-10
 endloop
endfacet
facet normal 0 0 0
 outer loop
 vertex 0.136 -0.0205 2.4446e-10
 vertex 0.136083 -0.0195035 2.56467e-10
 vertex 0.136 -0.0205 0.001
 endloop
endfacet
facet normal 0 0 0
 outer loop
 vertex 0.123941 -0.0137886 0.0147868
 vertex 0.123941 -0.0147869 0.0137851
 vertex 0.135941 -0.015494 0.0144922
 endloop
endfacet
facet normal 0 0 0
 outer loop
 vertex 0.123941 -0.0137886 0.0147868
 vertex 0.135941 -0.015494 0.0144922
 vertex 0.135941 -0.0144957 0.015494
 endloop
endfacet
facet normal 0 0 0
 outer loop
 vertex 0.123941 -0.0147869 0.0137851
 vertex 0.124059 -0.0137886 0.0127903
 vertex 0.136059 -0.0144957 0.0134974
 endloop
endfacet
facet normal 0 0 0
 outer loop
 vertex 0.123941 -0.0147869 0.0137851
 vertex 0.136059 -0.0144957 0.0134974
 vertex 0.135941 -0.015494 0.0144922
 endloop
endfacet
facet normal 0 0 0
 outer loop
 vertex 0.124059 -0.0137886 0.0127903
 vertex 0.124059 -0.0127903 0.013792
 vertex 0.136059 -0.0134974 0.0144991
 endloop
endfacet
facet normal 0 0 0
 outer loop
 vertex 0.124059 -0.0137886 0.0127903
 vertex 0.136059 -0.0134974 0.0144991
 vertex 0.136059 -0.0144957 0.0134974
 endloop
endfacet
facet normal 0 0 0
 outer loop
 vertex 0.124059 -0.0127903 0.013792
 vertex 0.123941 -0.0137886 0.0147868
 vertex 0.135941 -0.0144957 0.015494
 endloop
endfacet
facet normal 0 0 0
 outer loop
 vertex 0.124059 -0.0127903 0.013792
 vertex 0.135941 -0.0144957 0.015494
 vertex 0.136059 -0.0134974 0.0144991
 endloop
endfacet
facet normal 0 0 0
 outer loop
 vertex 0.124 -0.0137886 0.0137886
 vertex 0.123941 -0.0147869 0.0137851
 vertex 0.123941 -0.0137886 0.0147868
 endloop
endfacet
facet normal 0 0 0
 outer loop
 vertex 0.136 -0.0144957 0.0144957
 vertex 0.135941 -0.0144957 0.015494
 vertex 0.135941 -0.015494 0.0144922
 endloop
endfacet
facet normal 0 0 0
 outer loop
 vertex 0.124 -0.0137886 0.0137886
 vertex 0.124059 -0.0137886 0.0127903
 vertex 0.123941 -0.0147869 0.0137851
 endloop
endfacet
facet normal 0 0 0
 outer loop
 vertex 0.136 -0.0144957 0.0144957
 vertex 0.135941 -0.015494 0.0144922
 vertex 0.136059 -0.0144957 0.0134974
 endloop
endfacet
facet normal 0 0 0
 outer loop
 vertex 0.124 -0.0137886 0.0137886
 vertex 0.124059 -0.0127903 0.013792
 vertex 0.124059 -0.0137886 0.0127903
 endloop
endfacet
facet normal 0 0 0
 outer loop
 vertex 0.136 -0.0144957 0.0144957
 vertex 0.136059 -0.0144957 0.0134974
 vertex 0.136059 -0.0134974 0.0144991
 endloop
endfacet
facet normal 0 0 0
 outer loop
 vertex 0.124 -0.0137886 0.0137886
 vertex 0.123941 -0.0137886 0.0147868
 vertex 0.124059 -0.0127903 0.013792
 endloop
endfacet
facet normal 0 0 0
 outer loop
 vertex 0.136 -0.0144957 0.0144957
 vertex 0.136059 -0.0134974 0.0144991
 vertex 0.135941 -0.0144957 0.015494
 endloop
endfacet
endsolid sapphire_bushings
