solid mli
facet normal 0 0 0
 outer loop
 vertex -0.133 0 0.0275
 vertex -0.133 0.00477532 0.0270822
 vertex 0.209 0.00477532 0.0270822
 endloop
endfacet
facet normal 0 0 0
 outer loop
 vertex -0.133 0 0.0275
 vertex 0.209 0.00477532 0.0270822
 vertex 0.209 0 0.0275
 endloop
endfacet
facet normal 0 0 0
 outer loop
 vertex 0.209 0 0.027
 vertex 0.209 0.0046885 0.0265898
 vertex -0.133 0.0046885 0.0265898
 endloop
endfacet
facet normal 0 0 0
 outer loop
 vertex 0.209 0 0.027
 vertex -0.133 0.0046885 0.0265898
 vertex -0.133 0 0.027
 endloop
endfacet
facet normal 0 0 0
 outer loop
 vertex -0.133 0.00477532 0.0270822
 vertex -0.133 0.00940555 0.0258415
 vertex 0.209 0.00940555 0.0258415
 endloop
endfacet
facet normal 0 0 0
 outer loop
 vertex -0.133 0.00477532 0.0270822
 vertex 0.209 0.00940555 0.0258415
 vertex 0.209 0.00477532 0.0270822
 endloop
endfacet
facet normal 0 0 0
 outer loop
 vertex 0.209 0.0046885 0.0265898
 vertex 0.209 0.00923454 0.0253717
 vertex -0.133 0.00923454 0.0253717
 endloop
endfacet
facet normal 0 0 0
 outer loop
 vertex 0.209 0.0046885 0.0265898
 vertex -0.133 0.00923454 0.0253717
 vertex -0.133 0.0046885 0.0265898
 endloop
endfacet
facet normal 0 0 0
 outer loop
 vertex -0.133 0.00940555 0.0258415
 vertex -0.133 0.01375 0.0238157
 vertex 0.209 0.01375 0.0238157
 endloop
endfacet
facet normal 0 0 0
 outer loop
 vertex -0.133 0.00940555 0.0258415
 vertex 0.209 0.01375 0.0238157
 vertex 0.209 0.00940555 0.0258415
 endloop
endfacet
facet normal 0 0 0
 outer loop
 vertex 0.209 0.00923454 0.0253717
 vertex 0.209 0.0135 0.0233827
 vertex -0.133 0.0135 0.0233827
 endloop
endfacet
facet normal 0 0 0
 outer loop
 vertex 0.209 0.00923454 0.0253717
 vertex -0.133 0.0135 0.0233827
 vertex -0.133 0.00923454 0.0253717
 endloop
endfacet
facet normal 0 0 0
 outer loop
 vertex -0.133 0.01375 0.0238157
 vertex -0.133 0.0176767 0.0210662
 vertex 0.209 0.0176767 0.0210662
 endloop
endfacet
facet normal 0 0 0
 outer loop
 vertex -0.133 0.01375 0.0238157
 vertex 0.209 0.0176767 0.0210662
 vertex 0.209 0.01375 0.0238157
 endloop
endfacet
facet normal 0 0 0
 outer loop
 vertex 0.209 0.0135 0.0233827
 vertex 0.209 0.0173553 0.0206832
 vertex -0.133 0.0173553 0.0206832
 endloop
endfacet
facet normal 0 0 0
 outer loop
 vertex 0.209 0.0135 0.0233827
 vertex -0.133 0.0173553 0.0206832
 vertex -0.133 0.0135 0.0233827
 endloop
endfacet
facet normal 0 0 0
 outer loop
 vertex -0.133 0.0176767 0.0210662
 vertex -0.133 0.0210662 0.0176767
 vertex 0.209 0.0210662 0.0176767
 endloop
endfacet
facet normal 0 0 0
 outer loop
 vertex -0.133 0.0176767 0.0210662
 vertex 0.209 0.0210662 0.0176767
 vertex 0.209 0.0176767 0.0210662
 endloop
endfacet
facet normal 0 0 0
 outer loop
 vertex 0.209 0.0173553 0.0206832
 vertex 0.209 0.0206832 0.0173553
 vertex -0.133 0.0206832 0.0173553
 endloop
endfacet
facet normal 0 0 0
 outer loop
 vertex 0.209 0.0173553 0.0206832
 vertex -0.133 0.0206832 0.0173553
 vertex -0.133 0.0173553 0.0206832
 endloop
endfacet
facet normal 0 0 0
 outer loop
 vertex -0.133 0.0210662 0.0176767
 vertex -0.133 0.0238157 0.01375
 vertex 0.209 0.0238157 0.01375
 endloop
endfacet
facet normal 0 0 0
 outer loop
 vertex -0.133 0.0210662 0.0176767
 vertex 0.209 0.0238157 0.01375
 vertex 0.209 0.0210662 0.0176767
 endloop
endfacet
facet normal 0 0 0
 outer loop
 vertex 0.209 0.0206832 0.0173553
 vertex 0.209 0.0233827 0.0135
 vertex -0.133 0.0233827 0.0135
 endloop
endfacet
facet normal 0 0 0
 outer loop
 vertex 0.209 0.0206832 0.0173553
 vertex -0.133 0.0233827 0.0135
 vertex -0.133 0.0206832 0.0173553
 endloop
endfacet
facet normal 0 0 0
 outer loop
 vertex -0.133 0.0238157 0.01375
 vertex -0.133 0.0258415 0.00940555
 vertex 0.209 0.0258415 0.00940555
 endloop
endfacet
facet normal 0 0 0
 outer loop
 vertex -0.133 0.0238157 0.01375
 vertex 0.209 0.0258415 0.00940555
 vertex 0.209 0.0238157 0.01375
 endloop
endfacet
facet normal 0 0 0
 outer loop
 vertex 0.209 0.0233827 0.0135
 vertex 0.209 0.0253717 0.00923454
 vertex -0.133 0.0253717 0.00923454
 endloop
endfacet
facet normal 0 0 0
 outer loop
 vertex 0.209 0.0233827 0.0135
 vertex -0.133 0.0253717 0.00923454
 vertex -0.133 0.0233827 0.0135
 endloop
endfacet
facet normal 0 0 0
 outer loop
 vertex -0.133 0.0258415 0.00940555
 vertex -0.133 0.0270822 0.00477533
 vertex 0.209 0.0270822 0.00477533
 endloop
endfacet
facet normal 0 0 0
 outer loop
 vertex -0.133 0.0258415 0.00940555
 vertex 0.209 0.0270822 0.00477533
 vertex 0.209 0.0258415 0.00940555
 endloop
endfacet
facet normal 0 0 0
 outer loop
 vertex 0.209 0.0253717 0.00923454
 vertex 0.209 0.0265898 0.0046885
 vertex -0.133 0.0265898 0.0046885
 endloop
endfacet
facet normal 0 0 0
 outer loop
 vertex 0.209 0.0253717 0.00923454
 vertex -0.133 0.0265898 0.0046885
 vertex -0.133 0.0253717 0.00923454
 endloop
endfacet
facet normal 0 0 0
 outer loop
 vertex -0.133 0.0270822 0.00477533
 vertex -0.133 0.0275 -1.20206e-09
 vertex 0.209 0.0275 -1.20206e-09
 endloop
endfacet
facet normal 0 0 0
 outer loop
 vertex -0.133 0.0270822 0.00477533
 vertex 0.209 0.0275 -1.20206e-09
 vertex 0.209 0.0270822 0.00477533
 endloop
endfacet
facet normal 0 0 0
 outer loop
 vertex 0.209 0.0265898 0.0046885
 vertex 0.209 0.027 -1.18021e-09
 vertex -0.133 0.027 -1.18021e-09
 endloop
endfacet
facet normal 0 0 0
 outer loop
 vertex 0.209 0.0265898 0.0046885
 vertex -0.133 0.027 -1.18021e-09
 vertex -0.133 0.0265898 0.0046885
 endloop
endfacet
facet normal 0 0 0
 outer loop
 vertex -0.133 0.0275 -1.20206e-09
 vertex -0.133 0.0270822 -0.00477533
 vertex 0.209 0.0270822 -0.00477533
 endloop
endfacet
facet normal 0 0 0
 outer loop
 vertex -0.133 0.0275 -1.20206e-09
 vertex 0.209 0.0270822 -0.00477533
 vertex 0.209 0.0275 -1.20206e-09
 endloop
endfacet
facet normal 0 0 0
 outer loop
 vertex 0.209 0.027 -1.18021e-09
 vertex 0.209 0.0265898 -0.0046885
 vertex -0.133 0.0265898 -0.0046885
 endloop
endfacet
facet normal 0 0 0
 outer loop
 vertex 0.209 0.027 -1.18021e-09
 vertex -0.133 0.0265898 -0.0046885
 vertex -0.133 0.027 -1.18021e-09
 endloop
endfacet
facet normal 0 0 0
 outer loop
 vertex -0.133 0.0270822 -0.00477533
 vertex -0.133 0.0258415 -0.00940555
 vertex 0.209 0.0258415 -0.00940555
 endloop
endfacet
facet normal 0 0 0
 outer loop
 vertex -0.133 0.0270822 -0.00477533
 vertex 0.209 0.0258415 -0.00940555
 vertex 0.209 0.0270822 -0.00477533
 endloop
endfacet
facet normal 0 0 0
 outer loop
 vertex 0.209 0.0265898 -0.0046885
 vertex 0.209 0.0253717 -0.00923454
 vertex -0.133 0.0253717 -0.00923454
 endloop
endfacet
facet normal 0 0 0
 outer loop
 vertex 0.209 0.0265898 -0.0046885
 vertex -0.133 0.0253717 -0.00923454
 vertex -0.133 0.0265898 -0.0046885
 endloop
endfacet
facet normal 0 0 0
 outer loop
 vertex -0.133 0.0258415 -0.00940555
 vertex -0.133 0.0238157 -0.01375
 vertex 0.209 0.0238157 -0.01375
 endloop
endfacet
facet normal 0 0 0
 outer loop
 vertex -0.133 0.0258415 -0.00940555
 vertex 0.209 0.0238157 -0.01375
 vertex 0.209 0.0258415 -0.00940555
 endloop
endfacet
facet normal 0 0 0
 outer loop
 vertex 0.209 0.0253717 -0.00923454
 vertex 0.209 0.0233827 -0.0135
 vertex -0.133 0.0233827 -0.0135
 endloop
endfacet
facet normal 0 0 0
 outer loop
 vertex 0.209 0.0253717 -0.00923454
 vertex -0.133 0.0233827 -0.0135
 vertex -0.133 0.0253717 -0.00923454
 endloop
endfacet
facet normal 0 0 0
 outer loop
 vertex -0.133 0.0238157 -0.01375
 vertex -0.133 0.0210662 -0.0176767
 vertex 0.209 0.0210662 -0.0176767
 endloop
endfacet
facet normal 0 0 0
 outer loop
 vertex -0.133 0.0238157 -0.01375
 vertex 0.209 0.0210662 -0.0176767
 vertex 0.209 0.0238157 -0.01375
 endloop
endfacet
facet normal 0 0 0
 outer loop
 vertex 0.209 0.0233827 -0.0135
 vertex 0.209 0.0206832 -0.0173553
 vertex -0.133 0.0206832 -0.0173553
 endloop
endfacet
facet normal 0 0 0
 outer loop
 vertex 0.209 0.0233827 -0.0135
 vertex -0.133 0.0206832 -0.0173553
 vertex -0.133 0.0233827 -0.0135
 endloop
endfacet
facet normal 0 0 0
 outer loop
 vertex -0.133 0.0210662 -0.0176767
 vertex -0.133 0.0176767 -0.0210662
 vertex 0.209 0.0176767 -0.0210662
 endloop
endfacet
facet normal 0 0 0
 outer loop
 vertex -0.133 0.0210662 -0.0176767
 vertex 0.209 0.0176767 -0.0210662
 vertex 0.209 0.0210662 -0.0176767
 endloop
endfacet
facet normal 0 0 0
 outer loop
 vertex 0.209 0.0206832 -0.0173553
 vertex 0.209 0.0173553 -0.0206832
 vertex -0.133 0.0173553 -0.0206832
 endloop
endfacet
facet normal 0 0 0
 outer loop
 vertex 0.209 0.0206832 -0.0173553
 vertex -0.133 0.0173553 -0.0206832
 vertex -0.133 0.0206832 -0.0173553
 endloop
endfacet
facet normal 0 0 0
 outer loop
 vertex -0.133 0.0176767 -0.0210662
 vertex -0.133 0.01375 -0.0238157
 vertex 0.209 0.01375 -0.0238157
 endloop
endfacet
facet normal 0 0 0
 outer loop
 vertex -0.133 0.0176767 -0.0210662
 vertex 0.209 0.01375 -0.0238157
 vertex 0.209 0.0176767 -0.0210662
 endloop
endfacet
facet normal 0 0 0
 outer loop
 vertex 0.209 0.0173553 -0.0206832
 vertex 0.209 0.0135 -0.0233827
 vertex -0.133 0.0135 -0.0233827
 endloop
endfacet
facet normal 0 0 0
 outer loop
 vertex 0.209 0.0173553 -0.0206832
 vertex -0.133 0.0135 -0.0233827
 vertex -0.133 0.0173553 -0.0206832
 endloop
endfacet
facet normal 0 0 0
 outer loop
 vertex -0.133 0.01375 -0.0238157
 vertex -0.133 0.00940556 -0.0258415
 vertex 0.209 0.00940556 -0.0258415
 endloop
endfacet
facet normal 0 0 0
 outer loop
 vertex -0.133 0.01375 -0.0238157
 vertex 0.209 0.00940556 -0.0258415
 vertex 0.209 0.01375 -0.0238157
 endloop
endfacet
facet normal 0 0 0
 outer loop
 vertex 0.209 0.0135 -0.0233827
 vertex 0.209 0.00923455 -0.0253717
 vertex -0.133 0.00923455 -0.0253717
 endloop
endfacet
facet normal 0 0 0
 outer loop
 vertex 0.209 0.0135 -0.0233827
 vertex -0.133 0.00923455 -0.0253717
 vertex -0.133 0.0135 -0.0233827
 endloop
endfacet
facet normal 0 0 0
 outer loop
 vertex -0.133 0.00940556 -0.0258415
 vertex -0.133 0.00477533 -0.0270822
 vertex 0.209 0.00477533 -0.0270822
 endloop
endfacet
facet normal 0 0 0
 outer loop
 vertex -0.133 0.00940556 -0.0258415
 vertex 0.209 0.00477533 -0.0270822
 vertex 0.209 0.00940556 -0.0258415
 endloop
endfacet
facet normal 0 0 0
 outer loop
 vertex 0.209 0.00923455 -0.0253717
 vertex 0.209 0.0046885 -0.0265898
 vertex -0.133 0.0046885 -0.0265898
 endloop
endfacet
facet normal 0 0 0
 outer loop
 vertex 0.209 0.00923455 -0.0253717
 vertex -0.133 0.0046885 -0.0265898
 vertex -0.133 0.00923455 -0.0253717
 endloop
endfacet
facet normal 0 0 0
 outer loop
 vertex -0.133 0.00477533 -0.0270822
 vertex -0.133 -2.40413e-09 -0.0275
 vertex 0.209 -2.40413e-09 -0.0275
 endloop
endfacet
facet normal 0 0 0
 outer loop
 vertex -0.133 0.00477533 -0.0270822
 vertex 0.209 -2.40413e-09 -0.0275
 vertex 0.209 0.00477533 -0.0270822
 endloop
endfacet
facet normal 0 0 0
 outer loop
 vertex 0.209 0.0046885 -0.0265898
 vertex 0.209 -2.36041e-09 -0.027
 vertex -0.133 -2.36041e-09 -0.027
 endloop
endfacet
facet normal 0 0 0
 outer loop
 vertex 0.209 0.0046885 -0.0265898
 vertex -0.133 -2.36041e-09 -0.027
 vertex -0.133 0.0046885 -0.0265898
 endloop
endfacet
facet normal 0 0 0
 outer loop
 vertex -0.133 -2.40413e-09 -0.0275
 vertex -0.133 -0.00477533 -0.0270822
 vertex 0.209 -0.00477533 -0.0270822
 endloop
endfacet
facet normal 0 0 0
 outer loop
 vertex -0.133 -2.40413e-09 -0.0275
 vertex 0.209 -0.00477533 -0.0270822
 vertex 0.209 -2.40413e-09 -0.0275
 endloop
endfacet
facet normal 0 0 0
 outer loop
 vertex 0.209 -2.36041e-09 -0.027
 vertex 0.209 -0.0046885 -0.0265898
 vertex -0.133 -0.0046885 -0.0265898
 endloop
endfacet
facet normal 0 0 0
 outer loop
 vertex 0.209 -2.36041e-09 -0.027
 vertex -0.133 -0.0046885 -0.0265898
 vertex -0.133 -2.36041e-09 -0.027
 endloop
endfacet
facet normal 0 0 0
 outer loop
 vertex -0.133 -0.00477533 -0.0270822
 vertex -0.133 -0.00940555 -0.0258415
 vertex 0.209 -0.00940555 -0.0258415
 endloop
endfacet
facet normal 0 0 0
 outer loop
 vertex -0.133 -0.00477533 -0.0270822
 vertex 0.209 -0.00940555 -0.0258415
 vertex 0.209 -0.00477533 -0.0270822
 endloop
endfacet
facet normal 0 0 0
 outer loop
 vertex 0.209 -0.0046885 -0.0265898
 vertex 0.209 -0.00923454 -0.0253717
 vertex -0.133 -0.00923454 -0.0253717
 endloop
endfacet
facet normal 0 0 0
 outer loop
 vertex 0.209 -0.0046885 -0.0265898
 vertex -0.133 -0.00923454 -0.0253717
 vertex -0.133 -0.0046885 -0.0265898
 endloop
endfacet
facet normal 0 0 0
 outer loop
 vertex -0.133 -0.00940555 -0.0258415
 vertex -0.133 -0.01375 -0.0238157
 vertex 0.209 -0.01375 -0.0238157
 endloop
endfacet
facet normal 0 0 0
 outer loop
 vertex -0.133 -0.00940555 -0.0258415
 vertex 0.209 -0.01375 -0.0238157
 vertex 0.209 -0.00940555 -0.0258415
 endloop
endfacet
facet normal 0 0 0
 outer loop
 vertex 0.209 -0.00923454 -0.0253717
 vertex 0.209 -0.0135 -0.0233827
 vertex -0.133 -0.0135 -0.0233827
 endloop
endfacet
facet normal 0 0 0
 outer loop
 vertex 0.209 -0.00923454 -0.0253717
 vertex -0.133 -0.0135 -0.0233827
 vertex -0.133 -0.00923454 -0.0253717
 endloop
endfacet
facet normal 0 0 0
 outer loop
 vertex -0.133 -0.01375 -0.0238157
 vertex -0.133 -0.0176767 -0.0210662
 vertex 0.209 -0.0176767 -0.0210662
 endloop
endfacet
facet normal 0 0 0
 outer loop
 vertex -0.133 -0.01375 -0.0238157
 vertex 0.209 -0.0176767 -0.0210662
 vertex 0.209 -0.01375 -0.0238157
 endloop
endfacet
facet normal 0 0 0
 outer loop
 vertex 0.209 -0.0135 -0.0233827
 vertex 0.209 -0.0173553 -0.0206832
 vertex -0.133 -0.0173553 -0.0206832
 endloop
endfacet
facet normal 0 0 0
 outer loop
 vertex 0.209 -0.0135 -0.0233827
 vertex -0.133 -0.0173553 -0.0206832
 vertex -0.133 -0.0135 -0.0233827
 endloop
endfacet
facet normal 0 0 0
 outer loop
 vertex -0.133 -0.0176767 -0.0210662
 vertex -0.133 -0.0210662 -0.0176767
 vertex 0.209 -0.0210662 -0.0176767
 endloop
endfacet
facet normal 0 0 0
 outer loop
 vertex -0.133 -0.0176767 -0.0210662
 vertex 0.209 -0.0210662 -0.0176767
 vertex 0.209 -0.0176767 -0.0210662
 endloop
endfacet
facet normal 0 0 0
 outer loop
 vertex 0.209 -0.0173553 -0.0206832
 vertex 0.209 -0.0206832 -0.0173553
 vertex -0.133 -0.0206832 -0.0173553
 endloop
endfacet
facet normal 0 0 0
 outer loop
 vertex 0.209 -0.0173553 -0.0206832
 vertex -0.133 -0.0206832 -0.0173553
 vertex -0.133 -0.0173553 -0.0206832
 endloop
endfacet
facet normal 0 0 0
 outer loop
 vertex -0.133 -0.0210662 -0.0176767
 vertex -0.133 -0.0238157 -0.01375
 vertex 0.209 -0.0238157 -0.01375
 endloop
endfacet
facet normal 0 0 0
 outer loop
 vertex -0.133 -0.0210662 -0.0176767
 vertex 0.209 -0.0238157 -0.01375
 vertex 0.209 -0.0210662 -0.0176767
 endloop
endfacet
facet normal 0 0 0
 outer loop
 vertex 0.209 -0.0206832 -0.0173553
 vertex 0.209 -0.0233827 -0.0135
 vertex -0.133 -0.0233827 -0.0135
 endloop
endfacet
facet normal 0 0 0
 outer loop
 vertex 0.209 -0.0206832 -0.0173553
 vertex -0.133 -0.0233827 -0.0135
 vertex -0.133 -0.0206832 -0.0173553
 endloop
endfacet
facet normal 0 0 0
 outer loop
 vertex -0.133 -0.0238157 -0.01375
 vertex -0.133 -0.0258415 -0.00940555
 vertex 0.209 -0.0258415 -0.00940555
 endloop
endfacet
facet normal 0 0 0
 outer loop
 vertex -0.133 -0.0238157 -0.01375
 vertex 0.209 -0.0258415 -0.00940555
 vertex 0.209 -0.0238157 -0.01375
 endloop
endfacet
facet normal 0 0 0
 outer loop
 vertex 0.209 -0.0233827 -0.0135
 vertex 0.209 -0.0253717 -0.00923454
 vertex -0.133 -0.0253717 -0.00923454
 endloop
endfacet
facet normal 0 0 0
 outer loop
 vertex 0.209 -0.0233827 -0.0135
 vertex -0.133 -0.0253717 -0.00923454
 vertex -0.133 -0.0233827 -0.0135
 endloop
endfacet
facet normal 0 0 0
 outer loop
 vertex -0.133 -0.0258415 -0.00940555
 vertex -0.133 -0.0270822 -0.00477532
 vertex 0.209 -0.0270822 -0.00477532
 endloop
endfacet
facet normal 0 0 0
 outer loop
 vertex -0.133 -0.0258415 -0.00940555
 vertex 0.209 -0.0270822 -0.00477532
 vertex 0.209 -0.0258415 -0.00940555
 endloop
endfacet
facet normal 0 0 0
 outer loop
 vertex 0.209 -0.0253717 -0.00923454
 vertex 0.209 -0.0265898 -0.0046885
 vertex -0.133 -0.0265898 -0.0046885
 endloop
endfacet
facet normal 0 0 0
 outer loop
 vertex 0.209 -0.0253717 -0.00923454
 vertex -0.133 -0.0265898 -0.0046885
 vertex -0.133 -0.0253717 -0.00923454
 endloop
endfacet
facet normal 0 0 0
 outer loop
 vertex -0.133 -0.0270822 -0.00477532
 vertex -0.133 -0.0275 3.27934e-10
 vertex 0.209 -0.0275 3.27934e-10
 endloop
endfacet
facet normal 0 0 0
 outer loop
 vertex -0.133 -0.0270822 -0.00477532
 vertex 0.209 -0.0275 3.27934e-10
 vertex 0.209 -0.0270822 -0.00477532
 endloop
endfacet
facet normal 0 0 0
 outer loop
 vertex 0.209 -0.0265898 -0.0046885
 vertex 0.209 -0.027 3.21972e-10
 vertex -0.133 -0.027 3.21972e-10
 endloop
endfacet
facet normal 0 0 0
 outer loop
 vertex 0.209 -0.0265898 -0.0046885
 vertex -0.133 -0.027 3.21972e-10
 vertex -0.133 -0.0265898 -0.0046885
 endloop
endfacet
facet normal 0 0 0
 outer loop
 vertex -0.133 -0.0275 3.27934e-10
 vertex -0.133 -0.0270822 0.00477532
 vertex 0.209 -0.0270822 0.00477532
 endloop
endfacet
facet normal 0 0 0
 outer loop
 vertex -0.133 -0.0275 3.27934e-10
 vertex 0.209 -0.0270822 0.00477532
 vertex 0.209 -0.0275 3.27934e-10
 endloop
endfacet
facet normal 0 0 0
 outer loop
 vertex 0.209 -0.027 3.21972e-10
 vertex 0.209 -0.0265898 0.0046885
 vertex -0.133 -0.0265898 0.0046885
 endloop
endfacet
facet normal 0 0 0
 outer loop
 vertex 0.209 -0.027 3.21972e-10
 vertex -0.133 -0.0265898 0.0046885
 vertex -0.133 -0.027 3.21972e-10
 endloop
endfacet
facet normal 0 0 0
 outer loop
 vertex -0.133 -0.0270822 0.00477532
 vertex -0.133 -0.0258415 0.00940555
 vertex 0.209 -0.0258415 0.00940555
 endloop
endfacet
facet normal 0 0 0
 outer loop
 vertex -0.133 -0.0270822 0.00477532
 vertex 0.209 -0.0258415 0.00940555
 vertex 0.209 -0.0270822 0.00477532
 endloop
endfacet
facet normal 0 0 0
 outer loop
 vertex 0.209 -0.0265898 0.0046885
 vertex 0.209 -0.0253717 0.00923454
 vertex -0.133 -0.0253717 0.00923454
 endloop
endfacet
facet normal 0 0 0
 outer loop
 vertex 0.209 -0.0265898 0.0046885
 vertex -0.133 -0.0253717 0.00923454
 vertex -0.133 -0.0265898 0.0046885
 endloop
endfacet
facet normal 0 0 0
 outer loop
 vertex -0.133 -0.0258415 0.00940555
 vertex -0.133 -0.0238157 0.01375
 vertex 0.209 -0.0238157 0.01375
 endloop
endfacet
facet normal 0 0 0
 outer loop
 vertex -0.133 -0.0258415 0.00940555
 vertex 0.209 -0.0238157 0.01375
 vertex 0.209 -0.0258415 0.00940555
 endloop
endfacet
facet normal 0 0 0
 outer loop
 vertex 0.209 -0.0253717 0.00923454
 vertex 0.209 -0.0233827 0.0135
 vertex -0.133 -0.0233827 0.0135
 endloop
endfacet
facet normal 0 0 0
 outer loop
 vertex 0.209 -0.0253717 0.00923454
 vertex -0.133 -0.0233827 0.0135
 vertex -0.133 -0.0253717 0.00923454
 endloop
endfacet
facet normal 0 0 0
 outer loop
 vertex -0.133 -0.0238157 0.01375
 vertex -0.133 -0.0210662 0.0176767
 vertex 0.209 -0.0210662 0.0176767
 endloop
endfacet
facet normal 0 0 0
 outer loop
 vertex -0.133 -0.0238157 0.01375
 vertex 0.209 -0.0210662 0.0176767
 vertex 0.209 -0.0238157 0.01375
 endloop
endfacet
facet normal 0 0 0
 outer loop
 vertex 0.209 -0.0233827 0.0135
 vertex 0.209 -0.0206832 0.0173553
 vertex -0.133 -0.0206832 0.0173553
 endloop
endfacet
facet normal 0 0 0
 outer loop
 vertex 0.209 -0.0233827 0.0135
 vertex -0.133 -0.0206832 0.0173553
 vertex -0.133 -0.0233827 0.0135
 endloop
endfacet
facet normal 0 0 0
 outer loop
 vertex -0.133 -0.0210662 0.0176767
 vertex -0.133 -0.0176767 0.0210662
 vertex 0.209 -0.0176767 0.0210662
 endloop
endfacet
facet normal 0 0 0
 outer loop
 vertex -0.133 -0.0210662 0.0176767
 vertex 0.209 -0.0176767 0.0210662
 vertex 0.209 -0.0210662 0.0176767
 endloop
endfacet
facet normal 0 0 0
 outer loop
 vertex 0.209 -0.0206832 0.0173553
 vertex 0.209 -0.0173553 0.0206832
 vertex -0.133 -0.0173553 0.0206832
 endloop
endfacet
facet normal 0 0 0
 outer loop
 vertex 0.209 -0.0206832 0.0173553
 vertex -0.133 -0.0173553 0.0206832
 vertex -0.133 -0.0206832 0.0173553
 endloop
endfacet
facet normal 0 0 0
 outer loop
 vertex -0.133 -0.0176767 0.0210662
 vertex -0.133 -0.01375 0.0238157
 vertex 0.209 -0.01375 0.0238157
 endloop
endfacet
facet normal 0 0 0
 outer loop
 vertex -0.133 -0.0176767 0.0210662
 vertex 0.209 -0.01375 0.0238157
 vertex 0.209 -0.0176767 0.0210662
 endloop
endfacet
facet normal 0 0 0
 outer loop
 vertex 0.209 -0.0173553 0.0206832
 vertex 0.209 -0.0135 0.0233827
 vertex -0.133 -0.0135 0.0233827
 endloop
endfacet
facet normal 0 0 0
 outer loop
 vertex 0.209 -0.0173553 0.0206832
 vertex -0.133 -0.0135 0.0233827
 vertex -0.133 -0.0173553 0.0206832
 endloop
endfacet
facet normal 0 0 0
 outer loop
 vertex -0.133 -0.01375 0.0238157
 vertex -0.133 -0.00940556 0.0258415
 vertex 0.209 -0.00940556 0.0258415
 endloop
endfacet
facet normal 0 0 0
 outer loop
 vertex -0.133 -0.01375 0.0238157
 vertex 0.209 -0.00940556 0.0258415
 vertex 0.209 -0.01375 0.0238157
 endloop
endfacet
facet normal 0 0 0
 outer loop
 vertex 0.209 -0.0135 0.0233827
 vertex 0.209 -0.00923455 0.0253717
 vertex -0.133 -0.00923455 0.0253717
 endloop
endfacet
facet normal 0 0 0
 outer loop
 vertex 0.209 -0.0135 0.0233827
 vertex -0.133 -0.00923455 0.0253717
 vertex -0.133 -0.0135 0.0233827
 endloop
endfacet
facet normal 0 0 0
 outer loop
 vertex -0.133 -0.00940556 0.0258415
 vertex -0.133 -0.00477532 0.0270822
 vertex 0.209 -0.00477532 0.0270822
 endloop
endfacet
facet normal 0 0 0
 outer loop
 vertex -0.133 -0.00940556 0.0258415
 vertex 0.209 -0.00477532 0.0270822
 vertex 0.209 -0.00940556 0.0258415
 endloop
endfacet
facet normal 0 0 0
 outer loop
 vertex 0.209 -0.00923455 0.0253717
 vertex 0.209 -0.0046885 0.0265898
 vertex -0.133 -0.0046885 0.0265898
 endloop
endfacet
facet normal 0 0 0
 outer loop
 vertex 0.209 -0.00923455 0.0253717
 vertex -0.133 -0.0046885 0.0265898
 vertex -0.133 -0.00923455 0.0253717
 endloop
endfacet
facet normal 0 0 0
 outer loop
 vertex -0.133 -0.00477532 0.0270822
 vertex -0.133 4.80825e-09 0.0275
 vertex 0.209 4.80825e-09 0.0275
 endloop
endfacet
facet normal 0 0 0
 outer loop
 vertex -0.133 -0.00477532 0.0270822
 vertex 0.209 4.80825e-09 0.0275
 vertex 0.209 -0.00477532 0.0270822
 endloop
endfacet
facet normal 0 0 0
 outer loop
 vertex 0.209 -0.0046885 0.0265898
 vertex 0.209 4.72083e-09 0.027
 vertex -0.133 4.72083e-09 0.027
 endloop
endfacet
facet normal 0 0 0
 outer loop
 vertex 0.209 -0.0046885 0.0265898
 vertex -0.133 4.72083e-09 0.027
 vertex -0.133 -0.0046885 0.0265898
 endloop
endfacet
facet normal 0 0 0
 outer loop
 vertex -0.133 0 0.027
 vertex -0.133 0.0046885 0.0265898
 vertex -0.133 0.00477532 0.0270822
 endloop
endfacet
facet normal 0 0 0
 outer loop
 vertex -0.133 0 0.027
 vertex -0.133 0.00477532 0.0270822
 vertex -0.133 0 0.0275
 endloop
endfacet
facet normal 0 0 0
 outer loop
 vertex 0.209 0 0.027
 vertex 0.209 0 0.0275
 vertex 0.209 0.00477532 0.0270822
 endloop
endfacet
facet normal 0 0 0
 outer loop
 vertex 0.209 0 0.027
 vertex 0.209 0.00477532 0.0270822
 vertex 0.209 0.0046885 0.0265898
 endloop
endfacet
facet normal 0 0 0
 outer loop
 vertex -0.133 0.0046885 0.0265898
 vertex -0.133 0.00923454 0.0253717
 vertex -0.133 0.00940555 0.0258415
 endloop
endfacet
facet normal 0 0 0
 outer loop
 vertex -0.133 0.0046885 0.0265898
 vertex -0.133 0.00940555 0.0258415
 vertex -0.133 0.00477532 0.0270822
 endloop
endfacet
facet normal 0 0 0
 outer loop
 vertex 0.209 0.0046885 0.0265898
 vertex 0.209 0.00477532 0.0270822
 vertex 0.209 0.00940555 0.0258415
 endloop
endfacet
facet normal 0 0 0
 outer loop
 vertex 0.209 0.0046885 0.0265898
 vertex 0.209 0.00940555 0.0258415
 vertex 0.209 0.00923454 0.0253717
 endloop
endfacet
facet normal 0 0 0
 outer loop
 vertex -0.133 0.00923454 0.0253717
 vertex -0.133 0.0135 0.0233827
 vertex -0.133 0.01375 0.0238157
 endloop
endfacet
facet normal 0 0 0
 outer loop
 vertex -0.133 0.00923454 0.0253717
 vertex -0.133 0.01375 0.0238157
 vertex -0.133 0.00940555 0.0258415
 endloop
endfacet
facet normal 0 0 0
 outer loop
 vertex 0.209 0.00923454 0.0253717
 vertex 0.209 0.00940555 0.0258415
 vertex 0.209 0.01375 0.0238157
 endloop
endfacet
facet normal 0 0 0
 outer loop
 vertex 0.209 0.00923454 0.0253717
 vertex 0.209 0.01375 0.0238157
 vertex 0.209 0.0135 0.0233827
 endloop
endfacet
facet normal 0 0 0
 outer loop
 vertex -0.133 0.0135 0.0233827
 vertex -0.133 0.0173553 0.0206832
 vertex -0.133 0.0176767 0.0210662
 endloop
endfacet
facet normal 0 0 0
 outer loop
 vertex -0.133 0.0135 0.0233827
 vertex -0.133 0.0176767 0.0210662
 vertex -0.133 0.01375 0.0238157
 endloop
endfacet
facet normal 0 0 0
 outer loop
 vertex 0.209 0.0135 0.0233827
 vertex 0.209 0.01375 0.0238157
 vertex 0.209 0.0176767 0.0210662
 endloop
endfacet
facet normal 0 0 0
 outer loop
 vertex 0.209 0.0135 0.0233827
 vertex 0.209 0.0176767 0.0210662
 vertex 0.209 0.0173553 0.0206832
 endloop
endfacet
facet normal 0 0 0
 outer loop
 vertex -0.133 0.0173553 0.0206832
 vertex -0.133 0.0206832 0.0173553
 vertex -0.133 0.0210662 0.0176767
 endloop
endfacet
facet normal 0 0 0
 outer loop
 vertex -0.133 0.0173553 0.0206832
 vertex -0.133 0.0210662 0.0176767
 vertex -0.133 0.0176767 0.0210662
 endloop
endfacet
facet normal 0 0 0
 outer loop
 vertex 0.209 0.0173553 0.0206832
 vertex 0.209 0.0176767 0.0210662
 vertex 0.209 0.0210662 0.0176767
 endloop
endfacet
facet normal 0 0 0
 outer loop
 vertex 0.209 0.0173553 0.0206832
 vertex 0.209 0.0210662 0.0176767
 vertex 0.209 0.0206832 0.0173553
 endloop
endfacet
facet normal 0 0 0
 outer loop
 vertex -0.133 0.0206832 0.0173553
 vertex -0.133 0.0233827 0.0135
 vertex -0.133 0.0238157 0.01375
 endloop
endfacet
facet normal 0 0 0
 outer loop
 vertex -0.133 0.0206832 0.0173553
 vertex -0.133 0.0238157 0.01375
 vertex -0.133 0.0210662 0.0176767
 endloop
endfacet
facet normal 0 0 0
 outer loop
 vertex 0.209 0.0206832 0.0173553
 vertex 0.209 0.0210662 0.0176767
 vertex 0.209 0.0238157 0.01375
 endloop
endfacet
facet normal 0 0 0
 outer loop
 vertex 0.209 0.0206832 0.0173553
 vertex 0.209 0.0238157 0.01375
 vertex 0.209 0.0233827 0.0135
 endloop
endfacet
facet normal 0 0 0
 outer loop
 vertex -0.133 0.0233827 0.0135
 vertex -0.133 0.0253717 0.00923454
 vertex -0.133 0.0258415 0.00940555
 endloop
endfacet
facet normal 0 0 0
 outer loop
 vertex -0.133 0.0233827 0.0135
 vertex -0.133 0.0258415 0.00940555
 vertex -0.133 0.0238157 0.01375
 endloop
endfacet
facet normal 0 0 0
 outer loop
 vertex 0.209 0.0233827 0.0135
 vertex 0.209 0.0238157 0.01375
 vertex 0.209 0.0258415 0.00940555
 endloop
endfacet
facet normal 0 0 0
 outer loop
 vertex 0.209 0.0233827 0.0135
 vertex 0.209 0.0258415 0.00940555
 vertex 0.209 0.0253717 0.00923454
 endloop
endfacet
facet normal 0 0 0
 outer loop
 vertex -0.133 0.0253717 0.00923454
 vertex -0.133 0.0265898 0.0046885
 vertex -0.133 0.0270822 0.00477533
 endloop
endfacet
facet normal 0 0 0
 outer loop
 vertex -0.133 0.0253717 0.00923454
 vertex -0.133 0.0270822 0.00477533
 vertex -0.133 0.0258415 0.00940555
 endloop
endfacet
facet normal 0 0 0
 outer loop
 vertex 0.209 0.0253717 0.00923454
 vertex 0.209 0.0258415 0.00940555
 vertex 0.209 0.0270822 0.00477533
 endloop
endfacet
facet normal 0 0 0
 outer loop
 vertex 0.209 0.0253717 0.00923454
 vertex 0.209 0.0270822 0.00477533
 vertex 0.209 0.0265898 0.0046885
 endloop
endfacet
facet normal 0 0 0
 outer loop
 vertex -0.133 0.0265898 0.0046885
 vertex -0.133 0.027 -1.18021e-09
 vertex -0.133 0.0275 -1.20206e-09
 endloop
endfacet
facet normal 0 0 0
 outer loop
 vertex -0.133 0.0265898 0.0046885
 vertex -0.133 0.0275 -1.20206e-09
 vertex -0.133 0.0270822 0.00477533
 endloop
endfacet
facet normal 0 0 0
 outer loop
 vertex 0.209 0.0265898 0.0046885
 vertex 0.209 0.0270822 0.00477533
 vertex 0.209 0.0275 -1.20206e-09
 endloop
endfacet
facet normal 0 0 0
 outer loop
 vertex 0.209 0.0265898 0.0046885
 vertex 0.209 0.0275 -1.20206e-09
 vertex 0.209 0.027 -1.18021e-09
 endloop
endfacet
facet normal 0 0 0
 outer loop
 vertex -0.133 0.027 -1.18021e-09
 vertex -0.133 0.0265898 -0.0046885
 vertex -0.133 0.0270822 -0.00477533
 endloop
endfacet
facet normal 0 0 0
 outer loop
 vertex -0.133 0.027 -1.18021e-09
 vertex -0.133 0.0270822 -0.00477533
 vertex -0.133 0.0275 -1.20206e-09
 endloop
endfacet
facet normal 0 0 0
 outer loop
 vertex 0.209 0.027 -1.18021e-09
 vertex 0.209 0.0275 -1.20206e-09
 vertex 0.209 0.0270822 -0.00477533
 endloop
endfacet
facet normal 0 0 0
 outer loop
 vertex 0.209 0.027 -1.18021e-09
 vertex 0.209 0.0270822 -0.00477533
 vertex 0.209 0.0265898 -0.0046885
 endloop
endfacet
facet normal 0 0 0
 outer loop
 vertex -0.133 0.0265898 -0.0046885
 vertex -0.133 0.0253717 -0.00923454
 vertex -0.133 0.0258415 -0.00940555
 endloop
endfacet
facet normal 0 0 0
 outer loop
 vertex -0.133 0.0265898 -0.0046885
 vertex -0.133 0.0258415 -0.00940555
 vertex -0.133 0.0270822 -0.00477533
 endloop
endfacet
facet normal 0 0 0
 outer loop
 vertex 0.209 0.0265898 -0.0046885
 vertex 0.209 0.0270822 -0.00477533
 vertex 0.209 0.0258415 -0.00940555
 endloop
endfacet
facet normal 0 0 0
 outer loop
 vertex 0.209 0.0265898 -0.0046885
 vertex 0.209 0.0258415 -0.00940555
 vertex 0.209 0.0253717 -0.00923454
 endloop
endfacet
facet normal 0 0 0
 outer loop
 vertex -0.133 0.0253717 -0.00923454
 vertex -0.133 0.0233827 -0.0135
 vertex -0.133 0.0238157 -0.01375
 endloop
endfacet
facet normal 0 0 0
 outer loop
 vertex -0.133 0.0253717 -0.00923454
 vertex -0.133 0.0238157 -0.01375
 vertex -0.133 0.0258415 -0.00940555
 endloop
endfacet
facet normal 0 0 0
 outer loop
 vertex 0.209 0.0253717 -0.00923454
 vertex 0.209 0.0258415 -0.00940555
 vertex 0.209 0.0238157 -0.01375
 endloop
endfacet
facet normal 0 0 0
 outer loop
 vertex 0.209 0.0253717 -0.00923454
 vertex 0.209 0.0238157 -0.01375
 vertex 0.209 0.0233827 -0.0135
 endloop
endfacet
facet normal 0 0 0
 outer loop
 vertex -0.133 0.0233827 -0.0135
 vertex -0.133 0.0206832 -0.0173553
 vertex -0.133 0.0210662 -0.0176767
 endloop
endfacet
facet normal 0 0 0
 outer loop
 vertex -0.133 0.0233827 -0.0135
 vertex -0.133 0.0210662 -0.0176767
 vertex -0.133 0.0238157 -0.01375
 endloop
endfacet
facet normal 0 0 0
 outer loop
 vertex 0.209 0.0233827 -0.0135
 vertex 0.209 0.0238157 -0.01375
 vertex 0.209 0.0210662 -0.0176767
 endloop
endfacet
facet normal 0 0 0
 outer loop
 vertex 0.209 0.0233827 -0.0135
 vertex 0.209 0.0210662 -0.0176767
 vertex 0.209 0.0206832 -0.0173553
 endloop
endfacet
facet normal 0 0 0
 outer loop
 vertex -0.133 0.0206832 -0.0173553
 vertex -0.133 0.0173553 -0.0206832
 vertex -0.133 0.0176767 -0.0210662
 endloop
endfacet
facet normal 0 0 0
 outer loop
 vertex -0.133 0.0206832 -0.0173553
 vertex -0.133 0.0176767 -0.0210662
 vertex -0.133 0.0210662 -0.0176767
 endloop
endfacet
facet normal 0 0 0
 outer loop
 vertex 0.209 0.0206832 -0.0173553
 vertex 0.209 0.0210662 -0.0176767
 vertex 0.209 0.0176767 -0.0210662
 endloop
endfacet
facet normal 0 0 0
 outer loop
 vertex 0.209 0.0206832 -0.0173553
 vertex 0.209 0.0176767 -0.0210662
 vertex 0.209 0.0173553 -0.0206832
 endloop
endfacet
facet normal 0 0 0
 outer loop
 vertex -0.133 0.0173553 -0.0206832
 vertex -0.133 0.0135 -0.0233827
 vertex -0.133 0.01375 -0.0238157
 endloop
endfacet
facet normal 0 0 0
 outer loop
 vertex -0.133 0.0173553 -0.0206832
 vertex -0.133 0.01375 -0.0238157
 vertex -0.133 0.0176767 -0.0210662
 endloop
endfacet
facet normal 0 0 0
 outer loop
 vertex 0.209 0.0173553 -0.0206832
 vertex 0.209 0.0176767 -0.0210662
 vertex 0.209 0.01375 -0.0238157
 endloop
endfacet
facet normal 0 0 0
 outer loop
 vertex 0.209 0.0173553 -0.0206832
 vertex 0.209 0.01375 -0.0238157
 vertex 0.209 0.0135 -0.0233827
 endloop
endfacet
facet normal 0 0 0
 outer loop
 vertex -0.133 0.0135 -0.0233827
 vertex -0.133 0.00923455 -0.0253717
 vertex -0.133 0.00940556 -0.0258415
 endloop
endfacet
facet normal 0 0 0
 outer loop
 vertex -0.133 0.0135 -0.0233827
 vertex -0.133 0.00940556 -0.0258415
 vertex -0.133 0.01375 -0.0238157
 endloop
endfacet
facet normal 0 0 0
 outer loop
 vertex 0.209 0.0135 -0.0233827
 vertex 0.209 0.01375 -0.0238157
 vertex 0.209 0.00940556 -0.0258415
 endloop
endfacet
facet normal 0 0 0
 outer loop
 vertex 0.209 0.0135 -0.0233827
 vertex 0.209 0.00940556 -0.0258415
 vertex 0.209 0.00923455 -0.0253717
 endloop
endfacet
facet normal 0 0 0
 outer loop
 vertex -0.133 0.00923455 -0.0253717
 vertex -0.133 0.0046885 -0.0265898
 vertex -0.133 0.00477533 -0.0270822
 endloop
endfacet
facet normal 0 0 0
 outer loop
 vertex -0.133 0.00923455 -0.0253717
 vertex -0.133 0.00477533 -0.0270822
 vertex -0.133 0.00940556 -0.0258415
 endloop
endfacet
facet normal 0 0 0
 outer loop
 vertex 0.209 0.00923455 -0.0253717
 vertex 0.209 0.00940556 -0.0258415
 vertex 0.209 0.00477533 -0.0270822
 endloop
endfacet
facet normal 0 0 0
 outer loop
 vertex 0.209 0.00923455 -0.0253717
 vertex 0.209 0.00477533 -0.0270822
 vertex 0.209 0.0046885 -0.0265898
 endloop
endfacet
facet normal 0 0 0
 outer loop
 vertex -0.133 0.0046885 -0.0265898
 vertex -0.133 -2.36041e-09 -0.027
 vertex -0.133 -2.40413e-09 -0.0275
 endloop
endfacet
facet normal 0 0 0
 outer loop
 vertex -0.133 0.0046885 -0.0265898
 vertex -0.133 -2.40413e-09 -0.0275
 vertex -0.133 0.00477533 -0.0270822
 endloop
endfacet
facet normal 0 0 0
 outer loop
 vertex 0.209 0.0046885 -0.0265898
 vertex 0.209 0.00477533 -0.0270822
 vertex 0.209 -2.40413e-09 -0.0275
 endloop
endfacet
facet normal 0 0 0
 outer loop
 vertex 0.209 0.0046885 -0.0265898
 vertex 0.209 -2.40413e-09 -0.0275
 vertex 0.209 -2.36041e-09 -0.027
 endloop
endfacet
facet normal 0 0 0
 outer loop
 vertex -0.133 -2.36041e-09 -0.027
 vertex -0.133 -0.0046885 -0.0265898
 vertex -0.133 -0.00477533 -0.0270822
 endloop
endfacet
facet normal 0 0 0
 outer loop
 vertex -0.133 -2.36041e-09 -0.027
 vertex -0.133 -0.00477533 -0.0270822
 vertex -0.133 -2.40413e-09 -0.0275
 endloop
endfacet
facet normal 0 0 0
 outer loop
 vertex 0.209 -2.36041e-09 -0.027
 vertex 0.209 -2.40413e-09 -0.0275
 vertex 0.209 -0.00477533 -0.0270822
 endloop
endfacet
facet normal 0 0 0
 outer loop
 vertex 0.209 -2.36041e-09 -0.027
 vertex 0.209 -0.00477533 -0.0270822
 vertex 0.209 -0.0046885 -0.0265898
 endloop
endfacet
facet normal 0 0 0
 outer loop
 vertex -0.133 -0.0046885 -0.0265898
 vertex -0.133 -0.00923454 -0.0253717
 vertex -0.133 -0.00940555 -0.0258415
 endloop
endfacet
facet normal 0 0 0
 outer loop
 vertex -0.133 -0.0046885 -0.0265898
 vertex -0.133 -0.00940555 -0.0258415
 vertex -0.133 -0.00477533 -0.0270822
 endloop
endfacet
facet normal 0 0 0
 outer loop
 vertex 0.209 -0.0046885 -0.0265898
 vertex 0.209 -0.00477533 -0.0270822
 vertex 0.209 -0.00940555 -0.0258415
 endloop
endfacet
facet normal 0 0 0
 outer loop
 vertex 0.209 -0.0046885 -0.0265898
 vertex 0.209 -0.00940555 -0.0258415
 vertex 0.209 -0.00923454 -0.0253717
 endloop
endfacet
facet normal 0 0 0
 outer loop
 vertex -0.133 -0.00923454 -0.0253717
 vertex -0.133 -0.0135 -0.0233827
 vertex -0.133 -0.01375 -0.0238157
 endloop
endfacet
facet normal 0 0 0
 outer loop
 vertex -0.133 -0.00923454 -0.0253717
 vertex -0.133 -0.01375 -0.0238157
 vertex -0.133 -0.00940555 -0.0258415
 endloop
endfacet
facet normal 0 0 0
 outer loop
 vertex 0.209 -0.00923454 -0.0253717
 vertex 0.209 -0.00940555 -0.0258415
 vertex 0.209 -0.01375 -0.0238157
 endloop
endfacet
facet normal 0 0 0
 outer loop
 vertex 0.209 -0.00923454 -0.0253717
 vertex 0.209 -0.01375 -0.0238157
 vertex 0.209 -0.0135 -0.0233827
 endloop
endfacet
facet normal 0 0 0
 outer loop
 vertex -0.133 -0.0135 -0.0233827
 vertex -0.133 -0.0173553 -0.0206832
 vertex -0.133 -0.0176767 -0.0210662
 endloop
endfacet
facet normal 0 0 0
 outer loop
 vertex -0.133 -0.0135 -0.0233827
 vertex -0.133 -0.0176767 -0.0210662
 vertex -0.133 -0.01375 -0.0238157
 endloop
endfacet
facet normal 0 0 0
 outer loop
 vertex 0.209 -0.0135 -0.0233827
 vertex 0.209 -0.01375 -0.0238157
 vertex 0.209 -0.0176767 -0.0210662
 endloop
endfacet
facet normal 0 0 0
 outer loop
 vertex 0.209 -0.0135 -0.0233827
 vertex 0.209 -0.0176767 -0.0210662
 vertex 0.209 -0.0173553 -0.0206832
 endloop
endfacet
facet normal 0 0 0
 outer loop
 vertex -0.133 -0.0173553 -0.0206832
 vertex -0.133 -0.0206832 -0.0173553
 vertex -0.133 -0.0210662 -0.0176767
 endloop
endfacet
facet normal 0 0 0
 outer loop
 vertex -0.133 -0.0173553 -0.0206832
 vertex -0.133 -0.0210662 -0.0176767
 vertex -0.133 -0.0176767 -0.0210662
 endloop
endfacet
facet normal 0 0 0
 outer loop
 vertex 0.209 -0.0173553 -0.0206832
 vertex 0.209 -0.0176767 -0.0210662
 vertex 0.209 -0.0210662 -0.0176767
 endloop
endfacet
facet normal 0 0 0
 outer loop
 vertex 0.209 -0.0173553 -0.0206832
 vertex 0.209 -0.0210662 -0.0176767
 vertex 0.209 -0.0206832 -0.0173553
 endloop
endfacet
facet normal 0 0 0
 outer loop
 vertex -0.133 -0.0206832 -0.0173553
 vertex -0.133 -0.0233827 -0.0135
 vertex -0.133 -0.0238157 -0.01375
 endloop
endfacet
facet normal 0 0 0
 outer loop
 vertex -0.133 -0.0206832 -0.0173553
 vertex -0.133 -0.0238157 -0.01375
 vertex -0.133 -0.0210662 -0.0176767
 endloop
endfacet
facet normal 0 0 0
 outer loop
 vertex 0.209 -0.0206832 -0.0173553
 vertex 0.209 -0.0210662 -0.0176767
 vertex 0.209 -0.0238157 -0.01375
 endloop
endfacet
facet normal 0 0 0
 outer loop
 vertex 0.209 -0.0206832 -0.0173553
 vertex 0.209 -0.0238157 -0.01375
 vertex 0.209 -0.0233827 -0.0135
 endloop
endfacet
facet normal 0 0 0
 outer loop
 vertex -0.133 -0.0233827 -0.0135
 vertex -0.133 -0.0253717 -0.00923454
 vertex -0.133 -0.0258415 -0.00940555
 endloop
endfacet
facet normal 0 0 0
 outer loop
 vertex -0.133 -0.0233827 -0.0135
 vertex -0.133 -0.0258415 -0.00940555
 vertex -0.133 -0.0238157 -0.01375
 endloop
endfacet
facet normal 0 0 0
 outer loop
 vertex 0.209 -0.0233827 -0.0135
 vertex 0.209 -0.0238157 -0.01375
 vertex 0.209 -0.0258415 -0.00940555
 endloop
endfacet
facet normal 0 0 0
 outer loop
 vertex 0.209 -0.0233827 -0.0135
 vertex 0.209 -0.0258415 -0.00940555
 vertex 0.209 -0.0253717 -0.00923454
 endloop
endfacet
facet normal 0 0 0
 outer loop
 vertex -0.133 -0.0253717 -0.00923454
 vertex -0.133 -0.0265898 -0.0046885
 vertex -0.133 -0.0270822 -0.00477532
 endloop
endfacet
facet normal 0 0 0
 outer loop
 vertex -0.133 -0.0253717 -0.00923454
 vertex -0.133 -0.0270822 -0.00477532
 vertex -0.133 -0.0258415 -0.00940555
 endloop
endfacet
facet normal 0 0 0
 outer loop
 vertex 0.209 -0.0253717 -0.00923454
 vertex 0.209 -0.0258415 -0.00940555
 vertex 0.209 -0.0270822 -0.00477532
 endloop
endfacet
facet normal 0 0 0
 outer loop
 vertex 0.209 -0.0253717 -0.00923454
 vertex 0.209 -0.0270822 -0.00477532
 vertex 0.209 -0.0265898 -0.0046885
 endloop
endfacet
facet normal 0 0 0
 outer loop
 vertex -0.133 -0.0265898 -0.0046885
 vertex -0.133 -0.027 3.21972e-10
 vertex -0.133 -0.0275 3.27934e-10
 endloop
endfacet
facet normal 0 0 0
 outer loop
 vertex -0.133 -0.0265898 -0.0046885
 vertex -0.133 -0.0275 3.27934e-10
 vertex -0.133 -0.0270822 -0.00477532
 endloop
endfacet
facet normal 0 0 0
 outer loop
 vertex 0.209 -0.0265898 -0.0046885
 vertex 0.209 -0.0270822 -0.00477532
 vertex 0.209 -0.0275 3.27934e-10
 endloop
endfacet
facet normal 0 0 0
 outer loop
 vertex 0.209 -0.0265898 -0.0046885
 vertex 0.209 -0.0275 3.27934e-10
 vertex 0.209 -0.027 3.21972e-10
 endloop
endfacet
facet normal 0 0 0
 outer loop
 vertex -0.133 -0.027 3.21972e-10
 vertex -0.133 -0.0265898 0.0046885
 vertex -0.133 -0.0270822 0.00477532
 endloop
endfacet
facet normal 0 0 0
 outer loop
 vertex -0.133 -0.027 3.21972e-10
 vertex -0.133 -0.0270822 0.00477532
 vertex -0.133 -0.0275 3.27934e-10
 endloop
endfacet
facet normal 0 0 0
 outer loop
 vertex 0.209 -0.027 3.21972e-10
 vertex 0.209 -0.0275 3.27934e-10
 vertex 0.209 -0.0270822 0.00477532
 endloop
endfacet
facet normal 0 0 0
 outer loop
 vertex 0.209 -0.027 3.21972e-10
 vertex 0.209 -0.0270822 0.00477532
 vertex 0.209 -0.0265898 0.0046885
 endloop
endfacet
facet normal 0 0 0
 outer loop
 vertex -0.133 -0.0265898 0.0046885
 vertex -0.133 -0.0253717 0.00923454
 vertex -0.133 -0.0258415 0.00940555
 endloop
endfacet
facet normal 0 0 0
 outer loop
 vertex -0.133 -0.0265898 0.0046885
 vertex -0.133 -0.0258415 0.00940555
 vertex -0.133 -0.0270822 0.00477532
 endloop
endfacet
facet normal 0 0 0
 outer loop
 vertex 0.209 -0.0265898 0.0046885
 vertex 0.209 -0.0270822 0.00477532
 vertex 0.209 -0.0258415 0.00940555
 endloop
endfacet
facet normal 0 0 0
 outer loop
 vertex 0.209 -0.0265898 0.0046885
 vertex 0.209 -0.0258415 0.00940555
 vertex 0.209 -0.0253717 0.00923454
 endloop
endfacet
facet normal 0 0 0
 outer loop
 vertex -0.133 -0.0253717 0.00923454
 vertex -0.133 -0.0233827 0.0135
 vertex -0.133 -0.0238157 0.01375
 endloop
endfacet
facet normal 0 0 0
 outer loop
 vertex -0.133 -0.0253717 0.00923454
 vertex -0.133 -0.0238157 0.01375
 vertex -0.133 -0.0258415 0.00940555
 endloop
endfacet
facet normal 0 0 0
 outer loop
 vertex 0.209 -0.0253717 0.00923454
 vertex 0.209 -0.0258415 0.00940555
 vertex 0.209 -0.0238157 0.01375
 endloop
endfacet
facet normal 0 0 0
 outer loop
 vertex 0.209 -0.0253717 0.00923454
 vertex 0.209 -0.0238157 0.01375
 vertex 0.209 -0.0233827 0.0135
 endloop
endfacet
facet normal 0 0 0
 outer loop
 vertex -0.133 -0.0233827 0.0135
 vertex -0.133 -0.0206832 0.0173553
 vertex -0.133 -0.0210662 0.0176767
 endloop
endfacet
facet normal 0 0 0
 outer loop
 vertex -0.133 -0.0233827 0.0135
 vertex -0.133 -0.0210662 0.0176767
 vertex -0.133 -0.0238157 0.01375
 endloop
endfacet
facet normal 0 0 0
 outer loop
 vertex 0.209 -0.0233827 0.0135
 vertex 0.209 -0.0238157 0.01375
 vertex 0.209 -0.0210662 0.0176767
 endloop
endfacet
facet normal 0 0 0
 outer loop
 vertex 0.209 -0.0233827 0.0135
 vertex 0.209 -0.0210662 0.0176767
 vertex 0.209 -0.0206832 0.0173553
 endloop
endfacet
facet normal 0 0 0
 outer loop
 vertex -0.133 -0.0206832 0.0173553
 vertex -0.133 -0.0173553 0.0206832
 vertex -0.133 -0.0176767 0.0210662
 endloop
endfacet
facet normal 0 0 0
 outer loop
 vertex -0.133 -0.0206832 0.0173553
 vertex -0.133 -0.0176767 0.0210662
 vertex -0.133 -0.0210662 0.0176767
 endloop
endfacet
facet normal 0 0 0
 outer loop
 vertex 0.209 -0.0206832 0.0173553
 vertex 0.209 -0.0210662 0.0176767
 vertex 0.209 -0.0176767 0.0210662
 endloop
endfacet
facet normal 0 0 0
 outer loop
 vertex 0.209 -0.0206832 0.0173553
 vertex 0.209 -0.0176767 0.0210662
 vertex 0.209 -0.0173553 0.0206832
 endloop
endfacet
facet normal 0 0 0
 outer loop
 vertex -0.133 -0.0173553 0.0206832
 vertex -0.133 -0.0135 0.0233827
 vertex -0.133 -0.01375 0.0238157
 endloop
endfacet
facet normal 0 0 0
 outer loop
 vertex -0.133 -0.0173553 0.0206832
 vertex -0.133 -0.01375 0.0238157
 vertex -0.133 -0.0176767 0.0210662
 endloop
endfacet
facet normal 0 0 0
 outer loop
 vertex 0.209 -0.0173553 0.0206832
 vertex 0.209 -0.0176767 0.0210662
 vertex 0.209 -0.01375 0.0238157
 endloop
endfacet
facet normal 0 0 0
 outer loop
 vertex 0.209 -0.0173553 0.0206832
 vertex 0.209 -0.01375 0.0238157
 vertex 0.209 -0.0135 0.0233827
 endloop
endfacet
facet normal 0 0 0
 outer loop
 vertex -0.133 -0.0135 0.0233827
 vertex -0.133 -0.00923455 0.0253717
 vertex -0.133 -0.00940556 0.0258415
 endloop
endfacet
facet normal 0 0 0
 outer loop
 vertex -0.133 -0.0135 0.0233827
 vertex -0.133 -0.00940556 0.0258415
 vertex -0.133 -0.01375 0.0238157
 endloop
endfacet
facet normal 0 0 0
 outer loop
 vertex 0.209 -0.0135 0.0233827
 vertex 0.209 -0.01375 0.0238157
 vertex 0.209 -0.00940556 0.0258415
 endloop
endfacet
facet normal 0 0 0
 outer loop
 vertex 0.209 -0.0135 0.0233827
 vertex 0.209 -0.00940556 0.0258415
 vertex 0.209 -0.00923455 0.0253717
 endloop
endfacet
facet normal 0 0 0
 outer loop
 vertex -0.133 -0.00923455 0.0253717
 vertex -0.133 -0.0046885 0.0265898
 vertex -0.133 -0.00477532 0.0270822
 endloop
endfacet
facet normal 0 0 0
 outer loop
 vertex -0.133 -0.00923455 0.0253717
 vertex -0.133 -0.00477532 0.0270822
 vertex -0.133 -0.00940556 0.0258415
 endloop
endfacet
facet normal 0 0 0
 outer loop
 vertex 0.209 -0.00923455 0.0253717
 vertex 0.209 -0.00940556 0.0258415
 vertex 0.209 -0.00477532 0.0270822
 endloop
endfacet
facet normal 0 0 0
 outer loop
 vertex 0.209 -0.00923455 0.0253717
 vertex 0.209 -0.00477532 0.0270822
 vertex 0.209 -0.0046885 0.0265898
 endloop
endfacet
facet normal 0 0 0
 outer loop
 vertex -0.133 -0.0046885 0.0265898
 vertex -0.133 4.72083e-09 0.027
 vertex -0.133 4.80825e-09 0.0275
 endloop
endfacet
facet normal 0 0 0
 outer loop
 vertex -0.133 -0.0046885 0.0265898
 vertex -0.133 4.80825e-09 0.0275
 vertex -0.133 -0.00477532 0.0270822
 endloop
endfacet
facet normal 0 0 0
 outer loop
 vertex 0.209 -0.0046885 0.0265898
 vertex 0.209 -0.00477532 0.0270822
 vertex 0.209 4.80825e-09 0.0275
 endloop
endfacet
facet normal 0 0 0
 outer loop
 vertex 0.209 -0.0046885 0.0265898
 vertex 0.209 4.80825e-09 0.0275
 vertex 0.209 4.72083e-09 0.027
 endloop
endfacet
facet normal 0 0 0
 outer loop
 vertex -0.133 0 0.0278
 vertex -0.133 0.00482742 0.0273777
 vertex 0.209 0.00482742 0.0273777
 endloop
endfacet
facet normal 0 0 0
 outer loop
 vertex -0.133 0 0.0278
 vertex 0.209 0.00482742 0.0273777
 vertex 0.209 0 0.0278
 endloop
endfacet
facet normal 0 0 0
 outer loop
 vertex 0.209 0 0.0273
 vertex 0.209 0.0047406 0.0268853
 vertex -0.133 0.0047406 0.0268853
 endloop
endfacet
facet normal 0 0 0
 outer loop
 vertex 0.209 0 0.0273
 vertex -0.133 0.0047406 0.0268853
 vertex -0.133 0 0.0273
 endloop
endfacet
facet normal 0 0 0
 outer loop
 vertex -0.133 0.00482742 0.0273777
 vertex -0.133 0.00950816 0.0261235
 vertex 0.209 0.00950816 0.0261235
 endloop
endfacet
facet normal 0 0 0
 outer loop
 vertex -0.133 0.00482742 0.0273777
 vertex 0.209 0.00950816 0.0261235
 vertex 0.209 0.00482742 0.0273777
 endloop
endfacet
facet normal 0 0 0
 outer loop
 vertex 0.209 0.0047406 0.0268853
 vertex 0.209 0.00933715 0.0256536
 vertex -0.133 0.00933715 0.0256536
 endloop
endfacet
facet normal 0 0 0
 outer loop
 vertex 0.209 0.0047406 0.0268853
 vertex -0.133 0.00933715 0.0256536
 vertex -0.133 0.0047406 0.0268853
 endloop
endfacet
facet normal 0 0 0
 outer loop
 vertex -0.133 0.00950816 0.0261235
 vertex -0.133 0.0139 0.0240755
 vertex 0.209 0.0139 0.0240755
 endloop
endfacet
facet normal 0 0 0
 outer loop
 vertex -0.133 0.00950816 0.0261235
 vertex 0.209 0.0139 0.0240755
 vertex 0.209 0.00950816 0.0261235
 endloop
endfacet
facet normal 0 0 0
 outer loop
 vertex 0.209 0.00933715 0.0256536
 vertex 0.209 0.01365 0.0236425
 vertex -0.133 0.01365 0.0236425
 endloop
endfacet
facet normal 0 0 0
 outer loop
 vertex 0.209 0.00933715 0.0256536
 vertex -0.133 0.01365 0.0236425
 vertex -0.133 0.00933715 0.0256536
 endloop
endfacet
facet normal 0 0 0
 outer loop
 vertex -0.133 0.0139 0.0240755
 vertex -0.133 0.0178695 0.021296
 vertex 0.209 0.0178695 0.021296
 endloop
endfacet
facet normal 0 0 0
 outer loop
 vertex -0.133 0.0139 0.0240755
 vertex 0.209 0.0178695 0.021296
 vertex 0.209 0.0139 0.0240755
 endloop
endfacet
facet normal 0 0 0
 outer loop
 vertex 0.209 0.01365 0.0236425
 vertex 0.209 0.0175481 0.020913
 vertex -0.133 0.0175481 0.020913
 endloop
endfacet
facet normal 0 0 0
 outer loop
 vertex 0.209 0.01365 0.0236425
 vertex -0.133 0.0175481 0.020913
 vertex -0.133 0.01365 0.0236425
 endloop
endfacet
facet normal 0 0 0
 outer loop
 vertex -0.133 0.0178695 0.021296
 vertex -0.133 0.021296 0.0178695
 vertex 0.209 0.021296 0.0178695
 endloop
endfacet
facet normal 0 0 0
 outer loop
 vertex -0.133 0.0178695 0.021296
 vertex 0.209 0.021296 0.0178695
 vertex 0.209 0.0178695 0.021296
 endloop
endfacet
facet normal 0 0 0
 outer loop
 vertex 0.209 0.0175481 0.020913
 vertex 0.209 0.020913 0.0175481
 vertex -0.133 0.020913 0.0175481
 endloop
endfacet
facet normal 0 0 0
 outer loop
 vertex 0.209 0.0175481 0.020913
 vertex -0.133 0.020913 0.0175481
 vertex -0.133 0.0175481 0.020913
 endloop
endfacet
facet normal 0 0 0
 outer loop
 vertex -0.133 0.021296 0.0178695
 vertex -0.133 0.0240755 0.0139
 vertex 0.209 0.0240755 0.0139
 endloop
endfacet
facet normal 0 0 0
 outer loop
 vertex -0.133 0.021296 0.0178695
 vertex 0.209 0.0240755 0.0139
 vertex 0.209 0.021296 0.0178695
 endloop
endfacet
facet normal 0 0 0
 outer loop
 vertex 0.209 0.020913 0.0175481
 vertex 0.209 0.0236425 0.01365
 vertex -0.133 0.0236425 0.01365
 endloop
endfacet
facet normal 0 0 0
 outer loop
 vertex 0.209 0.020913 0.0175481
 vertex -0.133 0.0236425 0.01365
 vertex -0.133 0.020913 0.0175481
 endloop
endfacet
facet normal 0 0 0
 outer loop
 vertex -0.133 0.0240755 0.0139
 vertex -0.133 0.0261235 0.00950816
 vertex 0.209 0.0261235 0.00950816
 endloop
endfacet
facet normal 0 0 0
 outer loop
 vertex -0.133 0.0240755 0.0139
 vertex 0.209 0.0261235 0.00950816
 vertex 0.209 0.0240755 0.0139
 endloop
endfacet
facet normal 0 0 0
 outer loop
 vertex 0.209 0.0236425 0.01365
 vertex 0.209 0.0256536 0.00933715
 vertex -0.133 0.0256536 0.00933715
 endloop
endfacet
facet normal 0 0 0
 outer loop
 vertex 0.209 0.0236425 0.01365
 vertex -0.133 0.0256536 0.00933715
 vertex -0.133 0.0236425 0.01365
 endloop
endfacet
facet normal 0 0 0
 outer loop
 vertex -0.133 0.0261235 0.00950816
 vertex -0.133 0.0273777 0.00482742
 vertex 0.209 0.0273777 0.00482742
 endloop
endfacet
facet normal 0 0 0
 outer loop
 vertex -0.133 0.0261235 0.00950816
 vertex 0.209 0.0273777 0.00482742
 vertex 0.209 0.0261235 0.00950816
 endloop
endfacet
facet normal 0 0 0
 outer loop
 vertex 0.209 0.0256536 0.00933715
 vertex 0.209 0.0268853 0.0047406
 vertex -0.133 0.0268853 0.0047406
 endloop
endfacet
facet normal 0 0 0
 outer loop
 vertex 0.209 0.0256536 0.00933715
 vertex -0.133 0.0268853 0.0047406
 vertex -0.133 0.0256536 0.00933715
 endloop
endfacet
facet normal 0 0 0
 outer loop
 vertex -0.133 0.0273777 0.00482742
 vertex -0.133 0.0278 -1.21518e-09
 vertex 0.209 0.0278 -1.21518e-09
 endloop
endfacet
facet normal 0 0 0
 outer loop
 vertex -0.133 0.0273777 0.00482742
 vertex 0.209 0.0278 -1.21518e-09
 vertex 0.209 0.0273777 0.00482742
 endloop
endfacet
facet normal 0 0 0
 outer loop
 vertex 0.209 0.0268853 0.0047406
 vertex 0.209 0.0273 -1.19332e-09
 vertex -0.133 0.0273 -1.19332e-09
 endloop
endfacet
facet normal 0 0 0
 outer loop
 vertex 0.209 0.0268853 0.0047406
 vertex -0.133 0.0273 -1.19332e-09
 vertex -0.133 0.0268853 0.0047406
 endloop
endfacet
facet normal 0 0 0
 outer loop
 vertex -0.133 0.0278 -1.21518e-09
 vertex -0.133 0.0273777 -0.00482742
 vertex 0.209 0.0273777 -0.00482742
 endloop
endfacet
facet normal 0 0 0
 outer loop
 vertex -0.133 0.0278 -1.21518e-09
 vertex 0.209 0.0273777 -0.00482742
 vertex 0.209 0.0278 -1.21518e-09
 endloop
endfacet
facet normal 0 0 0
 outer loop
 vertex 0.209 0.0273 -1.19332e-09
 vertex 0.209 0.0268853 -0.0047406
 vertex -0.133 0.0268853 -0.0047406
 endloop
endfacet
facet normal 0 0 0
 outer loop
 vertex 0.209 0.0273 -1.19332e-09
 vertex -0.133 0.0268853 -0.0047406
 vertex -0.133 0.0273 -1.19332e-09
 endloop
endfacet
facet normal 0 0 0
 outer loop
 vertex -0.133 0.0273777 -0.00482742
 vertex -0.133 0.0261235 -0.00950816
 vertex 0.209 0.0261235 -0.00950816
 endloop
endfacet
facet normal 0 0 0
 outer loop
 vertex -0.133 0.0273777 -0.00482742
 vertex 0.209 0.0261235 -0.00950816
 vertex 0.209 0.0273777 -0.00482742
 endloop
endfacet
facet normal 0 0 0
 outer loop
 vertex 0.209 0.0268853 -0.0047406
 vertex 0.209 0.0256536 -0.00933715
 vertex -0.133 0.0256536 -0.00933715
 endloop
endfacet
facet normal 0 0 0
 outer loop
 vertex 0.209 0.0268853 -0.0047406
 vertex -0.133 0.0256536 -0.00933715
 vertex -0.133 0.0268853 -0.0047406
 endloop
endfacet
facet normal 0 0 0
 outer loop
 vertex -0.133 0.0261235 -0.00950816
 vertex -0.133 0.0240755 -0.0139
 vertex 0.209 0.0240755 -0.0139
 endloop
endfacet
facet normal 0 0 0
 outer loop
 vertex -0.133 0.0261235 -0.00950816
 vertex 0.209 0.0240755 -0.0139
 vertex 0.209 0.0261235 -0.00950816
 endloop
endfacet
facet normal 0 0 0
 outer loop
 vertex 0.209 0.0256536 -0.00933715
 vertex 0.209 0.0236425 -0.01365
 vertex -0.133 0.0236425 -0.01365
 endloop
endfacet
facet normal 0 0 0
 outer loop
 vertex 0.209 0.0256536 -0.00933715
 vertex -0.133 0.0236425 -0.01365
 vertex -0.133 0.0256536 -0.00933715
 endloop
endfacet
facet normal 0 0 0
 outer loop
 vertex -0.133 0.0240755 -0.0139
 vertex -0.133 0.021296 -0.0178695
 vertex 0.209 0.021296 -0.0178695
 endloop
endfacet
facet normal 0 0 0
 outer loop
 vertex -0.133 0.0240755 -0.0139
 vertex 0.209 0.021296 -0.0178695
 vertex 0.209 0.0240755 -0.0139
 endloop
endfacet
facet normal 0 0 0
 outer loop
 vertex 0.209 0.0236425 -0.01365
 vertex 0.209 0.020913 -0.0175481
 vertex -0.133 0.020913 -0.0175481
 endloop
endfacet
facet normal 0 0 0
 outer loop
 vertex 0.209 0.0236425 -0.01365
 vertex -0.133 0.020913 -0.0175481
 vertex -0.133 0.0236425 -0.01365
 endloop
endfacet
facet normal 0 0 0
 outer loop
 vertex -0.133 0.021296 -0.0178695
 vertex -0.133 0.0178695 -0.021296
 vertex 0.209 0.0178695 -0.021296
 endloop
endfacet
facet normal 0 0 0
 outer loop
 vertex -0.133 0.021296 -0.0178695
 vertex 0.209 0.0178695 -0.021296
 vertex 0.209 0.021296 -0.0178695
 endloop
endfacet
facet normal 0 0 0
 outer loop
 vertex 0.209 0.020913 -0.0175481
 vertex 0.209 0.0175481 -0.020913
 vertex -0.133 0.0175481 -0.020913
 endloop
endfacet
facet normal 0 0 0
 outer loop
 vertex 0.209 0.020913 -0.0175481
 vertex -0.133 0.0175481 -0.020913
 vertex -0.133 0.020913 -0.0175481
 endloop
endfacet
facet normal 0 0 0
 outer loop
 vertex -0.133 0.0178695 -0.021296
 vertex -0.133 0.0139 -0.0240755
 vertex 0.209 0.0139 -0.0240755
 endloop
endfacet
facet normal 0 0 0
 outer loop
 vertex -0.133 0.0178695 -0.021296
 vertex 0.209 0.0139 -0.0240755
 vertex 0.209 0.0178695 -0.021296
 endloop
endfacet
facet normal 0 0 0
 outer loop
 vertex 0.209 0.0175481 -0.020913
 vertex 0.209 0.01365 -0.0236425
 vertex -0.133 0.01365 -0.0236425
 endloop
endfacet
facet normal 0 0 0
 outer loop
 vertex 0.209 0.0175481 -0.020913
 vertex -0.133 0.01365 -0.0236425
 vertex -0.133 0.0175481 -0.020913
 endloop
endfacet
facet normal 0 0 0
 outer loop
 vertex -0.133 0.0139 -0.0240755
 vertex -0.133 0.00950816 -0.0261235
 vertex 0.209 0.00950816 -0.0261235
 endloop
endfacet
facet normal 0 0 0
 outer loop
 vertex -0.133 0.0139 -0.0240755
 vertex 0.209 0.00950816 -0.0261235
 vertex 0.209 0.0139 -0.0240755
 endloop
endfacet
facet normal 0 0 0
 outer loop
 vertex 0.209 0.01365 -0.0236425
 vertex 0.209 0.00933715 -0.0256536
 vertex -0.133 0.00933715 -0.0256536
 endloop
endfacet
facet normal 0 0 0
 outer loop
 vertex 0.209 0.01365 -0.0236425
 vertex -0.133 0.00933715 -0.0256536
 vertex -0.133 0.01365 -0.0236425
 endloop
endfacet
facet normal 0 0 0
 outer loop
 vertex -0.133 0.00950816 -0.0261235
 vertex -0.133 0.00482742 -0.0273777
 vertex 0.209 0.00482742 -0.0273777
 endloop
endfacet
facet normal 0 0 0
 outer loop
 vertex -0.133 0.00950816 -0.0261235
 vertex 0.209 0.00482742 -0.0273777
 vertex 0.209 0.00950816 -0.0261235
 endloop
endfacet
facet normal 0 0 0
 outer loop
 vertex 0.209 0.00933715 -0.0256536
 vertex 0.209 0.0047406 -0.0268853
 vertex -0.133 0.0047406 -0.0268853
 endloop
endfacet
facet normal 0 0 0
 outer loop
 vertex 0.209 0.00933715 -0.0256536
 vertex -0.133 0.0047406 -0.0268853
 vertex -0.133 0.00933715 -0.0256536
 endloop
endfacet
facet normal 0 0 0
 outer loop
 vertex -0.133 0.00482742 -0.0273777
 vertex -0.133 -2.43035e-09 -0.0278
 vertex 0.209 -2.43035e-09 -0.0278
 endloop
endfacet
facet normal 0 0 0
 outer loop
 vertex -0.133 0.00482742 -0.0273777
 vertex 0.209 -2.43035e-09 -0.0278
 vertex 0.209 0.00482742 -0.0273777
 endloop
endfacet
facet normal 0 0 0
 outer loop
 vertex 0.209 0.0047406 -0.0268853
 vertex 0.209 -2.38664e-09 -0.0273
 vertex -0.133 -2.38664e-09 -0.0273
 endloop
endfacet
facet normal 0 0 0
 outer loop
 vertex 0.209 0.0047406 -0.0268853
 vertex -0.133 -2.38664e-09 -0.0273
 vertex -0.133 0.0047406 -0.0268853
 endloop
endfacet
facet normal 0 0 0
 outer loop
 vertex -0.133 -2.43035e-09 -0.0278
 vertex -0.133 -0.00482742 -0.0273777
 vertex 0.209 -0.00482742 -0.0273777
 endloop
endfacet
facet normal 0 0 0
 outer loop
 vertex -0.133 -2.43035e-09 -0.0278
 vertex 0.209 -0.00482742 -0.0273777
 vertex 0.209 -2.43035e-09 -0.0278
 endloop
endfacet
facet normal 0 0 0
 outer loop
 vertex 0.209 -2.38664e-09 -0.0273
 vertex 0.209 -0.0047406 -0.0268853
 vertex -0.133 -0.0047406 -0.0268853
 endloop
endfacet
facet normal 0 0 0
 outer loop
 vertex 0.209 -2.38664e-09 -0.0273
 vertex -0.133 -0.0047406 -0.0268853
 vertex -0.133 -2.38664e-09 -0.0273
 endloop
endfacet
facet normal 0 0 0
 outer loop
 vertex -0.133 -0.00482742 -0.0273777
 vertex -0.133 -0.00950816 -0.0261235
 vertex 0.209 -0.00950816 -0.0261235
 endloop
endfacet
facet normal 0 0 0
 outer loop
 vertex -0.133 -0.00482742 -0.0273777
 vertex 0.209 -0.00950816 -0.0261235
 vertex 0.209 -0.00482742 -0.0273777
 endloop
endfacet
facet normal 0 0 0
 outer loop
 vertex 0.209 -0.0047406 -0.0268853
 vertex 0.209 -0.00933715 -0.0256536
 vertex -0.133 -0.00933715 -0.0256536
 endloop
endfacet
facet normal 0 0 0
 outer loop
 vertex 0.209 -0.0047406 -0.0268853
 vertex -0.133 -0.00933715 -0.0256536
 vertex -0.133 -0.0047406 -0.0268853
 endloop
endfacet
facet normal 0 0 0
 outer loop
 vertex -0.133 -0.00950816 -0.0261235
 vertex -0.133 -0.0139 -0.0240755
 vertex 0.209 -0.0139 -0.0240755
 endloop
endfacet
facet normal 0 0 0
 outer loop
 vertex -0.133 -0.00950816 -0.0261235
 vertex 0.209 -0.0139 -0.0240755
 vertex 0.209 -0.00950816 -0.0261235
 endloop
endfacet
facet normal 0 0 0
 outer loop
 vertex 0.209 -0.00933715 -0.0256536
 vertex 0.209 -0.01365 -0.0236425
 vertex -0.133 -0.01365 -0.0236425
 endloop
endfacet
facet normal 0 0 0
 outer loop
 vertex 0.209 -0.00933715 -0.0256536
 vertex -0.133 -0.01365 -0.0236425
 vertex -0.133 -0.00933715 -0.0256536
 endloop
endfacet
facet normal 0 0 0
 outer loop
 vertex -0.133 -0.0139 -0.0240755
 vertex -0.133 -0.0178695 -0.021296
 vertex 0.209 -0.0178695 -0.021296
 endloop
endfacet
facet normal 0 0 0
 outer loop
 vertex -0.133 -0.0139 -0.0240755
 vertex 0.209 -0.0178695 -0.021296
 vertex 0.209 -0.0139 -0.0240755
 endloop
endfacet
facet normal 0 0 0
 outer loop
 vertex 0.209 -0.01365 -0.0236425
 vertex 0.209 -0.0175481 -0.020913
 vertex -0.133 -0.0175481 -0.020913
 endloop
endfacet
facet normal 0 0 0
 outer loop
 vertex 0.209 -0.01365 -0.0236425
 vertex -0.133 -0.0175481 -0.020913
 vertex -0.133 -0.01365 -0.0236425
 endloop
endfacet
facet normal 0 0 0
 outer loop
 vertex -0.133 -0.0178695 -0.021296
 vertex -0.133 -0.021296 -0.0178695
 vertex 0.209 -0.021296 -0.0178695
 endloop
endfacet
facet normal 0 0 0
 outer loop
 vertex -0.133 -0.0178695 -0.021296
 vertex 0.209 -0.021296 -0.0178695
 vertex 0.209 -0.0178695 -0.021296
 endloop
endfacet
facet normal 0 0 0
 outer loop
 vertex 0.209 -0.0175481 -0.020913
 vertex 0.209 -0.020913 -0.0175481
 vertex -0.133 -0.020913 -0.0175481
 endloop
endfacet
facet normal 0 0 0
 outer loop
 vertex 0.209 -0.0175481 -0.020913
 vertex -0.133 -0.020913 -0.0175481
 vertex -0.133 -0.0175481 -0.020913
 endloop
endfacet
facet normal 0 0 0
 outer loop
 vertex -0.133 -0.021296 -0.0178695
 vertex -0.133 -0.0240755 -0.0139
 vertex 0.209 -0.0240755 -0.0139
 endloop
endfacet
facet normal 0 0 0
 outer loop
 vertex -0.133 -0.021296 -0.0178695
 vertex 0.209 -0.0240755 -0.0139
 vertex 0.209 -0.021296 -0.0178695
 endloop
endfacet
facet normal 0 0 0
 outer loop
 vertex 0.209 -0.020913 -0.0175481
 vertex 0.209 -0.0236425 -0.01365
 vertex -0.133 -0.0236425 -0.01365
 endloop
endfacet
facet normal 0 0 0
 outer loop
 vertex 0.209 -0.020913 -0.0175481
 vertex -0.133 -0.0236425 -0.01365
 vertex -0.133 -0.020913 -0.0175481
 endloop
endfacet
facet normal 0 0 0
 outer loop
 vertex -0.133 -0.0240755 -0.0139
 vertex -0.133 -0.0261235 -0.00950816
 vertex 0.209 -0.0261235 -0.00950816
 endloop
endfacet
facet normal 0 0 0
 outer loop
 vertex -0.133 -0.0240755 -0.0139
 vertex 0.209 -0.0261235 -0.00950816
 vertex 0.209 -0.0240755 -0.0139
 endloop
endfacet
facet normal 0 0 0
 outer loop
 vertex 0.209 -0.0236425 -0.01365
 vertex 0.209 -0.0256536 -0.00933715
 vertex -0.133 -0.0256536 -0.00933715
 endloop
endfacet
facet normal 0 0 0
 outer loop
 vertex 0.209 -0.0236425 -0.01365
 vertex -0.133 -0.0256536 -0.00933715
 vertex -0.133 -0.0236425 -0.01365
 endloop
endfacet
facet normal 0 0 0
 outer loop
 vertex -0.133 -0.0261235 -0.00950816
 vertex -0.133 -0.0273777 -0.00482742
 vertex 0.209 -0.0273777 -0.00482742
 endloop
endfacet
facet normal 0 0 0
 outer loop
 vertex -0.133 -0.0261235 -0.00950816
 vertex 0.209 -0.0273777 -0.00482742
 vertex 0.209 -0.0261235 -0.00950816
 endloop
endfacet
facet normal 0 0 0
 outer loop
 vertex 0.209 -0.0256536 -0.00933715
 vertex 0.209 -0.0268853 -0.00474059
 vertex -0.133 -0.0268853 -0.00474059
 endloop
endfacet
facet normal 0 0 0
 outer loop
 vertex 0.209 -0.0256536 -0.00933715
 vertex -0.133 -0.0268853 -0.00474059
 vertex -0.133 -0.0256536 -0.00933715
 endloop
endfacet
facet normal 0 0 0
 outer loop
 vertex -0.133 -0.0273777 -0.00482742
 vertex -0.133 -0.0278 3.31512e-10
 vertex 0.209 -0.0278 3.31512e-10
 endloop
endfacet
facet normal 0 0 0
 outer loop
 vertex -0.133 -0.0273777 -0.00482742
 vertex 0.209 -0.0278 3.31512e-10
 vertex 0.209 -0.0273777 -0.00482742
 endloop
endfacet
facet normal 0 0 0
 outer loop
 vertex 0.209 -0.0268853 -0.00474059
 vertex 0.209 -0.0273 3.25549e-10
 vertex -0.133 -0.0273 3.25549e-10
 endloop
endfacet
facet normal 0 0 0
 outer loop
 vertex 0.209 -0.0268853 -0.00474059
 vertex -0.133 -0.0273 3.25549e-10
 vertex -0.133 -0.0268853 -0.00474059
 endloop
endfacet
facet normal 0 0 0
 outer loop
 vertex -0.133 -0.0278 3.31512e-10
 vertex -0.133 -0.0273777 0.00482742
 vertex 0.209 -0.0273777 0.00482742
 endloop
endfacet
facet normal 0 0 0
 outer loop
 vertex -0.133 -0.0278 3.31512e-10
 vertex 0.209 -0.0273777 0.00482742
 vertex 0.209 -0.0278 3.31512e-10
 endloop
endfacet
facet normal 0 0 0
 outer loop
 vertex 0.209 -0.0273 3.25549e-10
 vertex 0.209 -0.0268853 0.00474059
 vertex -0.133 -0.0268853 0.00474059
 endloop
endfacet
facet normal 0 0 0
 outer loop
 vertex 0.209 -0.0273 3.25549e-10
 vertex -0.133 -0.0268853 0.00474059
 vertex -0.133 -0.0273 3.25549e-10
 endloop
endfacet
facet normal 0 0 0
 outer loop
 vertex -0.133 -0.0273777 0.00482742
 vertex -0.133 -0.0261235 0.00950816
 vertex 0.209 -0.0261235 0.00950816
 endloop
endfacet
facet normal 0 0 0
 outer loop
 vertex -0.133 -0.0273777 0.00482742
 vertex 0.209 -0.0261235 0.00950816
 vertex 0.209 -0.0273777 0.00482742
 endloop
endfacet
facet normal 0 0 0
 outer loop
 vertex 0.209 -0.0268853 0.00474059
 vertex 0.209 -0.0256536 0.00933715
 vertex -0.133 -0.0256536 0.00933715
 endloop
endfacet
facet normal 0 0 0
 outer loop
 vertex 0.209 -0.0268853 0.00474059
 vertex -0.133 -0.0256536 0.00933715
 vertex -0.133 -0.0268853 0.00474059
 endloop
endfacet
facet normal 0 0 0
 outer loop
 vertex -0.133 -0.0261235 0.00950816
 vertex -0.133 -0.0240755 0.0139
 vertex 0.209 -0.0240755 0.0139
 endloop
endfacet
facet normal 0 0 0
 outer loop
 vertex -0.133 -0.0261235 0.00950816
 vertex 0.209 -0.0240755 0.0139
 vertex 0.209 -0.0261235 0.00950816
 endloop
endfacet
facet normal 0 0 0
 outer loop
 vertex 0.209 -0.0256536 0.00933715
 vertex 0.209 -0.0236425 0.01365
 vertex -0.133 -0.0236425 0.01365
 endloop
endfacet
facet normal 0 0 0
 outer loop
 vertex 0.209 -0.0256536 0.00933715
 vertex -0.133 -0.0236425 0.01365
 vertex -0.133 -0.0256536 0.00933715
 endloop
endfacet
facet normal 0 0 0
 outer loop
 vertex -0.133 -0.0240755 0.0139
 vertex -0.133 -0.021296 0.0178695
 vertex 0.209 -0.021296 0.0178695
 endloop
endfacet
facet normal 0 0 0
 outer loop
 vertex -0.133 -0.0240755 0.0139
 vertex 0.209 -0.021296 0.0178695
 vertex 0.209 -0.0240755 0.0139
 endloop
endfacet
facet normal 0 0 0
 outer loop
 vertex 0.209 -0.0236425 0.01365
 vertex 0.209 -0.020913 0.0175481
 vertex -0.133 -0.020913 0.0175481
 endloop
endfacet
facet normal 0 0 0
 outer loop
 vertex 0.209 -0.0236425 0.01365
 vertex -0.133 -0.020913 0.0175481
 vertex -0.133 -0.0236425 0.01365
 endloop
endfacet
facet normal 0 0 0
 outer loop
 vertex -0.133 -0.021296 0.0178695
 vertex -0.133 -0.0178695 0.021296
 vertex 0.209 -0.0178695 0.021296
 endloop
endfacet
facet normal 0 0 0
 outer loop
 vertex -0.133 -0.021296 0.0178695
 vertex 0.209 -0.0178695 0.021296
 vertex 0.209 -0.021296 0.0178695
 endloop
endfacet
facet normal 0 0 0
 outer loop
 vertex 0.209 -0.020913 0.0175481
 vertex 0.209 -0.0175481 0.020913
 vertex -0.133 -0.0175481 0.020913
 endloop
endfacet
facet normal 0 0 0
 outer loop
 vertex 0.209 -0.020913 0.0175481
 vertex -0.133 -0.0175481 0.020913
 vertex -0.133 -0.020913 0.0175481
 endloop
endfacet
facet normal 0 0 0
 outer loop
 vertex -0.133 -0.0178695 0.021296
 vertex -0.133 -0.0139 0.0240755
 vertex 0.209 -0.0139 0.0240755
 endloop
endfacet
facet normal 0 0 0
 outer loop
 vertex -0.133 -0.0178695 0.021296
 vertex 0.209 -0.0139 0.0240755
 vertex 0.209 -0.0178695 0.021296
 endloop
endfacet
facet normal 0 0 0
 outer loop
 vertex 0.209 -0.0175481 0.020913
 vertex 0.209 -0.01365 0.0236425
 vertex -0.133 -0.01365 0.0236425
 endloop
endfacet
facet normal 0 0 0
 outer loop
 vertex 0.209 -0.0175481 0.020913
 vertex -0.133 -0.01365 0.0236425
 vertex -0.133 -0.0175481 0.020913
 endloop
endfacet
facet normal 0 0 0
 outer loop
 vertex -0.133 -0.0139 0.0240755
 vertex -0.133 -0.00950817 0.0261235
 vertex 0.209 -0.00950817 0.0261235
 endloop
endfacet
facet normal 0 0 0
 outer loop
 vertex -0.133 -0.0139 0.0240755
 vertex 0.209 -0.00950817 0.0261235
 vertex 0.209 -0.0139 0.0240755
 endloop
endfacet
facet normal 0 0 0
 outer loop
 vertex 0.209 -0.01365 0.0236425
 vertex 0.209 -0.00933716 0.0256536
 vertex -0.133 -0.00933716 0.0256536
 endloop
endfacet
facet normal 0 0 0
 outer loop
 vertex 0.209 -0.01365 0.0236425
 vertex -0.133 -0.00933716 0.0256536
 vertex -0.133 -0.01365 0.0236425
 endloop
endfacet
facet normal 0 0 0
 outer loop
 vertex -0.133 -0.00950817 0.0261235
 vertex -0.133 -0.00482741 0.0273777
 vertex 0.209 -0.00482741 0.0273777
 endloop
endfacet
facet normal 0 0 0
 outer loop
 vertex -0.133 -0.00950817 0.0261235
 vertex 0.209 -0.00482741 0.0273777
 vertex 0.209 -0.00950817 0.0261235
 endloop
endfacet
facet normal 0 0 0
 outer loop
 vertex 0.209 -0.00933716 0.0256536
 vertex 0.209 -0.00474059 0.0268853
 vertex -0.133 -0.00474059 0.0268853
 endloop
endfacet
facet normal 0 0 0
 outer loop
 vertex 0.209 -0.00933716 0.0256536
 vertex -0.133 -0.00474059 0.0268853
 vertex -0.133 -0.00933716 0.0256536
 endloop
endfacet
facet normal 0 0 0
 outer loop
 vertex -0.133 -0.00482741 0.0273777
 vertex -0.133 4.86071e-09 0.0278
 vertex 0.209 4.86071e-09 0.0278
 endloop
endfacet
facet normal 0 0 0
 outer loop
 vertex -0.133 -0.00482741 0.0273777
 vertex 0.209 4.86071e-09 0.0278
 vertex 0.209 -0.00482741 0.0273777
 endloop
endfacet
facet normal 0 0 0
 outer loop
 vertex 0.209 -0.00474059 0.0268853
 vertex 0.209 4.77328e-09 0.0273
 vertex -0.133 4.77328e-09 0.0273
 endloop
endfacet
facet normal 0 0 0
 outer loop
 vertex 0.209 -0.00474059 0.0268853
 vertex -0.133 4.77328e-09 0.0273
 vertex -0.133 -0.00474059 0.0268853
 endloop
endfacet
facet normal 0 0 0
 outer loop
 vertex -0.133 0 0.0273
 vertex -0.133 0.0047406 0.0268853
 vertex -0.133 0.00482742 0.0273777
 endloop
endfacet
facet normal 0 0 0
 outer loop
 vertex -0.133 0 0.0273
 vertex -0.133 0.00482742 0.0273777
 vertex -0.133 0 0.0278
 endloop
endfacet
facet normal 0 0 0
 outer loop
 vertex 0.209 0 0.0273
 vertex 0.209 0 0.0278
 vertex 0.209 0.00482742 0.0273777
 endloop
endfacet
facet normal 0 0 0
 outer loop
 vertex 0.209 0 0.0273
 vertex 0.209 0.00482742 0.0273777
 vertex 0.209 0.0047406 0.0268853
 endloop
endfacet
facet normal 0 0 0
 outer loop
 vertex -0.133 0.0047406 0.0268853
 vertex -0.133 0.00933715 0.0256536
 vertex -0.133 0.00950816 0.0261235
 endloop
endfacet
facet normal 0 0 0
 outer loop
 vertex -0.133 0.0047406 0.0268853
 vertex -0.133 0.00950816 0.0261235
 vertex -0.133 0.00482742 0.0273777
 endloop
endfacet
facet normal 0 0 0
 outer loop
 vertex 0.209 0.0047406 0.0268853
 vertex 0.209 0.00482742 0.0273777
 vertex 0.209 0.00950816 0.0261235
 endloop
endfacet
facet normal 0 0 0
 outer loop
 vertex 0.209 0.0047406 0.0268853
 vertex 0.209 0.00950816 0.0261235
 vertex 0.209 0.00933715 0.0256536
 endloop
endfacet
facet normal 0 0 0
 outer loop
 vertex -0.133 0.00933715 0.0256536
 vertex -0.133 0.01365 0.0236425
 vertex -0.133 0.0139 0.0240755
 endloop
endfacet
facet normal 0 0 0
 outer loop
 vertex -0.133 0.00933715 0.0256536
 vertex -0.133 0.0139 0.0240755
 vertex -0.133 0.00950816 0.0261235
 endloop
endfacet
facet normal 0 0 0
 outer loop
 vertex 0.209 0.00933715 0.0256536
 vertex 0.209 0.00950816 0.0261235
 vertex 0.209 0.0139 0.0240755
 endloop
endfacet
facet normal 0 0 0
 outer loop
 vertex 0.209 0.00933715 0.0256536
 vertex 0.209 0.0139 0.0240755
 vertex 0.209 0.01365 0.0236425
 endloop
endfacet
facet normal 0 0 0
 outer loop
 vertex -0.133 0.01365 0.0236425
 vertex -0.133 0.0175481 0.020913
 vertex -0.133 0.0178695 0.021296
 endloop
endfacet
facet normal 0 0 0
 outer loop
 vertex -0.133 0.01365 0.0236425
 vertex -0.133 0.0178695 0.021296
 vertex -0.133 0.0139 0.0240755
 endloop
endfacet
facet normal 0 0 0
 outer loop
 vertex 0.209 0.01365 0.0236425
 vertex 0.209 0.0139 0.0240755
 vertex 0.209 0.0178695 0.021296
 endloop
endfacet
facet normal 0 0 0
 outer loop
 vertex 0.209 0.01365 0.0236425
 vertex 0.209 0.0178695 0.021296
 vertex 0.209 0.0175481 0.020913
 endloop
endfacet
facet normal 0 0 0
 outer loop
 vertex -0.133 0.0175481 0.020913
 vertex -0.133 0.020913 0.0175481
 vertex -0.133 0.021296 0.0178695
 endloop
endfacet
facet normal 0 0 0
 outer loop
 vertex -0.133 0.0175481 0.020913
 vertex -0.133 0.021296 0.0178695
 vertex -0.133 0.0178695 0.021296
 endloop
endfacet
facet normal 0 0 0
 outer loop
 vertex 0.209 0.0175481 0.020913
 vertex 0.209 0.0178695 0.021296
 vertex 0.209 0.021296 0.0178695
 endloop
endfacet
facet normal 0 0 0
 outer loop
 vertex 0.209 0.0175481 0.020913
 vertex 0.209 0.021296 0.0178695
 vertex 0.209 0.020913 0.0175481
 endloop
endfacet
facet normal 0 0 0
 outer loop
 vertex -0.133 0.020913 0.0175481
 vertex -0.133 0.0236425 0.01365
 vertex -0.133 0.0240755 0.0139
 endloop
endfacet
facet normal 0 0 0
 outer loop
 vertex -0.133 0.020913 0.0175481
 vertex -0.133 0.0240755 0.0139
 vertex -0.133 0.021296 0.0178695
 endloop
endfacet
facet normal 0 0 0
 outer loop
 vertex 0.209 0.020913 0.0175481
 vertex 0.209 0.021296 0.0178695
 vertex 0.209 0.0240755 0.0139
 endloop
endfacet
facet normal 0 0 0
 outer loop
 vertex 0.209 0.020913 0.0175481
 vertex 0.209 0.0240755 0.0139
 vertex 0.209 0.0236425 0.01365
 endloop
endfacet
facet normal 0 0 0
 outer loop
 vertex -0.133 0.0236425 0.01365
 vertex -0.133 0.0256536 0.00933715
 vertex -0.133 0.0261235 0.00950816
 endloop
endfacet
facet normal 0 0 0
 outer loop
 vertex -0.133 0.0236425 0.01365
 vertex -0.133 0.0261235 0.00950816
 vertex -0.133 0.0240755 0.0139
 endloop
endfacet
facet normal 0 0 0
 outer loop
 vertex 0.209 0.0236425 0.01365
 vertex 0.209 0.0240755 0.0139
 vertex 0.209 0.0261235 0.00950816
 endloop
endfacet
facet normal 0 0 0
 outer loop
 vertex 0.209 0.0236425 0.01365
 vertex 0.209 0.0261235 0.00950816
 vertex 0.209 0.0256536 0.00933715
 endloop
endfacet
facet normal 0 0 0
 outer loop
 vertex -0.133 0.0256536 0.00933715
 vertex -0.133 0.0268853 0.0047406
 vertex -0.133 0.0273777 0.00482742
 endloop
endfacet
facet normal 0 0 0
 outer loop
 vertex -0.133 0.0256536 0.00933715
 vertex -0.133 0.0273777 0.00482742
 vertex -0.133 0.0261235 0.00950816
 endloop
endfacet
facet normal 0 0 0
 outer loop
 vertex 0.209 0.0256536 0.00933715
 vertex 0.209 0.0261235 0.00950816
 vertex 0.209 0.0273777 0.00482742
 endloop
endfacet
facet normal 0 0 0
 outer loop
 vertex 0.209 0.0256536 0.00933715
 vertex 0.209 0.0273777 0.00482742
 vertex 0.209 0.0268853 0.0047406
 endloop
endfacet
facet normal 0 0 0
 outer loop
 vertex -0.133 0.0268853 0.0047406
 vertex -0.133 0.0273 -1.19332e-09
 vertex -0.133 0.0278 -1.21518e-09
 endloop
endfacet
facet normal 0 0 0
 outer loop
 vertex -0.133 0.0268853 0.0047406
 vertex -0.133 0.0278 -1.21518e-09
 vertex -0.133 0.0273777 0.00482742
 endloop
endfacet
facet normal 0 0 0
 outer loop
 vertex 0.209 0.0268853 0.0047406
 vertex 0.209 0.0273777 0.00482742
 vertex 0.209 0.0278 -1.21518e-09
 endloop
endfacet
facet normal 0 0 0
 outer loop
 vertex 0.209 0.0268853 0.0047406
 vertex 0.209 0.0278 -1.21518e-09
 vertex 0.209 0.0273 -1.19332e-09
 endloop
endfacet
facet normal 0 0 0
 outer loop
 vertex -0.133 0.0273 -1.19332e-09
 vertex -0.133 0.0268853 -0.0047406
 vertex -0.133 0.0273777 -0.00482742
 endloop
endfacet
facet normal 0 0 0
 outer loop
 vertex -0.133 0.0273 -1.19332e-09
 vertex -0.133 0.0273777 -0.00482742
 vertex -0.133 0.0278 -1.21518e-09
 endloop
endfacet
facet normal 0 0 0
 outer loop
 vertex 0.209 0.0273 -1.19332e-09
 vertex 0.209 0.0278 -1.21518e-09
 vertex 0.209 0.0273777 -0.00482742
 endloop
endfacet
facet normal 0 0 0
 outer loop
 vertex 0.209 0.0273 -1.19332e-09
 vertex 0.209 0.0273777 -0.00482742
 vertex 0.209 0.0268853 -0.0047406
 endloop
endfacet
facet normal 0 0 0
 outer loop
 vertex -0.133 0.0268853 -0.0047406
 vertex -0.133 0.0256536 -0.00933715
 vertex -0.133 0.0261235 -0.00950816
 endloop
endfacet
facet normal 0 0 0
 outer loop
 vertex -0.133 0.0268853 -0.0047406
 vertex -0.133 0.0261235 -0.00950816
 vertex -0.133 0.0273777 -0.00482742
 endloop
endfacet
facet normal 0 0 0
 outer loop
 vertex 0.209 0.0268853 -0.0047406
 vertex 0.209 0.0273777 -0.00482742
 vertex 0.209 0.0261235 -0.00950816
 endloop
endfacet
facet normal 0 0 0
 outer loop
 vertex 0.209 0.0268853 -0.0047406
 vertex 0.209 0.0261235 -0.00950816
 vertex 0.209 0.0256536 -0.00933715
 endloop
endfacet
facet normal 0 0 0
 outer loop
 vertex -0.133 0.0256536 -0.00933715
 vertex -0.133 0.0236425 -0.01365
 vertex -0.133 0.0240755 -0.0139
 endloop
endfacet
facet normal 0 0 0
 outer loop
 vertex -0.133 0.0256536 -0.00933715
 vertex -0.133 0.0240755 -0.0139
 vertex -0.133 0.0261235 -0.00950816
 endloop
endfacet
facet normal 0 0 0
 outer loop
 vertex 0.209 0.0256536 -0.00933715
 vertex 0.209 0.0261235 -0.00950816
 vertex 0.209 0.0240755 -0.0139
 endloop
endfacet
facet normal 0 0 0
 outer loop
 vertex 0.209 0.0256536 -0.00933715
 vertex 0.209 0.0240755 -0.0139
 vertex 0.209 0.0236425 -0.01365
 endloop
endfacet
facet normal 0 0 0
 outer loop
 vertex -0.133 0.0236425 -0.01365
 vertex -0.133 0.020913 -0.0175481
 vertex -0.133 0.021296 -0.0178695
 endloop
endfacet
facet normal 0 0 0
 outer loop
 vertex -0.133 0.0236425 -0.01365
 vertex -0.133 0.021296 -0.0178695
 vertex -0.133 0.0240755 -0.0139
 endloop
endfacet
facet normal 0 0 0
 outer loop
 vertex 0.209 0.0236425 -0.01365
 vertex 0.209 0.0240755 -0.0139
 vertex 0.209 0.021296 -0.0178695
 endloop
endfacet
facet normal 0 0 0
 outer loop
 vertex 0.209 0.0236425 -0.01365
 vertex 0.209 0.021296 -0.0178695
 vertex 0.209 0.020913 -0.0175481
 endloop
endfacet
facet normal 0 0 0
 outer loop
 vertex -0.133 0.020913 -0.0175481
 vertex -0.133 0.0175481 -0.020913
 vertex -0.133 0.0178695 -0.021296
 endloop
endfacet
facet normal 0 0 0
 outer loop
 vertex -0.133 0.020913 -0.0175481
 vertex -0.133 0.0178695 -0.021296
 vertex -0.133 0.021296 -0.0178695
 endloop
endfacet
facet normal 0 0 0
 outer loop
 vertex 0.209 0.020913 -0.0175481
 vertex 0.209 0.021296 -0.0178695
 vertex 0.209 0.0178695 -0.021296
 endloop
endfacet
facet normal 0 0 0
 outer loop
 vertex 0.209 0.020913 -0.0175481
 vertex 0.209 0.0178695 -0.021296
 vertex 0.209 0.0175481 -0.020913
 endloop
endfacet
facet normal 0 0 0
 outer loop
 vertex -0.133 0.0175481 -0.020913
 vertex -0.133 0.01365 -0.0236425
 vertex -0.133 0.0139 -0.0240755
 endloop
endfacet
facet normal 0 0 0
 outer loop
 vertex -0.133 0.0175481 -0.020913
 vertex -0.133 0.0139 -0.0240755
 vertex -0.133 0.0178695 -0.021296
 endloop
endfacet
facet normal 0 0 0
 outer loop
 vertex 0.209 0.0175481 -0.020913
 vertex 0.209 0.0178695 -0.021296
 vertex 0.209 0.0139 -0.0240755
 endloop
endfacet
facet normal 0 0 0
 outer loop
 vertex 0.209 0.0175481 -0.020913
 vertex 0.209 0.0139 -0.0240755
 vertex 0.209 0.01365 -0.0236425
 endloop
endfacet
facet normal 0 0 0
 outer loop
 vertex -0.133 0.01365 -0.0236425
 vertex -0.133 0.00933715 -0.0256536
 vertex -0.133 0.00950816 -0.0261235
 endloop
endfacet
facet normal 0 0 0
 outer loop
 vertex -0.133 0.01365 -0.0236425
 vertex -0.133 0.00950816 -0.0261235
 vertex -0.133 0.0139 -0.0240755
 endloop
endfacet
facet normal 0 0 0
 outer loop
 vertex 0.209 0.01365 -0.0236425
 vertex 0.209 0.0139 -0.0240755
 vertex 0.209 0.00950816 -0.0261235
 endloop
endfacet
facet normal 0 0 0
 outer loop
 vertex 0.209 0.01365 -0.0236425
 vertex 0.209 0.00950816 -0.0261235
 vertex 0.209 0.00933715 -0.0256536
 endloop
endfacet
facet normal 0 0 0
 outer loop
 vertex -0.133 0.00933715 -0.0256536
 vertex -0.133 0.0047406 -0.0268853
 vertex -0.133 0.00482742 -0.0273777
 endloop
endfacet
facet normal 0 0 0
 outer loop
 vertex -0.133 0.00933715 -0.0256536
 vertex -0.133 0.00482742 -0.0273777
 vertex -0.133 0.00950816 -0.0261235
 endloop
endfacet
facet normal 0 0 0
 outer loop
 vertex 0.209 0.00933715 -0.0256536
 vertex 0.209 0.00950816 -0.0261235
 vertex 0.209 0.00482742 -0.0273777
 endloop
endfacet
facet normal 0 0 0
 outer loop
 vertex 0.209 0.00933715 -0.0256536
 vertex 0.209 0.00482742 -0.0273777
 vertex 0.209 0.0047406 -0.0268853
 endloop
endfacet
facet normal 0 0 0
 outer loop
 vertex -0.133 0.0047406 -0.0268853
 vertex -0.133 -2.38664e-09 -0.0273
 vertex -0.133 -2.43035e-09 -0.0278
 endloop
endfacet
facet normal 0 0 0
 outer loop
 vertex -0.133 0.0047406 -0.0268853
 vertex -0.133 -2.43035e-09 -0.0278
 vertex -0.133 0.00482742 -0.0273777
 endloop
endfacet
facet normal 0 0 0
 outer loop
 vertex 0.209 0.0047406 -0.0268853
 vertex 0.209 0.00482742 -0.0273777
 vertex 0.209 -2.43035e-09 -0.0278
 endloop
endfacet
facet normal 0 0 0
 outer loop
 vertex 0.209 0.0047406 -0.0268853
 vertex 0.209 -2.43035e-09 -0.0278
 vertex 0.209 -2.38664e-09 -0.0273
 endloop
endfacet
facet normal 0 0 0
 outer loop
 vertex -0.133 -2.38664e-09 -0.0273
 vertex -0.133 -0.0047406 -0.0268853
 vertex -0.133 -0.00482742 -0.0273777
 endloop
endfacet
facet normal 0 0 0
 outer loop
 vertex -0.133 -2.38664e-09 -0.0273
 vertex -0.133 -0.00482742 -0.0273777
 vertex -0.133 -2.43035e-09 -0.0278
 endloop
endfacet
facet normal 0 0 0
 outer loop
 vertex 0.209 -2.38664e-09 -0.0273
 vertex 0.209 -2.43035e-09 -0.0278
 vertex 0.209 -0.00482742 -0.0273777
 endloop
endfacet
facet normal 0 0 0
 outer loop
 vertex 0.209 -2.38664e-09 -0.0273
 vertex 0.209 -0.00482742 -0.0273777
 vertex 0.209 -0.0047406 -0.0268853
 endloop
endfacet
facet normal 0 0 0
 outer loop
 vertex -0.133 -0.0047406 -0.0268853
 vertex -0.133 -0.00933715 -0.0256536
 vertex -0.133 -0.00950816 -0.0261235
 endloop
endfacet
facet normal 0 0 0
 outer loop
 vertex -0.133 -0.0047406 -0.0268853
 vertex -0.133 -0.00950816 -0.0261235
 vertex -0.133 -0.00482742 -0.0273777
 endloop
endfacet
facet normal 0 0 0
 outer loop
 vertex 0.209 -0.0047406 -0.0268853
 vertex 0.209 -0.00482742 -0.0273777
 vertex 0.209 -0.00950816 -0.0261235
 endloop
endfacet
facet normal 0 0 0
 outer loop
 vertex 0.209 -0.0047406 -0.0268853
 vertex 0.209 -0.00950816 -0.0261235
 vertex 0.209 -0.00933715 -0.0256536
 endloop
endfacet
facet normal 0 0 0
 outer loop
 vertex -0.133 -0.00933715 -0.0256536
 vertex -0.133 -0.01365 -0.0236425
 vertex -0.133 -0.0139 -0.0240755
 endloop
endfacet
facet normal 0 0 0
 outer loop
 vertex -0.133 -0.00933715 -0.0256536
 vertex -0.133 -0.0139 -0.0240755
 vertex -0.133 -0.00950816 -0.0261235
 endloop
endfacet
facet normal 0 0 0
 outer loop
 vertex 0.209 -0.00933715 -0.0256536
 vertex 0.209 -0.00950816 -0.0261235
 vertex 0.209 -0.0139 -0.0240755
 endloop
endfacet
facet normal 0 0 0
 outer loop
 vertex 0.209 -0.00933715 -0.0256536
 vertex 0.209 -0.0139 -0.0240755
 vertex 0.209 -0.01365 -0.0236425
 endloop
endfacet
facet normal 0 0 0
 outer loop
 vertex -0.133 -0.01365 -0.0236425
 vertex -0.133 -0.0175481 -0.020913
 vertex -0.133 -0.0178695 -0.021296
 endloop
endfacet
facet normal 0 0 0
 outer loop
 vertex -0.133 -0.01365 -0.0236425
 vertex -0.133 -0.0178695 -0.021296
 vertex -0.133 -0.0139 -0.0240755
 endloop
endfacet
facet normal 0 0 0
 outer loop
 vertex 0.209 -0.01365 -0.0236425
 vertex 0.209 -0.0139 -0.0240755
 vertex 0.209 -0.0178695 -0.021296
 endloop
endfacet
facet normal 0 0 0
 outer loop
 vertex 0.209 -0.01365 -0.0236425
 vertex 0.209 -0.0178695 -0.021296
 vertex 0.209 -0.0175481 -0.020913
 endloop
endfacet
facet normal 0 0 0
 outer loop
 vertex -0.133 -0.0175481 -0.020913
 vertex -0.133 -0.020913 -0.0175481
 vertex -0.133 -0.021296 -0.0178695
 endloop
endfacet
facet normal 0 0 0
 outer loop
 vertex -0.133 -0.0175481 -0.020913
 vertex -0.133 -0.021296 -0.0178695
 vertex -0.133 -0.0178695 -0.021296
 endloop
endfacet
facet normal 0 0 0
 outer loop
 vertex 0.209 -0.0175481 -0.020913
 vertex 0.209 -0.0178695 -0.021296
 vertex 0.209 -0.021296 -0.0178695
 endloop
endfacet
facet normal 0 0 0
 outer loop
 vertex 0.209 -0.0175481 -0.020913
 vertex 0.209 -0.021296 -0.0178695
 vertex 0.209 -0.020913 -0.0175481
 endloop
endfacet
facet normal 0 0 0
 outer loop
 vertex -0.133 -0.020913 -0.0175481
 vertex -0.133 -0.0236425 -0.01365
 vertex -0.133 -0.0240755 -0.0139
 endloop
endfacet
facet normal 0 0 0
 outer loop
 vertex -0.133 -0.020913 -0.0175481
 vertex -0.133 -0.0240755 -0.0139
 vertex -0.133 -0.021296 -0.0178695
 endloop
endfacet
facet normal 0 0 0
 outer loop
 vertex 0.209 -0.020913 -0.0175481
 vertex 0.209 -0.021296 -0.0178695
 vertex 0.209 -0.0240755 -0.0139
 endloop
endfacet
facet normal 0 0 0
 outer loop
 vertex 0.209 -0.020913 -0.0175481
 vertex 0.209 -0.0240755 -0.0139
 vertex 0.209 -0.0236425 -0.01365
 endloop
endfacet
facet normal 0 0 0
 outer loop
 vertex -0.133 -0.0236425 -0.01365
 vertex -0.133 -0.0256536 -0.00933715
 vertex -0.133 -0.0261235 -0.00950816
 endloop
endfacet
facet normal 0 0 0
 outer loop
 vertex -0.133 -0.0236425 -0.01365
 vertex -0.133 -0.0261235 -0.00950816
 vertex -0.133 -0.0240755 -0.0139
 endloop
endfacet
facet normal 0 0 0
 outer loop
 vertex 0.209 -0.0236425 -0.01365
 vertex 0.209 -0.0240755 -0.0139
 vertex 0.209 -0.0261235 -0.00950816
 endloop
endfacet
facet normal 0 0 0
 outer loop
 vertex 0.209 -0.0236425 -0.01365
 vertex 0.209 -0.0261235 -0.00950816
 vertex 0.209 -0.0256536 -0.00933715
 endloop
endfacet
facet normal 0 0 0
 outer loop
 vertex -0.133 -0.0256536 -0.00933715
 vertex -0.133 -0.0268853 -0.00474059
 vertex -0.133 -0.0273777 -0.00482742
 endloop
endfacet
facet normal 0 0 0
 outer loop
 vertex -0.133 -0.0256536 -0.00933715
 vertex -0.133 -0.0273777 -0.00482742
 vertex -0.133 -0.0261235 -0.00950816
 endloop
endfacet
facet normal 0 0 0
 outer loop
 vertex 0.209 -0.0256536 -0.00933715
 vertex 0.209 -0.0261235 -0.00950816
 vertex 0.209 -0.0273777 -0.00482742
 endloop
endfacet
facet normal 0 0 0
 outer loop
 vertex 0.209 -0.0256536 -0.00933715
 vertex 0.209 -0.0273777 -0.00482742
 vertex 0.209 -0.0268853 -0.00474059
 endloop
endfacet
facet normal 0 0 0
 outer loop
 vertex -0.133 -0.0268853 -0.00474059
 vertex -0.133 -0.0273 3.25549e-10
 vertex -0.133 -0.0278 3.31512e-10
 endloop
endfacet
facet normal 0 0 0
 outer loop
 vertex -0.133 -0.0268853 -0.00474059
 vertex -0.133 -0.0278 3.31512e-10
 vertex -0.133 -0.0273777 -0.00482742
 endloop
endfacet
facet normal 0 0 0
 outer loop
 vertex 0.209 -0.0268853 -0.00474059
 vertex 0.209 -0.0273777 -0.00482742
 vertex 0.209 -0.0278 3.31512e-10
 endloop
endfacet
facet normal 0 0 0
 outer loop
 vertex 0.209 -0.0268853 -0.00474059
 vertex 0.209 -0.0278 3.31512e-10
 vertex 0.209 -0.0273 3.25549e-10
 endloop
endfacet
facet normal 0 0 0
 outer loop
 vertex -0.133 -0.0273 3.25549e-10
 vertex -0.133 -0.0268853 0.00474059
 vertex -0.133 -0.0273777 0.00482742
 endloop
endfacet
facet normal 0 0 0
 outer loop
 vertex -0.133 -0.0273 3.25549e-10
 vertex -0.133 -0.0273777 0.00482742
 vertex -0.133 -0.0278 3.31512e-10
 endloop
endfacet
facet normal 0 0 0
 outer loop
 vertex 0.209 -0.0273 3.25549e-10
 vertex 0.209 -0.0278 3.31512e-10
 vertex 0.209 -0.0273777 0.00482742
 endloop
endfacet
facet normal 0 0 0
 outer loop
 vertex 0.209 -0.0273 3.25549e-10
 vertex 0.209 -0.0273777 0.00482742
 vertex 0.209 -0.0268853 0.00474059
 endloop
endfacet
facet normal 0 0 0
 outer loop
 vertex -0.133 -0.0268853 0.00474059
 vertex -0.133 -0.0256536 0.00933715
 vertex -0.133 -0.0261235 0.00950816
 endloop
endfacet
facet normal 0 0 0
 outer loop
 vertex -0.133 -0.0268853 0.00474059
 vertex -0.133 -0.0261235 0.00950816
 vertex -0.133 -0.0273777 0.00482742
 endloop
endfacet
facet normal 0 0 0
 outer loop
 vertex 0.209 -0.0268853 0.00474059
 vertex 0.209 -0.0273777 0.00482742
 vertex 0.209 -0.0261235 0.00950816
 endloop
endfacet
facet normal 0 0 0
 outer loop
 vertex 0.209 -0.0268853 0.00474059
 vertex 0.209 -0.0261235 0.00950816
 vertex 0.209 -0.0256536 0.00933715
 endloop
endfacet
facet normal 0 0 0
 outer loop
 vertex -0.133 -0.0256536 0.00933715
 vertex -0.133 -0.0236425 0.01365
 vertex -0.133 -0.0240755 0.0139
 endloop
endfacet
facet normal 0 0 0
 outer loop
 vertex -0.133 -0.0256536 0.00933715
 vertex -0.133 -0.0240755 0.0139
 vertex -0.133 -0.0261235 0.00950816
 endloop
endfacet
facet normal 0 0 0
 outer loop
 vertex 0.209 -0.0256536 0.00933715
 vertex 0.209 -0.0261235 0.00950816
 vertex 0.209 -0.0240755 0.0139
 endloop
endfacet
facet normal 0 0 0
 outer loop
 vertex 0.209 -0.0256536 0.00933715
 vertex 0.209 -0.0240755 0.0139
 vertex 0.209 -0.0236425 0.01365
 endloop
endfacet
facet normal 0 0 0
 outer loop
 vertex -0.133 -0.0236425 0.01365
 vertex -0.133 -0.020913 0.0175481
 vertex -0.133 -0.021296 0.0178695
 endloop
endfacet
facet normal 0 0 0
 outer loop
 vertex -0.133 -0.0236425 0.01365
 vertex -0.133 -0.021296 0.0178695
 vertex -0.133 -0.0240755 0.0139
 endloop
endfacet
facet normal 0 0 0
 outer loop
 vertex 0.209 -0.0236425 0.01365
 vertex 0.209 -0.0240755 0.0139
 vertex 0.209 -0.021296 0.0178695
 endloop
endfacet
facet normal 0 0 0
 outer loop
 vertex 0.209 -0.0236425 0.01365
 vertex 0.209 -0.021296 0.0178695
 vertex 0.209 -0.020913 0.0175481
 endloop
endfacet
facet normal 0 0 0
 outer loop
 vertex -0.133 -0.020913 0.0175481
 vertex -0.133 -0.0175481 0.020913
 vertex -0.133 -0.0178695 0.021296
 endloop
endfacet
facet normal 0 0 0
 outer loop
 vertex -0.133 -0.020913 0.0175481
 vertex -0.133 -0.0178695 0.021296
 vertex -0.133 -0.021296 0.0178695
 endloop
endfacet
facet normal 0 0 0
 outer loop
 vertex 0.209 -0.020913 0.0175481
 vertex 0.209 -0.021296 0.0178695
 vertex 0.209 -0.0178695 0.021296
 endloop
endfacet
facet normal 0 0 0
 outer loop
 vertex 0.209 -0.020913 0.0175481
 vertex 0.209 -0.0178695 0.021296
 vertex 0.209 -0.0175481 0.020913
 endloop
endfacet
facet normal 0 0 0
 outer loop
 vertex -0.133 -0.0175481 0.020913
 vertex -0.133 -0.01365 0.0236425
 vertex -0.133 -0.0139 0.0240755
 endloop
endfacet
facet normal 0 0 0
 outer loop
 vertex -0.133 -0.0175481 0.020913
 vertex -0.133 -0.0139 0.0240755
 vertex -0.133 -0.0178695 0.021296
 endloop
endfacet
facet normal 0 0 0
 outer loop
 vertex 0.209 -0.0175481 0.020913
 vertex 0.209 -0.0178695 0.021296
 vertex 0.209 -0.0139 0.0240755
 endloop
endfacet
facet normal 0 0 0
 outer loop
 vertex 0.209 -0.0175481 0.020913
 vertex 0.209 -0.0139 0.0240755
 vertex 0.209 -0.01365 0.0236425
 endloop
endfacet
facet normal 0 0 0
 outer loop
 vertex -0.133 -0.01365 0.0236425
 vertex -0.133 -0.00933716 0.0256536
 vertex -0.133 -0.00950817 0.0261235
 endloop
endfacet
facet normal 0 0 0
 outer loop
 vertex -0.133 -0.01365 0.0236425
 vertex -0.133 -0.00950817 0.0261235
 vertex -0.133 -0.0139 0.0240755
 endloop
endfacet
facet normal 0 0 0
 outer loop
 vertex 0.209 -0.01365 0.0236425
 vertex 0.209 -0.0139 0.0240755
 vertex 0.209 -0.00950817 0.0261235
 endloop
endfacet
facet normal 0 0 0
 outer loop
 vertex 0.209 -0.01365 0.0236425
 vertex 0.209 -0.00950817 0.0261235
 vertex 0.209 -0.00933716 0.0256536
 endloop
endfacet
facet normal 0 0 0
 outer loop
 vertex -0.133 -0.00933716 0.0256536
 vertex -0.133 -0.00474059 0.0268853
 vertex -0.133 -0.00482741 0.0273777
 endloop
endfacet
facet normal 0 0 0
 outer loop
 vertex -0.133 -0.00933716 0.0256536
 vertex -0.133 -0.00482741 0.0273777
 vertex -0.133 -0.00950817 0.0261235
 endloop
endfacet
facet normal 0 0 0
 outer loop
 vertex 0.209 -0.00933716 0.0256536
 vertex 0.209 -0.00950817 0.0261235
 vertex 0.209 -0.00482741 0.0273777
 endloop
endfacet
facet normal 0 0 0
 outer loop
 vertex 0.209 -0.00933716 0.0256536
 vertex 0.209 -0.00482741 0.0273777
 vertex 0.209 -0.00474059 0.0268853
 endloop
endfacet
facet normal 0 0 0
 outer loop
 vertex -0.133 -0.00474059 0.0268853
 vertex -0.133 4.77328e-09 0.0273
 vertex -0.133 4.86071e-09 0.0278
 endloop
endfacet
facet normal 0 0 0
 outer loop
 vertex -0.133 -0.00474059 0.0268853
 vertex -0.133 4.86071e-09 0.0278
 vertex -0.133 -0.00482741 0.0273777
 endloop
endfacet
facet normal 0 0 0
 outer loop
 vertex 0.209 -0.00474059 0.0268853
 vertex 0.209 -0.00482741 0.0273777
 vertex 0.209 4.86071e-09 0.0278
 endloop
endfacet
facet normal 0 0 0
 outer loop
 vertex 0.209 -0.00474059 0.0268853
 vertex 0.209 4.86071e-09 0.0278
 vertex 0.209 4.77328e-09 0.0273
 endloop
endfacet
facet normal 0 0 0
 outer loop
 vertex -0.133 0 0.0281
 vertex -0.133 0.00487951 0.0276731
 vertex 0.209 0.00487951 0.0276731
 endloop
endfacet
facet normal 0 0 0
 outer loop
 vertex -0.133 0 0.0281
 vertex 0.209 0.00487951 0.0276731
 vertex 0.209 0 0.0281
 endloop
endfacet
facet normal 0 0 0
 outer loop
 vertex 0.209 0 0.0276
 vertex 0.209 0.00479269 0.0271807
 vertex -0.133 0.00479269 0.0271807
 endloop
endfacet
facet normal 0 0 0
 outer loop
 vertex 0.209 0 0.0276
 vertex -0.133 0.00479269 0.0271807
 vertex -0.133 0 0.0276
 endloop
endfacet
facet normal 0 0 0
 outer loop
 vertex -0.133 0.00487951 0.0276731
 vertex -0.133 0.00961077 0.0264054
 vertex 0.209 0.00961077 0.0264054
 endloop
endfacet
facet normal 0 0 0
 outer loop
 vertex -0.133 0.00487951 0.0276731
 vertex 0.209 0.00961077 0.0264054
 vertex 0.209 0.00487951 0.0276731
 endloop
endfacet
facet normal 0 0 0
 outer loop
 vertex 0.209 0.00479269 0.0271807
 vertex 0.209 0.00943976 0.0259355
 vertex -0.133 0.00943976 0.0259355
 endloop
endfacet
facet normal 0 0 0
 outer loop
 vertex 0.209 0.00479269 0.0271807
 vertex -0.133 0.00943976 0.0259355
 vertex -0.133 0.00479269 0.0271807
 endloop
endfacet
facet normal 0 0 0
 outer loop
 vertex -0.133 0.00961077 0.0264054
 vertex -0.133 0.01405 0.0243353
 vertex 0.209 0.01405 0.0243353
 endloop
endfacet
facet normal 0 0 0
 outer loop
 vertex -0.133 0.00961077 0.0264054
 vertex 0.209 0.01405 0.0243353
 vertex 0.209 0.00961077 0.0264054
 endloop
endfacet
facet normal 0 0 0
 outer loop
 vertex 0.209 0.00943976 0.0259355
 vertex 0.209 0.0138 0.0239023
 vertex -0.133 0.0138 0.0239023
 endloop
endfacet
facet normal 0 0 0
 outer loop
 vertex 0.209 0.00943976 0.0259355
 vertex -0.133 0.0138 0.0239023
 vertex -0.133 0.00943976 0.0259355
 endloop
endfacet
facet normal 0 0 0
 outer loop
 vertex -0.133 0.01405 0.0243353
 vertex -0.133 0.0180623 0.0215258
 vertex 0.209 0.0180623 0.0215258
 endloop
endfacet
facet normal 0 0 0
 outer loop
 vertex -0.133 0.01405 0.0243353
 vertex 0.209 0.0180623 0.0215258
 vertex 0.209 0.01405 0.0243353
 endloop
endfacet
facet normal 0 0 0
 outer loop
 vertex 0.209 0.0138 0.0239023
 vertex 0.209 0.0177409 0.0211428
 vertex -0.133 0.0177409 0.0211428
 endloop
endfacet
facet normal 0 0 0
 outer loop
 vertex 0.209 0.0138 0.0239023
 vertex -0.133 0.0177409 0.0211428
 vertex -0.133 0.0138 0.0239023
 endloop
endfacet
facet normal 0 0 0
 outer loop
 vertex -0.133 0.0180623 0.0215258
 vertex -0.133 0.0215258 0.0180623
 vertex 0.209 0.0215258 0.0180623
 endloop
endfacet
facet normal 0 0 0
 outer loop
 vertex -0.133 0.0180623 0.0215258
 vertex 0.209 0.0215258 0.0180623
 vertex 0.209 0.0180623 0.0215258
 endloop
endfacet
facet normal 0 0 0
 outer loop
 vertex 0.209 0.0177409 0.0211428
 vertex 0.209 0.0211428 0.0177409
 vertex -0.133 0.0211428 0.0177409
 endloop
endfacet
facet normal 0 0 0
 outer loop
 vertex 0.209 0.0177409 0.0211428
 vertex -0.133 0.0211428 0.0177409
 vertex -0.133 0.0177409 0.0211428
 endloop
endfacet
facet normal 0 0 0
 outer loop
 vertex -0.133 0.0215258 0.0180623
 vertex -0.133 0.0243353 0.01405
 vertex 0.209 0.0243353 0.01405
 endloop
endfacet
facet normal 0 0 0
 outer loop
 vertex -0.133 0.0215258 0.0180623
 vertex 0.209 0.0243353 0.01405
 vertex 0.209 0.0215258 0.0180623
 endloop
endfacet
facet normal 0 0 0
 outer loop
 vertex 0.209 0.0211428 0.0177409
 vertex 0.209 0.0239023 0.0138
 vertex -0.133 0.0239023 0.0138
 endloop
endfacet
facet normal 0 0 0
 outer loop
 vertex 0.209 0.0211428 0.0177409
 vertex -0.133 0.0239023 0.0138
 vertex -0.133 0.0211428 0.0177409
 endloop
endfacet
facet normal 0 0 0
 outer loop
 vertex -0.133 0.0243353 0.01405
 vertex -0.133 0.0264054 0.00961077
 vertex 0.209 0.0264054 0.00961077
 endloop
endfacet
facet normal 0 0 0
 outer loop
 vertex -0.133 0.0243353 0.01405
 vertex 0.209 0.0264054 0.00961077
 vertex 0.209 0.0243353 0.01405
 endloop
endfacet
facet normal 0 0 0
 outer loop
 vertex 0.209 0.0239023 0.0138
 vertex 0.209 0.0259355 0.00943976
 vertex -0.133 0.0259355 0.00943976
 endloop
endfacet
facet normal 0 0 0
 outer loop
 vertex 0.209 0.0239023 0.0138
 vertex -0.133 0.0259355 0.00943976
 vertex -0.133 0.0239023 0.0138
 endloop
endfacet
facet normal 0 0 0
 outer loop
 vertex -0.133 0.0264054 0.00961077
 vertex -0.133 0.0276731 0.00487952
 vertex 0.209 0.0276731 0.00487952
 endloop
endfacet
facet normal 0 0 0
 outer loop
 vertex -0.133 0.0264054 0.00961077
 vertex 0.209 0.0276731 0.00487952
 vertex 0.209 0.0264054 0.00961077
 endloop
endfacet
facet normal 0 0 0
 outer loop
 vertex 0.209 0.0259355 0.00943976
 vertex 0.209 0.0271807 0.00479269
 vertex -0.133 0.0271807 0.00479269
 endloop
endfacet
facet normal 0 0 0
 outer loop
 vertex 0.209 0.0259355 0.00943976
 vertex -0.133 0.0271807 0.00479269
 vertex -0.133 0.0259355 0.00943976
 endloop
endfacet
facet normal 0 0 0
 outer loop
 vertex -0.133 0.0276731 0.00487952
 vertex -0.133 0.0281 -1.22829e-09
 vertex 0.209 0.0281 -1.22829e-09
 endloop
endfacet
facet normal 0 0 0
 outer loop
 vertex -0.133 0.0276731 0.00487952
 vertex 0.209 0.0281 -1.22829e-09
 vertex 0.209 0.0276731 0.00487952
 endloop
endfacet
facet normal 0 0 0
 outer loop
 vertex 0.209 0.0271807 0.00479269
 vertex 0.209 0.0276 -1.20643e-09
 vertex -0.133 0.0276 -1.20643e-09
 endloop
endfacet
facet normal 0 0 0
 outer loop
 vertex 0.209 0.0271807 0.00479269
 vertex -0.133 0.0276 -1.20643e-09
 vertex -0.133 0.0271807 0.00479269
 endloop
endfacet
facet normal 0 0 0
 outer loop
 vertex -0.133 0.0281 -1.22829e-09
 vertex -0.133 0.0276731 -0.00487951
 vertex 0.209 0.0276731 -0.00487951
 endloop
endfacet
facet normal 0 0 0
 outer loop
 vertex -0.133 0.0281 -1.22829e-09
 vertex 0.209 0.0276731 -0.00487951
 vertex 0.209 0.0281 -1.22829e-09
 endloop
endfacet
facet normal 0 0 0
 outer loop
 vertex 0.209 0.0276 -1.20643e-09
 vertex 0.209 0.0271807 -0.00479269
 vertex -0.133 0.0271807 -0.00479269
 endloop
endfacet
facet normal 0 0 0
 outer loop
 vertex 0.209 0.0276 -1.20643e-09
 vertex -0.133 0.0271807 -0.00479269
 vertex -0.133 0.0276 -1.20643e-09
 endloop
endfacet
facet normal 0 0 0
 outer loop
 vertex -0.133 0.0276731 -0.00487951
 vertex -0.133 0.0264054 -0.00961077
 vertex 0.209 0.0264054 -0.00961077
 endloop
endfacet
facet normal 0 0 0
 outer loop
 vertex -0.133 0.0276731 -0.00487951
 vertex 0.209 0.0264054 -0.00961077
 vertex 0.209 0.0276731 -0.00487951
 endloop
endfacet
facet normal 0 0 0
 outer loop
 vertex 0.209 0.0271807 -0.00479269
 vertex 0.209 0.0259355 -0.00943976
 vertex -0.133 0.0259355 -0.00943976
 endloop
endfacet
facet normal 0 0 0
 outer loop
 vertex 0.209 0.0271807 -0.00479269
 vertex -0.133 0.0259355 -0.00943976
 vertex -0.133 0.0271807 -0.00479269
 endloop
endfacet
facet normal 0 0 0
 outer loop
 vertex -0.133 0.0264054 -0.00961077
 vertex -0.133 0.0243353 -0.01405
 vertex 0.209 0.0243353 -0.01405
 endloop
endfacet
facet normal 0 0 0
 outer loop
 vertex -0.133 0.0264054 -0.00961077
 vertex 0.209 0.0243353 -0.01405
 vertex 0.209 0.0264054 -0.00961077
 endloop
endfacet
facet normal 0 0 0
 outer loop
 vertex 0.209 0.0259355 -0.00943976
 vertex 0.209 0.0239023 -0.0138
 vertex -0.133 0.0239023 -0.0138
 endloop
endfacet
facet normal 0 0 0
 outer loop
 vertex 0.209 0.0259355 -0.00943976
 vertex -0.133 0.0239023 -0.0138
 vertex -0.133 0.0259355 -0.00943976
 endloop
endfacet
facet normal 0 0 0
 outer loop
 vertex -0.133 0.0243353 -0.01405
 vertex -0.133 0.0215258 -0.0180623
 vertex 0.209 0.0215258 -0.0180623
 endloop
endfacet
facet normal 0 0 0
 outer loop
 vertex -0.133 0.0243353 -0.01405
 vertex 0.209 0.0215258 -0.0180623
 vertex 0.209 0.0243353 -0.01405
 endloop
endfacet
facet normal 0 0 0
 outer loop
 vertex 0.209 0.0239023 -0.0138
 vertex 0.209 0.0211428 -0.0177409
 vertex -0.133 0.0211428 -0.0177409
 endloop
endfacet
facet normal 0 0 0
 outer loop
 vertex 0.209 0.0239023 -0.0138
 vertex -0.133 0.0211428 -0.0177409
 vertex -0.133 0.0239023 -0.0138
 endloop
endfacet
facet normal 0 0 0
 outer loop
 vertex -0.133 0.0215258 -0.0180623
 vertex -0.133 0.0180623 -0.0215258
 vertex 0.209 0.0180623 -0.0215258
 endloop
endfacet
facet normal 0 0 0
 outer loop
 vertex -0.133 0.0215258 -0.0180623
 vertex 0.209 0.0180623 -0.0215258
 vertex 0.209 0.0215258 -0.0180623
 endloop
endfacet
facet normal 0 0 0
 outer loop
 vertex 0.209 0.0211428 -0.0177409
 vertex 0.209 0.0177409 -0.0211428
 vertex -0.133 0.0177409 -0.0211428
 endloop
endfacet
facet normal 0 0 0
 outer loop
 vertex 0.209 0.0211428 -0.0177409
 vertex -0.133 0.0177409 -0.0211428
 vertex -0.133 0.0211428 -0.0177409
 endloop
endfacet
facet normal 0 0 0
 outer loop
 vertex -0.133 0.0180623 -0.0215258
 vertex -0.133 0.01405 -0.0243353
 vertex 0.209 0.01405 -0.0243353
 endloop
endfacet
facet normal 0 0 0
 outer loop
 vertex -0.133 0.0180623 -0.0215258
 vertex 0.209 0.01405 -0.0243353
 vertex 0.209 0.0180623 -0.0215258
 endloop
endfacet
facet normal 0 0 0
 outer loop
 vertex 0.209 0.0177409 -0.0211428
 vertex 0.209 0.0138 -0.0239023
 vertex -0.133 0.0138 -0.0239023
 endloop
endfacet
facet normal 0 0 0
 outer loop
 vertex 0.209 0.0177409 -0.0211428
 vertex -0.133 0.0138 -0.0239023
 vertex -0.133 0.0177409 -0.0211428
 endloop
endfacet
facet normal 0 0 0
 outer loop
 vertex -0.133 0.01405 -0.0243353
 vertex -0.133 0.00961077 -0.0264054
 vertex 0.209 0.00961077 -0.0264054
 endloop
endfacet
facet normal 0 0 0
 outer loop
 vertex -0.133 0.01405 -0.0243353
 vertex 0.209 0.00961077 -0.0264054
 vertex 0.209 0.01405 -0.0243353
 endloop
endfacet
facet normal 0 0 0
 outer loop
 vertex 0.209 0.0138 -0.0239023
 vertex 0.209 0.00943976 -0.0259355
 vertex -0.133 0.00943976 -0.0259355
 endloop
endfacet
facet normal 0 0 0
 outer loop
 vertex 0.209 0.0138 -0.0239023
 vertex -0.133 0.00943976 -0.0259355
 vertex -0.133 0.0138 -0.0239023
 endloop
endfacet
facet normal 0 0 0
 outer loop
 vertex -0.133 0.00961077 -0.0264054
 vertex -0.133 0.00487952 -0.0276731
 vertex 0.209 0.00487952 -0.0276731
 endloop
endfacet
facet normal 0 0 0
 outer loop
 vertex -0.133 0.00961077 -0.0264054
 vertex 0.209 0.00487952 -0.0276731
 vertex 0.209 0.00961077 -0.0264054
 endloop
endfacet
facet normal 0 0 0
 outer loop
 vertex 0.209 0.00943976 -0.0259355
 vertex 0.209 0.00479269 -0.0271807
 vertex -0.133 0.00479269 -0.0271807
 endloop
endfacet
facet normal 0 0 0
 outer loop
 vertex 0.209 0.00943976 -0.0259355
 vertex -0.133 0.00479269 -0.0271807
 vertex -0.133 0.00943976 -0.0259355
 endloop
endfacet
facet normal 0 0 0
 outer loop
 vertex -0.133 0.00487952 -0.0276731
 vertex -0.133 -2.45658e-09 -0.0281
 vertex 0.209 -2.45658e-09 -0.0281
 endloop
endfacet
facet normal 0 0 0
 outer loop
 vertex -0.133 0.00487952 -0.0276731
 vertex 0.209 -2.45658e-09 -0.0281
 vertex 0.209 0.00487952 -0.0276731
 endloop
endfacet
facet normal 0 0 0
 outer loop
 vertex 0.209 0.00479269 -0.0271807
 vertex 0.209 -2.41287e-09 -0.0276
 vertex -0.133 -2.41287e-09 -0.0276
 endloop
endfacet
facet normal 0 0 0
 outer loop
 vertex 0.209 0.00479269 -0.0271807
 vertex -0.133 -2.41287e-09 -0.0276
 vertex -0.133 0.00479269 -0.0271807
 endloop
endfacet
facet normal 0 0 0
 outer loop
 vertex -0.133 -2.45658e-09 -0.0281
 vertex -0.133 -0.00487952 -0.0276731
 vertex 0.209 -0.00487952 -0.0276731
 endloop
endfacet
facet normal 0 0 0
 outer loop
 vertex -0.133 -2.45658e-09 -0.0281
 vertex 0.209 -0.00487952 -0.0276731
 vertex 0.209 -2.45658e-09 -0.0281
 endloop
endfacet
facet normal 0 0 0
 outer loop
 vertex 0.209 -2.41287e-09 -0.0276
 vertex 0.209 -0.00479269 -0.0271807
 vertex -0.133 -0.00479269 -0.0271807
 endloop
endfacet
facet normal 0 0 0
 outer loop
 vertex 0.209 -2.41287e-09 -0.0276
 vertex -0.133 -0.00479269 -0.0271807
 vertex -0.133 -2.41287e-09 -0.0276
 endloop
endfacet
facet normal 0 0 0
 outer loop
 vertex -0.133 -0.00487952 -0.0276731
 vertex -0.133 -0.00961077 -0.0264054
 vertex 0.209 -0.00961077 -0.0264054
 endloop
endfacet
facet normal 0 0 0
 outer loop
 vertex -0.133 -0.00487952 -0.0276731
 vertex 0.209 -0.00961077 -0.0264054
 vertex 0.209 -0.00487952 -0.0276731
 endloop
endfacet
facet normal 0 0 0
 outer loop
 vertex 0.209 -0.00479269 -0.0271807
 vertex 0.209 -0.00943976 -0.0259355
 vertex -0.133 -0.00943976 -0.0259355
 endloop
endfacet
facet normal 0 0 0
 outer loop
 vertex 0.209 -0.00479269 -0.0271807
 vertex -0.133 -0.00943976 -0.0259355
 vertex -0.133 -0.00479269 -0.0271807
 endloop
endfacet
facet normal 0 0 0
 outer loop
 vertex -0.133 -0.00961077 -0.0264054
 vertex -0.133 -0.01405 -0.0243353
 vertex 0.209 -0.01405 -0.0243353
 endloop
endfacet
facet normal 0 0 0
 outer loop
 vertex -0.133 -0.00961077 -0.0264054
 vertex 0.209 -0.01405 -0.0243353
 vertex 0.209 -0.00961077 -0.0264054
 endloop
endfacet
facet normal 0 0 0
 outer loop
 vertex 0.209 -0.00943976 -0.0259355
 vertex 0.209 -0.0138 -0.0239023
 vertex -0.133 -0.0138 -0.0239023
 endloop
endfacet
facet normal 0 0 0
 outer loop
 vertex 0.209 -0.00943976 -0.0259355
 vertex -0.133 -0.0138 -0.0239023
 vertex -0.133 -0.00943976 -0.0259355
 endloop
endfacet
facet normal 0 0 0
 outer loop
 vertex -0.133 -0.01405 -0.0243353
 vertex -0.133 -0.0180623 -0.0215259
 vertex 0.209 -0.0180623 -0.0215259
 endloop
endfacet
facet normal 0 0 0
 outer loop
 vertex -0.133 -0.01405 -0.0243353
 vertex 0.209 -0.0180623 -0.0215259
 vertex 0.209 -0.01405 -0.0243353
 endloop
endfacet
facet normal 0 0 0
 outer loop
 vertex 0.209 -0.0138 -0.0239023
 vertex 0.209 -0.0177409 -0.0211428
 vertex -0.133 -0.0177409 -0.0211428
 endloop
endfacet
facet normal 0 0 0
 outer loop
 vertex 0.209 -0.0138 -0.0239023
 vertex -0.133 -0.0177409 -0.0211428
 vertex -0.133 -0.0138 -0.0239023
 endloop
endfacet
facet normal 0 0 0
 outer loop
 vertex -0.133 -0.0180623 -0.0215259
 vertex -0.133 -0.0215259 -0.0180623
 vertex 0.209 -0.0215259 -0.0180623
 endloop
endfacet
facet normal 0 0 0
 outer loop
 vertex -0.133 -0.0180623 -0.0215259
 vertex 0.209 -0.0215259 -0.0180623
 vertex 0.209 -0.0180623 -0.0215259
 endloop
endfacet
facet normal 0 0 0
 outer loop
 vertex 0.209 -0.0177409 -0.0211428
 vertex 0.209 -0.0211428 -0.0177409
 vertex -0.133 -0.0211428 -0.0177409
 endloop
endfacet
facet normal 0 0 0
 outer loop
 vertex 0.209 -0.0177409 -0.0211428
 vertex -0.133 -0.0211428 -0.0177409
 vertex -0.133 -0.0177409 -0.0211428
 endloop
endfacet
facet normal 0 0 0
 outer loop
 vertex -0.133 -0.0215259 -0.0180623
 vertex -0.133 -0.0243353 -0.01405
 vertex 0.209 -0.0243353 -0.01405
 endloop
endfacet
facet normal 0 0 0
 outer loop
 vertex -0.133 -0.0215259 -0.0180623
 vertex 0.209 -0.0243353 -0.01405
 vertex 0.209 -0.0215259 -0.0180623
 endloop
endfacet
facet normal 0 0 0
 outer loop
 vertex 0.209 -0.0211428 -0.0177409
 vertex 0.209 -0.0239023 -0.0138
 vertex -0.133 -0.0239023 -0.0138
 endloop
endfacet
facet normal 0 0 0
 outer loop
 vertex 0.209 -0.0211428 -0.0177409
 vertex -0.133 -0.0239023 -0.0138
 vertex -0.133 -0.0211428 -0.0177409
 endloop
endfacet
facet normal 0 0 0
 outer loop
 vertex -0.133 -0.0243353 -0.01405
 vertex -0.133 -0.0264054 -0.00961076
 vertex 0.209 -0.0264054 -0.00961076
 endloop
endfacet
facet normal 0 0 0
 outer loop
 vertex -0.133 -0.0243353 -0.01405
 vertex 0.209 -0.0264054 -0.00961076
 vertex 0.209 -0.0243353 -0.01405
 endloop
endfacet
facet normal 0 0 0
 outer loop
 vertex 0.209 -0.0239023 -0.0138
 vertex 0.209 -0.0259355 -0.00943975
 vertex -0.133 -0.0259355 -0.00943975
 endloop
endfacet
facet normal 0 0 0
 outer loop
 vertex 0.209 -0.0239023 -0.0138
 vertex -0.133 -0.0259355 -0.00943975
 vertex -0.133 -0.0239023 -0.0138
 endloop
endfacet
facet normal 0 0 0
 outer loop
 vertex -0.133 -0.0264054 -0.00961076
 vertex -0.133 -0.0276731 -0.00487951
 vertex 0.209 -0.0276731 -0.00487951
 endloop
endfacet
facet normal 0 0 0
 outer loop
 vertex -0.133 -0.0264054 -0.00961076
 vertex 0.209 -0.0276731 -0.00487951
 vertex 0.209 -0.0264054 -0.00961076
 endloop
endfacet
facet normal 0 0 0
 outer loop
 vertex 0.209 -0.0259355 -0.00943975
 vertex 0.209 -0.0271807 -0.00479269
 vertex -0.133 -0.0271807 -0.00479269
 endloop
endfacet
facet normal 0 0 0
 outer loop
 vertex 0.209 -0.0259355 -0.00943975
 vertex -0.133 -0.0271807 -0.00479269
 vertex -0.133 -0.0259355 -0.00943975
 endloop
endfacet
facet normal 0 0 0
 outer loop
 vertex -0.133 -0.0276731 -0.00487951
 vertex -0.133 -0.0281 3.35089e-10
 vertex 0.209 -0.0281 3.35089e-10
 endloop
endfacet
facet normal 0 0 0
 outer loop
 vertex -0.133 -0.0276731 -0.00487951
 vertex 0.209 -0.0281 3.35089e-10
 vertex 0.209 -0.0276731 -0.00487951
 endloop
endfacet
facet normal 0 0 0
 outer loop
 vertex 0.209 -0.0271807 -0.00479269
 vertex 0.209 -0.0276 3.29127e-10
 vertex -0.133 -0.0276 3.29127e-10
 endloop
endfacet
facet normal 0 0 0
 outer loop
 vertex 0.209 -0.0271807 -0.00479269
 vertex -0.133 -0.0276 3.29127e-10
 vertex -0.133 -0.0271807 -0.00479269
 endloop
endfacet
facet normal 0 0 0
 outer loop
 vertex -0.133 -0.0281 3.35089e-10
 vertex -0.133 -0.0276731 0.00487951
 vertex 0.209 -0.0276731 0.00487951
 endloop
endfacet
facet normal 0 0 0
 outer loop
 vertex -0.133 -0.0281 3.35089e-10
 vertex 0.209 -0.0276731 0.00487951
 vertex 0.209 -0.0281 3.35089e-10
 endloop
endfacet
facet normal 0 0 0
 outer loop
 vertex 0.209 -0.0276 3.29127e-10
 vertex 0.209 -0.0271807 0.00479269
 vertex -0.133 -0.0271807 0.00479269
 endloop
endfacet
facet normal 0 0 0
 outer loop
 vertex 0.209 -0.0276 3.29127e-10
 vertex -0.133 -0.0271807 0.00479269
 vertex -0.133 -0.0276 3.29127e-10
 endloop
endfacet
facet normal 0 0 0
 outer loop
 vertex -0.133 -0.0276731 0.00487951
 vertex -0.133 -0.0264054 0.00961076
 vertex 0.209 -0.0264054 0.00961076
 endloop
endfacet
facet normal 0 0 0
 outer loop
 vertex -0.133 -0.0276731 0.00487951
 vertex 0.209 -0.0264054 0.00961076
 vertex 0.209 -0.0276731 0.00487951
 endloop
endfacet
facet normal 0 0 0
 outer loop
 vertex 0.209 -0.0271807 0.00479269
 vertex 0.209 -0.0259355 0.00943976
 vertex -0.133 -0.0259355 0.00943976
 endloop
endfacet
facet normal 0 0 0
 outer loop
 vertex 0.209 -0.0271807 0.00479269
 vertex -0.133 -0.0259355 0.00943976
 vertex -0.133 -0.0271807 0.00479269
 endloop
endfacet
facet normal 0 0 0
 outer loop
 vertex -0.133 -0.0264054 0.00961076
 vertex -0.133 -0.0243353 0.01405
 vertex 0.209 -0.0243353 0.01405
 endloop
endfacet
facet normal 0 0 0
 outer loop
 vertex -0.133 -0.0264054 0.00961076
 vertex 0.209 -0.0243353 0.01405
 vertex 0.209 -0.0264054 0.00961076
 endloop
endfacet
facet normal 0 0 0
 outer loop
 vertex 0.209 -0.0259355 0.00943976
 vertex 0.209 -0.0239023 0.0138
 vertex -0.133 -0.0239023 0.0138
 endloop
endfacet
facet normal 0 0 0
 outer loop
 vertex 0.209 -0.0259355 0.00943976
 vertex -0.133 -0.0239023 0.0138
 vertex -0.133 -0.0259355 0.00943976
 endloop
endfacet
facet normal 0 0 0
 outer loop
 vertex -0.133 -0.0243353 0.01405
 vertex -0.133 -0.0215259 0.0180623
 vertex 0.209 -0.0215259 0.0180623
 endloop
endfacet
facet normal 0 0 0
 outer loop
 vertex -0.133 -0.0243353 0.01405
 vertex 0.209 -0.0215259 0.0180623
 vertex 0.209 -0.0243353 0.01405
 endloop
endfacet
facet normal 0 0 0
 outer loop
 vertex 0.209 -0.0239023 0.0138
 vertex 0.209 -0.0211428 0.0177409
 vertex -0.133 -0.0211428 0.0177409
 endloop
endfacet
facet normal 0 0 0
 outer loop
 vertex 0.209 -0.0239023 0.0138
 vertex -0.133 -0.0211428 0.0177409
 vertex -0.133 -0.0239023 0.0138
 endloop
endfacet
facet normal 0 0 0
 outer loop
 vertex -0.133 -0.0215259 0.0180623
 vertex -0.133 -0.0180623 0.0215258
 vertex 0.209 -0.0180623 0.0215258
 endloop
endfacet
facet normal 0 0 0
 outer loop
 vertex -0.133 -0.0215259 0.0180623
 vertex 0.209 -0.0180623 0.0215258
 vertex 0.209 -0.0215259 0.0180623
 endloop
endfacet
facet normal 0 0 0
 outer loop
 vertex 0.209 -0.0211428 0.0177409
 vertex 0.209 -0.0177409 0.0211428
 vertex -0.133 -0.0177409 0.0211428
 endloop
endfacet
facet normal 0 0 0
 outer loop
 vertex 0.209 -0.0211428 0.0177409
 vertex -0.133 -0.0177409 0.0211428
 vertex -0.133 -0.0211428 0.0177409
 endloop
endfacet
facet normal 0 0 0
 outer loop
 vertex -0.133 -0.0180623 0.0215258
 vertex -0.133 -0.01405 0.0243353
 vertex 0.209 -0.01405 0.0243353
 endloop
endfacet
facet normal 0 0 0
 outer loop
 vertex -0.133 -0.0180623 0.0215258
 vertex 0.209 -0.01405 0.0243353
 vertex 0.209 -0.0180623 0.0215258
 endloop
endfacet
facet normal 0 0 0
 outer loop
 vertex 0.209 -0.0177409 0.0211428
 vertex 0.209 -0.0138 0.0239023
 vertex -0.133 -0.0138 0.0239023
 endloop
endfacet
facet normal 0 0 0
 outer loop
 vertex 0.209 -0.0177409 0.0211428
 vertex -0.133 -0.0138 0.0239023
 vertex -0.133 -0.0177409 0.0211428
 endloop
endfacet
facet normal 0 0 0
 outer loop
 vertex -0.133 -0.01405 0.0243353
 vertex -0.133 -0.00961077 0.0264054
 vertex 0.209 -0.00961077 0.0264054
 endloop
endfacet
facet normal 0 0 0
 outer loop
 vertex -0.133 -0.01405 0.0243353
 vertex 0.209 -0.00961077 0.0264054
 vertex 0.209 -0.01405 0.0243353
 endloop
endfacet
facet normal 0 0 0
 outer loop
 vertex 0.209 -0.0138 0.0239023
 vertex 0.209 -0.00943976 0.0259355
 vertex -0.133 -0.00943976 0.0259355
 endloop
endfacet
facet normal 0 0 0
 outer loop
 vertex 0.209 -0.0138 0.0239023
 vertex -0.133 -0.00943976 0.0259355
 vertex -0.133 -0.0138 0.0239023
 endloop
endfacet
facet normal 0 0 0
 outer loop
 vertex -0.133 -0.00961077 0.0264054
 vertex -0.133 -0.00487951 0.0276731
 vertex 0.209 -0.00487951 0.0276731
 endloop
endfacet
facet normal 0 0 0
 outer loop
 vertex -0.133 -0.00961077 0.0264054
 vertex 0.209 -0.00487951 0.0276731
 vertex 0.209 -0.00961077 0.0264054
 endloop
endfacet
facet normal 0 0 0
 outer loop
 vertex 0.209 -0.00943976 0.0259355
 vertex 0.209 -0.00479268 0.0271807
 vertex -0.133 -0.00479268 0.0271807
 endloop
endfacet
facet normal 0 0 0
 outer loop
 vertex 0.209 -0.00943976 0.0259355
 vertex -0.133 -0.00479268 0.0271807
 vertex -0.133 -0.00943976 0.0259355
 endloop
endfacet
facet normal 0 0 0
 outer loop
 vertex -0.133 -0.00487951 0.0276731
 vertex -0.133 4.91316e-09 0.0281
 vertex 0.209 4.91316e-09 0.0281
 endloop
endfacet
facet normal 0 0 0
 outer loop
 vertex -0.133 -0.00487951 0.0276731
 vertex 0.209 4.91316e-09 0.0281
 vertex 0.209 -0.00487951 0.0276731
 endloop
endfacet
facet normal 0 0 0
 outer loop
 vertex 0.209 -0.00479268 0.0271807
 vertex 0.209 4.82574e-09 0.0276
 vertex -0.133 4.82574e-09 0.0276
 endloop
endfacet
facet normal 0 0 0
 outer loop
 vertex 0.209 -0.00479268 0.0271807
 vertex -0.133 4.82574e-09 0.0276
 vertex -0.133 -0.00479268 0.0271807
 endloop
endfacet
facet normal 0 0 0
 outer loop
 vertex -0.133 0 0.0276
 vertex -0.133 0.00479269 0.0271807
 vertex -0.133 0.00487951 0.0276731
 endloop
endfacet
facet normal 0 0 0
 outer loop
 vertex -0.133 0 0.0276
 vertex -0.133 0.00487951 0.0276731
 vertex -0.133 0 0.0281
 endloop
endfacet
facet normal 0 0 0
 outer loop
 vertex 0.209 0 0.0276
 vertex 0.209 0 0.0281
 vertex 0.209 0.00487951 0.0276731
 endloop
endfacet
facet normal 0 0 0
 outer loop
 vertex 0.209 0 0.0276
 vertex 0.209 0.00487951 0.0276731
 vertex 0.209 0.00479269 0.0271807
 endloop
endfacet
facet normal 0 0 0
 outer loop
 vertex -0.133 0.00479269 0.0271807
 vertex -0.133 0.00943976 0.0259355
 vertex -0.133 0.00961077 0.0264054
 endloop
endfacet
facet normal 0 0 0
 outer loop
 vertex -0.133 0.00479269 0.0271807
 vertex -0.133 0.00961077 0.0264054
 vertex -0.133 0.00487951 0.0276731
 endloop
endfacet
facet normal 0 0 0
 outer loop
 vertex 0.209 0.00479269 0.0271807
 vertex 0.209 0.00487951 0.0276731
 vertex 0.209 0.00961077 0.0264054
 endloop
endfacet
facet normal 0 0 0
 outer loop
 vertex 0.209 0.00479269 0.0271807
 vertex 0.209 0.00961077 0.0264054
 vertex 0.209 0.00943976 0.0259355
 endloop
endfacet
facet normal 0 0 0
 outer loop
 vertex -0.133 0.00943976 0.0259355
 vertex -0.133 0.0138 0.0239023
 vertex -0.133 0.01405 0.0243353
 endloop
endfacet
facet normal 0 0 0
 outer loop
 vertex -0.133 0.00943976 0.0259355
 vertex -0.133 0.01405 0.0243353
 vertex -0.133 0.00961077 0.0264054
 endloop
endfacet
facet normal 0 0 0
 outer loop
 vertex 0.209 0.00943976 0.0259355
 vertex 0.209 0.00961077 0.0264054
 vertex 0.209 0.01405 0.0243353
 endloop
endfacet
facet normal 0 0 0
 outer loop
 vertex 0.209 0.00943976 0.0259355
 vertex 0.209 0.01405 0.0243353
 vertex 0.209 0.0138 0.0239023
 endloop
endfacet
facet normal 0 0 0
 outer loop
 vertex -0.133 0.0138 0.0239023
 vertex -0.133 0.0177409 0.0211428
 vertex -0.133 0.0180623 0.0215258
 endloop
endfacet
facet normal 0 0 0
 outer loop
 vertex -0.133 0.0138 0.0239023
 vertex -0.133 0.0180623 0.0215258
 vertex -0.133 0.01405 0.0243353
 endloop
endfacet
facet normal 0 0 0
 outer loop
 vertex 0.209 0.0138 0.0239023
 vertex 0.209 0.01405 0.0243353
 vertex 0.209 0.0180623 0.0215258
 endloop
endfacet
facet normal 0 0 0
 outer loop
 vertex 0.209 0.0138 0.0239023
 vertex 0.209 0.0180623 0.0215258
 vertex 0.209 0.0177409 0.0211428
 endloop
endfacet
facet normal 0 0 0
 outer loop
 vertex -0.133 0.0177409 0.0211428
 vertex -0.133 0.0211428 0.0177409
 vertex -0.133 0.0215258 0.0180623
 endloop
endfacet
facet normal 0 0 0
 outer loop
 vertex -0.133 0.0177409 0.0211428
 vertex -0.133 0.0215258 0.0180623
 vertex -0.133 0.0180623 0.0215258
 endloop
endfacet
facet normal 0 0 0
 outer loop
 vertex 0.209 0.0177409 0.0211428
 vertex 0.209 0.0180623 0.0215258
 vertex 0.209 0.0215258 0.0180623
 endloop
endfacet
facet normal 0 0 0
 outer loop
 vertex 0.209 0.0177409 0.0211428
 vertex 0.209 0.0215258 0.0180623
 vertex 0.209 0.0211428 0.0177409
 endloop
endfacet
facet normal 0 0 0
 outer loop
 vertex -0.133 0.0211428 0.0177409
 vertex -0.133 0.0239023 0.0138
 vertex -0.133 0.0243353 0.01405
 endloop
endfacet
facet normal 0 0 0
 outer loop
 vertex -0.133 0.0211428 0.0177409
 vertex -0.133 0.0243353 0.01405
 vertex -0.133 0.0215258 0.0180623
 endloop
endfacet
facet normal 0 0 0
 outer loop
 vertex 0.209 0.0211428 0.0177409
 vertex 0.209 0.0215258 0.0180623
 vertex 0.209 0.0243353 0.01405
 endloop
endfacet
facet normal 0 0 0
 outer loop
 vertex 0.209 0.0211428 0.0177409
 vertex 0.209 0.0243353 0.01405
 vertex 0.209 0.0239023 0.0138
 endloop
endfacet
facet normal 0 0 0
 outer loop
 vertex -0.133 0.0239023 0.0138
 vertex -0.133 0.0259355 0.00943976
 vertex -0.133 0.0264054 0.00961077
 endloop
endfacet
facet normal 0 0 0
 outer loop
 vertex -0.133 0.0239023 0.0138
 vertex -0.133 0.0264054 0.00961077
 vertex -0.133 0.0243353 0.01405
 endloop
endfacet
facet normal 0 0 0
 outer loop
 vertex 0.209 0.0239023 0.0138
 vertex 0.209 0.0243353 0.01405
 vertex 0.209 0.0264054 0.00961077
 endloop
endfacet
facet normal 0 0 0
 outer loop
 vertex 0.209 0.0239023 0.0138
 vertex 0.209 0.0264054 0.00961077
 vertex 0.209 0.0259355 0.00943976
 endloop
endfacet
facet normal 0 0 0
 outer loop
 vertex -0.133 0.0259355 0.00943976
 vertex -0.133 0.0271807 0.00479269
 vertex -0.133 0.0276731 0.00487952
 endloop
endfacet
facet normal 0 0 0
 outer loop
 vertex -0.133 0.0259355 0.00943976
 vertex -0.133 0.0276731 0.00487952
 vertex -0.133 0.0264054 0.00961077
 endloop
endfacet
facet normal 0 0 0
 outer loop
 vertex 0.209 0.0259355 0.00943976
 vertex 0.209 0.0264054 0.00961077
 vertex 0.209 0.0276731 0.00487952
 endloop
endfacet
facet normal 0 0 0
 outer loop
 vertex 0.209 0.0259355 0.00943976
 vertex 0.209 0.0276731 0.00487952
 vertex 0.209 0.0271807 0.00479269
 endloop
endfacet
facet normal 0 0 0
 outer loop
 vertex -0.133 0.0271807 0.00479269
 vertex -0.133 0.0276 -1.20643e-09
 vertex -0.133 0.0281 -1.22829e-09
 endloop
endfacet
facet normal 0 0 0
 outer loop
 vertex -0.133 0.0271807 0.00479269
 vertex -0.133 0.0281 -1.22829e-09
 vertex -0.133 0.0276731 0.00487952
 endloop
endfacet
facet normal 0 0 0
 outer loop
 vertex 0.209 0.0271807 0.00479269
 vertex 0.209 0.0276731 0.00487952
 vertex 0.209 0.0281 -1.22829e-09
 endloop
endfacet
facet normal 0 0 0
 outer loop
 vertex 0.209 0.0271807 0.00479269
 vertex 0.209 0.0281 -1.22829e-09
 vertex 0.209 0.0276 -1.20643e-09
 endloop
endfacet
facet normal 0 0 0
 outer loop
 vertex -0.133 0.0276 -1.20643e-09
 vertex -0.133 0.0271807 -0.00479269
 vertex -0.133 0.0276731 -0.00487951
 endloop
endfacet
facet normal 0 0 0
 outer loop
 vertex -0.133 0.0276 -1.20643e-09
 vertex -0.133 0.0276731 -0.00487951
 vertex -0.133 0.0281 -1.22829e-09
 endloop
endfacet
facet normal 0 0 0
 outer loop
 vertex 0.209 0.0276 -1.20643e-09
 vertex 0.209 0.0281 -1.22829e-09
 vertex 0.209 0.0276731 -0.00487951
 endloop
endfacet
facet normal 0 0 0
 outer loop
 vertex 0.209 0.0276 -1.20643e-09
 vertex 0.209 0.0276731 -0.00487951
 vertex 0.209 0.0271807 -0.00479269
 endloop
endfacet
facet normal 0 0 0
 outer loop
 vertex -0.133 0.0271807 -0.00479269
 vertex -0.133 0.0259355 -0.00943976
 vertex -0.133 0.0264054 -0.00961077
 endloop
endfacet
facet normal 0 0 0
 outer loop
 vertex -0.133 0.0271807 -0.00479269
 vertex -0.133 0.0264054 -0.00961077
 vertex -0.133 0.0276731 -0.00487951
 endloop
endfacet
facet normal 0 0 0
 outer loop
 vertex 0.209 0.0271807 -0.00479269
 vertex 0.209 0.0276731 -0.00487951
 vertex 0.209 0.0264054 -0.00961077
 endloop
endfacet
facet normal 0 0 0
 outer loop
 vertex 0.209 0.0271807 -0.00479269
 vertex 0.209 0.0264054 -0.00961077
 vertex 0.209 0.0259355 -0.00943976
 endloop
endfacet
facet normal 0 0 0
 outer loop
 vertex -0.133 0.0259355 -0.00943976
 vertex -0.133 0.0239023 -0.0138
 vertex -0.133 0.0243353 -0.01405
 endloop
endfacet
facet normal 0 0 0
 outer loop
 vertex -0.133 0.0259355 -0.00943976
 vertex -0.133 0.0243353 -0.01405
 vertex -0.133 0.0264054 -0.00961077
 endloop
endfacet
facet normal 0 0 0
 outer loop
 vertex 0.209 0.0259355 -0.00943976
 vertex 0.209 0.0264054 -0.00961077
 vertex 0.209 0.0243353 -0.01405
 endloop
endfacet
facet normal 0 0 0
 outer loop
 vertex 0.209 0.0259355 -0.00943976
 vertex 0.209 0.0243353 -0.01405
 vertex 0.209 0.0239023 -0.0138
 endloop
endfacet
facet normal 0 0 0
 outer loop
 vertex -0.133 0.0239023 -0.0138
 vertex -0.133 0.0211428 -0.0177409
 vertex -0.133 0.0215258 -0.0180623
 endloop
endfacet
facet normal 0 0 0
 outer loop
 vertex -0.133 0.0239023 -0.0138
 vertex -0.133 0.0215258 -0.0180623
 vertex -0.133 0.0243353 -0.01405
 endloop
endfacet
facet normal 0 0 0
 outer loop
 vertex 0.209 0.0239023 -0.0138
 vertex 0.209 0.0243353 -0.01405
 vertex 0.209 0.0215258 -0.0180623
 endloop
endfacet
facet normal 0 0 0
 outer loop
 vertex 0.209 0.0239023 -0.0138
 vertex 0.209 0.0215258 -0.0180623
 vertex 0.209 0.0211428 -0.0177409
 endloop
endfacet
facet normal 0 0 0
 outer loop
 vertex -0.133 0.0211428 -0.0177409
 vertex -0.133 0.0177409 -0.0211428
 vertex -0.133 0.0180623 -0.0215258
 endloop
endfacet
facet normal 0 0 0
 outer loop
 vertex -0.133 0.0211428 -0.0177409
 vertex -0.133 0.0180623 -0.0215258
 vertex -0.133 0.0215258 -0.0180623
 endloop
endfacet
facet normal 0 0 0
 outer loop
 vertex 0.209 0.0211428 -0.0177409
 vertex 0.209 0.0215258 -0.0180623
 vertex 0.209 0.0180623 -0.0215258
 endloop
endfacet
facet normal 0 0 0
 outer loop
 vertex 0.209 0.0211428 -0.0177409
 vertex 0.209 0.0180623 -0.0215258
 vertex 0.209 0.0177409 -0.0211428
 endloop
endfacet
facet normal 0 0 0
 outer loop
 vertex -0.133 0.0177409 -0.0211428
 vertex -0.133 0.0138 -0.0239023
 vertex -0.133 0.01405 -0.0243353
 endloop
endfacet
facet normal 0 0 0
 outer loop
 vertex -0.133 0.0177409 -0.0211428
 vertex -0.133 0.01405 -0.0243353
 vertex -0.133 0.0180623 -0.0215258
 endloop
endfacet
facet normal 0 0 0
 outer loop
 vertex 0.209 0.0177409 -0.0211428
 vertex 0.209 0.0180623 -0.0215258
 vertex 0.209 0.01405 -0.0243353
 endloop
endfacet
facet normal 0 0 0
 outer loop
 vertex 0.209 0.0177409 -0.0211428
 vertex 0.209 0.01405 -0.0243353
 vertex 0.209 0.0138 -0.0239023
 endloop
endfacet
facet normal 0 0 0
 outer loop
 vertex -0.133 0.0138 -0.0239023
 vertex -0.133 0.00943976 -0.0259355
 vertex -0.133 0.00961077 -0.0264054
 endloop
endfacet
facet normal 0 0 0
 outer loop
 vertex -0.133 0.0138 -0.0239023
 vertex -0.133 0.00961077 -0.0264054
 vertex -0.133 0.01405 -0.0243353
 endloop
endfacet
facet normal 0 0 0
 outer loop
 vertex 0.209 0.0138 -0.0239023
 vertex 0.209 0.01405 -0.0243353
 vertex 0.209 0.00961077 -0.0264054
 endloop
endfacet
facet normal 0 0 0
 outer loop
 vertex 0.209 0.0138 -0.0239023
 vertex 0.209 0.00961077 -0.0264054
 vertex 0.209 0.00943976 -0.0259355
 endloop
endfacet
facet normal 0 0 0
 outer loop
 vertex -0.133 0.00943976 -0.0259355
 vertex -0.133 0.00479269 -0.0271807
 vertex -0.133 0.00487952 -0.0276731
 endloop
endfacet
facet normal 0 0 0
 outer loop
 vertex -0.133 0.00943976 -0.0259355
 vertex -0.133 0.00487952 -0.0276731
 vertex -0.133 0.00961077 -0.0264054
 endloop
endfacet
facet normal 0 0 0
 outer loop
 vertex 0.209 0.00943976 -0.0259355
 vertex 0.209 0.00961077 -0.0264054
 vertex 0.209 0.00487952 -0.0276731
 endloop
endfacet
facet normal 0 0 0
 outer loop
 vertex 0.209 0.00943976 -0.0259355
 vertex 0.209 0.00487952 -0.0276731
 vertex 0.209 0.00479269 -0.0271807
 endloop
endfacet
facet normal 0 0 0
 outer loop
 vertex -0.133 0.00479269 -0.0271807
 vertex -0.133 -2.41287e-09 -0.0276
 vertex -0.133 -2.45658e-09 -0.0281
 endloop
endfacet
facet normal 0 0 0
 outer loop
 vertex -0.133 0.00479269 -0.0271807
 vertex -0.133 -2.45658e-09 -0.0281
 vertex -0.133 0.00487952 -0.0276731
 endloop
endfacet
facet normal 0 0 0
 outer loop
 vertex 0.209 0.00479269 -0.0271807
 vertex 0.209 0.00487952 -0.0276731
 vertex 0.209 -2.45658e-09 -0.0281
 endloop
endfacet
facet normal 0 0 0
 outer loop
 vertex 0.209 0.00479269 -0.0271807
 vertex 0.209 -2.45658e-09 -0.0281
 vertex 0.209 -2.41287e-09 -0.0276
 endloop
endfacet
facet normal 0 0 0
 outer loop
 vertex -0.133 -2.41287e-09 -0.0276
 vertex -0.133 -0.00479269 -0.0271807
 vertex -0.133 -0.00487952 -0.0276731
 endloop
endfacet
facet normal 0 0 0
 outer loop
 vertex -0.133 -2.41287e-09 -0.0276
 vertex -0.133 -0.00487952 -0.0276731
 vertex -0.133 -2.45658e-09 -0.0281
 endloop
endfacet
facet normal 0 0 0
 outer loop
 vertex 0.209 -2.41287e-09 -0.0276
 vertex 0.209 -2.45658e-09 -0.0281
 vertex 0.209 -0.00487952 -0.0276731
 endloop
endfacet
facet normal 0 0 0
 outer loop
 vertex 0.209 -2.41287e-09 -0.0276
 vertex 0.209 -0.00487952 -0.0276731
 vertex 0.209 -0.00479269 -0.0271807
 endloop
endfacet
facet normal 0 0 0
 outer loop
 vertex -0.133 -0.00479269 -0.0271807
 vertex -0.133 -0.00943976 -0.0259355
 vertex -0.133 -0.00961077 -0.0264054
 endloop
endfacet
facet normal 0 0 0
 outer loop
 vertex -0.133 -0.00479269 -0.0271807
 vertex -0.133 -0.00961077 -0.0264054
 vertex -0.133 -0.00487952 -0.0276731
 endloop
endfacet
facet normal 0 0 0
 outer loop
 vertex 0.209 -0.00479269 -0.0271807
 vertex 0.209 -0.00487952 -0.0276731
 vertex 0.209 -0.00961077 -0.0264054
 endloop
endfacet
facet normal 0 0 0
 outer loop
 vertex 0.209 -0.00479269 -0.0271807
 vertex 0.209 -0.00961077 -0.0264054
 vertex 0.209 -0.00943976 -0.0259355
 endloop
endfacet
facet normal 0 0 0
 outer loop
 vertex -0.133 -0.00943976 -0.0259355
 vertex -0.133 -0.0138 -0.0239023
 vertex -0.133 -0.01405 -0.0243353
 endloop
endfacet
facet normal 0 0 0
 outer loop
 vertex -0.133 -0.00943976 -0.0259355
 vertex -0.133 -0.01405 -0.0243353
 vertex -0.133 -0.00961077 -0.0264054
 endloop
endfacet
facet normal 0 0 0
 outer loop
 vertex 0.209 -0.00943976 -0.0259355
 vertex 0.209 -0.00961077 -0.0264054
 vertex 0.209 -0.01405 -0.0243353
 endloop
endfacet
facet normal 0 0 0
 outer loop
 vertex 0.209 -0.00943976 -0.0259355
 vertex 0.209 -0.01405 -0.0243353
 vertex 0.209 -0.0138 -0.0239023
 endloop
endfacet
facet normal 0 0 0
 outer loop
 vertex -0.133 -0.0138 -0.0239023
 vertex -0.133 -0.0177409 -0.0211428
 vertex -0.133 -0.0180623 -0.0215259
 endloop
endfacet
facet normal 0 0 0
 outer loop
 vertex -0.133 -0.0138 -0.0239023
 vertex -0.133 -0.0180623 -0.0215259
 vertex -0.133 -0.01405 -0.0243353
 endloop
endfacet
facet normal 0 0 0
 outer loop
 vertex 0.209 -0.0138 -0.0239023
 vertex 0.209 -0.01405 -0.0243353
 vertex 0.209 -0.0180623 -0.0215259
 endloop
endfacet
facet normal 0 0 0
 outer loop
 vertex 0.209 -0.0138 -0.0239023
 vertex 0.209 -0.0180623 -0.0215259
 vertex 0.209 -0.0177409 -0.0211428
 endloop
endfacet
facet normal 0 0 0
 outer loop
 vertex -0.133 -0.0177409 -0.0211428
 vertex -0.133 -0.0211428 -0.0177409
 vertex -0.133 -0.0215259 -0.0180623
 endloop
endfacet
facet normal 0 0 0
 outer loop
 vertex -0.133 -0.0177409 -0.0211428
 vertex -0.133 -0.0215259 -0.0180623
 vertex -0.133 -0.0180623 -0.0215259
 endloop
endfacet
facet normal 0 0 0
 outer loop
 vertex 0.209 -0.0177409 -0.0211428
 vertex 0.209 -0.0180623 -0.0215259
 vertex 0.209 -0.0215259 -0.0180623
 endloop
endfacet
facet normal 0 0 0
 outer loop
 vertex 0.209 -0.0177409 -0.0211428
 vertex 0.209 -0.0215259 -0.0180623
 vertex 0.209 -0.0211428 -0.0177409
 endloop
endfacet
facet normal 0 0 0
 outer loop
 vertex -0.133 -0.0211428 -0.0177409
 vertex -0.133 -0.0239023 -0.0138
 vertex -0.133 -0.0243353 -0.01405
 endloop
endfacet
facet normal 0 0 0
 outer loop
 vertex -0.133 -0.0211428 -0.0177409
 vertex -0.133 -0.0243353 -0.01405
 vertex -0.133 -0.0215259 -0.0180623
 endloop
endfacet
facet normal 0 0 0
 outer loop
 vertex 0.209 -0.0211428 -0.0177409
 vertex 0.209 -0.0215259 -0.0180623
 vertex 0.209 -0.0243353 -0.01405
 endloop
endfacet
facet normal 0 0 0
 outer loop
 vertex 0.209 -0.0211428 -0.0177409
 vertex 0.209 -0.0243353 -0.01405
 vertex 0.209 -0.0239023 -0.0138
 endloop
endfacet
facet normal 0 0 0
 outer loop
 vertex -0.133 -0.0239023 -0.0138
 vertex -0.133 -0.0259355 -0.00943975
 vertex -0.133 -0.0264054 -0.00961076
 endloop
endfacet
facet normal 0 0 0
 outer loop
 vertex -0.133 -0.0239023 -0.0138
 vertex -0.133 -0.0264054 -0.00961076
 vertex -0.133 -0.0243353 -0.01405
 endloop
endfacet
facet normal 0 0 0
 outer loop
 vertex 0.209 -0.0239023 -0.0138
 vertex 0.209 -0.0243353 -0.01405
 vertex 0.209 -0.0264054 -0.00961076
 endloop
endfacet
facet normal 0 0 0
 outer loop
 vertex 0.209 -0.0239023 -0.0138
 vertex 0.209 -0.0264054 -0.00961076
 vertex 0.209 -0.0259355 -0.00943975
 endloop
endfacet
facet normal 0 0 0
 outer loop
 vertex -0.133 -0.0259355 -0.00943975
 vertex -0.133 -0.0271807 -0.00479269
 vertex -0.133 -0.0276731 -0.00487951
 endloop
endfacet
facet normal 0 0 0
 outer loop
 vertex -0.133 -0.0259355 -0.00943975
 vertex -0.133 -0.0276731 -0.00487951
 vertex -0.133 -0.0264054 -0.00961076
 endloop
endfacet
facet normal 0 0 0
 outer loop
 vertex 0.209 -0.0259355 -0.00943975
 vertex 0.209 -0.0264054 -0.00961076
 vertex 0.209 -0.0276731 -0.00487951
 endloop
endfacet
facet normal 0 0 0
 outer loop
 vertex 0.209 -0.0259355 -0.00943975
 vertex 0.209 -0.0276731 -0.00487951
 vertex 0.209 -0.0271807 -0.00479269
 endloop
endfacet
facet normal 0 0 0
 outer loop
 vertex -0.133 -0.0271807 -0.00479269
 vertex -0.133 -0.0276 3.29127e-10
 vertex -0.133 -0.0281 3.35089e-10
 endloop
endfacet
facet normal 0 0 0
 outer loop
 vertex -0.133 -0.0271807 -0.00479269
 vertex -0.133 -0.0281 3.35089e-10
 vertex -0.133 -0.0276731 -0.00487951
 endloop
endfacet
facet normal 0 0 0
 outer loop
 vertex 0.209 -0.0271807 -0.00479269
 vertex 0.209 -0.0276731 -0.00487951
 vertex 0.209 -0.0281 3.35089e-10
 endloop
endfacet
facet normal 0 0 0
 outer loop
 vertex 0.209 -0.0271807 -0.00479269
 vertex 0.209 -0.0281 3.35089e-10
 vertex 0.209 -0.0276 3.29127e-10
 endloop
endfacet
facet normal 0 0 0
 outer loop
 vertex -0.133 -0.0276 3.29127e-10
 vertex -0.133 -0.0271807 0.00479269
 vertex -0.133 -0.0276731 0.00487951
 endloop
endfacet
facet normal 0 0 0
 outer loop
 vertex -0.133 -0.0276 3.29127e-10
 vertex -0.133 -0.0276731 0.00487951
 vertex -0.133 -0.0281 3.35089e-10
 endloop
endfacet
facet normal 0 0 0
 outer loop
 vertex 0.209 -0.0276 3.29127e-10
 vertex 0.209 -0.0281 3.35089e-10
 vertex 0.209 -0.0276731 0.00487951
 endloop
endfacet
facet normal 0 0 0
 outer loop
 vertex 0.209 -0.0276 3.29127e-10
 vertex 0.209 -0.0276731 0.00487951
 vertex 0.209 -0.0271807 0.00479269
 endloop
endfacet
facet normal 0 0 0
 outer loop
 vertex -0.133 -0.0271807 0.00479269
 vertex -0.133 -0.0259355 0.00943976
 vertex -0.133 -0.0264054 0.00961076
 endloop
endfacet
facet normal 0 0 0
 outer loop
 vertex -0.133 -0.0271807 0.00479269
 vertex -0.133 -0.0264054 0.00961076
 vertex -0.133 -0.0276731 0.00487951
 endloop
endfacet
facet normal 0 0 0
 outer loop
 vertex 0.209 -0.0271807 0.00479269
 vertex 0.209 -0.0276731 0.00487951
 vertex 0.209 -0.0264054 0.00961076
 endloop
endfacet
facet normal 0 0 0
 outer loop
 vertex 0.209 -0.0271807 0.00479269
 vertex 0.209 -0.0264054 0.00961076
 vertex 0.209 -0.0259355 0.00943976
 endloop
endfacet
facet normal 0 0 0
 outer loop
 vertex -0.133 -0.0259355 0.00943976
 vertex -0.133 -0.0239023 0.0138
 vertex -0.133 -0.0243353 0.01405
 endloop
endfacet
facet normal 0 0 0
 outer loop
 vertex -0.133 -0.0259355 0.00943976
 vertex -0.133 -0.0243353 0.01405
 vertex -0.133 -0.0264054 0.00961076
 endloop
endfacet
facet normal 0 0 0
 outer loop
 vertex 0.209 -0.0259355 0.00943976
 vertex 0.209 -0.0264054 0.00961076
 vertex 0.209 -0.0243353 0.01405
 endloop
endfacet
facet normal 0 0 0
 outer loop
 vertex 0.209 -0.0259355 0.00943976
 vertex 0.209 -0.0243353 0.01405
 vertex 0.209 -0.0239023 0.0138
 endloop
endfacet
facet normal 0 0 0
 outer loop
 vertex -0.133 -0.0239023 0.0138
 vertex -0.133 -0.0211428 0.0177409
 vertex -0.133 -0.0215259 0.0180623
 endloop
endfacet
facet normal 0 0 0
 outer loop
 vertex -0.133 -0.0239023 0.0138
 vertex -0.133 -0.0215259 0.0180623
 vertex -0.133 -0.0243353 0.01405
 endloop
endfacet
facet normal 0 0 0
 outer loop
 vertex 0.209 -0.0239023 0.0138
 vertex 0.209 -0.0243353 0.01405
 vertex 0.209 -0.0215259 0.0180623
 endloop
endfacet
facet normal 0 0 0
 outer loop
 vertex 0.209 -0.0239023 0.0138
 vertex 0.209 -0.0215259 0.0180623
 vertex 0.209 -0.0211428 0.0177409
 endloop
endfacet
facet normal 0 0 0
 outer loop
 vertex -0.133 -0.0211428 0.0177409
 vertex -0.133 -0.0177409 0.0211428
 vertex -0.133 -0.0180623 0.0215258
 endloop
endfacet
facet normal 0 0 0
 outer loop
 vertex -0.133 -0.0211428 0.0177409
 vertex -0.133 -0.0180623 0.0215258
 vertex -0.133 -0.0215259 0.0180623
 endloop
endfacet
facet normal 0 0 0
 outer loop
 vertex 0.209 -0.0211428 0.0177409
 vertex 0.209 -0.0215259 0.0180623
 vertex 0.209 -0.0180623 0.0215258
 endloop
endfacet
facet normal 0 0 0
 outer loop
 vertex 0.209 -0.0211428 0.0177409
 vertex 0.209 -0.0180623 0.0215258
 vertex 0.209 -0.0177409 0.0211428
 endloop
endfacet
facet normal 0 0 0
 outer loop
 vertex -0.133 -0.0177409 0.0211428
 vertex -0.133 -0.0138 0.0239023
 vertex -0.133 -0.01405 0.0243353
 endloop
endfacet
facet normal 0 0 0
 outer loop
 vertex -0.133 -0.0177409 0.0211428
 vertex -0.133 -0.01405 0.0243353
 vertex -0.133 -0.0180623 0.0215258
 endloop
endfacet
facet normal 0 0 0
 outer loop
 vertex 0.209 -0.0177409 0.0211428
 vertex 0.209 -0.0180623 0.0215258
 vertex 0.209 -0.01405 0.0243353
 endloop
endfacet
facet normal 0 0 0
 outer loop
 vertex 0.209 -0.0177409 0.0211428
 vertex 0.209 -0.01405 0.0243353
 vertex 0.209 -0.0138 0.0239023
 endloop
endfacet
facet normal 0 0 0
 outer loop
 vertex -0.133 -0.0138 0.0239023
 vertex -0.133 -0.00943976 0.0259355
 vertex -0.133 -0.00961077 0.0264054
 endloop
endfacet
facet normal 0 0 0
 outer loop
 vertex -0.133 -0.0138 0.0239023
 vertex -0.133 -0.00961077 0.0264054
 vertex -0.133 -0.01405 0.0243353
 endloop
endfacet
facet normal 0 0 0
 outer loop
 vertex 0.209 -0.0138 0.0239023
 vertex 0.209 -0.01405 0.0243353
 vertex 0.209 -0.00961077 0.0264054
 endloop
endfacet
facet normal 0 0 0
 outer loop
 vertex 0.209 -0.0138 0.0239023
 vertex 0.209 -0.00961077 0.0264054
 vertex 0.209 -0.00943976 0.0259355
 endloop
endfacet
facet normal 0 0 0
 outer loop
 vertex -0.133 -0.00943976 0.0259355
 vertex -0.133 -0.00479268 0.0271807
 vertex -0.133 -0.00487951 0.0276731
 endloop
endfacet
facet normal 0 0 0
 outer loop
 vertex -0.133 -0.00943976 0.0259355
 vertex -0.133 -0.00487951 0.0276731
 vertex -0.133 -0.00961077 0.0264054
 endloop
endfacet
facet normal 0 0 0
 outer loop
 vertex 0.209 -0.00943976 0.0259355
 vertex 0.209 -0.00961077 0.0264054
 vertex 0.209 -0.00487951 0.0276731
 endloop
endfacet
facet normal 0 0 0
 outer loop
 vertex 0.209 -0.00943976 0.0259355
 vertex 0.209 -0.00487951 0.0276731
 vertex 0.209 -0.00479268 0.0271807
 endloop
endfacet
facet normal 0 0 0
 outer loop
 vertex -0.133 -0.00479268 0.0271807
 vertex -0.133 4.82574e-09 0.0276
 vertex -0.133 4.91316e-09 0.0281
 endloop
endfacet
facet normal 0 0 0
 outer loop
 vertex -0.133 -0.00479268 0.0271807
 vertex -0.133 4.91316e-09 0.0281
 vertex -0.133 -0.00487951 0.0276731
 endloop
endfacet
facet normal 0 0 0
 outer loop
 vertex 0.209 -0.00479268 0.0271807
 vertex 0.209 -0.00487951 0.0276731
 vertex 0.209 4.91316e-09 0.0281
 endloop
endfacet
facet normal 0 0 0
 outer loop
 vertex 0.209 -0.00479268 0.0271807
 vertex 0.209 4.91316e-09 0.0281
 vertex 0.209 4.82574e-09 0.0276
 endloop
endfacet
facet normal 0 0 0
 outer loop
 vertex -0.133 0 0.0284
 vertex -0.133 0.00493161 0.0279685
 vertex 0.209 0.00493161 0.0279685
 endloop
endfacet
facet normal 0 0 0
 outer loop
 vertex -0.133 0 0.0284
 vertex 0.209 0.00493161 0.0279685
 vertex 0.209 0 0.0284
 endloop
endfacet
facet normal 0 0 0
 outer loop
 vertex 0.209 0 0.0279
 vertex 0.209 0.00484478 0.0274761
 vertex -0.133 0.00484478 0.0274761
 endloop
endfacet
facet normal 0 0 0
 outer loop
 vertex 0.209 0 0.0279
 vertex -0.133 0.00484478 0.0274761
 vertex -0.133 0 0.0279
 endloop
endfacet
facet normal 0 0 0
 outer loop
 vertex -0.133 0.00493161 0.0279685
 vertex -0.133 0.00971337 0.0266873
 vertex 0.209 0.00971337 0.0266873
 endloop
endfacet
facet normal 0 0 0
 outer loop
 vertex -0.133 0.00493161 0.0279685
 vertex 0.209 0.00971337 0.0266873
 vertex 0.209 0.00493161 0.0279685
 endloop
endfacet
facet normal 0 0 0
 outer loop
 vertex 0.209 0.00484478 0.0274761
 vertex 0.209 0.00954236 0.0262174
 vertex -0.133 0.00954236 0.0262174
 endloop
endfacet
facet normal 0 0 0
 outer loop
 vertex 0.209 0.00484478 0.0274761
 vertex -0.133 0.00954236 0.0262174
 vertex -0.133 0.00484478 0.0274761
 endloop
endfacet
facet normal 0 0 0
 outer loop
 vertex -0.133 0.00971337 0.0266873
 vertex -0.133 0.0142 0.0245951
 vertex 0.209 0.0142 0.0245951
 endloop
endfacet
facet normal 0 0 0
 outer loop
 vertex -0.133 0.00971337 0.0266873
 vertex 0.209 0.0142 0.0245951
 vertex 0.209 0.00971337 0.0266873
 endloop
endfacet
facet normal 0 0 0
 outer loop
 vertex 0.209 0.00954236 0.0262174
 vertex 0.209 0.01395 0.0241621
 vertex -0.133 0.01395 0.0241621
 endloop
endfacet
facet normal 0 0 0
 outer loop
 vertex 0.209 0.00954236 0.0262174
 vertex -0.133 0.01395 0.0241621
 vertex -0.133 0.00954236 0.0262174
 endloop
endfacet
facet normal 0 0 0
 outer loop
 vertex -0.133 0.0142 0.0245951
 vertex -0.133 0.0182552 0.0217557
 vertex 0.209 0.0182552 0.0217557
 endloop
endfacet
facet normal 0 0 0
 outer loop
 vertex -0.133 0.0142 0.0245951
 vertex 0.209 0.0182552 0.0217557
 vertex 0.209 0.0142 0.0245951
 endloop
endfacet
facet normal 0 0 0
 outer loop
 vertex 0.209 0.01395 0.0241621
 vertex 0.209 0.0179338 0.0213726
 vertex -0.133 0.0179338 0.0213726
 endloop
endfacet
facet normal 0 0 0
 outer loop
 vertex 0.209 0.01395 0.0241621
 vertex -0.133 0.0179338 0.0213726
 vertex -0.133 0.01395 0.0241621
 endloop
endfacet
facet normal 0 0 0
 outer loop
 vertex -0.133 0.0182552 0.0217557
 vertex -0.133 0.0217557 0.0182552
 vertex 0.209 0.0217557 0.0182552
 endloop
endfacet
facet normal 0 0 0
 outer loop
 vertex -0.133 0.0182552 0.0217557
 vertex 0.209 0.0217557 0.0182552
 vertex 0.209 0.0182552 0.0217557
 endloop
endfacet
facet normal 0 0 0
 outer loop
 vertex 0.209 0.0179338 0.0213726
 vertex 0.209 0.0213726 0.0179338
 vertex -0.133 0.0213726 0.0179338
 endloop
endfacet
facet normal 0 0 0
 outer loop
 vertex 0.209 0.0179338 0.0213726
 vertex -0.133 0.0213726 0.0179338
 vertex -0.133 0.0179338 0.0213726
 endloop
endfacet
facet normal 0 0 0
 outer loop
 vertex -0.133 0.0217557 0.0182552
 vertex -0.133 0.0245951 0.0142
 vertex 0.209 0.0245951 0.0142
 endloop
endfacet
facet normal 0 0 0
 outer loop
 vertex -0.133 0.0217557 0.0182552
 vertex 0.209 0.0245951 0.0142
 vertex 0.209 0.0217557 0.0182552
 endloop
endfacet
facet normal 0 0 0
 outer loop
 vertex 0.209 0.0213726 0.0179338
 vertex 0.209 0.0241621 0.01395
 vertex -0.133 0.0241621 0.01395
 endloop
endfacet
facet normal 0 0 0
 outer loop
 vertex 0.209 0.0213726 0.0179338
 vertex -0.133 0.0241621 0.01395
 vertex -0.133 0.0213726 0.0179338
 endloop
endfacet
facet normal 0 0 0
 outer loop
 vertex -0.133 0.0245951 0.0142
 vertex -0.133 0.0266873 0.00971337
 vertex 0.209 0.0266873 0.00971337
 endloop
endfacet
facet normal 0 0 0
 outer loop
 vertex -0.133 0.0245951 0.0142
 vertex 0.209 0.0266873 0.00971337
 vertex 0.209 0.0245951 0.0142
 endloop
endfacet
facet normal 0 0 0
 outer loop
 vertex 0.209 0.0241621 0.01395
 vertex 0.209 0.0262174 0.00954236
 vertex -0.133 0.0262174 0.00954236
 endloop
endfacet
facet normal 0 0 0
 outer loop
 vertex 0.209 0.0241621 0.01395
 vertex -0.133 0.0262174 0.00954236
 vertex -0.133 0.0241621 0.01395
 endloop
endfacet
facet normal 0 0 0
 outer loop
 vertex -0.133 0.0266873 0.00971337
 vertex -0.133 0.0279685 0.00493161
 vertex 0.209 0.0279685 0.00493161
 endloop
endfacet
facet normal 0 0 0
 outer loop
 vertex -0.133 0.0266873 0.00971337
 vertex 0.209 0.0279685 0.00493161
 vertex 0.209 0.0266873 0.00971337
 endloop
endfacet
facet normal 0 0 0
 outer loop
 vertex 0.209 0.0262174 0.00954236
 vertex 0.209 0.0274761 0.00484479
 vertex -0.133 0.0274761 0.00484479
 endloop
endfacet
facet normal 0 0 0
 outer loop
 vertex 0.209 0.0262174 0.00954236
 vertex -0.133 0.0274761 0.00484479
 vertex -0.133 0.0262174 0.00954236
 endloop
endfacet
facet normal 0 0 0
 outer loop
 vertex -0.133 0.0279685 0.00493161
 vertex -0.133 0.0284 -1.2414e-09
 vertex 0.209 0.0284 -1.2414e-09
 endloop
endfacet
facet normal 0 0 0
 outer loop
 vertex -0.133 0.0279685 0.00493161
 vertex 0.209 0.0284 -1.2414e-09
 vertex 0.209 0.0279685 0.00493161
 endloop
endfacet
facet normal 0 0 0
 outer loop
 vertex 0.209 0.0274761 0.00484479
 vertex 0.209 0.0279 -1.21955e-09
 vertex -0.133 0.0279 -1.21955e-09
 endloop
endfacet
facet normal 0 0 0
 outer loop
 vertex 0.209 0.0274761 0.00484479
 vertex -0.133 0.0279 -1.21955e-09
 vertex -0.133 0.0274761 0.00484479
 endloop
endfacet
facet normal 0 0 0
 outer loop
 vertex -0.133 0.0284 -1.2414e-09
 vertex -0.133 0.0279685 -0.00493161
 vertex 0.209 0.0279685 -0.00493161
 endloop
endfacet
facet normal 0 0 0
 outer loop
 vertex -0.133 0.0284 -1.2414e-09
 vertex 0.209 0.0279685 -0.00493161
 vertex 0.209 0.0284 -1.2414e-09
 endloop
endfacet
facet normal 0 0 0
 outer loop
 vertex 0.209 0.0279 -1.21955e-09
 vertex 0.209 0.0274761 -0.00484478
 vertex -0.133 0.0274761 -0.00484478
 endloop
endfacet
facet normal 0 0 0
 outer loop
 vertex 0.209 0.0279 -1.21955e-09
 vertex -0.133 0.0274761 -0.00484478
 vertex -0.133 0.0279 -1.21955e-09
 endloop
endfacet
facet normal 0 0 0
 outer loop
 vertex -0.133 0.0279685 -0.00493161
 vertex -0.133 0.0266873 -0.00971337
 vertex 0.209 0.0266873 -0.00971337
 endloop
endfacet
facet normal 0 0 0
 outer loop
 vertex -0.133 0.0279685 -0.00493161
 vertex 0.209 0.0266873 -0.00971337
 vertex 0.209 0.0279685 -0.00493161
 endloop
endfacet
facet normal 0 0 0
 outer loop
 vertex 0.209 0.0274761 -0.00484478
 vertex 0.209 0.0262174 -0.00954236
 vertex -0.133 0.0262174 -0.00954236
 endloop
endfacet
facet normal 0 0 0
 outer loop
 vertex 0.209 0.0274761 -0.00484478
 vertex -0.133 0.0262174 -0.00954236
 vertex -0.133 0.0274761 -0.00484478
 endloop
endfacet
facet normal 0 0 0
 outer loop
 vertex -0.133 0.0266873 -0.00971337
 vertex -0.133 0.0245951 -0.0142
 vertex 0.209 0.0245951 -0.0142
 endloop
endfacet
facet normal 0 0 0
 outer loop
 vertex -0.133 0.0266873 -0.00971337
 vertex 0.209 0.0245951 -0.0142
 vertex 0.209 0.0266873 -0.00971337
 endloop
endfacet
facet normal 0 0 0
 outer loop
 vertex 0.209 0.0262174 -0.00954236
 vertex 0.209 0.0241621 -0.01395
 vertex -0.133 0.0241621 -0.01395
 endloop
endfacet
facet normal 0 0 0
 outer loop
 vertex 0.209 0.0262174 -0.00954236
 vertex -0.133 0.0241621 -0.01395
 vertex -0.133 0.0262174 -0.00954236
 endloop
endfacet
facet normal 0 0 0
 outer loop
 vertex -0.133 0.0245951 -0.0142
 vertex -0.133 0.0217557 -0.0182552
 vertex 0.209 0.0217557 -0.0182552
 endloop
endfacet
facet normal 0 0 0
 outer loop
 vertex -0.133 0.0245951 -0.0142
 vertex 0.209 0.0217557 -0.0182552
 vertex 0.209 0.0245951 -0.0142
 endloop
endfacet
facet normal 0 0 0
 outer loop
 vertex 0.209 0.0241621 -0.01395
 vertex 0.209 0.0213726 -0.0179338
 vertex -0.133 0.0213726 -0.0179338
 endloop
endfacet
facet normal 0 0 0
 outer loop
 vertex 0.209 0.0241621 -0.01395
 vertex -0.133 0.0213726 -0.0179338
 vertex -0.133 0.0241621 -0.01395
 endloop
endfacet
facet normal 0 0 0
 outer loop
 vertex -0.133 0.0217557 -0.0182552
 vertex -0.133 0.0182552 -0.0217557
 vertex 0.209 0.0182552 -0.0217557
 endloop
endfacet
facet normal 0 0 0
 outer loop
 vertex -0.133 0.0217557 -0.0182552
 vertex 0.209 0.0182552 -0.0217557
 vertex 0.209 0.0217557 -0.0182552
 endloop
endfacet
facet normal 0 0 0
 outer loop
 vertex 0.209 0.0213726 -0.0179338
 vertex 0.209 0.0179338 -0.0213726
 vertex -0.133 0.0179338 -0.0213726
 endloop
endfacet
facet normal 0 0 0
 outer loop
 vertex 0.209 0.0213726 -0.0179338
 vertex -0.133 0.0179338 -0.0213726
 vertex -0.133 0.0213726 -0.0179338
 endloop
endfacet
facet normal 0 0 0
 outer loop
 vertex -0.133 0.0182552 -0.0217557
 vertex -0.133 0.0142 -0.0245951
 vertex 0.209 0.0142 -0.0245951
 endloop
endfacet
facet normal 0 0 0
 outer loop
 vertex -0.133 0.0182552 -0.0217557
 vertex 0.209 0.0142 -0.0245951
 vertex 0.209 0.0182552 -0.0217557
 endloop
endfacet
facet normal 0 0 0
 outer loop
 vertex 0.209 0.0179338 -0.0213726
 vertex 0.209 0.01395 -0.0241621
 vertex -0.133 0.01395 -0.0241621
 endloop
endfacet
facet normal 0 0 0
 outer loop
 vertex 0.209 0.0179338 -0.0213726
 vertex -0.133 0.01395 -0.0241621
 vertex -0.133 0.0179338 -0.0213726
 endloop
endfacet
facet normal 0 0 0
 outer loop
 vertex -0.133 0.0142 -0.0245951
 vertex -0.133 0.00971337 -0.0266873
 vertex 0.209 0.00971337 -0.0266873
 endloop
endfacet
facet normal 0 0 0
 outer loop
 vertex -0.133 0.0142 -0.0245951
 vertex 0.209 0.00971337 -0.0266873
 vertex 0.209 0.0142 -0.0245951
 endloop
endfacet
facet normal 0 0 0
 outer loop
 vertex 0.209 0.01395 -0.0241621
 vertex 0.209 0.00954236 -0.0262174
 vertex -0.133 0.00954236 -0.0262174
 endloop
endfacet
facet normal 0 0 0
 outer loop
 vertex 0.209 0.01395 -0.0241621
 vertex -0.133 0.00954236 -0.0262174
 vertex -0.133 0.01395 -0.0241621
 endloop
endfacet
facet normal 0 0 0
 outer loop
 vertex -0.133 0.00971337 -0.0266873
 vertex -0.133 0.00493161 -0.0279685
 vertex 0.209 0.00493161 -0.0279685
 endloop
endfacet
facet normal 0 0 0
 outer loop
 vertex -0.133 0.00971337 -0.0266873
 vertex 0.209 0.00493161 -0.0279685
 vertex 0.209 0.00971337 -0.0266873
 endloop
endfacet
facet normal 0 0 0
 outer loop
 vertex 0.209 0.00954236 -0.0262174
 vertex 0.209 0.00484479 -0.0274761
 vertex -0.133 0.00484479 -0.0274761
 endloop
endfacet
facet normal 0 0 0
 outer loop
 vertex 0.209 0.00954236 -0.0262174
 vertex -0.133 0.00484479 -0.0274761
 vertex -0.133 0.00954236 -0.0262174
 endloop
endfacet
facet normal 0 0 0
 outer loop
 vertex -0.133 0.00493161 -0.0279685
 vertex -0.133 -2.48281e-09 -0.0284
 vertex 0.209 -2.48281e-09 -0.0284
 endloop
endfacet
facet normal 0 0 0
 outer loop
 vertex -0.133 0.00493161 -0.0279685
 vertex 0.209 -2.48281e-09 -0.0284
 vertex 0.209 0.00493161 -0.0279685
 endloop
endfacet
facet normal 0 0 0
 outer loop
 vertex 0.209 0.00484479 -0.0274761
 vertex 0.209 -2.4391e-09 -0.0279
 vertex -0.133 -2.4391e-09 -0.0279
 endloop
endfacet
facet normal 0 0 0
 outer loop
 vertex 0.209 0.00484479 -0.0274761
 vertex -0.133 -2.4391e-09 -0.0279
 vertex -0.133 0.00484479 -0.0274761
 endloop
endfacet
facet normal 0 0 0
 outer loop
 vertex -0.133 -2.48281e-09 -0.0284
 vertex -0.133 -0.00493161 -0.0279685
 vertex 0.209 -0.00493161 -0.0279685
 endloop
endfacet
facet normal 0 0 0
 outer loop
 vertex -0.133 -2.48281e-09 -0.0284
 vertex 0.209 -0.00493161 -0.0279685
 vertex 0.209 -2.48281e-09 -0.0284
 endloop
endfacet
facet normal 0 0 0
 outer loop
 vertex 0.209 -2.4391e-09 -0.0279
 vertex 0.209 -0.00484479 -0.0274761
 vertex -0.133 -0.00484479 -0.0274761
 endloop
endfacet
facet normal 0 0 0
 outer loop
 vertex 0.209 -2.4391e-09 -0.0279
 vertex -0.133 -0.00484479 -0.0274761
 vertex -0.133 -2.4391e-09 -0.0279
 endloop
endfacet
facet normal 0 0 0
 outer loop
 vertex -0.133 -0.00493161 -0.0279685
 vertex -0.133 -0.00971337 -0.0266873
 vertex 0.209 -0.00971337 -0.0266873
 endloop
endfacet
facet normal 0 0 0
 outer loop
 vertex -0.133 -0.00493161 -0.0279685
 vertex 0.209 -0.00971337 -0.0266873
 vertex 0.209 -0.00493161 -0.0279685
 endloop
endfacet
facet normal 0 0 0
 outer loop
 vertex 0.209 -0.00484479 -0.0274761
 vertex 0.209 -0.00954236 -0.0262174
 vertex -0.133 -0.00954236 -0.0262174
 endloop
endfacet
facet normal 0 0 0
 outer loop
 vertex 0.209 -0.00484479 -0.0274761
 vertex -0.133 -0.00954236 -0.0262174
 vertex -0.133 -0.00484479 -0.0274761
 endloop
endfacet
facet normal 0 0 0
 outer loop
 vertex -0.133 -0.00971337 -0.0266873
 vertex -0.133 -0.0142 -0.0245951
 vertex 0.209 -0.0142 -0.0245951
 endloop
endfacet
facet normal 0 0 0
 outer loop
 vertex -0.133 -0.00971337 -0.0266873
 vertex 0.209 -0.0142 -0.0245951
 vertex 0.209 -0.00971337 -0.0266873
 endloop
endfacet
facet normal 0 0 0
 outer loop
 vertex 0.209 -0.00954236 -0.0262174
 vertex 0.209 -0.01395 -0.0241621
 vertex -0.133 -0.01395 -0.0241621
 endloop
endfacet
facet normal 0 0 0
 outer loop
 vertex 0.209 -0.00954236 -0.0262174
 vertex -0.133 -0.01395 -0.0241621
 vertex -0.133 -0.00954236 -0.0262174
 endloop
endfacet
facet normal 0 0 0
 outer loop
 vertex -0.133 -0.0142 -0.0245951
 vertex -0.133 -0.0182552 -0.0217557
 vertex 0.209 -0.0182552 -0.0217557
 endloop
endfacet
facet normal 0 0 0
 outer loop
 vertex -0.133 -0.0142 -0.0245951
 vertex 0.209 -0.0182552 -0.0217557
 vertex 0.209 -0.0142 -0.0245951
 endloop
endfacet
facet normal 0 0 0
 outer loop
 vertex 0.209 -0.01395 -0.0241621
 vertex 0.209 -0.0179338 -0.0213726
 vertex -0.133 -0.0179338 -0.0213726
 endloop
endfacet
facet normal 0 0 0
 outer loop
 vertex 0.209 -0.01395 -0.0241621
 vertex -0.133 -0.0179338 -0.0213726
 vertex -0.133 -0.01395 -0.0241621
 endloop
endfacet
facet normal 0 0 0
 outer loop
 vertex -0.133 -0.0182552 -0.0217557
 vertex -0.133 -0.0217557 -0.0182552
 vertex 0.209 -0.0217557 -0.0182552
 endloop
endfacet
facet normal 0 0 0
 outer loop
 vertex -0.133 -0.0182552 -0.0217557
 vertex 0.209 -0.0217557 -0.0182552
 vertex 0.209 -0.0182552 -0.0217557
 endloop
endfacet
facet normal 0 0 0
 outer loop
 vertex 0.209 -0.0179338 -0.0213726
 vertex 0.209 -0.0213726 -0.0179338
 vertex -0.133 -0.0213726 -0.0179338
 endloop
endfacet
facet normal 0 0 0
 outer loop
 vertex 0.209 -0.0179338 -0.0213726
 vertex -0.133 -0.0213726 -0.0179338
 vertex -0.133 -0.0179338 -0.0213726
 endloop
endfacet
facet normal 0 0 0
 outer loop
 vertex -0.133 -0.0217557 -0.0182552
 vertex -0.133 -0.0245951 -0.0142
 vertex 0.209 -0.0245951 -0.0142
 endloop
endfacet
facet normal 0 0 0
 outer loop
 vertex -0.133 -0.0217557 -0.0182552
 vertex 0.209 -0.0245951 -0.0142
 vertex 0.209 -0.0217557 -0.0182552
 endloop
endfacet
facet normal 0 0 0
 outer loop
 vertex 0.209 -0.0213726 -0.0179338
 vertex 0.209 -0.0241621 -0.01395
 vertex -0.133 -0.0241621 -0.01395
 endloop
endfacet
facet normal 0 0 0
 outer loop
 vertex 0.209 -0.0213726 -0.0179338
 vertex -0.133 -0.0241621 -0.01395
 vertex -0.133 -0.0213726 -0.0179338
 endloop
endfacet
facet normal 0 0 0
 outer loop
 vertex -0.133 -0.0245951 -0.0142
 vertex -0.133 -0.0266873 -0.00971337
 vertex 0.209 -0.0266873 -0.00971337
 endloop
endfacet
facet normal 0 0 0
 outer loop
 vertex -0.133 -0.0245951 -0.0142
 vertex 0.209 -0.0266873 -0.00971337
 vertex 0.209 -0.0245951 -0.0142
 endloop
endfacet
facet normal 0 0 0
 outer loop
 vertex 0.209 -0.0241621 -0.01395
 vertex 0.209 -0.0262174 -0.00954236
 vertex -0.133 -0.0262174 -0.00954236
 endloop
endfacet
facet normal 0 0 0
 outer loop
 vertex 0.209 -0.0241621 -0.01395
 vertex -0.133 -0.0262174 -0.00954236
 vertex -0.133 -0.0241621 -0.01395
 endloop
endfacet
facet normal 0 0 0
 outer loop
 vertex -0.133 -0.0266873 -0.00971337
 vertex -0.133 -0.0279685 -0.00493161
 vertex 0.209 -0.0279685 -0.00493161
 endloop
endfacet
facet normal 0 0 0
 outer loop
 vertex -0.133 -0.0266873 -0.00971337
 vertex 0.209 -0.0279685 -0.00493161
 vertex 0.209 -0.0266873 -0.00971337
 endloop
endfacet
facet normal 0 0 0
 outer loop
 vertex 0.209 -0.0262174 -0.00954236
 vertex 0.209 -0.0274761 -0.00484478
 vertex -0.133 -0.0274761 -0.00484478
 endloop
endfacet
facet normal 0 0 0
 outer loop
 vertex 0.209 -0.0262174 -0.00954236
 vertex -0.133 -0.0274761 -0.00484478
 vertex -0.133 -0.0262174 -0.00954236
 endloop
endfacet
facet normal 0 0 0
 outer loop
 vertex -0.133 -0.0279685 -0.00493161
 vertex -0.133 -0.0284 3.38667e-10
 vertex 0.209 -0.0284 3.38667e-10
 endloop
endfacet
facet normal 0 0 0
 outer loop
 vertex -0.133 -0.0279685 -0.00493161
 vertex 0.209 -0.0284 3.38667e-10
 vertex 0.209 -0.0279685 -0.00493161
 endloop
endfacet
facet normal 0 0 0
 outer loop
 vertex 0.209 -0.0274761 -0.00484478
 vertex 0.209 -0.0279 3.32704e-10
 vertex -0.133 -0.0279 3.32704e-10
 endloop
endfacet
facet normal 0 0 0
 outer loop
 vertex 0.209 -0.0274761 -0.00484478
 vertex -0.133 -0.0279 3.32704e-10
 vertex -0.133 -0.0274761 -0.00484478
 endloop
endfacet
facet normal 0 0 0
 outer loop
 vertex -0.133 -0.0284 3.38667e-10
 vertex -0.133 -0.0279685 0.00493161
 vertex 0.209 -0.0279685 0.00493161
 endloop
endfacet
facet normal 0 0 0
 outer loop
 vertex -0.133 -0.0284 3.38667e-10
 vertex 0.209 -0.0279685 0.00493161
 vertex 0.209 -0.0284 3.38667e-10
 endloop
endfacet
facet normal 0 0 0
 outer loop
 vertex 0.209 -0.0279 3.32704e-10
 vertex 0.209 -0.0274761 0.00484478
 vertex -0.133 -0.0274761 0.00484478
 endloop
endfacet
facet normal 0 0 0
 outer loop
 vertex 0.209 -0.0279 3.32704e-10
 vertex -0.133 -0.0274761 0.00484478
 vertex -0.133 -0.0279 3.32704e-10
 endloop
endfacet
facet normal 0 0 0
 outer loop
 vertex -0.133 -0.0279685 0.00493161
 vertex -0.133 -0.0266873 0.00971337
 vertex 0.209 -0.0266873 0.00971337
 endloop
endfacet
facet normal 0 0 0
 outer loop
 vertex -0.133 -0.0279685 0.00493161
 vertex 0.209 -0.0266873 0.00971337
 vertex 0.209 -0.0279685 0.00493161
 endloop
endfacet
facet normal 0 0 0
 outer loop
 vertex 0.209 -0.0274761 0.00484478
 vertex 0.209 -0.0262174 0.00954236
 vertex -0.133 -0.0262174 0.00954236
 endloop
endfacet
facet normal 0 0 0
 outer loop
 vertex 0.209 -0.0274761 0.00484478
 vertex -0.133 -0.0262174 0.00954236
 vertex -0.133 -0.0274761 0.00484478
 endloop
endfacet
facet normal 0 0 0
 outer loop
 vertex -0.133 -0.0266873 0.00971337
 vertex -0.133 -0.0245951 0.0142
 vertex 0.209 -0.0245951 0.0142
 endloop
endfacet
facet normal 0 0 0
 outer loop
 vertex -0.133 -0.0266873 0.00971337
 vertex 0.209 -0.0245951 0.0142
 vertex 0.209 -0.0266873 0.00971337
 endloop
endfacet
facet normal 0 0 0
 outer loop
 vertex 0.209 -0.0262174 0.00954236
 vertex 0.209 -0.0241621 0.01395
 vertex -0.133 -0.0241621 0.01395
 endloop
endfacet
facet normal 0 0 0
 outer loop
 vertex 0.209 -0.0262174 0.00954236
 vertex -0.133 -0.0241621 0.01395
 vertex -0.133 -0.0262174 0.00954236
 endloop
endfacet
facet normal 0 0 0
 outer loop
 vertex -0.133 -0.0245951 0.0142
 vertex -0.133 -0.0217557 0.0182552
 vertex 0.209 -0.0217557 0.0182552
 endloop
endfacet
facet normal 0 0 0
 outer loop
 vertex -0.133 -0.0245951 0.0142
 vertex 0.209 -0.0217557 0.0182552
 vertex 0.209 -0.0245951 0.0142
 endloop
endfacet
facet normal 0 0 0
 outer loop
 vertex 0.209 -0.0241621 0.01395
 vertex 0.209 -0.0213726 0.0179338
 vertex -0.133 -0.0213726 0.0179338
 endloop
endfacet
facet normal 0 0 0
 outer loop
 vertex 0.209 -0.0241621 0.01395
 vertex -0.133 -0.0213726 0.0179338
 vertex -0.133 -0.0241621 0.01395
 endloop
endfacet
facet normal 0 0 0
 outer loop
 vertex -0.133 -0.0217557 0.0182552
 vertex -0.133 -0.0182552 0.0217557
 vertex 0.209 -0.0182552 0.0217557
 endloop
endfacet
facet normal 0 0 0
 outer loop
 vertex -0.133 -0.0217557 0.0182552
 vertex 0.209 -0.0182552 0.0217557
 vertex 0.209 -0.0217557 0.0182552
 endloop
endfacet
facet normal 0 0 0
 outer loop
 vertex 0.209 -0.0213726 0.0179338
 vertex 0.209 -0.0179338 0.0213726
 vertex -0.133 -0.0179338 0.0213726
 endloop
endfacet
facet normal 0 0 0
 outer loop
 vertex 0.209 -0.0213726 0.0179338
 vertex -0.133 -0.0179338 0.0213726
 vertex -0.133 -0.0213726 0.0179338
 endloop
endfacet
facet normal 0 0 0
 outer loop
 vertex -0.133 -0.0182552 0.0217557
 vertex -0.133 -0.0142 0.0245951
 vertex 0.209 -0.0142 0.0245951
 endloop
endfacet
facet normal 0 0 0
 outer loop
 vertex -0.133 -0.0182552 0.0217557
 vertex 0.209 -0.0142 0.0245951
 vertex 0.209 -0.0182552 0.0217557
 endloop
endfacet
facet normal 0 0 0
 outer loop
 vertex 0.209 -0.0179338 0.0213726
 vertex 0.209 -0.01395 0.0241621
 vertex -0.133 -0.01395 0.0241621
 endloop
endfacet
facet normal 0 0 0
 outer loop
 vertex 0.209 -0.0179338 0.0213726
 vertex -0.133 -0.01395 0.0241621
 vertex -0.133 -0.0179338 0.0213726
 endloop
endfacet
facet normal 0 0 0
 outer loop
 vertex -0.133 -0.0142 0.0245951
 vertex -0.133 -0.00971338 0.0266873
 vertex 0.209 -0.00971338 0.0266873
 endloop
endfacet
facet normal 0 0 0
 outer loop
 vertex -0.133 -0.0142 0.0245951
 vertex 0.209 -0.00971338 0.0266873
 vertex 0.209 -0.0142 0.0245951
 endloop
endfacet
facet normal 0 0 0
 outer loop
 vertex 0.209 -0.01395 0.0241621
 vertex 0.209 -0.00954237 0.0262174
 vertex -0.133 -0.00954237 0.0262174
 endloop
endfacet
facet normal 0 0 0
 outer loop
 vertex 0.209 -0.01395 0.0241621
 vertex -0.133 -0.00954237 0.0262174
 vertex -0.133 -0.01395 0.0241621
 endloop
endfacet
facet normal 0 0 0
 outer loop
 vertex -0.133 -0.00971338 0.0266873
 vertex -0.133 -0.0049316 0.0279685
 vertex 0.209 -0.0049316 0.0279685
 endloop
endfacet
facet normal 0 0 0
 outer loop
 vertex -0.133 -0.00971338 0.0266873
 vertex 0.209 -0.0049316 0.0279685
 vertex 0.209 -0.00971338 0.0266873
 endloop
endfacet
facet normal 0 0 0
 outer loop
 vertex 0.209 -0.00954237 0.0262174
 vertex 0.209 -0.00484478 0.0274761
 vertex -0.133 -0.00484478 0.0274761
 endloop
endfacet
facet normal 0 0 0
 outer loop
 vertex 0.209 -0.00954237 0.0262174
 vertex -0.133 -0.00484478 0.0274761
 vertex -0.133 -0.00954237 0.0262174
 endloop
endfacet
facet normal 0 0 0
 outer loop
 vertex -0.133 -0.0049316 0.0279685
 vertex -0.133 4.96561e-09 0.0284
 vertex 0.209 4.96561e-09 0.0284
 endloop
endfacet
facet normal 0 0 0
 outer loop
 vertex -0.133 -0.0049316 0.0279685
 vertex 0.209 4.96561e-09 0.0284
 vertex 0.209 -0.0049316 0.0279685
 endloop
endfacet
facet normal 0 0 0
 outer loop
 vertex 0.209 -0.00484478 0.0274761
 vertex 0.209 4.87819e-09 0.0279
 vertex -0.133 4.87819e-09 0.0279
 endloop
endfacet
facet normal 0 0 0
 outer loop
 vertex 0.209 -0.00484478 0.0274761
 vertex -0.133 4.87819e-09 0.0279
 vertex -0.133 -0.00484478 0.0274761
 endloop
endfacet
facet normal 0 0 0
 outer loop
 vertex -0.133 0 0.0279
 vertex -0.133 0.00484478 0.0274761
 vertex -0.133 0.00493161 0.0279685
 endloop
endfacet
facet normal 0 0 0
 outer loop
 vertex -0.133 0 0.0279
 vertex -0.133 0.00493161 0.0279685
 vertex -0.133 0 0.0284
 endloop
endfacet
facet normal 0 0 0
 outer loop
 vertex 0.209 0 0.0279
 vertex 0.209 0 0.0284
 vertex 0.209 0.00493161 0.0279685
 endloop
endfacet
facet normal 0 0 0
 outer loop
 vertex 0.209 0 0.0279
 vertex 0.209 0.00493161 0.0279685
 vertex 0.209 0.00484478 0.0274761
 endloop
endfacet
facet normal 0 0 0
 outer loop
 vertex -0.133 0.00484478 0.0274761
 vertex -0.133 0.00954236 0.0262174
 vertex -0.133 0.00971337 0.0266873
 endloop
endfacet
facet normal 0 0 0
 outer loop
 vertex -0.133 0.00484478 0.0274761
 vertex -0.133 0.00971337 0.0266873
 vertex -0.133 0.00493161 0.0279685
 endloop
endfacet
facet normal 0 0 0
 outer loop
 vertex 0.209 0.00484478 0.0274761
 vertex 0.209 0.00493161 0.0279685
 vertex 0.209 0.00971337 0.0266873
 endloop
endfacet
facet normal 0 0 0
 outer loop
 vertex 0.209 0.00484478 0.0274761
 vertex 0.209 0.00971337 0.0266873
 vertex 0.209 0.00954236 0.0262174
 endloop
endfacet
facet normal 0 0 0
 outer loop
 vertex -0.133 0.00954236 0.0262174
 vertex -0.133 0.01395 0.0241621
 vertex -0.133 0.0142 0.0245951
 endloop
endfacet
facet normal 0 0 0
 outer loop
 vertex -0.133 0.00954236 0.0262174
 vertex -0.133 0.0142 0.0245951
 vertex -0.133 0.00971337 0.0266873
 endloop
endfacet
facet normal 0 0 0
 outer loop
 vertex 0.209 0.00954236 0.0262174
 vertex 0.209 0.00971337 0.0266873
 vertex 0.209 0.0142 0.0245951
 endloop
endfacet
facet normal 0 0 0
 outer loop
 vertex 0.209 0.00954236 0.0262174
 vertex 0.209 0.0142 0.0245951
 vertex 0.209 0.01395 0.0241621
 endloop
endfacet
facet normal 0 0 0
 outer loop
 vertex -0.133 0.01395 0.0241621
 vertex -0.133 0.0179338 0.0213726
 vertex -0.133 0.0182552 0.0217557
 endloop
endfacet
facet normal 0 0 0
 outer loop
 vertex -0.133 0.01395 0.0241621
 vertex -0.133 0.0182552 0.0217557
 vertex -0.133 0.0142 0.0245951
 endloop
endfacet
facet normal 0 0 0
 outer loop
 vertex 0.209 0.01395 0.0241621
 vertex 0.209 0.0142 0.0245951
 vertex 0.209 0.0182552 0.0217557
 endloop
endfacet
facet normal 0 0 0
 outer loop
 vertex 0.209 0.01395 0.0241621
 vertex 0.209 0.0182552 0.0217557
 vertex 0.209 0.0179338 0.0213726
 endloop
endfacet
facet normal 0 0 0
 outer loop
 vertex -0.133 0.0179338 0.0213726
 vertex -0.133 0.0213726 0.0179338
 vertex -0.133 0.0217557 0.0182552
 endloop
endfacet
facet normal 0 0 0
 outer loop
 vertex -0.133 0.0179338 0.0213726
 vertex -0.133 0.0217557 0.0182552
 vertex -0.133 0.0182552 0.0217557
 endloop
endfacet
facet normal 0 0 0
 outer loop
 vertex 0.209 0.0179338 0.0213726
 vertex 0.209 0.0182552 0.0217557
 vertex 0.209 0.0217557 0.0182552
 endloop
endfacet
facet normal 0 0 0
 outer loop
 vertex 0.209 0.0179338 0.0213726
 vertex 0.209 0.0217557 0.0182552
 vertex 0.209 0.0213726 0.0179338
 endloop
endfacet
facet normal 0 0 0
 outer loop
 vertex -0.133 0.0213726 0.0179338
 vertex -0.133 0.0241621 0.01395
 vertex -0.133 0.0245951 0.0142
 endloop
endfacet
facet normal 0 0 0
 outer loop
 vertex -0.133 0.0213726 0.0179338
 vertex -0.133 0.0245951 0.0142
 vertex -0.133 0.0217557 0.0182552
 endloop
endfacet
facet normal 0 0 0
 outer loop
 vertex 0.209 0.0213726 0.0179338
 vertex 0.209 0.0217557 0.0182552
 vertex 0.209 0.0245951 0.0142
 endloop
endfacet
facet normal 0 0 0
 outer loop
 vertex 0.209 0.0213726 0.0179338
 vertex 0.209 0.0245951 0.0142
 vertex 0.209 0.0241621 0.01395
 endloop
endfacet
facet normal 0 0 0
 outer loop
 vertex -0.133 0.0241621 0.01395
 vertex -0.133 0.0262174 0.00954236
 vertex -0.133 0.0266873 0.00971337
 endloop
endfacet
facet normal 0 0 0
 outer loop
 vertex -0.133 0.0241621 0.01395
 vertex -0.133 0.0266873 0.00971337
 vertex -0.133 0.0245951 0.0142
 endloop
endfacet
facet normal 0 0 0
 outer loop
 vertex 0.209 0.0241621 0.01395
 vertex 0.209 0.0245951 0.0142
 vertex 0.209 0.0266873 0.00971337
 endloop
endfacet
facet normal 0 0 0
 outer loop
 vertex 0.209 0.0241621 0.01395
 vertex 0.209 0.0266873 0.00971337
 vertex 0.209 0.0262174 0.00954236
 endloop
endfacet
facet normal 0 0 0
 outer loop
 vertex -0.133 0.0262174 0.00954236
 vertex -0.133 0.0274761 0.00484479
 vertex -0.133 0.0279685 0.00493161
 endloop
endfacet
facet normal 0 0 0
 outer loop
 vertex -0.133 0.0262174 0.00954236
 vertex -0.133 0.0279685 0.00493161
 vertex -0.133 0.0266873 0.00971337
 endloop
endfacet
facet normal 0 0 0
 outer loop
 vertex 0.209 0.0262174 0.00954236
 vertex 0.209 0.0266873 0.00971337
 vertex 0.209 0.0279685 0.00493161
 endloop
endfacet
facet normal 0 0 0
 outer loop
 vertex 0.209 0.0262174 0.00954236
 vertex 0.209 0.0279685 0.00493161
 vertex 0.209 0.0274761 0.00484479
 endloop
endfacet
facet normal 0 0 0
 outer loop
 vertex -0.133 0.0274761 0.00484479
 vertex -0.133 0.0279 -1.21955e-09
 vertex -0.133 0.0284 -1.2414e-09
 endloop
endfacet
facet normal 0 0 0
 outer loop
 vertex -0.133 0.0274761 0.00484479
 vertex -0.133 0.0284 -1.2414e-09
 vertex -0.133 0.0279685 0.00493161
 endloop
endfacet
facet normal 0 0 0
 outer loop
 vertex 0.209 0.0274761 0.00484479
 vertex 0.209 0.0279685 0.00493161
 vertex 0.209 0.0284 -1.2414e-09
 endloop
endfacet
facet normal 0 0 0
 outer loop
 vertex 0.209 0.0274761 0.00484479
 vertex 0.209 0.0284 -1.2414e-09
 vertex 0.209 0.0279 -1.21955e-09
 endloop
endfacet
facet normal 0 0 0
 outer loop
 vertex -0.133 0.0279 -1.21955e-09
 vertex -0.133 0.0274761 -0.00484478
 vertex -0.133 0.0279685 -0.00493161
 endloop
endfacet
facet normal 0 0 0
 outer loop
 vertex -0.133 0.0279 -1.21955e-09
 vertex -0.133 0.0279685 -0.00493161
 vertex -0.133 0.0284 -1.2414e-09
 endloop
endfacet
facet normal 0 0 0
 outer loop
 vertex 0.209 0.0279 -1.21955e-09
 vertex 0.209 0.0284 -1.2414e-09
 vertex 0.209 0.0279685 -0.00493161
 endloop
endfacet
facet normal 0 0 0
 outer loop
 vertex 0.209 0.0279 -1.21955e-09
 vertex 0.209 0.0279685 -0.00493161
 vertex 0.209 0.0274761 -0.00484478
 endloop
endfacet
facet normal 0 0 0
 outer loop
 vertex -0.133 0.0274761 -0.00484478
 vertex -0.133 0.0262174 -0.00954236
 vertex -0.133 0.0266873 -0.00971337
 endloop
endfacet
facet normal 0 0 0
 outer loop
 vertex -0.133 0.0274761 -0.00484478
 vertex -0.133 0.0266873 -0.00971337
 vertex -0.133 0.0279685 -0.00493161
 endloop
endfacet
facet normal 0 0 0
 outer loop
 vertex 0.209 0.0274761 -0.00484478
 vertex 0.209 0.0279685 -0.00493161
 vertex 0.209 0.0266873 -0.00971337
 endloop
endfacet
facet normal 0 0 0
 outer loop
 vertex 0.209 0.0274761 -0.00484478
 vertex 0.209 0.0266873 -0.00971337
 vertex 0.209 0.0262174 -0.00954236
 endloop
endfacet
facet normal 0 0 0
 outer loop
 vertex -0.133 0.0262174 -0.00954236
 vertex -0.133 0.0241621 -0.01395
 vertex -0.133 0.0245951 -0.0142
 endloop
endfacet
facet normal 0 0 0
 outer loop
 vertex -0.133 0.0262174 -0.00954236
 vertex -0.133 0.0245951 -0.0142
 vertex -0.133 0.0266873 -0.00971337
 endloop
endfacet
facet normal 0 0 0
 outer loop
 vertex 0.209 0.0262174 -0.00954236
 vertex 0.209 0.0266873 -0.00971337
 vertex 0.209 0.0245951 -0.0142
 endloop
endfacet
facet normal 0 0 0
 outer loop
 vertex 0.209 0.0262174 -0.00954236
 vertex 0.209 0.0245951 -0.0142
 vertex 0.209 0.0241621 -0.01395
 endloop
endfacet
facet normal 0 0 0
 outer loop
 vertex -0.133 0.0241621 -0.01395
 vertex -0.133 0.0213726 -0.0179338
 vertex -0.133 0.0217557 -0.0182552
 endloop
endfacet
facet normal 0 0 0
 outer loop
 vertex -0.133 0.0241621 -0.01395
 vertex -0.133 0.0217557 -0.0182552
 vertex -0.133 0.0245951 -0.0142
 endloop
endfacet
facet normal 0 0 0
 outer loop
 vertex 0.209 0.0241621 -0.01395
 vertex 0.209 0.0245951 -0.0142
 vertex 0.209 0.0217557 -0.0182552
 endloop
endfacet
facet normal 0 0 0
 outer loop
 vertex 0.209 0.0241621 -0.01395
 vertex 0.209 0.0217557 -0.0182552
 vertex 0.209 0.0213726 -0.0179338
 endloop
endfacet
facet normal 0 0 0
 outer loop
 vertex -0.133 0.0213726 -0.0179338
 vertex -0.133 0.0179338 -0.0213726
 vertex -0.133 0.0182552 -0.0217557
 endloop
endfacet
facet normal 0 0 0
 outer loop
 vertex -0.133 0.0213726 -0.0179338
 vertex -0.133 0.0182552 -0.0217557
 vertex -0.133 0.0217557 -0.0182552
 endloop
endfacet
facet normal 0 0 0
 outer loop
 vertex 0.209 0.0213726 -0.0179338
 vertex 0.209 0.0217557 -0.0182552
 vertex 0.209 0.0182552 -0.0217557
 endloop
endfacet
facet normal 0 0 0
 outer loop
 vertex 0.209 0.0213726 -0.0179338
 vertex 0.209 0.0182552 -0.0217557
 vertex 0.209 0.0179338 -0.0213726
 endloop
endfacet
facet normal 0 0 0
 outer loop
 vertex -0.133 0.0179338 -0.0213726
 vertex -0.133 0.01395 -0.0241621
 vertex -0.133 0.0142 -0.0245951
 endloop
endfacet
facet normal 0 0 0
 outer loop
 vertex -0.133 0.0179338 -0.0213726
 vertex -0.133 0.0142 -0.0245951
 vertex -0.133 0.0182552 -0.0217557
 endloop
endfacet
facet normal 0 0 0
 outer loop
 vertex 0.209 0.0179338 -0.0213726
 vertex 0.209 0.0182552 -0.0217557
 vertex 0.209 0.0142 -0.0245951
 endloop
endfacet
facet normal 0 0 0
 outer loop
 vertex 0.209 0.0179338 -0.0213726
 vertex 0.209 0.0142 -0.0245951
 vertex 0.209 0.01395 -0.0241621
 endloop
endfacet
facet normal 0 0 0
 outer loop
 vertex -0.133 0.01395 -0.0241621
 vertex -0.133 0.00954236 -0.0262174
 vertex -0.133 0.00971337 -0.0266873
 endloop
endfacet
facet normal 0 0 0
 outer loop
 vertex -0.133 0.01395 -0.0241621
 vertex -0.133 0.00971337 -0.0266873
 vertex -0.133 0.0142 -0.0245951
 endloop
endfacet
facet normal 0 0 0
 outer loop
 vertex 0.209 0.01395 -0.0241621
 vertex 0.209 0.0142 -0.0245951
 vertex 0.209 0.00971337 -0.0266873
 endloop
endfacet
facet normal 0 0 0
 outer loop
 vertex 0.209 0.01395 -0.0241621
 vertex 0.209 0.00971337 -0.0266873
 vertex 0.209 0.00954236 -0.0262174
 endloop
endfacet
facet normal 0 0 0
 outer loop
 vertex -0.133 0.00954236 -0.0262174
 vertex -0.133 0.00484479 -0.0274761
 vertex -0.133 0.00493161 -0.0279685
 endloop
endfacet
facet normal 0 0 0
 outer loop
 vertex -0.133 0.00954236 -0.0262174
 vertex -0.133 0.00493161 -0.0279685
 vertex -0.133 0.00971337 -0.0266873
 endloop
endfacet
facet normal 0 0 0
 outer loop
 vertex 0.209 0.00954236 -0.0262174
 vertex 0.209 0.00971337 -0.0266873
 vertex 0.209 0.00493161 -0.0279685
 endloop
endfacet
facet normal 0 0 0
 outer loop
 vertex 0.209 0.00954236 -0.0262174
 vertex 0.209 0.00493161 -0.0279685
 vertex 0.209 0.00484479 -0.0274761
 endloop
endfacet
facet normal 0 0 0
 outer loop
 vertex -0.133 0.00484479 -0.0274761
 vertex -0.133 -2.4391e-09 -0.0279
 vertex -0.133 -2.48281e-09 -0.0284
 endloop
endfacet
facet normal 0 0 0
 outer loop
 vertex -0.133 0.00484479 -0.0274761
 vertex -0.133 -2.48281e-09 -0.0284
 vertex -0.133 0.00493161 -0.0279685
 endloop
endfacet
facet normal 0 0 0
 outer loop
 vertex 0.209 0.00484479 -0.0274761
 vertex 0.209 0.00493161 -0.0279685
 vertex 0.209 -2.48281e-09 -0.0284
 endloop
endfacet
facet normal 0 0 0
 outer loop
 vertex 0.209 0.00484479 -0.0274761
 vertex 0.209 -2.48281e-09 -0.0284
 vertex 0.209 -2.4391e-09 -0.0279
 endloop
endfacet
facet normal 0 0 0
 outer loop
 vertex -0.133 -2.4391e-09 -0.0279
 vertex -0.133 -0.00484479 -0.0274761
 vertex -0.133 -0.00493161 -0.0279685
 endloop
endfacet
facet normal 0 0 0
 outer loop
 vertex -0.133 -2.4391e-09 -0.0279
 vertex -0.133 -0.00493161 -0.0279685
 vertex -0.133 -2.48281e-09 -0.0284
 endloop
endfacet
facet normal 0 0 0
 outer loop
 vertex 0.209 -2.4391e-09 -0.0279
 vertex 0.209 -2.48281e-09 -0.0284
 vertex 0.209 -0.00493161 -0.0279685
 endloop
endfacet
facet normal 0 0 0
 outer loop
 vertex 0.209 -2.4391e-09 -0.0279
 vertex 0.209 -0.00493161 -0.0279685
 vertex 0.209 -0.00484479 -0.0274761
 endloop
endfacet
facet normal 0 0 0
 outer loop
 vertex -0.133 -0.00484479 -0.0274761
 vertex -0.133 -0.00954236 -0.0262174
 vertex -0.133 -0.00971337 -0.0266873
 endloop
endfacet
facet normal 0 0 0
 outer loop
 vertex -0.133 -0.00484479 -0.0274761
 vertex -0.133 -0.00971337 -0.0266873
 vertex -0.133 -0.00493161 -0.0279685
 endloop
endfacet
facet normal 0 0 0
 outer loop
 vertex 0.209 -0.00484479 -0.0274761
 vertex 0.209 -0.00493161 -0.0279685
 vertex 0.209 -0.00971337 -0.0266873
 endloop
endfacet
facet normal 0 0 0
 outer loop
 vertex 0.209 -0.00484479 -0.0274761
 vertex 0.209 -0.00971337 -0.0266873
 vertex 0.209 -0.00954236 -0.0262174
 endloop
endfacet
facet normal 0 0 0
 outer loop
 vertex -0.133 -0.00954236 -0.0262174
 vertex -0.133 -0.01395 -0.0241621
 vertex -0.133 -0.0142 -0.0245951
 endloop
endfacet
facet normal 0 0 0
 outer loop
 vertex -0.133 -0.00954236 -0.0262174
 vertex -0.133 -0.0142 -0.0245951
 vertex -0.133 -0.00971337 -0.0266873
 endloop
endfacet
facet normal 0 0 0
 outer loop
 vertex 0.209 -0.00954236 -0.0262174
 vertex 0.209 -0.00971337 -0.0266873
 vertex 0.209 -0.0142 -0.0245951
 endloop
endfacet
facet normal 0 0 0
 outer loop
 vertex 0.209 -0.00954236 -0.0262174
 vertex 0.209 -0.0142 -0.0245951
 vertex 0.209 -0.01395 -0.0241621
 endloop
endfacet
facet normal 0 0 0
 outer loop
 vertex -0.133 -0.01395 -0.0241621
 vertex -0.133 -0.0179338 -0.0213726
 vertex -0.133 -0.0182552 -0.0217557
 endloop
endfacet
facet normal 0 0 0
 outer loop
 vertex -0.133 -0.01395 -0.0241621
 vertex -0.133 -0.0182552 -0.0217557
 vertex -0.133 -0.0142 -0.0245951
 endloop
endfacet
facet normal 0 0 0
 outer loop
 vertex 0.209 -0.01395 -0.0241621
 vertex 0.209 -0.0142 -0.0245951
 vertex 0.209 -0.0182552 -0.0217557
 endloop
endfacet
facet normal 0 0 0
 outer loop
 vertex 0.209 -0.01395 -0.0241621
 vertex 0.209 -0.0182552 -0.0217557
 vertex 0.209 -0.0179338 -0.0213726
 endloop
endfacet
facet normal 0 0 0
 outer loop
 vertex -0.133 -0.0179338 -0.0213726
 vertex -0.133 -0.0213726 -0.0179338
 vertex -0.133 -0.0217557 -0.0182552
 endloop
endfacet
facet normal 0 0 0
 outer loop
 vertex -0.133 -0.0179338 -0.0213726
 vertex -0.133 -0.0217557 -0.0182552
 vertex -0.133 -0.0182552 -0.0217557
 endloop
endfacet
facet normal 0 0 0
 outer loop
 vertex 0.209 -0.0179338 -0.0213726
 vertex 0.209 -0.0182552 -0.0217557
 vertex 0.209 -0.0217557 -0.0182552
 endloop
endfacet
facet normal 0 0 0
 outer loop
 vertex 0.209 -0.0179338 -0.0213726
 vertex 0.209 -0.0217557 -0.0182552
 vertex 0.209 -0.0213726 -0.0179338
 endloop
endfacet
facet normal 0 0 0
 outer loop
 vertex -0.133 -0.0213726 -0.0179338
 vertex -0.133 -0.0241621 -0.01395
 vertex -0.133 -0.0245951 -0.0142
 endloop
endfacet
facet normal 0 0 0
 outer loop
 vertex -0.133 -0.0213726 -0.0179338
 vertex -0.133 -0.0245951 -0.0142
 vertex -0.133 -0.0217557 -0.0182552
 endloop
endfacet
facet normal 0 0 0
 outer loop
 vertex 0.209 -0.0213726 -0.0179338
 vertex 0.209 -0.0217557 -0.0182552
 vertex 0.209 -0.0245951 -0.0142
 endloop
endfacet
facet normal 0 0 0
 outer loop
 vertex 0.209 -0.0213726 -0.0179338
 vertex 0.209 -0.0245951 -0.0142
 vertex 0.209 -0.0241621 -0.01395
 endloop
endfacet
facet normal 0 0 0
 outer loop
 vertex -0.133 -0.0241621 -0.01395
 vertex -0.133 -0.0262174 -0.00954236
 vertex -0.133 -0.0266873 -0.00971337
 endloop
endfacet
facet normal 0 0 0
 outer loop
 vertex -0.133 -0.0241621 -0.01395
 vertex -0.133 -0.0266873 -0.00971337
 vertex -0.133 -0.0245951 -0.0142
 endloop
endfacet
facet normal 0 0 0
 outer loop
 vertex 0.209 -0.0241621 -0.01395
 vertex 0.209 -0.0245951 -0.0142
 vertex 0.209 -0.0266873 -0.00971337
 endloop
endfacet
facet normal 0 0 0
 outer loop
 vertex 0.209 -0.0241621 -0.01395
 vertex 0.209 -0.0266873 -0.00971337
 vertex 0.209 -0.0262174 -0.00954236
 endloop
endfacet
facet normal 0 0 0
 outer loop
 vertex -0.133 -0.0262174 -0.00954236
 vertex -0.133 -0.0274761 -0.00484478
 vertex -0.133 -0.0279685 -0.00493161
 endloop
endfacet
facet normal 0 0 0
 outer loop
 vertex -0.133 -0.0262174 -0.00954236
 vertex -0.133 -0.0279685 -0.00493161
 vertex -0.133 -0.0266873 -0.00971337
 endloop
endfacet
facet normal 0 0 0
 outer loop
 vertex 0.209 -0.0262174 -0.00954236
 vertex 0.209 -0.0266873 -0.00971337
 vertex 0.209 -0.0279685 -0.00493161
 endloop
endfacet
facet normal 0 0 0
 outer loop
 vertex 0.209 -0.0262174 -0.00954236
 vertex 0.209 -0.0279685 -0.00493161
 vertex 0.209 -0.0274761 -0.00484478
 endloop
endfacet
facet normal 0 0 0
 outer loop
 vertex -0.133 -0.0274761 -0.00484478
 vertex -0.133 -0.0279 3.32704e-10
 vertex -0.133 -0.0284 3.38667e-10
 endloop
endfacet
facet normal 0 0 0
 outer loop
 vertex -0.133 -0.0274761 -0.00484478
 vertex -0.133 -0.0284 3.38667e-10
 vertex -0.133 -0.0279685 -0.00493161
 endloop
endfacet
facet normal 0 0 0
 outer loop
 vertex 0.209 -0.0274761 -0.00484478
 vertex 0.209 -0.0279685 -0.00493161
 vertex 0.209 -0.0284 3.38667e-10
 endloop
endfacet
facet normal 0 0 0
 outer loop
 vertex 0.209 -0.0274761 -0.00484478
 vertex 0.209 -0.0284 3.38667e-10
 vertex 0.209 -0.0279 3.32704e-10
 endloop
endfacet
facet normal 0 0 0
 outer loop
 vertex -0.133 -0.0279 3.32704e-10
 vertex -0.133 -0.0274761 0.00484478
 vertex -0.133 -0.0279685 0.00493161
 endloop
endfacet
facet normal 0 0 0
 outer loop
 vertex -0.133 -0.0279 3.32704e-10
 vertex -0.133 -0.0279685 0.00493161
 vertex -0.133 -0.0284 3.38667e-10
 endloop
endfacet
facet normal 0 0 0
 outer loop
 vertex 0.209 -0.0279 3.32704e-10
 vertex 0.209 -0.0284 3.38667e-10
 vertex 0.209 -0.0279685 0.00493161
 endloop
endfacet
facet normal 0 0 0
 outer loop
 vertex 0.209 -0.0279 3.32704e-10
 vertex 0.209 -0.0279685 0.00493161
 vertex 0.209 -0.0274761 0.00484478
 endloop
endfacet
facet normal 0 0 0
 outer loop
 vertex -0.133 -0.0274761 0.00484478
 vertex -0.133 -0.0262174 0.00954236
 vertex -0.133 -0.0266873 0.00971337
 endloop
endfacet
facet normal 0 0 0
 outer loop
 vertex -0.133 -0.0274761 0.00484478
 vertex -0.133 -0.0266873 0.00971337
 vertex -0.133 -0.0279685 0.00493161
 endloop
endfacet
facet normal 0 0 0
 outer loop
 vertex 0.209 -0.0274761 0.00484478
 vertex 0.209 -0.0279685 0.00493161
 vertex 0.209 -0.0266873 0.00971337
 endloop
endfacet
facet normal 0 0 0
 outer loop
 vertex 0.209 -0.0274761 0.00484478
 vertex 0.209 -0.0266873 0.00971337
 vertex 0.209 -0.0262174 0.00954236
 endloop
endfacet
facet normal 0 0 0
 outer loop
 vertex -0.133 -0.0262174 0.00954236
 vertex -0.133 -0.0241621 0.01395
 vertex -0.133 -0.0245951 0.0142
 endloop
endfacet
facet normal 0 0 0
 outer loop
 vertex -0.133 -0.0262174 0.00954236
 vertex -0.133 -0.0245951 0.0142
 vertex -0.133 -0.0266873 0.00971337
 endloop
endfacet
facet normal 0 0 0
 outer loop
 vertex 0.209 -0.0262174 0.00954236
 vertex 0.209 -0.0266873 0.00971337
 vertex 0.209 -0.0245951 0.0142
 endloop
endfacet
facet normal 0 0 0
 outer loop
 vertex 0.209 -0.0262174 0.00954236
 vertex 0.209 -0.0245951 0.0142
 vertex 0.209 -0.0241621 0.01395
 endloop
endfacet
facet normal 0 0 0
 outer loop
 vertex -0.133 -0.0241621 0.01395
 vertex -0.133 -0.0213726 0.0179338
 vertex -0.133 -0.0217557 0.0182552
 endloop
endfacet
facet normal 0 0 0
 outer loop
 vertex -0.133 -0.0241621 0.01395
 vertex -0.133 -0.0217557 0.0182552
 vertex -0.133 -0.0245951 0.0142
 endloop
endfacet
facet normal 0 0 0
 outer loop
 vertex 0.209 -0.0241621 0.01395
 vertex 0.209 -0.0245951 0.0142
 vertex 0.209 -0.0217557 0.0182552
 endloop
endfacet
facet normal 0 0 0
 outer loop
 vertex 0.209 -0.0241621 0.01395
 vertex 0.209 -0.0217557 0.0182552
 vertex 0.209 -0.0213726 0.0179338
 endloop
endfacet
facet normal 0 0 0
 outer loop
 vertex -0.133 -0.0213726 0.0179338
 vertex -0.133 -0.0179338 0.0213726
 vertex -0.133 -0.0182552 0.0217557
 endloop
endfacet
facet normal 0 0 0
 outer loop
 vertex -0.133 -0.0213726 0.0179338
 vertex -0.133 -0.0182552 0.0217557
 vertex -0.133 -0.0217557 0.0182552
 endloop
endfacet
facet normal 0 0 0
 outer loop
 vertex 0.209 -0.0213726 0.0179338
 vertex 0.209 -0.0217557 0.0182552
 vertex 0.209 -0.0182552 0.0217557
 endloop
endfacet
facet normal 0 0 0
 outer loop
 vertex 0.209 -0.0213726 0.0179338
 vertex 0.209 -0.0182552 0.0217557
 vertex 0.209 -0.0179338 0.0213726
 endloop
endfacet
facet normal 0 0 0
 outer loop
 vertex -0.133 -0.0179338 0.0213726
 vertex -0.133 -0.01395 0.0241621
 vertex -0.133 -0.0142 0.0245951
 endloop
endfacet
facet normal 0 0 0
 outer loop
 vertex -0.133 -0.0179338 0.0213726
 vertex -0.133 -0.0142 0.0245951
 vertex -0.133 -0.0182552 0.0217557
 endloop
endfacet
facet normal 0 0 0
 outer loop
 vertex 0.209 -0.0179338 0.0213726
 vertex 0.209 -0.0182552 0.0217557
 vertex 0.209 -0.0142 0.0245951
 endloop
endfacet
facet normal 0 0 0
 outer loop
 vertex 0.209 -0.0179338 0.0213726
 vertex 0.209 -0.0142 0.0245951
 vertex 0.209 -0.01395 0.0241621
 endloop
endfacet
facet normal 0 0 0
 outer loop
 vertex -0.133 -0.01395 0.0241621
 vertex -0.133 -0.00954237 0.0262174
 vertex -0.133 -0.00971338 0.0266873
 endloop
endfacet
facet normal 0 0 0
 outer loop
 vertex -0.133 -0.01395 0.0241621
 vertex -0.133 -0.00971338 0.0266873
 vertex -0.133 -0.0142 0.0245951
 endloop
endfacet
facet normal 0 0 0
 outer loop
 vertex 0.209 -0.01395 0.0241621
 vertex 0.209 -0.0142 0.0245951
 vertex 0.209 -0.00971338 0.0266873
 endloop
endfacet
facet normal 0 0 0
 outer loop
 vertex 0.209 -0.01395 0.0241621
 vertex 0.209 -0.00971338 0.0266873
 vertex 0.209 -0.00954237 0.0262174
 endloop
endfacet
facet normal 0 0 0
 outer loop
 vertex -0.133 -0.00954237 0.0262174
 vertex -0.133 -0.00484478 0.0274761
 vertex -0.133 -0.0049316 0.0279685
 endloop
endfacet
facet normal 0 0 0
 outer loop
 vertex -0.133 -0.00954237 0.0262174
 vertex -0.133 -0.0049316 0.0279685
 vertex -0.133 -0.00971338 0.0266873
 endloop
endfacet
facet normal 0 0 0
 outer loop
 vertex 0.209 -0.00954237 0.0262174
 vertex 0.209 -0.00971338 0.0266873
 vertex 0.209 -0.0049316 0.0279685
 endloop
endfacet
facet normal 0 0 0
 outer loop
 vertex 0.209 -0.00954237 0.0262174
 vertex 0.209 -0.0049316 0.0279685
 vertex 0.209 -0.00484478 0.0274761
 endloop
endfacet
facet normal 0 0 0
 outer loop
 vertex -0.133 -0.00484478 0.0274761
 vertex -0.133 4.87819e-09 0.0279
 vertex -0.133 4.96561e-09 0.0284
 endloop
endfacet
facet normal 0 0 0
 outer loop
 vertex -0.133 -0.00484478 0.0274761
 vertex -0.133 4.96561e-09 0.0284
 vertex -0.133 -0.0049316 0.0279685
 endloop
endfacet
facet normal 0 0 0
 outer loop
 vertex 0.209 -0.00484478 0.0274761
 vertex 0.209 -0.0049316 0.0279685
 vertex 0.209 4.96561e-09 0.0284
 endloop
endfacet
facet normal 0 0 0
 outer loop
 vertex 0.209 -0.00484478 0.0274761
 vertex 0.209 4.96561e-09 0.0284
 vertex 0.209 4.87819e-09 0.0279
 endloop
endfacet
facet normal 0 0 0
 outer loop
 vertex -0.133 0 0.0287
 vertex -0.133 0.0049837 0.028264
 vertex 0.209 0.0049837 0.028264
 endloop
endfacet
facet normal 0 0 0
 outer loop
 vertex -0.133 0 0.0287
 vertex 0.209 0.0049837 0.028264
 vertex 0.209 0 0.0287
 endloop
endfacet
facet normal 0 0 0
 outer loop
 vertex 0.209 0 0.0282
 vertex 0.209 0.00489688 0.0277716
 vertex -0.133 0.00489688 0.0277716
 endloop
endfacet
facet normal 0 0 0
 outer loop
 vertex 0.209 0 0.0282
 vertex -0.133 0.00489688 0.0277716
 vertex -0.133 0 0.0282
 endloop
endfacet
facet normal 0 0 0
 outer loop
 vertex -0.133 0.0049837 0.028264
 vertex -0.133 0.00981598 0.0269692
 vertex 0.209 0.00981598 0.0269692
 endloop
endfacet
facet normal 0 0 0
 outer loop
 vertex -0.133 0.0049837 0.028264
 vertex 0.209 0.00981598 0.0269692
 vertex 0.209 0.0049837 0.028264
 endloop
endfacet
facet normal 0 0 0
 outer loop
 vertex 0.209 0.00489688 0.0277716
 vertex 0.209 0.00964497 0.0264993
 vertex -0.133 0.00964497 0.0264993
 endloop
endfacet
facet normal 0 0 0
 outer loop
 vertex 0.209 0.00489688 0.0277716
 vertex -0.133 0.00964497 0.0264993
 vertex -0.133 0.00489688 0.0277716
 endloop
endfacet
facet normal 0 0 0
 outer loop
 vertex -0.133 0.00981598 0.0269692
 vertex -0.133 0.01435 0.0248549
 vertex 0.209 0.01435 0.0248549
 endloop
endfacet
facet normal 0 0 0
 outer loop
 vertex -0.133 0.00981598 0.0269692
 vertex 0.209 0.01435 0.0248549
 vertex 0.209 0.00981598 0.0269692
 endloop
endfacet
facet normal 0 0 0
 outer loop
 vertex 0.209 0.00964497 0.0264993
 vertex 0.209 0.0141 0.0244219
 vertex -0.133 0.0141 0.0244219
 endloop
endfacet
facet normal 0 0 0
 outer loop
 vertex 0.209 0.00964497 0.0264993
 vertex -0.133 0.0141 0.0244219
 vertex -0.133 0.00964497 0.0264993
 endloop
endfacet
facet normal 0 0 0
 outer loop
 vertex -0.133 0.01435 0.0248549
 vertex -0.133 0.018448 0.0219855
 vertex 0.209 0.018448 0.0219855
 endloop
endfacet
facet normal 0 0 0
 outer loop
 vertex -0.133 0.01435 0.0248549
 vertex 0.209 0.018448 0.0219855
 vertex 0.209 0.01435 0.0248549
 endloop
endfacet
facet normal 0 0 0
 outer loop
 vertex 0.209 0.0141 0.0244219
 vertex 0.209 0.0181266 0.0216025
 vertex -0.133 0.0181266 0.0216025
 endloop
endfacet
facet normal 0 0 0
 outer loop
 vertex 0.209 0.0141 0.0244219
 vertex -0.133 0.0181266 0.0216025
 vertex -0.133 0.0141 0.0244219
 endloop
endfacet
facet normal 0 0 0
 outer loop
 vertex -0.133 0.018448 0.0219855
 vertex -0.133 0.0219855 0.018448
 vertex 0.209 0.0219855 0.018448
 endloop
endfacet
facet normal 0 0 0
 outer loop
 vertex -0.133 0.018448 0.0219855
 vertex 0.209 0.0219855 0.018448
 vertex 0.209 0.018448 0.0219855
 endloop
endfacet
facet normal 0 0 0
 outer loop
 vertex 0.209 0.0181266 0.0216025
 vertex 0.209 0.0216025 0.0181266
 vertex -0.133 0.0216025 0.0181266
 endloop
endfacet
facet normal 0 0 0
 outer loop
 vertex 0.209 0.0181266 0.0216025
 vertex -0.133 0.0216025 0.0181266
 vertex -0.133 0.0181266 0.0216025
 endloop
endfacet
facet normal 0 0 0
 outer loop
 vertex -0.133 0.0219855 0.018448
 vertex -0.133 0.0248549 0.01435
 vertex 0.209 0.0248549 0.01435
 endloop
endfacet
facet normal 0 0 0
 outer loop
 vertex -0.133 0.0219855 0.018448
 vertex 0.209 0.0248549 0.01435
 vertex 0.209 0.0219855 0.018448
 endloop
endfacet
facet normal 0 0 0
 outer loop
 vertex 0.209 0.0216025 0.0181266
 vertex 0.209 0.0244219 0.0141
 vertex -0.133 0.0244219 0.0141
 endloop
endfacet
facet normal 0 0 0
 outer loop
 vertex 0.209 0.0216025 0.0181266
 vertex -0.133 0.0244219 0.0141
 vertex -0.133 0.0216025 0.0181266
 endloop
endfacet
facet normal 0 0 0
 outer loop
 vertex -0.133 0.0248549 0.01435
 vertex -0.133 0.0269692 0.00981598
 vertex 0.209 0.0269692 0.00981598
 endloop
endfacet
facet normal 0 0 0
 outer loop
 vertex -0.133 0.0248549 0.01435
 vertex 0.209 0.0269692 0.00981598
 vertex 0.209 0.0248549 0.01435
 endloop
endfacet
facet normal 0 0 0
 outer loop
 vertex 0.209 0.0244219 0.0141
 vertex 0.209 0.0264993 0.00964497
 vertex -0.133 0.0264993 0.00964497
 endloop
endfacet
facet normal 0 0 0
 outer loop
 vertex 0.209 0.0244219 0.0141
 vertex -0.133 0.0264993 0.00964497
 vertex -0.133 0.0244219 0.0141
 endloop
endfacet
facet normal 0 0 0
 outer loop
 vertex -0.133 0.0269692 0.00981598
 vertex -0.133 0.028264 0.0049837
 vertex 0.209 0.028264 0.0049837
 endloop
endfacet
facet normal 0 0 0
 outer loop
 vertex -0.133 0.0269692 0.00981598
 vertex 0.209 0.028264 0.0049837
 vertex 0.209 0.0269692 0.00981598
 endloop
endfacet
facet normal 0 0 0
 outer loop
 vertex 0.209 0.0264993 0.00964497
 vertex 0.209 0.0277716 0.00489688
 vertex -0.133 0.0277716 0.00489688
 endloop
endfacet
facet normal 0 0 0
 outer loop
 vertex 0.209 0.0264993 0.00964497
 vertex -0.133 0.0277716 0.00489688
 vertex -0.133 0.0264993 0.00964497
 endloop
endfacet
facet normal 0 0 0
 outer loop
 vertex -0.133 0.028264 0.0049837
 vertex -0.133 0.0287 -1.25452e-09
 vertex 0.209 0.0287 -1.25452e-09
 endloop
endfacet
facet normal 0 0 0
 outer loop
 vertex -0.133 0.028264 0.0049837
 vertex 0.209 0.0287 -1.25452e-09
 vertex 0.209 0.028264 0.0049837
 endloop
endfacet
facet normal 0 0 0
 outer loop
 vertex 0.209 0.0277716 0.00489688
 vertex 0.209 0.0282 -1.23266e-09
 vertex -0.133 0.0282 -1.23266e-09
 endloop
endfacet
facet normal 0 0 0
 outer loop
 vertex 0.209 0.0277716 0.00489688
 vertex -0.133 0.0282 -1.23266e-09
 vertex -0.133 0.0277716 0.00489688
 endloop
endfacet
facet normal 0 0 0
 outer loop
 vertex -0.133 0.0287 -1.25452e-09
 vertex -0.133 0.028264 -0.0049837
 vertex 0.209 0.028264 -0.0049837
 endloop
endfacet
facet normal 0 0 0
 outer loop
 vertex -0.133 0.0287 -1.25452e-09
 vertex 0.209 0.028264 -0.0049837
 vertex 0.209 0.0287 -1.25452e-09
 endloop
endfacet
facet normal 0 0 0
 outer loop
 vertex 0.209 0.0282 -1.23266e-09
 vertex 0.209 0.0277716 -0.00489688
 vertex -0.133 0.0277716 -0.00489688
 endloop
endfacet
facet normal 0 0 0
 outer loop
 vertex 0.209 0.0282 -1.23266e-09
 vertex -0.133 0.0277716 -0.00489688
 vertex -0.133 0.0282 -1.23266e-09
 endloop
endfacet
facet normal 0 0 0
 outer loop
 vertex -0.133 0.028264 -0.0049837
 vertex -0.133 0.0269692 -0.00981598
 vertex 0.209 0.0269692 -0.00981598
 endloop
endfacet
facet normal 0 0 0
 outer loop
 vertex -0.133 0.028264 -0.0049837
 vertex 0.209 0.0269692 -0.00981598
 vertex 0.209 0.028264 -0.0049837
 endloop
endfacet
facet normal 0 0 0
 outer loop
 vertex 0.209 0.0277716 -0.00489688
 vertex 0.209 0.0264993 -0.00964497
 vertex -0.133 0.0264993 -0.00964497
 endloop
endfacet
facet normal 0 0 0
 outer loop
 vertex 0.209 0.0277716 -0.00489688
 vertex -0.133 0.0264993 -0.00964497
 vertex -0.133 0.0277716 -0.00489688
 endloop
endfacet
facet normal 0 0 0
 outer loop
 vertex -0.133 0.0269692 -0.00981598
 vertex -0.133 0.0248549 -0.01435
 vertex 0.209 0.0248549 -0.01435
 endloop
endfacet
facet normal 0 0 0
 outer loop
 vertex -0.133 0.0269692 -0.00981598
 vertex 0.209 0.0248549 -0.01435
 vertex 0.209 0.0269692 -0.00981598
 endloop
endfacet
facet normal 0 0 0
 outer loop
 vertex 0.209 0.0264993 -0.00964497
 vertex 0.209 0.0244219 -0.0141
 vertex -0.133 0.0244219 -0.0141
 endloop
endfacet
facet normal 0 0 0
 outer loop
 vertex 0.209 0.0264993 -0.00964497
 vertex -0.133 0.0244219 -0.0141
 vertex -0.133 0.0264993 -0.00964497
 endloop
endfacet
facet normal 0 0 0
 outer loop
 vertex -0.133 0.0248549 -0.01435
 vertex -0.133 0.0219855 -0.018448
 vertex 0.209 0.0219855 -0.018448
 endloop
endfacet
facet normal 0 0 0
 outer loop
 vertex -0.133 0.0248549 -0.01435
 vertex 0.209 0.0219855 -0.018448
 vertex 0.209 0.0248549 -0.01435
 endloop
endfacet
facet normal 0 0 0
 outer loop
 vertex 0.209 0.0244219 -0.0141
 vertex 0.209 0.0216025 -0.0181266
 vertex -0.133 0.0216025 -0.0181266
 endloop
endfacet
facet normal 0 0 0
 outer loop
 vertex 0.209 0.0244219 -0.0141
 vertex -0.133 0.0216025 -0.0181266
 vertex -0.133 0.0244219 -0.0141
 endloop
endfacet
facet normal 0 0 0
 outer loop
 vertex -0.133 0.0219855 -0.018448
 vertex -0.133 0.018448 -0.0219855
 vertex 0.209 0.018448 -0.0219855
 endloop
endfacet
facet normal 0 0 0
 outer loop
 vertex -0.133 0.0219855 -0.018448
 vertex 0.209 0.018448 -0.0219855
 vertex 0.209 0.0219855 -0.018448
 endloop
endfacet
facet normal 0 0 0
 outer loop
 vertex 0.209 0.0216025 -0.0181266
 vertex 0.209 0.0181266 -0.0216025
 vertex -0.133 0.0181266 -0.0216025
 endloop
endfacet
facet normal 0 0 0
 outer loop
 vertex 0.209 0.0216025 -0.0181266
 vertex -0.133 0.0181266 -0.0216025
 vertex -0.133 0.0216025 -0.0181266
 endloop
endfacet
facet normal 0 0 0
 outer loop
 vertex -0.133 0.018448 -0.0219855
 vertex -0.133 0.01435 -0.0248549
 vertex 0.209 0.01435 -0.0248549
 endloop
endfacet
facet normal 0 0 0
 outer loop
 vertex -0.133 0.018448 -0.0219855
 vertex 0.209 0.01435 -0.0248549
 vertex 0.209 0.018448 -0.0219855
 endloop
endfacet
facet normal 0 0 0
 outer loop
 vertex 0.209 0.0181266 -0.0216025
 vertex 0.209 0.0141 -0.0244219
 vertex -0.133 0.0141 -0.0244219
 endloop
endfacet
facet normal 0 0 0
 outer loop
 vertex 0.209 0.0181266 -0.0216025
 vertex -0.133 0.0141 -0.0244219
 vertex -0.133 0.0181266 -0.0216025
 endloop
endfacet
facet normal 0 0 0
 outer loop
 vertex -0.133 0.01435 -0.0248549
 vertex -0.133 0.00981598 -0.0269692
 vertex 0.209 0.00981598 -0.0269692
 endloop
endfacet
facet normal 0 0 0
 outer loop
 vertex -0.133 0.01435 -0.0248549
 vertex 0.209 0.00981598 -0.0269692
 vertex 0.209 0.01435 -0.0248549
 endloop
endfacet
facet normal 0 0 0
 outer loop
 vertex 0.209 0.0141 -0.0244219
 vertex 0.209 0.00964497 -0.0264993
 vertex -0.133 0.00964497 -0.0264993
 endloop
endfacet
facet normal 0 0 0
 outer loop
 vertex 0.209 0.0141 -0.0244219
 vertex -0.133 0.00964497 -0.0264993
 vertex -0.133 0.0141 -0.0244219
 endloop
endfacet
facet normal 0 0 0
 outer loop
 vertex -0.133 0.00981598 -0.0269692
 vertex -0.133 0.00498371 -0.028264
 vertex 0.209 0.00498371 -0.028264
 endloop
endfacet
facet normal 0 0 0
 outer loop
 vertex -0.133 0.00981598 -0.0269692
 vertex 0.209 0.00498371 -0.028264
 vertex 0.209 0.00981598 -0.0269692
 endloop
endfacet
facet normal 0 0 0
 outer loop
 vertex 0.209 0.00964497 -0.0264993
 vertex 0.209 0.00489688 -0.0277716
 vertex -0.133 0.00489688 -0.0277716
 endloop
endfacet
facet normal 0 0 0
 outer loop
 vertex 0.209 0.00964497 -0.0264993
 vertex -0.133 0.00489688 -0.0277716
 vertex -0.133 0.00964497 -0.0264993
 endloop
endfacet
facet normal 0 0 0
 outer loop
 vertex -0.133 0.00498371 -0.028264
 vertex -0.133 -2.50903e-09 -0.0287
 vertex 0.209 -2.50903e-09 -0.0287
 endloop
endfacet
facet normal 0 0 0
 outer loop
 vertex -0.133 0.00498371 -0.028264
 vertex 0.209 -2.50903e-09 -0.0287
 vertex 0.209 0.00498371 -0.028264
 endloop
endfacet
facet normal 0 0 0
 outer loop
 vertex 0.209 0.00489688 -0.0277716
 vertex 0.209 -2.46532e-09 -0.0282
 vertex -0.133 -2.46532e-09 -0.0282
 endloop
endfacet
facet normal 0 0 0
 outer loop
 vertex 0.209 0.00489688 -0.0277716
 vertex -0.133 -2.46532e-09 -0.0282
 vertex -0.133 0.00489688 -0.0277716
 endloop
endfacet
facet normal 0 0 0
 outer loop
 vertex -0.133 -2.50903e-09 -0.0287
 vertex -0.133 -0.0049837 -0.028264
 vertex 0.209 -0.0049837 -0.028264
 endloop
endfacet
facet normal 0 0 0
 outer loop
 vertex -0.133 -2.50903e-09 -0.0287
 vertex 0.209 -0.0049837 -0.028264
 vertex 0.209 -2.50903e-09 -0.0287
 endloop
endfacet
facet normal 0 0 0
 outer loop
 vertex 0.209 -2.46532e-09 -0.0282
 vertex 0.209 -0.00489688 -0.0277716
 vertex -0.133 -0.00489688 -0.0277716
 endloop
endfacet
facet normal 0 0 0
 outer loop
 vertex 0.209 -2.46532e-09 -0.0282
 vertex -0.133 -0.00489688 -0.0277716
 vertex -0.133 -2.46532e-09 -0.0282
 endloop
endfacet
facet normal 0 0 0
 outer loop
 vertex -0.133 -0.0049837 -0.028264
 vertex -0.133 -0.00981598 -0.0269692
 vertex 0.209 -0.00981598 -0.0269692
 endloop
endfacet
facet normal 0 0 0
 outer loop
 vertex -0.133 -0.0049837 -0.028264
 vertex 0.209 -0.00981598 -0.0269692
 vertex 0.209 -0.0049837 -0.028264
 endloop
endfacet
facet normal 0 0 0
 outer loop
 vertex 0.209 -0.00489688 -0.0277716
 vertex 0.209 -0.00964497 -0.0264993
 vertex -0.133 -0.00964497 -0.0264993
 endloop
endfacet
facet normal 0 0 0
 outer loop
 vertex 0.209 -0.00489688 -0.0277716
 vertex -0.133 -0.00964497 -0.0264993
 vertex -0.133 -0.00489688 -0.0277716
 endloop
endfacet
facet normal 0 0 0
 outer loop
 vertex -0.133 -0.00981598 -0.0269692
 vertex -0.133 -0.01435 -0.0248549
 vertex 0.209 -0.01435 -0.0248549
 endloop
endfacet
facet normal 0 0 0
 outer loop
 vertex -0.133 -0.00981598 -0.0269692
 vertex 0.209 -0.01435 -0.0248549
 vertex 0.209 -0.00981598 -0.0269692
 endloop
endfacet
facet normal 0 0 0
 outer loop
 vertex 0.209 -0.00964497 -0.0264993
 vertex 0.209 -0.0141 -0.0244219
 vertex -0.133 -0.0141 -0.0244219
 endloop
endfacet
facet normal 0 0 0
 outer loop
 vertex 0.209 -0.00964497 -0.0264993
 vertex -0.133 -0.0141 -0.0244219
 vertex -0.133 -0.00964497 -0.0264993
 endloop
endfacet
facet normal 0 0 0
 outer loop
 vertex -0.133 -0.01435 -0.0248549
 vertex -0.133 -0.018448 -0.0219855
 vertex 0.209 -0.018448 -0.0219855
 endloop
endfacet
facet normal 0 0 0
 outer loop
 vertex -0.133 -0.01435 -0.0248549
 vertex 0.209 -0.018448 -0.0219855
 vertex 0.209 -0.01435 -0.0248549
 endloop
endfacet
facet normal 0 0 0
 outer loop
 vertex 0.209 -0.0141 -0.0244219
 vertex 0.209 -0.0181266 -0.0216025
 vertex -0.133 -0.0181266 -0.0216025
 endloop
endfacet
facet normal 0 0 0
 outer loop
 vertex 0.209 -0.0141 -0.0244219
 vertex -0.133 -0.0181266 -0.0216025
 vertex -0.133 -0.0141 -0.0244219
 endloop
endfacet
facet normal 0 0 0
 outer loop
 vertex -0.133 -0.018448 -0.0219855
 vertex -0.133 -0.0219855 -0.018448
 vertex 0.209 -0.0219855 -0.018448
 endloop
endfacet
facet normal 0 0 0
 outer loop
 vertex -0.133 -0.018448 -0.0219855
 vertex 0.209 -0.0219855 -0.018448
 vertex 0.209 -0.018448 -0.0219855
 endloop
endfacet
facet normal 0 0 0
 outer loop
 vertex 0.209 -0.0181266 -0.0216025
 vertex 0.209 -0.0216025 -0.0181266
 vertex -0.133 -0.0216025 -0.0181266
 endloop
endfacet
facet normal 0 0 0
 outer loop
 vertex 0.209 -0.0181266 -0.0216025
 vertex -0.133 -0.0216025 -0.0181266
 vertex -0.133 -0.0181266 -0.0216025
 endloop
endfacet
facet normal 0 0 0
 outer loop
 vertex -0.133 -0.0219855 -0.018448
 vertex -0.133 -0.0248549 -0.01435
 vertex 0.209 -0.0248549 -0.01435
 endloop
endfacet
facet normal 0 0 0
 outer loop
 vertex -0.133 -0.0219855 -0.018448
 vertex 0.209 -0.0248549 -0.01435
 vertex 0.209 -0.0219855 -0.018448
 endloop
endfacet
facet normal 0 0 0
 outer loop
 vertex 0.209 -0.0216025 -0.0181266
 vertex 0.209 -0.0244219 -0.0141
 vertex -0.133 -0.0244219 -0.0141
 endloop
endfacet
facet normal 0 0 0
 outer loop
 vertex 0.209 -0.0216025 -0.0181266
 vertex -0.133 -0.0244219 -0.0141
 vertex -0.133 -0.0216025 -0.0181266
 endloop
endfacet
facet normal 0 0 0
 outer loop
 vertex -0.133 -0.0248549 -0.01435
 vertex -0.133 -0.0269692 -0.00981598
 vertex 0.209 -0.0269692 -0.00981598
 endloop
endfacet
facet normal 0 0 0
 outer loop
 vertex -0.133 -0.0248549 -0.01435
 vertex 0.209 -0.0269692 -0.00981598
 vertex 0.209 -0.0248549 -0.01435
 endloop
endfacet
facet normal 0 0 0
 outer loop
 vertex 0.209 -0.0244219 -0.0141
 vertex 0.209 -0.0264993 -0.00964497
 vertex -0.133 -0.0264993 -0.00964497
 endloop
endfacet
facet normal 0 0 0
 outer loop
 vertex 0.209 -0.0244219 -0.0141
 vertex -0.133 -0.0264993 -0.00964497
 vertex -0.133 -0.0244219 -0.0141
 endloop
endfacet
facet normal 0 0 0
 outer loop
 vertex -0.133 -0.0269692 -0.00981598
 vertex -0.133 -0.028264 -0.0049837
 vertex 0.209 -0.028264 -0.0049837
 endloop
endfacet
facet normal 0 0 0
 outer loop
 vertex -0.133 -0.0269692 -0.00981598
 vertex 0.209 -0.028264 -0.0049837
 vertex 0.209 -0.0269692 -0.00981598
 endloop
endfacet
facet normal 0 0 0
 outer loop
 vertex 0.209 -0.0264993 -0.00964497
 vertex 0.209 -0.0277716 -0.00489688
 vertex -0.133 -0.0277716 -0.00489688
 endloop
endfacet
facet normal 0 0 0
 outer loop
 vertex 0.209 -0.0264993 -0.00964497
 vertex -0.133 -0.0277716 -0.00489688
 vertex -0.133 -0.0264993 -0.00964497
 endloop
endfacet
facet normal 0 0 0
 outer loop
 vertex -0.133 -0.028264 -0.0049837
 vertex -0.133 -0.0287 3.42244e-10
 vertex 0.209 -0.0287 3.42244e-10
 endloop
endfacet
facet normal 0 0 0
 outer loop
 vertex -0.133 -0.028264 -0.0049837
 vertex 0.209 -0.0287 3.42244e-10
 vertex 0.209 -0.028264 -0.0049837
 endloop
endfacet
facet normal 0 0 0
 outer loop
 vertex 0.209 -0.0277716 -0.00489688
 vertex 0.209 -0.0282 3.36282e-10
 vertex -0.133 -0.0282 3.36282e-10
 endloop
endfacet
facet normal 0 0 0
 outer loop
 vertex 0.209 -0.0277716 -0.00489688
 vertex -0.133 -0.0282 3.36282e-10
 vertex -0.133 -0.0277716 -0.00489688
 endloop
endfacet
facet normal 0 0 0
 outer loop
 vertex -0.133 -0.0287 3.42244e-10
 vertex -0.133 -0.028264 0.0049837
 vertex 0.209 -0.028264 0.0049837
 endloop
endfacet
facet normal 0 0 0
 outer loop
 vertex -0.133 -0.0287 3.42244e-10
 vertex 0.209 -0.028264 0.0049837
 vertex 0.209 -0.0287 3.42244e-10
 endloop
endfacet
facet normal 0 0 0
 outer loop
 vertex 0.209 -0.0282 3.36282e-10
 vertex 0.209 -0.0277716 0.00489688
 vertex -0.133 -0.0277716 0.00489688
 endloop
endfacet
facet normal 0 0 0
 outer loop
 vertex 0.209 -0.0282 3.36282e-10
 vertex -0.133 -0.0277716 0.00489688
 vertex -0.133 -0.0282 3.36282e-10
 endloop
endfacet
facet normal 0 0 0
 outer loop
 vertex -0.133 -0.028264 0.0049837
 vertex -0.133 -0.0269692 0.00981598
 vertex 0.209 -0.0269692 0.00981598
 endloop
endfacet
facet normal 0 0 0
 outer loop
 vertex -0.133 -0.028264 0.0049837
 vertex 0.209 -0.0269692 0.00981598
 vertex 0.209 -0.028264 0.0049837
 endloop
endfacet
facet normal 0 0 0
 outer loop
 vertex 0.209 -0.0277716 0.00489688
 vertex 0.209 -0.0264993 0.00964497
 vertex -0.133 -0.0264993 0.00964497
 endloop
endfacet
facet normal 0 0 0
 outer loop
 vertex 0.209 -0.0277716 0.00489688
 vertex -0.133 -0.0264993 0.00964497
 vertex -0.133 -0.0277716 0.00489688
 endloop
endfacet
facet normal 0 0 0
 outer loop
 vertex -0.133 -0.0269692 0.00981598
 vertex -0.133 -0.0248549 0.01435
 vertex 0.209 -0.0248549 0.01435
 endloop
endfacet
facet normal 0 0 0
 outer loop
 vertex -0.133 -0.0269692 0.00981598
 vertex 0.209 -0.0248549 0.01435
 vertex 0.209 -0.0269692 0.00981598
 endloop
endfacet
facet normal 0 0 0
 outer loop
 vertex 0.209 -0.0264993 0.00964497
 vertex 0.209 -0.0244219 0.0141
 vertex -0.133 -0.0244219 0.0141
 endloop
endfacet
facet normal 0 0 0
 outer loop
 vertex 0.209 -0.0264993 0.00964497
 vertex -0.133 -0.0244219 0.0141
 vertex -0.133 -0.0264993 0.00964497
 endloop
endfacet
facet normal 0 0 0
 outer loop
 vertex -0.133 -0.0248549 0.01435
 vertex -0.133 -0.0219855 0.018448
 vertex 0.209 -0.0219855 0.018448
 endloop
endfacet
facet normal 0 0 0
 outer loop
 vertex -0.133 -0.0248549 0.01435
 vertex 0.209 -0.0219855 0.018448
 vertex 0.209 -0.0248549 0.01435
 endloop
endfacet
facet normal 0 0 0
 outer loop
 vertex 0.209 -0.0244219 0.0141
 vertex 0.209 -0.0216025 0.0181266
 vertex -0.133 -0.0216025 0.0181266
 endloop
endfacet
facet normal 0 0 0
 outer loop
 vertex 0.209 -0.0244219 0.0141
 vertex -0.133 -0.0216025 0.0181266
 vertex -0.133 -0.0244219 0.0141
 endloop
endfacet
facet normal 0 0 0
 outer loop
 vertex -0.133 -0.0219855 0.018448
 vertex -0.133 -0.018448 0.0219855
 vertex 0.209 -0.018448 0.0219855
 endloop
endfacet
facet normal 0 0 0
 outer loop
 vertex -0.133 -0.0219855 0.018448
 vertex 0.209 -0.018448 0.0219855
 vertex 0.209 -0.0219855 0.018448
 endloop
endfacet
facet normal 0 0 0
 outer loop
 vertex 0.209 -0.0216025 0.0181266
 vertex 0.209 -0.0181266 0.0216024
 vertex -0.133 -0.0181266 0.0216024
 endloop
endfacet
facet normal 0 0 0
 outer loop
 vertex 0.209 -0.0216025 0.0181266
 vertex -0.133 -0.0181266 0.0216024
 vertex -0.133 -0.0216025 0.0181266
 endloop
endfacet
facet normal 0 0 0
 outer loop
 vertex -0.133 -0.018448 0.0219855
 vertex -0.133 -0.01435 0.0248549
 vertex 0.209 -0.01435 0.0248549
 endloop
endfacet
facet normal 0 0 0
 outer loop
 vertex -0.133 -0.018448 0.0219855
 vertex 0.209 -0.01435 0.0248549
 vertex 0.209 -0.018448 0.0219855
 endloop
endfacet
facet normal 0 0 0
 outer loop
 vertex 0.209 -0.0181266 0.0216024
 vertex 0.209 -0.0141 0.0244219
 vertex -0.133 -0.0141 0.0244219
 endloop
endfacet
facet normal 0 0 0
 outer loop
 vertex 0.209 -0.0181266 0.0216024
 vertex -0.133 -0.0141 0.0244219
 vertex -0.133 -0.0181266 0.0216024
 endloop
endfacet
facet normal 0 0 0
 outer loop
 vertex -0.133 -0.01435 0.0248549
 vertex -0.133 -0.00981598 0.0269692
 vertex 0.209 -0.00981598 0.0269692
 endloop
endfacet
facet normal 0 0 0
 outer loop
 vertex -0.133 -0.01435 0.0248549
 vertex 0.209 -0.00981598 0.0269692
 vertex 0.209 -0.01435 0.0248549
 endloop
endfacet
facet normal 0 0 0
 outer loop
 vertex 0.209 -0.0141 0.0244219
 vertex 0.209 -0.00964497 0.0264993
 vertex -0.133 -0.00964497 0.0264993
 endloop
endfacet
facet normal 0 0 0
 outer loop
 vertex 0.209 -0.0141 0.0244219
 vertex -0.133 -0.00964497 0.0264993
 vertex -0.133 -0.0141 0.0244219
 endloop
endfacet
facet normal 0 0 0
 outer loop
 vertex -0.133 -0.00981598 0.0269692
 vertex -0.133 -0.0049837 0.028264
 vertex 0.209 -0.0049837 0.028264
 endloop
endfacet
facet normal 0 0 0
 outer loop
 vertex -0.133 -0.00981598 0.0269692
 vertex 0.209 -0.0049837 0.028264
 vertex 0.209 -0.00981598 0.0269692
 endloop
endfacet
facet normal 0 0 0
 outer loop
 vertex 0.209 -0.00964497 0.0264993
 vertex 0.209 -0.00489687 0.0277716
 vertex -0.133 -0.00489687 0.0277716
 endloop
endfacet
facet normal 0 0 0
 outer loop
 vertex 0.209 -0.00964497 0.0264993
 vertex -0.133 -0.00489687 0.0277716
 vertex -0.133 -0.00964497 0.0264993
 endloop
endfacet
facet normal 0 0 0
 outer loop
 vertex -0.133 -0.0049837 0.028264
 vertex -0.133 5.01807e-09 0.0287
 vertex 0.209 5.01807e-09 0.0287
 endloop
endfacet
facet normal 0 0 0
 outer loop
 vertex -0.133 -0.0049837 0.028264
 vertex 0.209 5.01807e-09 0.0287
 vertex 0.209 -0.0049837 0.028264
 endloop
endfacet
facet normal 0 0 0
 outer loop
 vertex 0.209 -0.00489687 0.0277716
 vertex 0.209 4.93064e-09 0.0282
 vertex -0.133 4.93064e-09 0.0282
 endloop
endfacet
facet normal 0 0 0
 outer loop
 vertex 0.209 -0.00489687 0.0277716
 vertex -0.133 4.93064e-09 0.0282
 vertex -0.133 -0.00489687 0.0277716
 endloop
endfacet
facet normal 0 0 0
 outer loop
 vertex -0.133 0 0.0282
 vertex -0.133 0.00489688 0.0277716
 vertex -0.133 0.0049837 0.028264
 endloop
endfacet
facet normal 0 0 0
 outer loop
 vertex -0.133 0 0.0282
 vertex -0.133 0.0049837 0.028264
 vertex -0.133 0 0.0287
 endloop
endfacet
facet normal 0 0 0
 outer loop
 vertex 0.209 0 0.0282
 vertex 0.209 0 0.0287
 vertex 0.209 0.0049837 0.028264
 endloop
endfacet
facet normal 0 0 0
 outer loop
 vertex 0.209 0 0.0282
 vertex 0.209 0.0049837 0.028264
 vertex 0.209 0.00489688 0.0277716
 endloop
endfacet
facet normal 0 0 0
 outer loop
 vertex -0.133 0.00489688 0.0277716
 vertex -0.133 0.00964497 0.0264993
 vertex -0.133 0.00981598 0.0269692
 endloop
endfacet
facet normal 0 0 0
 outer loop
 vertex -0.133 0.00489688 0.0277716
 vertex -0.133 0.00981598 0.0269692
 vertex -0.133 0.0049837 0.028264
 endloop
endfacet
facet normal 0 0 0
 outer loop
 vertex 0.209 0.00489688 0.0277716
 vertex 0.209 0.0049837 0.028264
 vertex 0.209 0.00981598 0.0269692
 endloop
endfacet
facet normal 0 0 0
 outer loop
 vertex 0.209 0.00489688 0.0277716
 vertex 0.209 0.00981598 0.0269692
 vertex 0.209 0.00964497 0.0264993
 endloop
endfacet
facet normal 0 0 0
 outer loop
 vertex -0.133 0.00964497 0.0264993
 vertex -0.133 0.0141 0.0244219
 vertex -0.133 0.01435 0.0248549
 endloop
endfacet
facet normal 0 0 0
 outer loop
 vertex -0.133 0.00964497 0.0264993
 vertex -0.133 0.01435 0.0248549
 vertex -0.133 0.00981598 0.0269692
 endloop
endfacet
facet normal 0 0 0
 outer loop
 vertex 0.209 0.00964497 0.0264993
 vertex 0.209 0.00981598 0.0269692
 vertex 0.209 0.01435 0.0248549
 endloop
endfacet
facet normal 0 0 0
 outer loop
 vertex 0.209 0.00964497 0.0264993
 vertex 0.209 0.01435 0.0248549
 vertex 0.209 0.0141 0.0244219
 endloop
endfacet
facet normal 0 0 0
 outer loop
 vertex -0.133 0.0141 0.0244219
 vertex -0.133 0.0181266 0.0216025
 vertex -0.133 0.018448 0.0219855
 endloop
endfacet
facet normal 0 0 0
 outer loop
 vertex -0.133 0.0141 0.0244219
 vertex -0.133 0.018448 0.0219855
 vertex -0.133 0.01435 0.0248549
 endloop
endfacet
facet normal 0 0 0
 outer loop
 vertex 0.209 0.0141 0.0244219
 vertex 0.209 0.01435 0.0248549
 vertex 0.209 0.018448 0.0219855
 endloop
endfacet
facet normal 0 0 0
 outer loop
 vertex 0.209 0.0141 0.0244219
 vertex 0.209 0.018448 0.0219855
 vertex 0.209 0.0181266 0.0216025
 endloop
endfacet
facet normal 0 0 0
 outer loop
 vertex -0.133 0.0181266 0.0216025
 vertex -0.133 0.0216025 0.0181266
 vertex -0.133 0.0219855 0.018448
 endloop
endfacet
facet normal 0 0 0
 outer loop
 vertex -0.133 0.0181266 0.0216025
 vertex -0.133 0.0219855 0.018448
 vertex -0.133 0.018448 0.0219855
 endloop
endfacet
facet normal 0 0 0
 outer loop
 vertex 0.209 0.0181266 0.0216025
 vertex 0.209 0.018448 0.0219855
 vertex 0.209 0.0219855 0.018448
 endloop
endfacet
facet normal 0 0 0
 outer loop
 vertex 0.209 0.0181266 0.0216025
 vertex 0.209 0.0219855 0.018448
 vertex 0.209 0.0216025 0.0181266
 endloop
endfacet
facet normal 0 0 0
 outer loop
 vertex -0.133 0.0216025 0.0181266
 vertex -0.133 0.0244219 0.0141
 vertex -0.133 0.0248549 0.01435
 endloop
endfacet
facet normal 0 0 0
 outer loop
 vertex -0.133 0.0216025 0.0181266
 vertex -0.133 0.0248549 0.01435
 vertex -0.133 0.0219855 0.018448
 endloop
endfacet
facet normal 0 0 0
 outer loop
 vertex 0.209 0.0216025 0.0181266
 vertex 0.209 0.0219855 0.018448
 vertex 0.209 0.0248549 0.01435
 endloop
endfacet
facet normal 0 0 0
 outer loop
 vertex 0.209 0.0216025 0.0181266
 vertex 0.209 0.0248549 0.01435
 vertex 0.209 0.0244219 0.0141
 endloop
endfacet
facet normal 0 0 0
 outer loop
 vertex -0.133 0.0244219 0.0141
 vertex -0.133 0.0264993 0.00964497
 vertex -0.133 0.0269692 0.00981598
 endloop
endfacet
facet normal 0 0 0
 outer loop
 vertex -0.133 0.0244219 0.0141
 vertex -0.133 0.0269692 0.00981598
 vertex -0.133 0.0248549 0.01435
 endloop
endfacet
facet normal 0 0 0
 outer loop
 vertex 0.209 0.0244219 0.0141
 vertex 0.209 0.0248549 0.01435
 vertex 0.209 0.0269692 0.00981598
 endloop
endfacet
facet normal 0 0 0
 outer loop
 vertex 0.209 0.0244219 0.0141
 vertex 0.209 0.0269692 0.00981598
 vertex 0.209 0.0264993 0.00964497
 endloop
endfacet
facet normal 0 0 0
 outer loop
 vertex -0.133 0.0264993 0.00964497
 vertex -0.133 0.0277716 0.00489688
 vertex -0.133 0.028264 0.0049837
 endloop
endfacet
facet normal 0 0 0
 outer loop
 vertex -0.133 0.0264993 0.00964497
 vertex -0.133 0.028264 0.0049837
 vertex -0.133 0.0269692 0.00981598
 endloop
endfacet
facet normal 0 0 0
 outer loop
 vertex 0.209 0.0264993 0.00964497
 vertex 0.209 0.0269692 0.00981598
 vertex 0.209 0.028264 0.0049837
 endloop
endfacet
facet normal 0 0 0
 outer loop
 vertex 0.209 0.0264993 0.00964497
 vertex 0.209 0.028264 0.0049837
 vertex 0.209 0.0277716 0.00489688
 endloop
endfacet
facet normal 0 0 0
 outer loop
 vertex -0.133 0.0277716 0.00489688
 vertex -0.133 0.0282 -1.23266e-09
 vertex -0.133 0.0287 -1.25452e-09
 endloop
endfacet
facet normal 0 0 0
 outer loop
 vertex -0.133 0.0277716 0.00489688
 vertex -0.133 0.0287 -1.25452e-09
 vertex -0.133 0.028264 0.0049837
 endloop
endfacet
facet normal 0 0 0
 outer loop
 vertex 0.209 0.0277716 0.00489688
 vertex 0.209 0.028264 0.0049837
 vertex 0.209 0.0287 -1.25452e-09
 endloop
endfacet
facet normal 0 0 0
 outer loop
 vertex 0.209 0.0277716 0.00489688
 vertex 0.209 0.0287 -1.25452e-09
 vertex 0.209 0.0282 -1.23266e-09
 endloop
endfacet
facet normal 0 0 0
 outer loop
 vertex -0.133 0.0282 -1.23266e-09
 vertex -0.133 0.0277716 -0.00489688
 vertex -0.133 0.028264 -0.0049837
 endloop
endfacet
facet normal 0 0 0
 outer loop
 vertex -0.133 0.0282 -1.23266e-09
 vertex -0.133 0.028264 -0.0049837
 vertex -0.133 0.0287 -1.25452e-09
 endloop
endfacet
facet normal 0 0 0
 outer loop
 vertex 0.209 0.0282 -1.23266e-09
 vertex 0.209 0.0287 -1.25452e-09
 vertex 0.209 0.028264 -0.0049837
 endloop
endfacet
facet normal 0 0 0
 outer loop
 vertex 0.209 0.0282 -1.23266e-09
 vertex 0.209 0.028264 -0.0049837
 vertex 0.209 0.0277716 -0.00489688
 endloop
endfacet
facet normal 0 0 0
 outer loop
 vertex -0.133 0.0277716 -0.00489688
 vertex -0.133 0.0264993 -0.00964497
 vertex -0.133 0.0269692 -0.00981598
 endloop
endfacet
facet normal 0 0 0
 outer loop
 vertex -0.133 0.0277716 -0.00489688
 vertex -0.133 0.0269692 -0.00981598
 vertex -0.133 0.028264 -0.0049837
 endloop
endfacet
facet normal 0 0 0
 outer loop
 vertex 0.209 0.0277716 -0.00489688
 vertex 0.209 0.028264 -0.0049837
 vertex 0.209 0.0269692 -0.00981598
 endloop
endfacet
facet normal 0 0 0
 outer loop
 vertex 0.209 0.0277716 -0.00489688
 vertex 0.209 0.0269692 -0.00981598
 vertex 0.209 0.0264993 -0.00964497
 endloop
endfacet
facet normal 0 0 0
 outer loop
 vertex -0.133 0.0264993 -0.00964497
 vertex -0.133 0.0244219 -0.0141
 vertex -0.133 0.0248549 -0.01435
 endloop
endfacet
facet normal 0 0 0
 outer loop
 vertex -0.133 0.0264993 -0.00964497
 vertex -0.133 0.0248549 -0.01435
 vertex -0.133 0.0269692 -0.00981598
 endloop
endfacet
facet normal 0 0 0
 outer loop
 vertex 0.209 0.0264993 -0.00964497
 vertex 0.209 0.0269692 -0.00981598
 vertex 0.209 0.0248549 -0.01435
 endloop
endfacet
facet normal 0 0 0
 outer loop
 vertex 0.209 0.0264993 -0.00964497
 vertex 0.209 0.0248549 -0.01435
 vertex 0.209 0.0244219 -0.0141
 endloop
endfacet
facet normal 0 0 0
 outer loop
 vertex -0.133 0.0244219 -0.0141
 vertex -0.133 0.0216025 -0.0181266
 vertex -0.133 0.0219855 -0.018448
 endloop
endfacet
facet normal 0 0 0
 outer loop
 vertex -0.133 0.0244219 -0.0141
 vertex -0.133 0.0219855 -0.018448
 vertex -0.133 0.0248549 -0.01435
 endloop
endfacet
facet normal 0 0 0
 outer loop
 vertex 0.209 0.0244219 -0.0141
 vertex 0.209 0.0248549 -0.01435
 vertex 0.209 0.0219855 -0.018448
 endloop
endfacet
facet normal 0 0 0
 outer loop
 vertex 0.209 0.0244219 -0.0141
 vertex 0.209 0.0219855 -0.018448
 vertex 0.209 0.0216025 -0.0181266
 endloop
endfacet
facet normal 0 0 0
 outer loop
 vertex -0.133 0.0216025 -0.0181266
 vertex -0.133 0.0181266 -0.0216025
 vertex -0.133 0.018448 -0.0219855
 endloop
endfacet
facet normal 0 0 0
 outer loop
 vertex -0.133 0.0216025 -0.0181266
 vertex -0.133 0.018448 -0.0219855
 vertex -0.133 0.0219855 -0.018448
 endloop
endfacet
facet normal 0 0 0
 outer loop
 vertex 0.209 0.0216025 -0.0181266
 vertex 0.209 0.0219855 -0.018448
 vertex 0.209 0.018448 -0.0219855
 endloop
endfacet
facet normal 0 0 0
 outer loop
 vertex 0.209 0.0216025 -0.0181266
 vertex 0.209 0.018448 -0.0219855
 vertex 0.209 0.0181266 -0.0216025
 endloop
endfacet
facet normal 0 0 0
 outer loop
 vertex -0.133 0.0181266 -0.0216025
 vertex -0.133 0.0141 -0.0244219
 vertex -0.133 0.01435 -0.0248549
 endloop
endfacet
facet normal 0 0 0
 outer loop
 vertex -0.133 0.0181266 -0.0216025
 vertex -0.133 0.01435 -0.0248549
 vertex -0.133 0.018448 -0.0219855
 endloop
endfacet
facet normal 0 0 0
 outer loop
 vertex 0.209 0.0181266 -0.0216025
 vertex 0.209 0.018448 -0.0219855
 vertex 0.209 0.01435 -0.0248549
 endloop
endfacet
facet normal 0 0 0
 outer loop
 vertex 0.209 0.0181266 -0.0216025
 vertex 0.209 0.01435 -0.0248549
 vertex 0.209 0.0141 -0.0244219
 endloop
endfacet
facet normal 0 0 0
 outer loop
 vertex -0.133 0.0141 -0.0244219
 vertex -0.133 0.00964497 -0.0264993
 vertex -0.133 0.00981598 -0.0269692
 endloop
endfacet
facet normal 0 0 0
 outer loop
 vertex -0.133 0.0141 -0.0244219
 vertex -0.133 0.00981598 -0.0269692
 vertex -0.133 0.01435 -0.0248549
 endloop
endfacet
facet normal 0 0 0
 outer loop
 vertex 0.209 0.0141 -0.0244219
 vertex 0.209 0.01435 -0.0248549
 vertex 0.209 0.00981598 -0.0269692
 endloop
endfacet
facet normal 0 0 0
 outer loop
 vertex 0.209 0.0141 -0.0244219
 vertex 0.209 0.00981598 -0.0269692
 vertex 0.209 0.00964497 -0.0264993
 endloop
endfacet
facet normal 0 0 0
 outer loop
 vertex -0.133 0.00964497 -0.0264993
 vertex -0.133 0.00489688 -0.0277716
 vertex -0.133 0.00498371 -0.028264
 endloop
endfacet
facet normal 0 0 0
 outer loop
 vertex -0.133 0.00964497 -0.0264993
 vertex -0.133 0.00498371 -0.028264
 vertex -0.133 0.00981598 -0.0269692
 endloop
endfacet
facet normal 0 0 0
 outer loop
 vertex 0.209 0.00964497 -0.0264993
 vertex 0.209 0.00981598 -0.0269692
 vertex 0.209 0.00498371 -0.028264
 endloop
endfacet
facet normal 0 0 0
 outer loop
 vertex 0.209 0.00964497 -0.0264993
 vertex 0.209 0.00498371 -0.028264
 vertex 0.209 0.00489688 -0.0277716
 endloop
endfacet
facet normal 0 0 0
 outer loop
 vertex -0.133 0.00489688 -0.0277716
 vertex -0.133 -2.46532e-09 -0.0282
 vertex -0.133 -2.50903e-09 -0.0287
 endloop
endfacet
facet normal 0 0 0
 outer loop
 vertex -0.133 0.00489688 -0.0277716
 vertex -0.133 -2.50903e-09 -0.0287
 vertex -0.133 0.00498371 -0.028264
 endloop
endfacet
facet normal 0 0 0
 outer loop
 vertex 0.209 0.00489688 -0.0277716
 vertex 0.209 0.00498371 -0.028264
 vertex 0.209 -2.50903e-09 -0.0287
 endloop
endfacet
facet normal 0 0 0
 outer loop
 vertex 0.209 0.00489688 -0.0277716
 vertex 0.209 -2.50903e-09 -0.0287
 vertex 0.209 -2.46532e-09 -0.0282
 endloop
endfacet
facet normal 0 0 0
 outer loop
 vertex -0.133 -2.46532e-09 -0.0282
 vertex -0.133 -0.00489688 -0.0277716
 vertex -0.133 -0.0049837 -0.028264
 endloop
endfacet
facet normal 0 0 0
 outer loop
 vertex -0.133 -2.46532e-09 -0.0282
 vertex -0.133 -0.0049837 -0.028264
 vertex -0.133 -2.50903e-09 -0.0287
 endloop
endfacet
facet normal 0 0 0
 outer loop
 vertex 0.209 -2.46532e-09 -0.0282
 vertex 0.209 -2.50903e-09 -0.0287
 vertex 0.209 -0.0049837 -0.028264
 endloop
endfacet
facet normal 0 0 0
 outer loop
 vertex 0.209 -2.46532e-09 -0.0282
 vertex 0.209 -0.0049837 -0.028264
 vertex 0.209 -0.00489688 -0.0277716
 endloop
endfacet
facet normal 0 0 0
 outer loop
 vertex -0.133 -0.00489688 -0.0277716
 vertex -0.133 -0.00964497 -0.0264993
 vertex -0.133 -0.00981598 -0.0269692
 endloop
endfacet
facet normal 0 0 0
 outer loop
 vertex -0.133 -0.00489688 -0.0277716
 vertex -0.133 -0.00981598 -0.0269692
 vertex -0.133 -0.0049837 -0.028264
 endloop
endfacet
facet normal 0 0 0
 outer loop
 vertex 0.209 -0.00489688 -0.0277716
 vertex 0.209 -0.0049837 -0.028264
 vertex 0.209 -0.00981598 -0.0269692
 endloop
endfacet
facet normal 0 0 0
 outer loop
 vertex 0.209 -0.00489688 -0.0277716
 vertex 0.209 -0.00981598 -0.0269692
 vertex 0.209 -0.00964497 -0.0264993
 endloop
endfacet
facet normal 0 0 0
 outer loop
 vertex -0.133 -0.00964497 -0.0264993
 vertex -0.133 -0.0141 -0.0244219
 vertex -0.133 -0.01435 -0.0248549
 endloop
endfacet
facet normal 0 0 0
 outer loop
 vertex -0.133 -0.00964497 -0.0264993
 vertex -0.133 -0.01435 -0.0248549
 vertex -0.133 -0.00981598 -0.0269692
 endloop
endfacet
facet normal 0 0 0
 outer loop
 vertex 0.209 -0.00964497 -0.0264993
 vertex 0.209 -0.00981598 -0.0269692
 vertex 0.209 -0.01435 -0.0248549
 endloop
endfacet
facet normal 0 0 0
 outer loop
 vertex 0.209 -0.00964497 -0.0264993
 vertex 0.209 -0.01435 -0.0248549
 vertex 0.209 -0.0141 -0.0244219
 endloop
endfacet
facet normal 0 0 0
 outer loop
 vertex -0.133 -0.0141 -0.0244219
 vertex -0.133 -0.0181266 -0.0216025
 vertex -0.133 -0.018448 -0.0219855
 endloop
endfacet
facet normal 0 0 0
 outer loop
 vertex -0.133 -0.0141 -0.0244219
 vertex -0.133 -0.018448 -0.0219855
 vertex -0.133 -0.01435 -0.0248549
 endloop
endfacet
facet normal 0 0 0
 outer loop
 vertex 0.209 -0.0141 -0.0244219
 vertex 0.209 -0.01435 -0.0248549
 vertex 0.209 -0.018448 -0.0219855
 endloop
endfacet
facet normal 0 0 0
 outer loop
 vertex 0.209 -0.0141 -0.0244219
 vertex 0.209 -0.018448 -0.0219855
 vertex 0.209 -0.0181266 -0.0216025
 endloop
endfacet
facet normal 0 0 0
 outer loop
 vertex -0.133 -0.0181266 -0.0216025
 vertex -0.133 -0.0216025 -0.0181266
 vertex -0.133 -0.0219855 -0.018448
 endloop
endfacet
facet normal 0 0 0
 outer loop
 vertex -0.133 -0.0181266 -0.0216025
 vertex -0.133 -0.0219855 -0.018448
 vertex -0.133 -0.018448 -0.0219855
 endloop
endfacet
facet normal 0 0 0
 outer loop
 vertex 0.209 -0.0181266 -0.0216025
 vertex 0.209 -0.018448 -0.0219855
 vertex 0.209 -0.0219855 -0.018448
 endloop
endfacet
facet normal 0 0 0
 outer loop
 vertex 0.209 -0.0181266 -0.0216025
 vertex 0.209 -0.0219855 -0.018448
 vertex 0.209 -0.0216025 -0.0181266
 endloop
endfacet
facet normal 0 0 0
 outer loop
 vertex -0.133 -0.0216025 -0.0181266
 vertex -0.133 -0.0244219 -0.0141
 vertex -0.133 -0.0248549 -0.01435
 endloop
endfacet
facet normal 0 0 0
 outer loop
 vertex -0.133 -0.0216025 -0.0181266
 vertex -0.133 -0.0248549 -0.01435
 vertex -0.133 -0.0219855 -0.018448
 endloop
endfacet
facet normal 0 0 0
 outer loop
 vertex 0.209 -0.0216025 -0.0181266
 vertex 0.209 -0.0219855 -0.018448
 vertex 0.209 -0.0248549 -0.01435
 endloop
endfacet
facet normal 0 0 0
 outer loop
 vertex 0.209 -0.0216025 -0.0181266
 vertex 0.209 -0.0248549 -0.01435
 vertex 0.209 -0.0244219 -0.0141
 endloop
endfacet
facet normal 0 0 0
 outer loop
 vertex -0.133 -0.0244219 -0.0141
 vertex -0.133 -0.0264993 -0.00964497
 vertex -0.133 -0.0269692 -0.00981598
 endloop
endfacet
facet normal 0 0 0
 outer loop
 vertex -0.133 -0.0244219 -0.0141
 vertex -0.133 -0.0269692 -0.00981598
 vertex -0.133 -0.0248549 -0.01435
 endloop
endfacet
facet normal 0 0 0
 outer loop
 vertex 0.209 -0.0244219 -0.0141
 vertex 0.209 -0.0248549 -0.01435
 vertex 0.209 -0.0269692 -0.00981598
 endloop
endfacet
facet normal 0 0 0
 outer loop
 vertex 0.209 -0.0244219 -0.0141
 vertex 0.209 -0.0269692 -0.00981598
 vertex 0.209 -0.0264993 -0.00964497
 endloop
endfacet
facet normal 0 0 0
 outer loop
 vertex -0.133 -0.0264993 -0.00964497
 vertex -0.133 -0.0277716 -0.00489688
 vertex -0.133 -0.028264 -0.0049837
 endloop
endfacet
facet normal 0 0 0
 outer loop
 vertex -0.133 -0.0264993 -0.00964497
 vertex -0.133 -0.028264 -0.0049837
 vertex -0.133 -0.0269692 -0.00981598
 endloop
endfacet
facet normal 0 0 0
 outer loop
 vertex 0.209 -0.0264993 -0.00964497
 vertex 0.209 -0.0269692 -0.00981598
 vertex 0.209 -0.028264 -0.0049837
 endloop
endfacet
facet normal 0 0 0
 outer loop
 vertex 0.209 -0.0264993 -0.00964497
 vertex 0.209 -0.028264 -0.0049837
 vertex 0.209 -0.0277716 -0.00489688
 endloop
endfacet
facet normal 0 0 0
 outer loop
 vertex -0.133 -0.0277716 -0.00489688
 vertex -0.133 -0.0282 3.36282e-10
 vertex -0.133 -0.0287 3.42244e-10
 endloop
endfacet
facet normal 0 0 0
 outer loop
 vertex -0.133 -0.0277716 -0.00489688
 vertex -0.133 -0.0287 3.42244e-10
 vertex -0.133 -0.028264 -0.0049837
 endloop
endfacet
facet normal 0 0 0
 outer loop
 vertex 0.209 -0.0277716 -0.00489688
 vertex 0.209 -0.028264 -0.0049837
 vertex 0.209 -0.0287 3.42244e-10
 endloop
endfacet
facet normal 0 0 0
 outer loop
 vertex 0.209 -0.0277716 -0.00489688
 vertex 0.209 -0.0287 3.42244e-10
 vertex 0.209 -0.0282 3.36282e-10
 endloop
endfacet
facet normal 0 0 0
 outer loop
 vertex -0.133 -0.0282 3.36282e-10
 vertex -0.133 -0.0277716 0.00489688
 vertex -0.133 -0.028264 0.0049837
 endloop
endfacet
facet normal 0 0 0
 outer loop
 vertex -0.133 -0.0282 3.36282e-10
 vertex -0.133 -0.028264 0.0049837
 vertex -0.133 -0.0287 3.42244e-10
 endloop
endfacet
facet normal 0 0 0
 outer loop
 vertex 0.209 -0.0282 3.36282e-10
 vertex 0.209 -0.0287 3.42244e-10
 vertex 0.209 -0.028264 0.0049837
 endloop
endfacet
facet normal 0 0 0
 outer loop
 vertex 0.209 -0.0282 3.36282e-10
 vertex 0.209 -0.028264 0.0049837
 vertex 0.209 -0.0277716 0.00489688
 endloop
endfacet
facet normal 0 0 0
 outer loop
 vertex -0.133 -0.0277716 0.00489688
 vertex -0.133 -0.0264993 0.00964497
 vertex -0.133 -0.0269692 0.00981598
 endloop
endfacet
facet normal 0 0 0
 outer loop
 vertex -0.133 -0.0277716 0.00489688
 vertex -0.133 -0.0269692 0.00981598
 vertex -0.133 -0.028264 0.0049837
 endloop
endfacet
facet normal 0 0 0
 outer loop
 vertex 0.209 -0.0277716 0.00489688
 vertex 0.209 -0.028264 0.0049837
 vertex 0.209 -0.0269692 0.00981598
 endloop
endfacet
facet normal 0 0 0
 outer loop
 vertex 0.209 -0.0277716 0.00489688
 vertex 0.209 -0.0269692 0.00981598
 vertex 0.209 -0.0264993 0.00964497
 endloop
endfacet
facet normal 0 0 0
 outer loop
 vertex -0.133 -0.0264993 0.00964497
 vertex -0.133 -0.0244219 0.0141
 vertex -0.133 -0.0248549 0.01435
 endloop
endfacet
facet normal 0 0 0
 outer loop
 vertex -0.133 -0.0264993 0.00964497
 vertex -0.133 -0.0248549 0.01435
 vertex -0.133 -0.0269692 0.00981598
 endloop
endfacet
facet normal 0 0 0
 outer loop
 vertex 0.209 -0.0264993 0.00964497
 vertex 0.209 -0.0269692 0.00981598
 vertex 0.209 -0.0248549 0.01435
 endloop
endfacet
facet normal 0 0 0
 outer loop
 vertex 0.209 -0.0264993 0.00964497
 vertex 0.209 -0.0248549 0.01435
 vertex 0.209 -0.0244219 0.0141
 endloop
endfacet
facet normal 0 0 0
 outer loop
 vertex -0.133 -0.0244219 0.0141
 vertex -0.133 -0.0216025 0.0181266
 vertex -0.133 -0.0219855 0.018448
 endloop
endfacet
facet normal 0 0 0
 outer loop
 vertex -0.133 -0.0244219 0.0141
 vertex -0.133 -0.0219855 0.018448
 vertex -0.133 -0.0248549 0.01435
 endloop
endfacet
facet normal 0 0 0
 outer loop
 vertex 0.209 -0.0244219 0.0141
 vertex 0.209 -0.0248549 0.01435
 vertex 0.209 -0.0219855 0.018448
 endloop
endfacet
facet normal 0 0 0
 outer loop
 vertex 0.209 -0.0244219 0.0141
 vertex 0.209 -0.0219855 0.018448
 vertex 0.209 -0.0216025 0.0181266
 endloop
endfacet
facet normal 0 0 0
 outer loop
 vertex -0.133 -0.0216025 0.0181266
 vertex -0.133 -0.0181266 0.0216024
 vertex -0.133 -0.018448 0.0219855
 endloop
endfacet
facet normal 0 0 0
 outer loop
 vertex -0.133 -0.0216025 0.0181266
 vertex -0.133 -0.018448 0.0219855
 vertex -0.133 -0.0219855 0.018448
 endloop
endfacet
facet normal 0 0 0
 outer loop
 vertex 0.209 -0.0216025 0.0181266
 vertex 0.209 -0.0219855 0.018448
 vertex 0.209 -0.018448 0.0219855
 endloop
endfacet
facet normal 0 0 0
 outer loop
 vertex 0.209 -0.0216025 0.0181266
 vertex 0.209 -0.018448 0.0219855
 vertex 0.209 -0.0181266 0.0216024
 endloop
endfacet
facet normal 0 0 0
 outer loop
 vertex -0.133 -0.0181266 0.0216024
 vertex -0.133 -0.0141 0.0244219
 vertex -0.133 -0.01435 0.0248549
 endloop
endfacet
facet normal 0 0 0
 outer loop
 vertex -0.133 -0.0181266 0.0216024
 vertex -0.133 -0.01435 0.0248549
 vertex -0.133 -0.018448 0.0219855
 endloop
endfacet
facet normal 0 0 0
 outer loop
 vertex 0.209 -0.0181266 0.0216024
 vertex 0.209 -0.018448 0.0219855
 vertex 0.209 -0.01435 0.0248549
 endloop
endfacet
facet normal 0 0 0
 outer loop
 vertex 0.209 -0.0181266 0.0216024
 vertex 0.209 -0.01435 0.0248549
 vertex 0.209 -0.0141 0.0244219
 endloop
endfacet
facet normal 0 0 0
 outer loop
 vertex -0.133 -0.0141 0.0244219
 vertex -0.133 -0.00964497 0.0264993
 vertex -0.133 -0.00981598 0.0269692
 endloop
endfacet
facet normal 0 0 0
 outer loop
 vertex -0.133 -0.0141 0.0244219
 vertex -0.133 -0.00981598 0.0269692
 vertex -0.133 -0.01435 0.0248549
 endloop
endfacet
facet normal 0 0 0
 outer loop
 vertex 0.209 -0.0141 0.0244219
 vertex 0.209 -0.01435 0.0248549
 vertex 0.209 -0.00981598 0.0269692
 endloop
endfacet
facet normal 0 0 0
 outer loop
 vertex 0.209 -0.0141 0.0244219
 vertex 0.209 -0.00981598 0.0269692
 vertex 0.209 -0.00964497 0.0264993
 endloop
endfacet
facet normal 0 0 0
 outer loop
 vertex -0.133 -0.00964497 0.0264993
 vertex -0.133 -0.00489687 0.0277716
 vertex -0.133 -0.0049837 0.028264
 endloop
endfacet
facet normal 0 0 0
 outer loop
 vertex -0.133 -0.00964497 0.0264993
 vertex -0.133 -0.0049837 0.028264
 vertex -0.133 -0.00981598 0.0269692
 endloop
endfacet
facet normal 0 0 0
 outer loop
 vertex 0.209 -0.00964497 0.0264993
 vertex 0.209 -0.00981598 0.0269692
 vertex 0.209 -0.0049837 0.028264
 endloop
endfacet
facet normal 0 0 0
 outer loop
 vertex 0.209 -0.00964497 0.0264993
 vertex 0.209 -0.0049837 0.028264
 vertex 0.209 -0.00489687 0.0277716
 endloop
endfacet
facet normal 0 0 0
 outer loop
 vertex -0.133 -0.00489687 0.0277716
 vertex -0.133 4.93064e-09 0.0282
 vertex -0.133 5.01807e-09 0.0287
 endloop
endfacet
facet normal 0 0 0
 outer loop
 vertex -0.133 -0.00489687 0.0277716
 vertex -0.133 5.01807e-09 0.0287
 vertex -0.133 -0.0049837 0.028264
 endloop
endfacet
facet normal 0 0 0
 outer loop
 vertex 0.209 -0.00489687 0.0277716
 vertex 0.209 -0.0049837 0.028264
 vertex 0.209 5.01807e-09 0.0287
 endloop
endfacet
facet normal 0 0 0
 outer loop
 vertex 0.209 -0.00489687 0.0277716
 vertex 0.209 5.01807e-09 0.0287
 vertex 0.209 4.93064e-09 0.0282
 endloop
endfacet
facet normal 0 0 0
 outer loop
 vertex -0.133 0 0.029
 vertex -0.133 0.0050358 0.0285594
 vertex 0.209 0.0050358 0.0285594
 endloop
endfacet
facet normal 0 0 0
 outer loop
 vertex -0.133 0 0.029
 vertex 0.209 0.0050358 0.0285594
 vertex 0.209 0 0.029
 endloop
endfacet
facet normal 0 0 0
 outer loop
 vertex 0.209 0 0.0285
 vertex 0.209 0.00494897 0.028067
 vertex -0.133 0.00494897 0.028067
 endloop
endfacet
facet normal 0 0 0
 outer loop
 vertex 0.209 0 0.0285
 vertex -0.133 0.00494897 0.028067
 vertex -0.133 0 0.0285
 endloop
endfacet
facet normal 0 0 0
 outer loop
 vertex -0.133 0.0050358 0.0285594
 vertex -0.133 0.00991858 0.0272511
 vertex 0.209 0.00991858 0.0272511
 endloop
endfacet
facet normal 0 0 0
 outer loop
 vertex -0.133 0.0050358 0.0285594
 vertex 0.209 0.00991858 0.0272511
 vertex 0.209 0.0050358 0.0285594
 endloop
endfacet
facet normal 0 0 0
 outer loop
 vertex 0.209 0.00494897 0.028067
 vertex 0.209 0.00974757 0.0267812
 vertex -0.133 0.00974757 0.0267812
 endloop
endfacet
facet normal 0 0 0
 outer loop
 vertex 0.209 0.00494897 0.028067
 vertex -0.133 0.00974757 0.0267812
 vertex -0.133 0.00494897 0.028067
 endloop
endfacet
facet normal 0 0 0
 outer loop
 vertex -0.133 0.00991858 0.0272511
 vertex -0.133 0.0145 0.0251147
 vertex 0.209 0.0145 0.0251147
 endloop
endfacet
facet normal 0 0 0
 outer loop
 vertex -0.133 0.00991858 0.0272511
 vertex 0.209 0.0145 0.0251147
 vertex 0.209 0.00991858 0.0272511
 endloop
endfacet
facet normal 0 0 0
 outer loop
 vertex 0.209 0.00974757 0.0267812
 vertex 0.209 0.01425 0.0246817
 vertex -0.133 0.01425 0.0246817
 endloop
endfacet
facet normal 0 0 0
 outer loop
 vertex 0.209 0.00974757 0.0267812
 vertex -0.133 0.01425 0.0246817
 vertex -0.133 0.00974757 0.0267812
 endloop
endfacet
facet normal 0 0 0
 outer loop
 vertex -0.133 0.0145 0.0251147
 vertex -0.133 0.0186408 0.0222153
 vertex 0.209 0.0186408 0.0222153
 endloop
endfacet
facet normal 0 0 0
 outer loop
 vertex -0.133 0.0145 0.0251147
 vertex 0.209 0.0186408 0.0222153
 vertex 0.209 0.0145 0.0251147
 endloop
endfacet
facet normal 0 0 0
 outer loop
 vertex 0.209 0.01425 0.0246817
 vertex 0.209 0.0183194 0.0218323
 vertex -0.133 0.0183194 0.0218323
 endloop
endfacet
facet normal 0 0 0
 outer loop
 vertex 0.209 0.01425 0.0246817
 vertex -0.133 0.0183194 0.0218323
 vertex -0.133 0.01425 0.0246817
 endloop
endfacet
facet normal 0 0 0
 outer loop
 vertex -0.133 0.0186408 0.0222153
 vertex -0.133 0.0222153 0.0186408
 vertex 0.209 0.0222153 0.0186408
 endloop
endfacet
facet normal 0 0 0
 outer loop
 vertex -0.133 0.0186408 0.0222153
 vertex 0.209 0.0222153 0.0186408
 vertex 0.209 0.0186408 0.0222153
 endloop
endfacet
facet normal 0 0 0
 outer loop
 vertex 0.209 0.0183194 0.0218323
 vertex 0.209 0.0218323 0.0183194
 vertex -0.133 0.0218323 0.0183194
 endloop
endfacet
facet normal 0 0 0
 outer loop
 vertex 0.209 0.0183194 0.0218323
 vertex -0.133 0.0218323 0.0183194
 vertex -0.133 0.0183194 0.0218323
 endloop
endfacet
facet normal 0 0 0
 outer loop
 vertex -0.133 0.0222153 0.0186408
 vertex -0.133 0.0251147 0.0145
 vertex 0.209 0.0251147 0.0145
 endloop
endfacet
facet normal 0 0 0
 outer loop
 vertex -0.133 0.0222153 0.0186408
 vertex 0.209 0.0251147 0.0145
 vertex 0.209 0.0222153 0.0186408
 endloop
endfacet
facet normal 0 0 0
 outer loop
 vertex 0.209 0.0218323 0.0183194
 vertex 0.209 0.0246817 0.01425
 vertex -0.133 0.0246817 0.01425
 endloop
endfacet
facet normal 0 0 0
 outer loop
 vertex 0.209 0.0218323 0.0183194
 vertex -0.133 0.0246817 0.01425
 vertex -0.133 0.0218323 0.0183194
 endloop
endfacet
facet normal 0 0 0
 outer loop
 vertex -0.133 0.0251147 0.0145
 vertex -0.133 0.0272511 0.00991858
 vertex 0.209 0.0272511 0.00991858
 endloop
endfacet
facet normal 0 0 0
 outer loop
 vertex -0.133 0.0251147 0.0145
 vertex 0.209 0.0272511 0.00991858
 vertex 0.209 0.0251147 0.0145
 endloop
endfacet
facet normal 0 0 0
 outer loop
 vertex 0.209 0.0246817 0.01425
 vertex 0.209 0.0267812 0.00974757
 vertex -0.133 0.0267812 0.00974757
 endloop
endfacet
facet normal 0 0 0
 outer loop
 vertex 0.209 0.0246817 0.01425
 vertex -0.133 0.0267812 0.00974757
 vertex -0.133 0.0246817 0.01425
 endloop
endfacet
facet normal 0 0 0
 outer loop
 vertex -0.133 0.0272511 0.00991858
 vertex -0.133 0.0285594 0.0050358
 vertex 0.209 0.0285594 0.0050358
 endloop
endfacet
facet normal 0 0 0
 outer loop
 vertex -0.133 0.0272511 0.00991858
 vertex 0.209 0.0285594 0.0050358
 vertex 0.209 0.0272511 0.00991858
 endloop
endfacet
facet normal 0 0 0
 outer loop
 vertex 0.209 0.0267812 0.00974757
 vertex 0.209 0.028067 0.00494897
 vertex -0.133 0.028067 0.00494897
 endloop
endfacet
facet normal 0 0 0
 outer loop
 vertex 0.209 0.0267812 0.00974757
 vertex -0.133 0.028067 0.00494897
 vertex -0.133 0.0267812 0.00974757
 endloop
endfacet
facet normal 0 0 0
 outer loop
 vertex -0.133 0.0285594 0.0050358
 vertex -0.133 0.029 -1.26763e-09
 vertex 0.209 0.029 -1.26763e-09
 endloop
endfacet
facet normal 0 0 0
 outer loop
 vertex -0.133 0.0285594 0.0050358
 vertex 0.209 0.029 -1.26763e-09
 vertex 0.209 0.0285594 0.0050358
 endloop
endfacet
facet normal 0 0 0
 outer loop
 vertex 0.209 0.028067 0.00494897
 vertex 0.209 0.0285 -1.24577e-09
 vertex -0.133 0.0285 -1.24577e-09
 endloop
endfacet
facet normal 0 0 0
 outer loop
 vertex 0.209 0.028067 0.00494897
 vertex -0.133 0.0285 -1.24577e-09
 vertex -0.133 0.028067 0.00494897
 endloop
endfacet
facet normal 0 0 0
 outer loop
 vertex -0.133 0.029 -1.26763e-09
 vertex -0.133 0.0285594 -0.0050358
 vertex 0.209 0.0285594 -0.0050358
 endloop
endfacet
facet normal 0 0 0
 outer loop
 vertex -0.133 0.029 -1.26763e-09
 vertex 0.209 0.0285594 -0.0050358
 vertex 0.209 0.029 -1.26763e-09
 endloop
endfacet
facet normal 0 0 0
 outer loop
 vertex 0.209 0.0285 -1.24577e-09
 vertex 0.209 0.028067 -0.00494897
 vertex -0.133 0.028067 -0.00494897
 endloop
endfacet
facet normal 0 0 0
 outer loop
 vertex 0.209 0.0285 -1.24577e-09
 vertex -0.133 0.028067 -0.00494897
 vertex -0.133 0.0285 -1.24577e-09
 endloop
endfacet
facet normal 0 0 0
 outer loop
 vertex -0.133 0.0285594 -0.0050358
 vertex -0.133 0.0272511 -0.00991858
 vertex 0.209 0.0272511 -0.00991858
 endloop
endfacet
facet normal 0 0 0
 outer loop
 vertex -0.133 0.0285594 -0.0050358
 vertex 0.209 0.0272511 -0.00991858
 vertex 0.209 0.0285594 -0.0050358
 endloop
endfacet
facet normal 0 0 0
 outer loop
 vertex 0.209 0.028067 -0.00494897
 vertex 0.209 0.0267812 -0.00974757
 vertex -0.133 0.0267812 -0.00974757
 endloop
endfacet
facet normal 0 0 0
 outer loop
 vertex 0.209 0.028067 -0.00494897
 vertex -0.133 0.0267812 -0.00974757
 vertex -0.133 0.028067 -0.00494897
 endloop
endfacet
facet normal 0 0 0
 outer loop
 vertex -0.133 0.0272511 -0.00991858
 vertex -0.133 0.0251147 -0.0145
 vertex 0.209 0.0251147 -0.0145
 endloop
endfacet
facet normal 0 0 0
 outer loop
 vertex -0.133 0.0272511 -0.00991858
 vertex 0.209 0.0251147 -0.0145
 vertex 0.209 0.0272511 -0.00991858
 endloop
endfacet
facet normal 0 0 0
 outer loop
 vertex 0.209 0.0267812 -0.00974757
 vertex 0.209 0.0246817 -0.01425
 vertex -0.133 0.0246817 -0.01425
 endloop
endfacet
facet normal 0 0 0
 outer loop
 vertex 0.209 0.0267812 -0.00974757
 vertex -0.133 0.0246817 -0.01425
 vertex -0.133 0.0267812 -0.00974757
 endloop
endfacet
facet normal 0 0 0
 outer loop
 vertex -0.133 0.0251147 -0.0145
 vertex -0.133 0.0222153 -0.0186408
 vertex 0.209 0.0222153 -0.0186408
 endloop
endfacet
facet normal 0 0 0
 outer loop
 vertex -0.133 0.0251147 -0.0145
 vertex 0.209 0.0222153 -0.0186408
 vertex 0.209 0.0251147 -0.0145
 endloop
endfacet
facet normal 0 0 0
 outer loop
 vertex 0.209 0.0246817 -0.01425
 vertex 0.209 0.0218323 -0.0183194
 vertex -0.133 0.0218323 -0.0183194
 endloop
endfacet
facet normal 0 0 0
 outer loop
 vertex 0.209 0.0246817 -0.01425
 vertex -0.133 0.0218323 -0.0183194
 vertex -0.133 0.0246817 -0.01425
 endloop
endfacet
facet normal 0 0 0
 outer loop
 vertex -0.133 0.0222153 -0.0186408
 vertex -0.133 0.0186408 -0.0222153
 vertex 0.209 0.0186408 -0.0222153
 endloop
endfacet
facet normal 0 0 0
 outer loop
 vertex -0.133 0.0222153 -0.0186408
 vertex 0.209 0.0186408 -0.0222153
 vertex 0.209 0.0222153 -0.0186408
 endloop
endfacet
facet normal 0 0 0
 outer loop
 vertex 0.209 0.0218323 -0.0183194
 vertex 0.209 0.0183194 -0.0218323
 vertex -0.133 0.0183194 -0.0218323
 endloop
endfacet
facet normal 0 0 0
 outer loop
 vertex 0.209 0.0218323 -0.0183194
 vertex -0.133 0.0183194 -0.0218323
 vertex -0.133 0.0218323 -0.0183194
 endloop
endfacet
facet normal 0 0 0
 outer loop
 vertex -0.133 0.0186408 -0.0222153
 vertex -0.133 0.0145 -0.0251147
 vertex 0.209 0.0145 -0.0251147
 endloop
endfacet
facet normal 0 0 0
 outer loop
 vertex -0.133 0.0186408 -0.0222153
 vertex 0.209 0.0145 -0.0251147
 vertex 0.209 0.0186408 -0.0222153
 endloop
endfacet
facet normal 0 0 0
 outer loop
 vertex 0.209 0.0183194 -0.0218323
 vertex 0.209 0.01425 -0.0246817
 vertex -0.133 0.01425 -0.0246817
 endloop
endfacet
facet normal 0 0 0
 outer loop
 vertex 0.209 0.0183194 -0.0218323
 vertex -0.133 0.01425 -0.0246817
 vertex -0.133 0.0183194 -0.0218323
 endloop
endfacet
facet normal 0 0 0
 outer loop
 vertex -0.133 0.0145 -0.0251147
 vertex -0.133 0.00991859 -0.0272511
 vertex 0.209 0.00991859 -0.0272511
 endloop
endfacet
facet normal 0 0 0
 outer loop
 vertex -0.133 0.0145 -0.0251147
 vertex 0.209 0.00991859 -0.0272511
 vertex 0.209 0.0145 -0.0251147
 endloop
endfacet
facet normal 0 0 0
 outer loop
 vertex 0.209 0.01425 -0.0246817
 vertex 0.209 0.00974758 -0.0267812
 vertex -0.133 0.00974758 -0.0267812
 endloop
endfacet
facet normal 0 0 0
 outer loop
 vertex 0.209 0.01425 -0.0246817
 vertex -0.133 0.00974758 -0.0267812
 vertex -0.133 0.01425 -0.0246817
 endloop
endfacet
facet normal 0 0 0
 outer loop
 vertex -0.133 0.00991859 -0.0272511
 vertex -0.133 0.0050358 -0.0285594
 vertex 0.209 0.0050358 -0.0285594
 endloop
endfacet
facet normal 0 0 0
 outer loop
 vertex -0.133 0.00991859 -0.0272511
 vertex 0.209 0.0050358 -0.0285594
 vertex 0.209 0.00991859 -0.0272511
 endloop
endfacet
facet normal 0 0 0
 outer loop
 vertex 0.209 0.00974758 -0.0267812
 vertex 0.209 0.00494898 -0.028067
 vertex -0.133 0.00494898 -0.028067
 endloop
endfacet
facet normal 0 0 0
 outer loop
 vertex 0.209 0.00974758 -0.0267812
 vertex -0.133 0.00494898 -0.028067
 vertex -0.133 0.00974758 -0.0267812
 endloop
endfacet
facet normal 0 0 0
 outer loop
 vertex -0.133 0.0050358 -0.0285594
 vertex -0.133 -2.53526e-09 -0.029
 vertex 0.209 -2.53526e-09 -0.029
 endloop
endfacet
facet normal 0 0 0
 outer loop
 vertex -0.133 0.0050358 -0.0285594
 vertex 0.209 -2.53526e-09 -0.029
 vertex 0.209 0.0050358 -0.0285594
 endloop
endfacet
facet normal 0 0 0
 outer loop
 vertex 0.209 0.00494898 -0.028067
 vertex 0.209 -2.49155e-09 -0.0285
 vertex -0.133 -2.49155e-09 -0.0285
 endloop
endfacet
facet normal 0 0 0
 outer loop
 vertex 0.209 0.00494898 -0.028067
 vertex -0.133 -2.49155e-09 -0.0285
 vertex -0.133 0.00494898 -0.028067
 endloop
endfacet
facet normal 0 0 0
 outer loop
 vertex -0.133 -2.53526e-09 -0.029
 vertex -0.133 -0.0050358 -0.0285594
 vertex 0.209 -0.0050358 -0.0285594
 endloop
endfacet
facet normal 0 0 0
 outer loop
 vertex -0.133 -2.53526e-09 -0.029
 vertex 0.209 -0.0050358 -0.0285594
 vertex 0.209 -2.53526e-09 -0.029
 endloop
endfacet
facet normal 0 0 0
 outer loop
 vertex 0.209 -2.49155e-09 -0.0285
 vertex 0.209 -0.00494897 -0.028067
 vertex -0.133 -0.00494897 -0.028067
 endloop
endfacet
facet normal 0 0 0
 outer loop
 vertex 0.209 -2.49155e-09 -0.0285
 vertex -0.133 -0.00494897 -0.028067
 vertex -0.133 -2.49155e-09 -0.0285
 endloop
endfacet
facet normal 0 0 0
 outer loop
 vertex -0.133 -0.0050358 -0.0285594
 vertex -0.133 -0.00991858 -0.0272511
 vertex 0.209 -0.00991858 -0.0272511
 endloop
endfacet
facet normal 0 0 0
 outer loop
 vertex -0.133 -0.0050358 -0.0285594
 vertex 0.209 -0.00991858 -0.0272511
 vertex 0.209 -0.0050358 -0.0285594
 endloop
endfacet
facet normal 0 0 0
 outer loop
 vertex 0.209 -0.00494897 -0.028067
 vertex 0.209 -0.00974757 -0.0267812
 vertex -0.133 -0.00974757 -0.0267812
 endloop
endfacet
facet normal 0 0 0
 outer loop
 vertex 0.209 -0.00494897 -0.028067
 vertex -0.133 -0.00974757 -0.0267812
 vertex -0.133 -0.00494897 -0.028067
 endloop
endfacet
facet normal 0 0 0
 outer loop
 vertex -0.133 -0.00991858 -0.0272511
 vertex -0.133 -0.0145 -0.0251147
 vertex 0.209 -0.0145 -0.0251147
 endloop
endfacet
facet normal 0 0 0
 outer loop
 vertex -0.133 -0.00991858 -0.0272511
 vertex 0.209 -0.0145 -0.0251147
 vertex 0.209 -0.00991858 -0.0272511
 endloop
endfacet
facet normal 0 0 0
 outer loop
 vertex 0.209 -0.00974757 -0.0267812
 vertex 0.209 -0.01425 -0.0246817
 vertex -0.133 -0.01425 -0.0246817
 endloop
endfacet
facet normal 0 0 0
 outer loop
 vertex 0.209 -0.00974757 -0.0267812
 vertex -0.133 -0.01425 -0.0246817
 vertex -0.133 -0.00974757 -0.0267812
 endloop
endfacet
facet normal 0 0 0
 outer loop
 vertex -0.133 -0.0145 -0.0251147
 vertex -0.133 -0.0186408 -0.0222153
 vertex 0.209 -0.0186408 -0.0222153
 endloop
endfacet
facet normal 0 0 0
 outer loop
 vertex -0.133 -0.0145 -0.0251147
 vertex 0.209 -0.0186408 -0.0222153
 vertex 0.209 -0.0145 -0.0251147
 endloop
endfacet
facet normal 0 0 0
 outer loop
 vertex 0.209 -0.01425 -0.0246817
 vertex 0.209 -0.0183194 -0.0218323
 vertex -0.133 -0.0183194 -0.0218323
 endloop
endfacet
facet normal 0 0 0
 outer loop
 vertex 0.209 -0.01425 -0.0246817
 vertex -0.133 -0.0183194 -0.0218323
 vertex -0.133 -0.01425 -0.0246817
 endloop
endfacet
facet normal 0 0 0
 outer loop
 vertex -0.133 -0.0186408 -0.0222153
 vertex -0.133 -0.0222153 -0.0186408
 vertex 0.209 -0.0222153 -0.0186408
 endloop
endfacet
facet normal 0 0 0
 outer loop
 vertex -0.133 -0.0186408 -0.0222153
 vertex 0.209 -0.0222153 -0.0186408
 vertex 0.209 -0.0186408 -0.0222153
 endloop
endfacet
facet normal 0 0 0
 outer loop
 vertex 0.209 -0.0183194 -0.0218323
 vertex 0.209 -0.0218323 -0.0183194
 vertex -0.133 -0.0218323 -0.0183194
 endloop
endfacet
facet normal 0 0 0
 outer loop
 vertex 0.209 -0.0183194 -0.0218323
 vertex -0.133 -0.0218323 -0.0183194
 vertex -0.133 -0.0183194 -0.0218323
 endloop
endfacet
facet normal 0 0 0
 outer loop
 vertex -0.133 -0.0222153 -0.0186408
 vertex -0.133 -0.0251147 -0.0145
 vertex 0.209 -0.0251147 -0.0145
 endloop
endfacet
facet normal 0 0 0
 outer loop
 vertex -0.133 -0.0222153 -0.0186408
 vertex 0.209 -0.0251147 -0.0145
 vertex 0.209 -0.0222153 -0.0186408
 endloop
endfacet
facet normal 0 0 0
 outer loop
 vertex 0.209 -0.0218323 -0.0183194
 vertex 0.209 -0.0246817 -0.01425
 vertex -0.133 -0.0246817 -0.01425
 endloop
endfacet
facet normal 0 0 0
 outer loop
 vertex 0.209 -0.0218323 -0.0183194
 vertex -0.133 -0.0246817 -0.01425
 vertex -0.133 -0.0218323 -0.0183194
 endloop
endfacet
facet normal 0 0 0
 outer loop
 vertex -0.133 -0.0251147 -0.0145
 vertex -0.133 -0.0272511 -0.00991858
 vertex 0.209 -0.0272511 -0.00991858
 endloop
endfacet
facet normal 0 0 0
 outer loop
 vertex -0.133 -0.0251147 -0.0145
 vertex 0.209 -0.0272511 -0.00991858
 vertex 0.209 -0.0251147 -0.0145
 endloop
endfacet
facet normal 0 0 0
 outer loop
 vertex 0.209 -0.0246817 -0.01425
 vertex 0.209 -0.0267812 -0.00974757
 vertex -0.133 -0.0267812 -0.00974757
 endloop
endfacet
facet normal 0 0 0
 outer loop
 vertex 0.209 -0.0246817 -0.01425
 vertex -0.133 -0.0267812 -0.00974757
 vertex -0.133 -0.0246817 -0.01425
 endloop
endfacet
facet normal 0 0 0
 outer loop
 vertex -0.133 -0.0272511 -0.00991858
 vertex -0.133 -0.0285594 -0.0050358
 vertex 0.209 -0.0285594 -0.0050358
 endloop
endfacet
facet normal 0 0 0
 outer loop
 vertex -0.133 -0.0272511 -0.00991858
 vertex 0.209 -0.0285594 -0.0050358
 vertex 0.209 -0.0272511 -0.00991858
 endloop
endfacet
facet normal 0 0 0
 outer loop
 vertex 0.209 -0.0267812 -0.00974757
 vertex 0.209 -0.028067 -0.00494897
 vertex -0.133 -0.028067 -0.00494897
 endloop
endfacet
facet normal 0 0 0
 outer loop
 vertex 0.209 -0.0267812 -0.00974757
 vertex -0.133 -0.028067 -0.00494897
 vertex -0.133 -0.0267812 -0.00974757
 endloop
endfacet
facet normal 0 0 0
 outer loop
 vertex -0.133 -0.0285594 -0.0050358
 vertex -0.133 -0.029 3.45822e-10
 vertex 0.209 -0.029 3.45822e-10
 endloop
endfacet
facet normal 0 0 0
 outer loop
 vertex -0.133 -0.0285594 -0.0050358
 vertex 0.209 -0.029 3.45822e-10
 vertex 0.209 -0.0285594 -0.0050358
 endloop
endfacet
facet normal 0 0 0
 outer loop
 vertex 0.209 -0.028067 -0.00494897
 vertex 0.209 -0.0285 3.39859e-10
 vertex -0.133 -0.0285 3.39859e-10
 endloop
endfacet
facet normal 0 0 0
 outer loop
 vertex 0.209 -0.028067 -0.00494897
 vertex -0.133 -0.0285 3.39859e-10
 vertex -0.133 -0.028067 -0.00494897
 endloop
endfacet
facet normal 0 0 0
 outer loop
 vertex -0.133 -0.029 3.45822e-10
 vertex -0.133 -0.0285594 0.0050358
 vertex 0.209 -0.0285594 0.0050358
 endloop
endfacet
facet normal 0 0 0
 outer loop
 vertex -0.133 -0.029 3.45822e-10
 vertex 0.209 -0.0285594 0.0050358
 vertex 0.209 -0.029 3.45822e-10
 endloop
endfacet
facet normal 0 0 0
 outer loop
 vertex 0.209 -0.0285 3.39859e-10
 vertex 0.209 -0.028067 0.00494897
 vertex -0.133 -0.028067 0.00494897
 endloop
endfacet
facet normal 0 0 0
 outer loop
 vertex 0.209 -0.0285 3.39859e-10
 vertex -0.133 -0.028067 0.00494897
 vertex -0.133 -0.0285 3.39859e-10
 endloop
endfacet
facet normal 0 0 0
 outer loop
 vertex -0.133 -0.0285594 0.0050358
 vertex -0.133 -0.0272511 0.00991858
 vertex 0.209 -0.0272511 0.00991858
 endloop
endfacet
facet normal 0 0 0
 outer loop
 vertex -0.133 -0.0285594 0.0050358
 vertex 0.209 -0.0272511 0.00991858
 vertex 0.209 -0.0285594 0.0050358
 endloop
endfacet
facet normal 0 0 0
 outer loop
 vertex 0.209 -0.028067 0.00494897
 vertex 0.209 -0.0267812 0.00974757
 vertex -0.133 -0.0267812 0.00974757
 endloop
endfacet
facet normal 0 0 0
 outer loop
 vertex 0.209 -0.028067 0.00494897
 vertex -0.133 -0.0267812 0.00974757
 vertex -0.133 -0.028067 0.00494897
 endloop
endfacet
facet normal 0 0 0
 outer loop
 vertex -0.133 -0.0272511 0.00991858
 vertex -0.133 -0.0251147 0.0145
 vertex 0.209 -0.0251147 0.0145
 endloop
endfacet
facet normal 0 0 0
 outer loop
 vertex -0.133 -0.0272511 0.00991858
 vertex 0.209 -0.0251147 0.0145
 vertex 0.209 -0.0272511 0.00991858
 endloop
endfacet
facet normal 0 0 0
 outer loop
 vertex 0.209 -0.0267812 0.00974757
 vertex 0.209 -0.0246817 0.01425
 vertex -0.133 -0.0246817 0.01425
 endloop
endfacet
facet normal 0 0 0
 outer loop
 vertex 0.209 -0.0267812 0.00974757
 vertex -0.133 -0.0246817 0.01425
 vertex -0.133 -0.0267812 0.00974757
 endloop
endfacet
facet normal 0 0 0
 outer loop
 vertex -0.133 -0.0251147 0.0145
 vertex -0.133 -0.0222153 0.0186408
 vertex 0.209 -0.0222153 0.0186408
 endloop
endfacet
facet normal 0 0 0
 outer loop
 vertex -0.133 -0.0251147 0.0145
 vertex 0.209 -0.0222153 0.0186408
 vertex 0.209 -0.0251147 0.0145
 endloop
endfacet
facet normal 0 0 0
 outer loop
 vertex 0.209 -0.0246817 0.01425
 vertex 0.209 -0.0218323 0.0183194
 vertex -0.133 -0.0218323 0.0183194
 endloop
endfacet
facet normal 0 0 0
 outer loop
 vertex 0.209 -0.0246817 0.01425
 vertex -0.133 -0.0218323 0.0183194
 vertex -0.133 -0.0246817 0.01425
 endloop
endfacet
facet normal 0 0 0
 outer loop
 vertex -0.133 -0.0222153 0.0186408
 vertex -0.133 -0.0186408 0.0222153
 vertex 0.209 -0.0186408 0.0222153
 endloop
endfacet
facet normal 0 0 0
 outer loop
 vertex -0.133 -0.0222153 0.0186408
 vertex 0.209 -0.0186408 0.0222153
 vertex 0.209 -0.0222153 0.0186408
 endloop
endfacet
facet normal 0 0 0
 outer loop
 vertex 0.209 -0.0218323 0.0183194
 vertex 0.209 -0.0183195 0.0218323
 vertex -0.133 -0.0183195 0.0218323
 endloop
endfacet
facet normal 0 0 0
 outer loop
 vertex 0.209 -0.0218323 0.0183194
 vertex -0.133 -0.0183195 0.0218323
 vertex -0.133 -0.0218323 0.0183194
 endloop
endfacet
facet normal 0 0 0
 outer loop
 vertex -0.133 -0.0186408 0.0222153
 vertex -0.133 -0.0145 0.0251147
 vertex 0.209 -0.0145 0.0251147
 endloop
endfacet
facet normal 0 0 0
 outer loop
 vertex -0.133 -0.0186408 0.0222153
 vertex 0.209 -0.0145 0.0251147
 vertex 0.209 -0.0186408 0.0222153
 endloop
endfacet
facet normal 0 0 0
 outer loop
 vertex 0.209 -0.0183195 0.0218323
 vertex 0.209 -0.01425 0.0246817
 vertex -0.133 -0.01425 0.0246817
 endloop
endfacet
facet normal 0 0 0
 outer loop
 vertex 0.209 -0.0183195 0.0218323
 vertex -0.133 -0.01425 0.0246817
 vertex -0.133 -0.0183195 0.0218323
 endloop
endfacet
facet normal 0 0 0
 outer loop
 vertex -0.133 -0.0145 0.0251147
 vertex -0.133 -0.00991859 0.0272511
 vertex 0.209 -0.00991859 0.0272511
 endloop
endfacet
facet normal 0 0 0
 outer loop
 vertex -0.133 -0.0145 0.0251147
 vertex 0.209 -0.00991859 0.0272511
 vertex 0.209 -0.0145 0.0251147
 endloop
endfacet
facet normal 0 0 0
 outer loop
 vertex 0.209 -0.01425 0.0246817
 vertex 0.209 -0.00974758 0.0267812
 vertex -0.133 -0.00974758 0.0267812
 endloop
endfacet
facet normal 0 0 0
 outer loop
 vertex 0.209 -0.01425 0.0246817
 vertex -0.133 -0.00974758 0.0267812
 vertex -0.133 -0.01425 0.0246817
 endloop
endfacet
facet normal 0 0 0
 outer loop
 vertex -0.133 -0.00991859 0.0272511
 vertex -0.133 -0.00503579 0.0285594
 vertex 0.209 -0.00503579 0.0285594
 endloop
endfacet
facet normal 0 0 0
 outer loop
 vertex -0.133 -0.00991859 0.0272511
 vertex 0.209 -0.00503579 0.0285594
 vertex 0.209 -0.00991859 0.0272511
 endloop
endfacet
facet normal 0 0 0
 outer loop
 vertex 0.209 -0.00974758 0.0267812
 vertex 0.209 -0.00494897 0.028067
 vertex -0.133 -0.00494897 0.028067
 endloop
endfacet
facet normal 0 0 0
 outer loop
 vertex 0.209 -0.00974758 0.0267812
 vertex -0.133 -0.00494897 0.028067
 vertex -0.133 -0.00974758 0.0267812
 endloop
endfacet
facet normal 0 0 0
 outer loop
 vertex -0.133 -0.00503579 0.0285594
 vertex -0.133 5.07052e-09 0.029
 vertex 0.209 5.07052e-09 0.029
 endloop
endfacet
facet normal 0 0 0
 outer loop
 vertex -0.133 -0.00503579 0.0285594
 vertex 0.209 5.07052e-09 0.029
 vertex 0.209 -0.00503579 0.0285594
 endloop
endfacet
facet normal 0 0 0
 outer loop
 vertex 0.209 -0.00494897 0.028067
 vertex 0.209 4.9831e-09 0.0285
 vertex -0.133 4.9831e-09 0.0285
 endloop
endfacet
facet normal 0 0 0
 outer loop
 vertex 0.209 -0.00494897 0.028067
 vertex -0.133 4.9831e-09 0.0285
 vertex -0.133 -0.00494897 0.028067
 endloop
endfacet
facet normal 0 0 0
 outer loop
 vertex -0.133 0 0.0285
 vertex -0.133 0.00494897 0.028067
 vertex -0.133 0.0050358 0.0285594
 endloop
endfacet
facet normal 0 0 0
 outer loop
 vertex -0.133 0 0.0285
 vertex -0.133 0.0050358 0.0285594
 vertex -0.133 0 0.029
 endloop
endfacet
facet normal 0 0 0
 outer loop
 vertex 0.209 0 0.0285
 vertex 0.209 0 0.029
 vertex 0.209 0.0050358 0.0285594
 endloop
endfacet
facet normal 0 0 0
 outer loop
 vertex 0.209 0 0.0285
 vertex 0.209 0.0050358 0.0285594
 vertex 0.209 0.00494897 0.028067
 endloop
endfacet
facet normal 0 0 0
 outer loop
 vertex -0.133 0.00494897 0.028067
 vertex -0.133 0.00974757 0.0267812
 vertex -0.133 0.00991858 0.0272511
 endloop
endfacet
facet normal 0 0 0
 outer loop
 vertex -0.133 0.00494897 0.028067
 vertex -0.133 0.00991858 0.0272511
 vertex -0.133 0.0050358 0.0285594
 endloop
endfacet
facet normal 0 0 0
 outer loop
 vertex 0.209 0.00494897 0.028067
 vertex 0.209 0.0050358 0.0285594
 vertex 0.209 0.00991858 0.0272511
 endloop
endfacet
facet normal 0 0 0
 outer loop
 vertex 0.209 0.00494897 0.028067
 vertex 0.209 0.00991858 0.0272511
 vertex 0.209 0.00974757 0.0267812
 endloop
endfacet
facet normal 0 0 0
 outer loop
 vertex -0.133 0.00974757 0.0267812
 vertex -0.133 0.01425 0.0246817
 vertex -0.133 0.0145 0.0251147
 endloop
endfacet
facet normal 0 0 0
 outer loop
 vertex -0.133 0.00974757 0.0267812
 vertex -0.133 0.0145 0.0251147
 vertex -0.133 0.00991858 0.0272511
 endloop
endfacet
facet normal 0 0 0
 outer loop
 vertex 0.209 0.00974757 0.0267812
 vertex 0.209 0.00991858 0.0272511
 vertex 0.209 0.0145 0.0251147
 endloop
endfacet
facet normal 0 0 0
 outer loop
 vertex 0.209 0.00974757 0.0267812
 vertex 0.209 0.0145 0.0251147
 vertex 0.209 0.01425 0.0246817
 endloop
endfacet
facet normal 0 0 0
 outer loop
 vertex -0.133 0.01425 0.0246817
 vertex -0.133 0.0183194 0.0218323
 vertex -0.133 0.0186408 0.0222153
 endloop
endfacet
facet normal 0 0 0
 outer loop
 vertex -0.133 0.01425 0.0246817
 vertex -0.133 0.0186408 0.0222153
 vertex -0.133 0.0145 0.0251147
 endloop
endfacet
facet normal 0 0 0
 outer loop
 vertex 0.209 0.01425 0.0246817
 vertex 0.209 0.0145 0.0251147
 vertex 0.209 0.0186408 0.0222153
 endloop
endfacet
facet normal 0 0 0
 outer loop
 vertex 0.209 0.01425 0.0246817
 vertex 0.209 0.0186408 0.0222153
 vertex 0.209 0.0183194 0.0218323
 endloop
endfacet
facet normal 0 0 0
 outer loop
 vertex -0.133 0.0183194 0.0218323
 vertex -0.133 0.0218323 0.0183194
 vertex -0.133 0.0222153 0.0186408
 endloop
endfacet
facet normal 0 0 0
 outer loop
 vertex -0.133 0.0183194 0.0218323
 vertex -0.133 0.0222153 0.0186408
 vertex -0.133 0.0186408 0.0222153
 endloop
endfacet
facet normal 0 0 0
 outer loop
 vertex 0.209 0.0183194 0.0218323
 vertex 0.209 0.0186408 0.0222153
 vertex 0.209 0.0222153 0.0186408
 endloop
endfacet
facet normal 0 0 0
 outer loop
 vertex 0.209 0.0183194 0.0218323
 vertex 0.209 0.0222153 0.0186408
 vertex 0.209 0.0218323 0.0183194
 endloop
endfacet
facet normal 0 0 0
 outer loop
 vertex -0.133 0.0218323 0.0183194
 vertex -0.133 0.0246817 0.01425
 vertex -0.133 0.0251147 0.0145
 endloop
endfacet
facet normal 0 0 0
 outer loop
 vertex -0.133 0.0218323 0.0183194
 vertex -0.133 0.0251147 0.0145
 vertex -0.133 0.0222153 0.0186408
 endloop
endfacet
facet normal 0 0 0
 outer loop
 vertex 0.209 0.0218323 0.0183194
 vertex 0.209 0.0222153 0.0186408
 vertex 0.209 0.0251147 0.0145
 endloop
endfacet
facet normal 0 0 0
 outer loop
 vertex 0.209 0.0218323 0.0183194
 vertex 0.209 0.0251147 0.0145
 vertex 0.209 0.0246817 0.01425
 endloop
endfacet
facet normal 0 0 0
 outer loop
 vertex -0.133 0.0246817 0.01425
 vertex -0.133 0.0267812 0.00974757
 vertex -0.133 0.0272511 0.00991858
 endloop
endfacet
facet normal 0 0 0
 outer loop
 vertex -0.133 0.0246817 0.01425
 vertex -0.133 0.0272511 0.00991858
 vertex -0.133 0.0251147 0.0145
 endloop
endfacet
facet normal 0 0 0
 outer loop
 vertex 0.209 0.0246817 0.01425
 vertex 0.209 0.0251147 0.0145
 vertex 0.209 0.0272511 0.00991858
 endloop
endfacet
facet normal 0 0 0
 outer loop
 vertex 0.209 0.0246817 0.01425
 vertex 0.209 0.0272511 0.00991858
 vertex 0.209 0.0267812 0.00974757
 endloop
endfacet
facet normal 0 0 0
 outer loop
 vertex -0.133 0.0267812 0.00974757
 vertex -0.133 0.028067 0.00494897
 vertex -0.133 0.0285594 0.0050358
 endloop
endfacet
facet normal 0 0 0
 outer loop
 vertex -0.133 0.0267812 0.00974757
 vertex -0.133 0.0285594 0.0050358
 vertex -0.133 0.0272511 0.00991858
 endloop
endfacet
facet normal 0 0 0
 outer loop
 vertex 0.209 0.0267812 0.00974757
 vertex 0.209 0.0272511 0.00991858
 vertex 0.209 0.0285594 0.0050358
 endloop
endfacet
facet normal 0 0 0
 outer loop
 vertex 0.209 0.0267812 0.00974757
 vertex 0.209 0.0285594 0.0050358
 vertex 0.209 0.028067 0.00494897
 endloop
endfacet
facet normal 0 0 0
 outer loop
 vertex -0.133 0.028067 0.00494897
 vertex -0.133 0.0285 -1.24577e-09
 vertex -0.133 0.029 -1.26763e-09
 endloop
endfacet
facet normal 0 0 0
 outer loop
 vertex -0.133 0.028067 0.00494897
 vertex -0.133 0.029 -1.26763e-09
 vertex -0.133 0.0285594 0.0050358
 endloop
endfacet
facet normal 0 0 0
 outer loop
 vertex 0.209 0.028067 0.00494897
 vertex 0.209 0.0285594 0.0050358
 vertex 0.209 0.029 -1.26763e-09
 endloop
endfacet
facet normal 0 0 0
 outer loop
 vertex 0.209 0.028067 0.00494897
 vertex 0.209 0.029 -1.26763e-09
 vertex 0.209 0.0285 -1.24577e-09
 endloop
endfacet
facet normal 0 0 0
 outer loop
 vertex -0.133 0.0285 -1.24577e-09
 vertex -0.133 0.028067 -0.00494897
 vertex -0.133 0.0285594 -0.0050358
 endloop
endfacet
facet normal 0 0 0
 outer loop
 vertex -0.133 0.0285 -1.24577e-09
 vertex -0.133 0.0285594 -0.0050358
 vertex -0.133 0.029 -1.26763e-09
 endloop
endfacet
facet normal 0 0 0
 outer loop
 vertex 0.209 0.0285 -1.24577e-09
 vertex 0.209 0.029 -1.26763e-09
 vertex 0.209 0.0285594 -0.0050358
 endloop
endfacet
facet normal 0 0 0
 outer loop
 vertex 0.209 0.0285 -1.24577e-09
 vertex 0.209 0.0285594 -0.0050358
 vertex 0.209 0.028067 -0.00494897
 endloop
endfacet
facet normal 0 0 0
 outer loop
 vertex -0.133 0.028067 -0.00494897
 vertex -0.133 0.0267812 -0.00974757
 vertex -0.133 0.0272511 -0.00991858
 endloop
endfacet
facet normal 0 0 0
 outer loop
 vertex -0.133 0.028067 -0.00494897
 vertex -0.133 0.0272511 -0.00991858
 vertex -0.133 0.0285594 -0.0050358
 endloop
endfacet
facet normal 0 0 0
 outer loop
 vertex 0.209 0.028067 -0.00494897
 vertex 0.209 0.0285594 -0.0050358
 vertex 0.209 0.0272511 -0.00991858
 endloop
endfacet
facet normal 0 0 0
 outer loop
 vertex 0.209 0.028067 -0.00494897
 vertex 0.209 0.0272511 -0.00991858
 vertex 0.209 0.0267812 -0.00974757
 endloop
endfacet
facet normal 0 0 0
 outer loop
 vertex -0.133 0.0267812 -0.00974757
 vertex -0.133 0.0246817 -0.01425
 vertex -0.133 0.0251147 -0.0145
 endloop
endfacet
facet normal 0 0 0
 outer loop
 vertex -0.133 0.0267812 -0.00974757
 vertex -0.133 0.0251147 -0.0145
 vertex -0.133 0.0272511 -0.00991858
 endloop
endfacet
facet normal 0 0 0
 outer loop
 vertex 0.209 0.0267812 -0.00974757
 vertex 0.209 0.0272511 -0.00991858
 vertex 0.209 0.0251147 -0.0145
 endloop
endfacet
facet normal 0 0 0
 outer loop
 vertex 0.209 0.0267812 -0.00974757
 vertex 0.209 0.0251147 -0.0145
 vertex 0.209 0.0246817 -0.01425
 endloop
endfacet
facet normal 0 0 0
 outer loop
 vertex -0.133 0.0246817 -0.01425
 vertex -0.133 0.0218323 -0.0183194
 vertex -0.133 0.0222153 -0.0186408
 endloop
endfacet
facet normal 0 0 0
 outer loop
 vertex -0.133 0.0246817 -0.01425
 vertex -0.133 0.0222153 -0.0186408
 vertex -0.133 0.0251147 -0.0145
 endloop
endfacet
facet normal 0 0 0
 outer loop
 vertex 0.209 0.0246817 -0.01425
 vertex 0.209 0.0251147 -0.0145
 vertex 0.209 0.0222153 -0.0186408
 endloop
endfacet
facet normal 0 0 0
 outer loop
 vertex 0.209 0.0246817 -0.01425
 vertex 0.209 0.0222153 -0.0186408
 vertex 0.209 0.0218323 -0.0183194
 endloop
endfacet
facet normal 0 0 0
 outer loop
 vertex -0.133 0.0218323 -0.0183194
 vertex -0.133 0.0183194 -0.0218323
 vertex -0.133 0.0186408 -0.0222153
 endloop
endfacet
facet normal 0 0 0
 outer loop
 vertex -0.133 0.0218323 -0.0183194
 vertex -0.133 0.0186408 -0.0222153
 vertex -0.133 0.0222153 -0.0186408
 endloop
endfacet
facet normal 0 0 0
 outer loop
 vertex 0.209 0.0218323 -0.0183194
 vertex 0.209 0.0222153 -0.0186408
 vertex 0.209 0.0186408 -0.0222153
 endloop
endfacet
facet normal 0 0 0
 outer loop
 vertex 0.209 0.0218323 -0.0183194
 vertex 0.209 0.0186408 -0.0222153
 vertex 0.209 0.0183194 -0.0218323
 endloop
endfacet
facet normal 0 0 0
 outer loop
 vertex -0.133 0.0183194 -0.0218323
 vertex -0.133 0.01425 -0.0246817
 vertex -0.133 0.0145 -0.0251147
 endloop
endfacet
facet normal 0 0 0
 outer loop
 vertex -0.133 0.0183194 -0.0218323
 vertex -0.133 0.0145 -0.0251147
 vertex -0.133 0.0186408 -0.0222153
 endloop
endfacet
facet normal 0 0 0
 outer loop
 vertex 0.209 0.0183194 -0.0218323
 vertex 0.209 0.0186408 -0.0222153
 vertex 0.209 0.0145 -0.0251147
 endloop
endfacet
facet normal 0 0 0
 outer loop
 vertex 0.209 0.0183194 -0.0218323
 vertex 0.209 0.0145 -0.0251147
 vertex 0.209 0.01425 -0.0246817
 endloop
endfacet
facet normal 0 0 0
 outer loop
 vertex -0.133 0.01425 -0.0246817
 vertex -0.133 0.00974758 -0.0267812
 vertex -0.133 0.00991859 -0.0272511
 endloop
endfacet
facet normal 0 0 0
 outer loop
 vertex -0.133 0.01425 -0.0246817
 vertex -0.133 0.00991859 -0.0272511
 vertex -0.133 0.0145 -0.0251147
 endloop
endfacet
facet normal 0 0 0
 outer loop
 vertex 0.209 0.01425 -0.0246817
 vertex 0.209 0.0145 -0.0251147
 vertex 0.209 0.00991859 -0.0272511
 endloop
endfacet
facet normal 0 0 0
 outer loop
 vertex 0.209 0.01425 -0.0246817
 vertex 0.209 0.00991859 -0.0272511
 vertex 0.209 0.00974758 -0.0267812
 endloop
endfacet
facet normal 0 0 0
 outer loop
 vertex -0.133 0.00974758 -0.0267812
 vertex -0.133 0.00494898 -0.028067
 vertex -0.133 0.0050358 -0.0285594
 endloop
endfacet
facet normal 0 0 0
 outer loop
 vertex -0.133 0.00974758 -0.0267812
 vertex -0.133 0.0050358 -0.0285594
 vertex -0.133 0.00991859 -0.0272511
 endloop
endfacet
facet normal 0 0 0
 outer loop
 vertex 0.209 0.00974758 -0.0267812
 vertex 0.209 0.00991859 -0.0272511
 vertex 0.209 0.0050358 -0.0285594
 endloop
endfacet
facet normal 0 0 0
 outer loop
 vertex 0.209 0.00974758 -0.0267812
 vertex 0.209 0.0050358 -0.0285594
 vertex 0.209 0.00494898 -0.028067
 endloop
endfacet
facet normal 0 0 0
 outer loop
 vertex -0.133 0.00494898 -0.028067
 vertex -0.133 -2.49155e-09 -0.0285
 vertex -0.133 -2.53526e-09 -0.029
 endloop
endfacet
facet normal 0 0 0
 outer loop
 vertex -0.133 0.00494898 -0.028067
 vertex -0.133 -2.53526e-09 -0.029
 vertex -0.133 0.0050358 -0.0285594
 endloop
endfacet
facet normal 0 0 0
 outer loop
 vertex 0.209 0.00494898 -0.028067
 vertex 0.209 0.0050358 -0.0285594
 vertex 0.209 -2.53526e-09 -0.029
 endloop
endfacet
facet normal 0 0 0
 outer loop
 vertex 0.209 0.00494898 -0.028067
 vertex 0.209 -2.53526e-09 -0.029
 vertex 0.209 -2.49155e-09 -0.0285
 endloop
endfacet
facet normal 0 0 0
 outer loop
 vertex -0.133 -2.49155e-09 -0.0285
 vertex -0.133 -0.00494897 -0.028067
 vertex -0.133 -0.0050358 -0.0285594
 endloop
endfacet
facet normal 0 0 0
 outer loop
 vertex -0.133 -2.49155e-09 -0.0285
 vertex -0.133 -0.0050358 -0.0285594
 vertex -0.133 -2.53526e-09 -0.029
 endloop
endfacet
facet normal 0 0 0
 outer loop
 vertex 0.209 -2.49155e-09 -0.0285
 vertex 0.209 -2.53526e-09 -0.029
 vertex 0.209 -0.0050358 -0.0285594
 endloop
endfacet
facet normal 0 0 0
 outer loop
 vertex 0.209 -2.49155e-09 -0.0285
 vertex 0.209 -0.0050358 -0.0285594
 vertex 0.209 -0.00494897 -0.028067
 endloop
endfacet
facet normal 0 0 0
 outer loop
 vertex -0.133 -0.00494897 -0.028067
 vertex -0.133 -0.00974757 -0.0267812
 vertex -0.133 -0.00991858 -0.0272511
 endloop
endfacet
facet normal 0 0 0
 outer loop
 vertex -0.133 -0.00494897 -0.028067
 vertex -0.133 -0.00991858 -0.0272511
 vertex -0.133 -0.0050358 -0.0285594
 endloop
endfacet
facet normal 0 0 0
 outer loop
 vertex 0.209 -0.00494897 -0.028067
 vertex 0.209 -0.0050358 -0.0285594
 vertex 0.209 -0.00991858 -0.0272511
 endloop
endfacet
facet normal 0 0 0
 outer loop
 vertex 0.209 -0.00494897 -0.028067
 vertex 0.209 -0.00991858 -0.0272511
 vertex 0.209 -0.00974757 -0.0267812
 endloop
endfacet
facet normal 0 0 0
 outer loop
 vertex -0.133 -0.00974757 -0.0267812
 vertex -0.133 -0.01425 -0.0246817
 vertex -0.133 -0.0145 -0.0251147
 endloop
endfacet
facet normal 0 0 0
 outer loop
 vertex -0.133 -0.00974757 -0.0267812
 vertex -0.133 -0.0145 -0.0251147
 vertex -0.133 -0.00991858 -0.0272511
 endloop
endfacet
facet normal 0 0 0
 outer loop
 vertex 0.209 -0.00974757 -0.0267812
 vertex 0.209 -0.00991858 -0.0272511
 vertex 0.209 -0.0145 -0.0251147
 endloop
endfacet
facet normal 0 0 0
 outer loop
 vertex 0.209 -0.00974757 -0.0267812
 vertex 0.209 -0.0145 -0.0251147
 vertex 0.209 -0.01425 -0.0246817
 endloop
endfacet
facet normal 0 0 0
 outer loop
 vertex -0.133 -0.01425 -0.0246817
 vertex -0.133 -0.0183194 -0.0218323
 vertex -0.133 -0.0186408 -0.0222153
 endloop
endfacet
facet normal 0 0 0
 outer loop
 vertex -0.133 -0.01425 -0.0246817
 vertex -0.133 -0.0186408 -0.0222153
 vertex -0.133 -0.0145 -0.0251147
 endloop
endfacet
facet normal 0 0 0
 outer loop
 vertex 0.209 -0.01425 -0.0246817
 vertex 0.209 -0.0145 -0.0251147
 vertex 0.209 -0.0186408 -0.0222153
 endloop
endfacet
facet normal 0 0 0
 outer loop
 vertex 0.209 -0.01425 -0.0246817
 vertex 0.209 -0.0186408 -0.0222153
 vertex 0.209 -0.0183194 -0.0218323
 endloop
endfacet
facet normal 0 0 0
 outer loop
 vertex -0.133 -0.0183194 -0.0218323
 vertex -0.133 -0.0218323 -0.0183194
 vertex -0.133 -0.0222153 -0.0186408
 endloop
endfacet
facet normal 0 0 0
 outer loop
 vertex -0.133 -0.0183194 -0.0218323
 vertex -0.133 -0.0222153 -0.0186408
 vertex -0.133 -0.0186408 -0.0222153
 endloop
endfacet
facet normal 0 0 0
 outer loop
 vertex 0.209 -0.0183194 -0.0218323
 vertex 0.209 -0.0186408 -0.0222153
 vertex 0.209 -0.0222153 -0.0186408
 endloop
endfacet
facet normal 0 0 0
 outer loop
 vertex 0.209 -0.0183194 -0.0218323
 vertex 0.209 -0.0222153 -0.0186408
 vertex 0.209 -0.0218323 -0.0183194
 endloop
endfacet
facet normal 0 0 0
 outer loop
 vertex -0.133 -0.0218323 -0.0183194
 vertex -0.133 -0.0246817 -0.01425
 vertex -0.133 -0.0251147 -0.0145
 endloop
endfacet
facet normal 0 0 0
 outer loop
 vertex -0.133 -0.0218323 -0.0183194
 vertex -0.133 -0.0251147 -0.0145
 vertex -0.133 -0.0222153 -0.0186408
 endloop
endfacet
facet normal 0 0 0
 outer loop
 vertex 0.209 -0.0218323 -0.0183194
 vertex 0.209 -0.0222153 -0.0186408
 vertex 0.209 -0.0251147 -0.0145
 endloop
endfacet
facet normal 0 0 0
 outer loop
 vertex 0.209 -0.0218323 -0.0183194
 vertex 0.209 -0.0251147 -0.0145
 vertex 0.209 -0.0246817 -0.01425
 endloop
endfacet
facet normal 0 0 0
 outer loop
 vertex -0.133 -0.0246817 -0.01425
 vertex -0.133 -0.0267812 -0.00974757
 vertex -0.133 -0.0272511 -0.00991858
 endloop
endfacet
facet normal 0 0 0
 outer loop
 vertex -0.133 -0.0246817 -0.01425
 vertex -0.133 -0.0272511 -0.00991858
 vertex -0.133 -0.0251147 -0.0145
 endloop
endfacet
facet normal 0 0 0
 outer loop
 vertex 0.209 -0.0246817 -0.01425
 vertex 0.209 -0.0251147 -0.0145
 vertex 0.209 -0.0272511 -0.00991858
 endloop
endfacet
facet normal 0 0 0
 outer loop
 vertex 0.209 -0.0246817 -0.01425
 vertex 0.209 -0.0272511 -0.00991858
 vertex 0.209 -0.0267812 -0.00974757
 endloop
endfacet
facet normal 0 0 0
 outer loop
 vertex -0.133 -0.0267812 -0.00974757
 vertex -0.133 -0.028067 -0.00494897
 vertex -0.133 -0.0285594 -0.0050358
 endloop
endfacet
facet normal 0 0 0
 outer loop
 vertex -0.133 -0.0267812 -0.00974757
 vertex -0.133 -0.0285594 -0.0050358
 vertex -0.133 -0.0272511 -0.00991858
 endloop
endfacet
facet normal 0 0 0
 outer loop
 vertex 0.209 -0.0267812 -0.00974757
 vertex 0.209 -0.0272511 -0.00991858
 vertex 0.209 -0.0285594 -0.0050358
 endloop
endfacet
facet normal 0 0 0
 outer loop
 vertex 0.209 -0.0267812 -0.00974757
 vertex 0.209 -0.0285594 -0.0050358
 vertex 0.209 -0.028067 -0.00494897
 endloop
endfacet
facet normal 0 0 0
 outer loop
 vertex -0.133 -0.028067 -0.00494897
 vertex -0.133 -0.0285 3.39859e-10
 vertex -0.133 -0.029 3.45822e-10
 endloop
endfacet
facet normal 0 0 0
 outer loop
 vertex -0.133 -0.028067 -0.00494897
 vertex -0.133 -0.029 3.45822e-10
 vertex -0.133 -0.0285594 -0.0050358
 endloop
endfacet
facet normal 0 0 0
 outer loop
 vertex 0.209 -0.028067 -0.00494897
 vertex 0.209 -0.0285594 -0.0050358
 vertex 0.209 -0.029 3.45822e-10
 endloop
endfacet
facet normal 0 0 0
 outer loop
 vertex 0.209 -0.028067 -0.00494897
 vertex 0.209 -0.029 3.45822e-10
 vertex 0.209 -0.0285 3.39859e-10
 endloop
endfacet
facet normal 0 0 0
 outer loop
 vertex -0.133 -0.0285 3.39859e-10
 vertex -0.133 -0.028067 0.00494897
 vertex -0.133 -0.0285594 0.0050358
 endloop
endfacet
facet normal 0 0 0
 outer loop
 vertex -0.133 -0.0285 3.39859e-10
 vertex -0.133 -0.0285594 0.0050358
 vertex -0.133 -0.029 3.45822e-10
 endloop
endfacet
facet normal 0 0 0
 outer loop
 vertex 0.209 -0.0285 3.39859e-10
 vertex 0.209 -0.029 3.45822e-10
 vertex 0.209 -0.0285594 0.0050358
 endloop
endfacet
facet normal 0 0 0
 outer loop
 vertex 0.209 -0.0285 3.39859e-10
 vertex 0.209 -0.0285594 0.0050358
 vertex 0.209 -0.028067 0.00494897
 endloop
endfacet
facet normal 0 0 0
 outer loop
 vertex -0.133 -0.028067 0.00494897
 vertex -0.133 -0.0267812 0.00974757
 vertex -0.133 -0.0272511 0.00991858
 endloop
endfacet
facet normal 0 0 0
 outer loop
 vertex -0.133 -0.028067 0.00494897
 vertex -0.133 -0.0272511 0.00991858
 vertex -0.133 -0.0285594 0.0050358
 endloop
endfacet
facet normal 0 0 0
 outer loop
 vertex 0.209 -0.028067 0.00494897
 vertex 0.209 -0.0285594 0.0050358
 vertex 0.209 -0.0272511 0.00991858
 endloop
endfacet
facet normal 0 0 0
 outer loop
 vertex 0.209 -0.028067 0.00494897
 vertex 0.209 -0.0272511 0.00991858
 vertex 0.209 -0.0267812 0.00974757
 endloop
endfacet
facet normal 0 0 0
 outer loop
 vertex -0.133 -0.0267812 0.00974757
 vertex -0.133 -0.0246817 0.01425
 vertex -0.133 -0.0251147 0.0145
 endloop
endfacet
facet normal 0 0 0
 outer loop
 vertex -0.133 -0.0267812 0.00974757
 vertex -0.133 -0.0251147 0.0145
 vertex -0.133 -0.0272511 0.00991858
 endloop
endfacet
facet normal 0 0 0
 outer loop
 vertex 0.209 -0.0267812 0.00974757
 vertex 0.209 -0.0272511 0.00991858
 vertex 0.209 -0.0251147 0.0145
 endloop
endfacet
facet normal 0 0 0
 outer loop
 vertex 0.209 -0.0267812 0.00974757
 vertex 0.209 -0.0251147 0.0145
 vertex 0.209 -0.0246817 0.01425
 endloop
endfacet
facet normal 0 0 0
 outer loop
 vertex -0.133 -0.0246817 0.01425
 vertex -0.133 -0.0218323 0.0183194
 vertex -0.133 -0.0222153 0.0186408
 endloop
endfacet
facet normal 0 0 0
 outer loop
 vertex -0.133 -0.0246817 0.01425
 vertex -0.133 -0.0222153 0.0186408
 vertex -0.133 -0.0251147 0.0145
 endloop
endfacet
facet normal 0 0 0
 outer loop
 vertex 0.209 -0.0246817 0.01425
 vertex 0.209 -0.0251147 0.0145
 vertex 0.209 -0.0222153 0.0186408
 endloop
endfacet
facet normal 0 0 0
 outer loop
 vertex 0.209 -0.0246817 0.01425
 vertex 0.209 -0.0222153 0.0186408
 vertex 0.209 -0.0218323 0.0183194
 endloop
endfacet
facet normal 0 0 0
 outer loop
 vertex -0.133 -0.0218323 0.0183194
 vertex -0.133 -0.0183195 0.0218323
 vertex -0.133 -0.0186408 0.0222153
 endloop
endfacet
facet normal 0 0 0
 outer loop
 vertex -0.133 -0.0218323 0.0183194
 vertex -0.133 -0.0186408 0.0222153
 vertex -0.133 -0.0222153 0.0186408
 endloop
endfacet
facet normal 0 0 0
 outer loop
 vertex 0.209 -0.0218323 0.0183194
 vertex 0.209 -0.0222153 0.0186408
 vertex 0.209 -0.0186408 0.0222153
 endloop
endfacet
facet normal 0 0 0
 outer loop
 vertex 0.209 -0.0218323 0.0183194
 vertex 0.209 -0.0186408 0.0222153
 vertex 0.209 -0.0183195 0.0218323
 endloop
endfacet
facet normal 0 0 0
 outer loop
 vertex -0.133 -0.0183195 0.0218323
 vertex -0.133 -0.01425 0.0246817
 vertex -0.133 -0.0145 0.0251147
 endloop
endfacet
facet normal 0 0 0
 outer loop
 vertex -0.133 -0.0183195 0.0218323
 vertex -0.133 -0.0145 0.0251147
 vertex -0.133 -0.0186408 0.0222153
 endloop
endfacet
facet normal 0 0 0
 outer loop
 vertex 0.209 -0.0183195 0.0218323
 vertex 0.209 -0.0186408 0.0222153
 vertex 0.209 -0.0145 0.0251147
 endloop
endfacet
facet normal 0 0 0
 outer loop
 vertex 0.209 -0.0183195 0.0218323
 vertex 0.209 -0.0145 0.0251147
 vertex 0.209 -0.01425 0.0246817
 endloop
endfacet
facet normal 0 0 0
 outer loop
 vertex -0.133 -0.01425 0.0246817
 vertex -0.133 -0.00974758 0.0267812
 vertex -0.133 -0.00991859 0.0272511
 endloop
endfacet
facet normal 0 0 0
 outer loop
 vertex -0.133 -0.01425 0.0246817
 vertex -0.133 -0.00991859 0.0272511
 vertex -0.133 -0.0145 0.0251147
 endloop
endfacet
facet normal 0 0 0
 outer loop
 vertex 0.209 -0.01425 0.0246817
 vertex 0.209 -0.0145 0.0251147
 vertex 0.209 -0.00991859 0.0272511
 endloop
endfacet
facet normal 0 0 0
 outer loop
 vertex 0.209 -0.01425 0.0246817
 vertex 0.209 -0.00991859 0.0272511
 vertex 0.209 -0.00974758 0.0267812
 endloop
endfacet
facet normal 0 0 0
 outer loop
 vertex -0.133 -0.00974758 0.0267812
 vertex -0.133 -0.00494897 0.028067
 vertex -0.133 -0.00503579 0.0285594
 endloop
endfacet
facet normal 0 0 0
 outer loop
 vertex -0.133 -0.00974758 0.0267812
 vertex -0.133 -0.00503579 0.0285594
 vertex -0.133 -0.00991859 0.0272511
 endloop
endfacet
facet normal 0 0 0
 outer loop
 vertex 0.209 -0.00974758 0.0267812
 vertex 0.209 -0.00991859 0.0272511
 vertex 0.209 -0.00503579 0.0285594
 endloop
endfacet
facet normal 0 0 0
 outer loop
 vertex 0.209 -0.00974758 0.0267812
 vertex 0.209 -0.00503579 0.0285594
 vertex 0.209 -0.00494897 0.028067
 endloop
endfacet
facet normal 0 0 0
 outer loop
 vertex -0.133 -0.00494897 0.028067
 vertex -0.133 4.9831e-09 0.0285
 vertex -0.133 5.07052e-09 0.029
 endloop
endfacet
facet normal 0 0 0
 outer loop
 vertex -0.133 -0.00494897 0.028067
 vertex -0.133 5.07052e-09 0.029
 vertex -0.133 -0.00503579 0.0285594
 endloop
endfacet
facet normal 0 0 0
 outer loop
 vertex 0.209 -0.00494897 0.028067
 vertex 0.209 -0.00503579 0.0285594
 vertex 0.209 5.07052e-09 0.029
 endloop
endfacet
facet normal 0 0 0
 outer loop
 vertex 0.209 -0.00494897 0.028067
 vertex 0.209 5.07052e-09 0.029
 vertex 0.209 4.9831e-09 0.0285
 endloop
endfacet
facet normal 0 0 0
 outer loop
 vertex -0.133 0 0.0293
 vertex -0.133 0.00508789 0.0288549
 vertex 0.209 0.00508789 0.0288549
 endloop
endfacet
facet normal 0 0 0
 outer loop
 vertex -0.133 0 0.0293
 vertex 0.209 0.00508789 0.0288549
 vertex 0.209 0 0.0293
 endloop
endfacet
facet normal 0 0 0
 outer loop
 vertex 0.209 0 0.0288
 vertex 0.209 0.00500107 0.0283625
 vertex -0.133 0.00500107 0.0283625
 endloop
endfacet
facet normal 0 0 0
 outer loop
 vertex 0.209 0 0.0288
 vertex -0.133 0.00500107 0.0283625
 vertex -0.133 0 0.0288
 endloop
endfacet
facet normal 0 0 0
 outer loop
 vertex -0.133 0.00508789 0.0288549
 vertex -0.133 0.0100212 0.027533
 vertex 0.209 0.0100212 0.027533
 endloop
endfacet
facet normal 0 0 0
 outer loop
 vertex -0.133 0.00508789 0.0288549
 vertex 0.209 0.0100212 0.027533
 vertex 0.209 0.00508789 0.0288549
 endloop
endfacet
facet normal 0 0 0
 outer loop
 vertex 0.209 0.00500107 0.0283625
 vertex 0.209 0.00985018 0.0270631
 vertex -0.133 0.00985018 0.0270631
 endloop
endfacet
facet normal 0 0 0
 outer loop
 vertex 0.209 0.00500107 0.0283625
 vertex -0.133 0.00985018 0.0270631
 vertex -0.133 0.00500107 0.0283625
 endloop
endfacet
facet normal 0 0 0
 outer loop
 vertex -0.133 0.0100212 0.027533
 vertex -0.133 0.01465 0.0253745
 vertex 0.209 0.01465 0.0253745
 endloop
endfacet
facet normal 0 0 0
 outer loop
 vertex -0.133 0.0100212 0.027533
 vertex 0.209 0.01465 0.0253745
 vertex 0.209 0.0100212 0.027533
 endloop
endfacet
facet normal 0 0 0
 outer loop
 vertex 0.209 0.00985018 0.0270631
 vertex 0.209 0.0144 0.0249415
 vertex -0.133 0.0144 0.0249415
 endloop
endfacet
facet normal 0 0 0
 outer loop
 vertex 0.209 0.00985018 0.0270631
 vertex -0.133 0.0144 0.0249415
 vertex -0.133 0.00985018 0.0270631
 endloop
endfacet
facet normal 0 0 0
 outer loop
 vertex -0.133 0.01465 0.0253745
 vertex -0.133 0.0188337 0.0224451
 vertex 0.209 0.0188337 0.0224451
 endloop
endfacet
facet normal 0 0 0
 outer loop
 vertex -0.133 0.01465 0.0253745
 vertex 0.209 0.0188337 0.0224451
 vertex 0.209 0.01465 0.0253745
 endloop
endfacet
facet normal 0 0 0
 outer loop
 vertex 0.209 0.0144 0.0249415
 vertex 0.209 0.0185123 0.0220621
 vertex -0.133 0.0185123 0.0220621
 endloop
endfacet
facet normal 0 0 0
 outer loop
 vertex 0.209 0.0144 0.0249415
 vertex -0.133 0.0185123 0.0220621
 vertex -0.133 0.0144 0.0249415
 endloop
endfacet
facet normal 0 0 0
 outer loop
 vertex -0.133 0.0188337 0.0224451
 vertex -0.133 0.0224451 0.0188337
 vertex 0.209 0.0224451 0.0188337
 endloop
endfacet
facet normal 0 0 0
 outer loop
 vertex -0.133 0.0188337 0.0224451
 vertex 0.209 0.0224451 0.0188337
 vertex 0.209 0.0188337 0.0224451
 endloop
endfacet
facet normal 0 0 0
 outer loop
 vertex 0.209 0.0185123 0.0220621
 vertex 0.209 0.0220621 0.0185123
 vertex -0.133 0.0220621 0.0185123
 endloop
endfacet
facet normal 0 0 0
 outer loop
 vertex 0.209 0.0185123 0.0220621
 vertex -0.133 0.0220621 0.0185123
 vertex -0.133 0.0185123 0.0220621
 endloop
endfacet
facet normal 0 0 0
 outer loop
 vertex -0.133 0.0224451 0.0188337
 vertex -0.133 0.0253745 0.01465
 vertex 0.209 0.0253745 0.01465
 endloop
endfacet
facet normal 0 0 0
 outer loop
 vertex -0.133 0.0224451 0.0188337
 vertex 0.209 0.0253745 0.01465
 vertex 0.209 0.0224451 0.0188337
 endloop
endfacet
facet normal 0 0 0
 outer loop
 vertex 0.209 0.0220621 0.0185123
 vertex 0.209 0.0249415 0.0144
 vertex -0.133 0.0249415 0.0144
 endloop
endfacet
facet normal 0 0 0
 outer loop
 vertex 0.209 0.0220621 0.0185123
 vertex -0.133 0.0249415 0.0144
 vertex -0.133 0.0220621 0.0185123
 endloop
endfacet
facet normal 0 0 0
 outer loop
 vertex -0.133 0.0253745 0.01465
 vertex -0.133 0.027533 0.0100212
 vertex 0.209 0.027533 0.0100212
 endloop
endfacet
facet normal 0 0 0
 outer loop
 vertex -0.133 0.0253745 0.01465
 vertex 0.209 0.027533 0.0100212
 vertex 0.209 0.0253745 0.01465
 endloop
endfacet
facet normal 0 0 0
 outer loop
 vertex 0.209 0.0249415 0.0144
 vertex 0.209 0.0270631 0.00985018
 vertex -0.133 0.0270631 0.00985018
 endloop
endfacet
facet normal 0 0 0
 outer loop
 vertex 0.209 0.0249415 0.0144
 vertex -0.133 0.0270631 0.00985018
 vertex -0.133 0.0249415 0.0144
 endloop
endfacet
facet normal 0 0 0
 outer loop
 vertex -0.133 0.027533 0.0100212
 vertex -0.133 0.0288549 0.00508789
 vertex 0.209 0.0288549 0.00508789
 endloop
endfacet
facet normal 0 0 0
 outer loop
 vertex -0.133 0.027533 0.0100212
 vertex 0.209 0.0288549 0.00508789
 vertex 0.209 0.027533 0.0100212
 endloop
endfacet
facet normal 0 0 0
 outer loop
 vertex 0.209 0.0270631 0.00985018
 vertex 0.209 0.0283625 0.00500107
 vertex -0.133 0.0283625 0.00500107
 endloop
endfacet
facet normal 0 0 0
 outer loop
 vertex 0.209 0.0270631 0.00985018
 vertex -0.133 0.0283625 0.00500107
 vertex -0.133 0.0270631 0.00985018
 endloop
endfacet
facet normal 0 0 0
 outer loop
 vertex -0.133 0.0288549 0.00508789
 vertex -0.133 0.0293 -1.28074e-09
 vertex 0.209 0.0293 -1.28074e-09
 endloop
endfacet
facet normal 0 0 0
 outer loop
 vertex -0.133 0.0288549 0.00508789
 vertex 0.209 0.0293 -1.28074e-09
 vertex 0.209 0.0288549 0.00508789
 endloop
endfacet
facet normal 0 0 0
 outer loop
 vertex 0.209 0.0283625 0.00500107
 vertex 0.209 0.0288 -1.25889e-09
 vertex -0.133 0.0288 -1.25889e-09
 endloop
endfacet
facet normal 0 0 0
 outer loop
 vertex 0.209 0.0283625 0.00500107
 vertex -0.133 0.0288 -1.25889e-09
 vertex -0.133 0.0283625 0.00500107
 endloop
endfacet
facet normal 0 0 0
 outer loop
 vertex -0.133 0.0293 -1.28074e-09
 vertex -0.133 0.0288549 -0.00508789
 vertex 0.209 0.0288549 -0.00508789
 endloop
endfacet
facet normal 0 0 0
 outer loop
 vertex -0.133 0.0293 -1.28074e-09
 vertex 0.209 0.0288549 -0.00508789
 vertex 0.209 0.0293 -1.28074e-09
 endloop
endfacet
facet normal 0 0 0
 outer loop
 vertex 0.209 0.0288 -1.25889e-09
 vertex 0.209 0.0283625 -0.00500107
 vertex -0.133 0.0283625 -0.00500107
 endloop
endfacet
facet normal 0 0 0
 outer loop
 vertex 0.209 0.0288 -1.25889e-09
 vertex -0.133 0.0283625 -0.00500107
 vertex -0.133 0.0288 -1.25889e-09
 endloop
endfacet
facet normal 0 0 0
 outer loop
 vertex -0.133 0.0288549 -0.00508789
 vertex -0.133 0.027533 -0.0100212
 vertex 0.209 0.027533 -0.0100212
 endloop
endfacet
facet normal 0 0 0
 outer loop
 vertex -0.133 0.0288549 -0.00508789
 vertex 0.209 0.027533 -0.0100212
 vertex 0.209 0.0288549 -0.00508789
 endloop
endfacet
facet normal 0 0 0
 outer loop
 vertex 0.209 0.0283625 -0.00500107
 vertex 0.209 0.0270631 -0.00985018
 vertex -0.133 0.0270631 -0.00985018
 endloop
endfacet
facet normal 0 0 0
 outer loop
 vertex 0.209 0.0283625 -0.00500107
 vertex -0.133 0.0270631 -0.00985018
 vertex -0.133 0.0283625 -0.00500107
 endloop
endfacet
facet normal 0 0 0
 outer loop
 vertex -0.133 0.027533 -0.0100212
 vertex -0.133 0.0253745 -0.01465
 vertex 0.209 0.0253745 -0.01465
 endloop
endfacet
facet normal 0 0 0
 outer loop
 vertex -0.133 0.027533 -0.0100212
 vertex 0.209 0.0253745 -0.01465
 vertex 0.209 0.027533 -0.0100212
 endloop
endfacet
facet normal 0 0 0
 outer loop
 vertex 0.209 0.0270631 -0.00985018
 vertex 0.209 0.0249415 -0.0144
 vertex -0.133 0.0249415 -0.0144
 endloop
endfacet
facet normal 0 0 0
 outer loop
 vertex 0.209 0.0270631 -0.00985018
 vertex -0.133 0.0249415 -0.0144
 vertex -0.133 0.0270631 -0.00985018
 endloop
endfacet
facet normal 0 0 0
 outer loop
 vertex -0.133 0.0253745 -0.01465
 vertex -0.133 0.0224451 -0.0188337
 vertex 0.209 0.0224451 -0.0188337
 endloop
endfacet
facet normal 0 0 0
 outer loop
 vertex -0.133 0.0253745 -0.01465
 vertex 0.209 0.0224451 -0.0188337
 vertex 0.209 0.0253745 -0.01465
 endloop
endfacet
facet normal 0 0 0
 outer loop
 vertex 0.209 0.0249415 -0.0144
 vertex 0.209 0.0220621 -0.0185123
 vertex -0.133 0.0220621 -0.0185123
 endloop
endfacet
facet normal 0 0 0
 outer loop
 vertex 0.209 0.0249415 -0.0144
 vertex -0.133 0.0220621 -0.0185123
 vertex -0.133 0.0249415 -0.0144
 endloop
endfacet
facet normal 0 0 0
 outer loop
 vertex -0.133 0.0224451 -0.0188337
 vertex -0.133 0.0188337 -0.0224451
 vertex 0.209 0.0188337 -0.0224451
 endloop
endfacet
facet normal 0 0 0
 outer loop
 vertex -0.133 0.0224451 -0.0188337
 vertex 0.209 0.0188337 -0.0224451
 vertex 0.209 0.0224451 -0.0188337
 endloop
endfacet
facet normal 0 0 0
 outer loop
 vertex 0.209 0.0220621 -0.0185123
 vertex 0.209 0.0185123 -0.0220621
 vertex -0.133 0.0185123 -0.0220621
 endloop
endfacet
facet normal 0 0 0
 outer loop
 vertex 0.209 0.0220621 -0.0185123
 vertex -0.133 0.0185123 -0.0220621
 vertex -0.133 0.0220621 -0.0185123
 endloop
endfacet
facet normal 0 0 0
 outer loop
 vertex -0.133 0.0188337 -0.0224451
 vertex -0.133 0.01465 -0.0253745
 vertex 0.209 0.01465 -0.0253745
 endloop
endfacet
facet normal 0 0 0
 outer loop
 vertex -0.133 0.0188337 -0.0224451
 vertex 0.209 0.01465 -0.0253745
 vertex 0.209 0.0188337 -0.0224451
 endloop
endfacet
facet normal 0 0 0
 outer loop
 vertex 0.209 0.0185123 -0.0220621
 vertex 0.209 0.0144 -0.0249415
 vertex -0.133 0.0144 -0.0249415
 endloop
endfacet
facet normal 0 0 0
 outer loop
 vertex 0.209 0.0185123 -0.0220621
 vertex -0.133 0.0144 -0.0249415
 vertex -0.133 0.0185123 -0.0220621
 endloop
endfacet
facet normal 0 0 0
 outer loop
 vertex -0.133 0.01465 -0.0253745
 vertex -0.133 0.0100212 -0.027533
 vertex 0.209 0.0100212 -0.027533
 endloop
endfacet
facet normal 0 0 0
 outer loop
 vertex -0.133 0.01465 -0.0253745
 vertex 0.209 0.0100212 -0.027533
 vertex 0.209 0.01465 -0.0253745
 endloop
endfacet
facet normal 0 0 0
 outer loop
 vertex 0.209 0.0144 -0.0249415
 vertex 0.209 0.00985018 -0.0270631
 vertex -0.133 0.00985018 -0.0270631
 endloop
endfacet
facet normal 0 0 0
 outer loop
 vertex 0.209 0.0144 -0.0249415
 vertex -0.133 0.00985018 -0.0270631
 vertex -0.133 0.0144 -0.0249415
 endloop
endfacet
facet normal 0 0 0
 outer loop
 vertex -0.133 0.0100212 -0.027533
 vertex -0.133 0.0050879 -0.0288549
 vertex 0.209 0.0050879 -0.0288549
 endloop
endfacet
facet normal 0 0 0
 outer loop
 vertex -0.133 0.0100212 -0.027533
 vertex 0.209 0.0050879 -0.0288549
 vertex 0.209 0.0100212 -0.027533
 endloop
endfacet
facet normal 0 0 0
 outer loop
 vertex 0.209 0.00985018 -0.0270631
 vertex 0.209 0.00500107 -0.0283625
 vertex -0.133 0.00500107 -0.0283625
 endloop
endfacet
facet normal 0 0 0
 outer loop
 vertex 0.209 0.00985018 -0.0270631
 vertex -0.133 0.00500107 -0.0283625
 vertex -0.133 0.00985018 -0.0270631
 endloop
endfacet
facet normal 0 0 0
 outer loop
 vertex -0.133 0.0050879 -0.0288549
 vertex -0.133 -2.56149e-09 -0.0293
 vertex 0.209 -2.56149e-09 -0.0293
 endloop
endfacet
facet normal 0 0 0
 outer loop
 vertex -0.133 0.0050879 -0.0288549
 vertex 0.209 -2.56149e-09 -0.0293
 vertex 0.209 0.0050879 -0.0288549
 endloop
endfacet
facet normal 0 0 0
 outer loop
 vertex 0.209 0.00500107 -0.0283625
 vertex 0.209 -2.51778e-09 -0.0288
 vertex -0.133 -2.51778e-09 -0.0288
 endloop
endfacet
facet normal 0 0 0
 outer loop
 vertex 0.209 0.00500107 -0.0283625
 vertex -0.133 -2.51778e-09 -0.0288
 vertex -0.133 0.00500107 -0.0283625
 endloop
endfacet
facet normal 0 0 0
 outer loop
 vertex -0.133 -2.56149e-09 -0.0293
 vertex -0.133 -0.00508789 -0.0288549
 vertex 0.209 -0.00508789 -0.0288549
 endloop
endfacet
facet normal 0 0 0
 outer loop
 vertex -0.133 -2.56149e-09 -0.0293
 vertex 0.209 -0.00508789 -0.0288549
 vertex 0.209 -2.56149e-09 -0.0293
 endloop
endfacet
facet normal 0 0 0
 outer loop
 vertex 0.209 -2.51778e-09 -0.0288
 vertex 0.209 -0.00500107 -0.0283625
 vertex -0.133 -0.00500107 -0.0283625
 endloop
endfacet
facet normal 0 0 0
 outer loop
 vertex 0.209 -2.51778e-09 -0.0288
 vertex -0.133 -0.00500107 -0.0283625
 vertex -0.133 -2.51778e-09 -0.0288
 endloop
endfacet
facet normal 0 0 0
 outer loop
 vertex -0.133 -0.00508789 -0.0288549
 vertex -0.133 -0.0100212 -0.027533
 vertex 0.209 -0.0100212 -0.027533
 endloop
endfacet
facet normal 0 0 0
 outer loop
 vertex -0.133 -0.00508789 -0.0288549
 vertex 0.209 -0.0100212 -0.027533
 vertex 0.209 -0.00508789 -0.0288549
 endloop
endfacet
facet normal 0 0 0
 outer loop
 vertex 0.209 -0.00500107 -0.0283625
 vertex 0.209 -0.00985018 -0.0270631
 vertex -0.133 -0.00985018 -0.0270631
 endloop
endfacet
facet normal 0 0 0
 outer loop
 vertex 0.209 -0.00500107 -0.0283625
 vertex -0.133 -0.00985018 -0.0270631
 vertex -0.133 -0.00500107 -0.0283625
 endloop
endfacet
facet normal 0 0 0
 outer loop
 vertex -0.133 -0.0100212 -0.027533
 vertex -0.133 -0.01465 -0.0253745
 vertex 0.209 -0.01465 -0.0253745
 endloop
endfacet
facet normal 0 0 0
 outer loop
 vertex -0.133 -0.0100212 -0.027533
 vertex 0.209 -0.01465 -0.0253745
 vertex 0.209 -0.0100212 -0.027533
 endloop
endfacet
facet normal 0 0 0
 outer loop
 vertex 0.209 -0.00985018 -0.0270631
 vertex 0.209 -0.0144 -0.0249415
 vertex -0.133 -0.0144 -0.0249415
 endloop
endfacet
facet normal 0 0 0
 outer loop
 vertex 0.209 -0.00985018 -0.0270631
 vertex -0.133 -0.0144 -0.0249415
 vertex -0.133 -0.00985018 -0.0270631
 endloop
endfacet
facet normal 0 0 0
 outer loop
 vertex -0.133 -0.01465 -0.0253745
 vertex -0.133 -0.0188337 -0.0224451
 vertex 0.209 -0.0188337 -0.0224451
 endloop
endfacet
facet normal 0 0 0
 outer loop
 vertex -0.133 -0.01465 -0.0253745
 vertex 0.209 -0.0188337 -0.0224451
 vertex 0.209 -0.01465 -0.0253745
 endloop
endfacet
facet normal 0 0 0
 outer loop
 vertex 0.209 -0.0144 -0.0249415
 vertex 0.209 -0.0185123 -0.0220621
 vertex -0.133 -0.0185123 -0.0220621
 endloop
endfacet
facet normal 0 0 0
 outer loop
 vertex 0.209 -0.0144 -0.0249415
 vertex -0.133 -0.0185123 -0.0220621
 vertex -0.133 -0.0144 -0.0249415
 endloop
endfacet
facet normal 0 0 0
 outer loop
 vertex -0.133 -0.0188337 -0.0224451
 vertex -0.133 -0.0224451 -0.0188337
 vertex 0.209 -0.0224451 -0.0188337
 endloop
endfacet
facet normal 0 0 0
 outer loop
 vertex -0.133 -0.0188337 -0.0224451
 vertex 0.209 -0.0224451 -0.0188337
 vertex 0.209 -0.0188337 -0.0224451
 endloop
endfacet
facet normal 0 0 0
 outer loop
 vertex 0.209 -0.0185123 -0.0220621
 vertex 0.209 -0.0220621 -0.0185123
 vertex -0.133 -0.0220621 -0.0185123
 endloop
endfacet
facet normal 0 0 0
 outer loop
 vertex 0.209 -0.0185123 -0.0220621
 vertex -0.133 -0.0220621 -0.0185123
 vertex -0.133 -0.0185123 -0.0220621
 endloop
endfacet
facet normal 0 0 0
 outer loop
 vertex -0.133 -0.0224451 -0.0188337
 vertex -0.133 -0.0253745 -0.01465
 vertex 0.209 -0.0253745 -0.01465
 endloop
endfacet
facet normal 0 0 0
 outer loop
 vertex -0.133 -0.0224451 -0.0188337
 vertex 0.209 -0.0253745 -0.01465
 vertex 0.209 -0.0224451 -0.0188337
 endloop
endfacet
facet normal 0 0 0
 outer loop
 vertex 0.209 -0.0220621 -0.0185123
 vertex 0.209 -0.0249415 -0.0144
 vertex -0.133 -0.0249415 -0.0144
 endloop
endfacet
facet normal 0 0 0
 outer loop
 vertex 0.209 -0.0220621 -0.0185123
 vertex -0.133 -0.0249415 -0.0144
 vertex -0.133 -0.0220621 -0.0185123
 endloop
endfacet
facet normal 0 0 0
 outer loop
 vertex -0.133 -0.0253745 -0.01465
 vertex -0.133 -0.027533 -0.0100212
 vertex 0.209 -0.027533 -0.0100212
 endloop
endfacet
facet normal 0 0 0
 outer loop
 vertex -0.133 -0.0253745 -0.01465
 vertex 0.209 -0.027533 -0.0100212
 vertex 0.209 -0.0253745 -0.01465
 endloop
endfacet
facet normal 0 0 0
 outer loop
 vertex 0.209 -0.0249415 -0.0144
 vertex 0.209 -0.0270631 -0.00985018
 vertex -0.133 -0.0270631 -0.00985018
 endloop
endfacet
facet normal 0 0 0
 outer loop
 vertex 0.209 -0.0249415 -0.0144
 vertex -0.133 -0.0270631 -0.00985018
 vertex -0.133 -0.0249415 -0.0144
 endloop
endfacet
facet normal 0 0 0
 outer loop
 vertex -0.133 -0.027533 -0.0100212
 vertex -0.133 -0.0288549 -0.00508789
 vertex 0.209 -0.0288549 -0.00508789
 endloop
endfacet
facet normal 0 0 0
 outer loop
 vertex -0.133 -0.027533 -0.0100212
 vertex 0.209 -0.0288549 -0.00508789
 vertex 0.209 -0.027533 -0.0100212
 endloop
endfacet
facet normal 0 0 0
 outer loop
 vertex 0.209 -0.0270631 -0.00985018
 vertex 0.209 -0.0283625 -0.00500107
 vertex -0.133 -0.0283625 -0.00500107
 endloop
endfacet
facet normal 0 0 0
 outer loop
 vertex 0.209 -0.0270631 -0.00985018
 vertex -0.133 -0.0283625 -0.00500107
 vertex -0.133 -0.0270631 -0.00985018
 endloop
endfacet
facet normal 0 0 0
 outer loop
 vertex -0.133 -0.0288549 -0.00508789
 vertex -0.133 -0.0293 3.49399e-10
 vertex 0.209 -0.0293 3.49399e-10
 endloop
endfacet
facet normal 0 0 0
 outer loop
 vertex -0.133 -0.0288549 -0.00508789
 vertex 0.209 -0.0293 3.49399e-10
 vertex 0.209 -0.0288549 -0.00508789
 endloop
endfacet
facet normal 0 0 0
 outer loop
 vertex 0.209 -0.0283625 -0.00500107
 vertex 0.209 -0.0288 3.43437e-10
 vertex -0.133 -0.0288 3.43437e-10
 endloop
endfacet
facet normal 0 0 0
 outer loop
 vertex 0.209 -0.0283625 -0.00500107
 vertex -0.133 -0.0288 3.43437e-10
 vertex -0.133 -0.0283625 -0.00500107
 endloop
endfacet
facet normal 0 0 0
 outer loop
 vertex -0.133 -0.0293 3.49399e-10
 vertex -0.133 -0.0288549 0.00508789
 vertex 0.209 -0.0288549 0.00508789
 endloop
endfacet
facet normal 0 0 0
 outer loop
 vertex -0.133 -0.0293 3.49399e-10
 vertex 0.209 -0.0288549 0.00508789
 vertex 0.209 -0.0293 3.49399e-10
 endloop
endfacet
facet normal 0 0 0
 outer loop
 vertex 0.209 -0.0288 3.43437e-10
 vertex 0.209 -0.0283625 0.00500107
 vertex -0.133 -0.0283625 0.00500107
 endloop
endfacet
facet normal 0 0 0
 outer loop
 vertex 0.209 -0.0288 3.43437e-10
 vertex -0.133 -0.0283625 0.00500107
 vertex -0.133 -0.0288 3.43437e-10
 endloop
endfacet
facet normal 0 0 0
 outer loop
 vertex -0.133 -0.0288549 0.00508789
 vertex -0.133 -0.027533 0.0100212
 vertex 0.209 -0.027533 0.0100212
 endloop
endfacet
facet normal 0 0 0
 outer loop
 vertex -0.133 -0.0288549 0.00508789
 vertex 0.209 -0.027533 0.0100212
 vertex 0.209 -0.0288549 0.00508789
 endloop
endfacet
facet normal 0 0 0
 outer loop
 vertex 0.209 -0.0283625 0.00500107
 vertex 0.209 -0.0270631 0.00985018
 vertex -0.133 -0.0270631 0.00985018
 endloop
endfacet
facet normal 0 0 0
 outer loop
 vertex 0.209 -0.0283625 0.00500107
 vertex -0.133 -0.0270631 0.00985018
 vertex -0.133 -0.0283625 0.00500107
 endloop
endfacet
facet normal 0 0 0
 outer loop
 vertex -0.133 -0.027533 0.0100212
 vertex -0.133 -0.0253745 0.01465
 vertex 0.209 -0.0253745 0.01465
 endloop
endfacet
facet normal 0 0 0
 outer loop
 vertex -0.133 -0.027533 0.0100212
 vertex 0.209 -0.0253745 0.01465
 vertex 0.209 -0.027533 0.0100212
 endloop
endfacet
facet normal 0 0 0
 outer loop
 vertex 0.209 -0.0270631 0.00985018
 vertex 0.209 -0.0249415 0.0144
 vertex -0.133 -0.0249415 0.0144
 endloop
endfacet
facet normal 0 0 0
 outer loop
 vertex 0.209 -0.0270631 0.00985018
 vertex -0.133 -0.0249415 0.0144
 vertex -0.133 -0.0270631 0.00985018
 endloop
endfacet
facet normal 0 0 0
 outer loop
 vertex -0.133 -0.0253745 0.01465
 vertex -0.133 -0.0224451 0.0188337
 vertex 0.209 -0.0224451 0.0188337
 endloop
endfacet
facet normal 0 0 0
 outer loop
 vertex -0.133 -0.0253745 0.01465
 vertex 0.209 -0.0224451 0.0188337
 vertex 0.209 -0.0253745 0.01465
 endloop
endfacet
facet normal 0 0 0
 outer loop
 vertex 0.209 -0.0249415 0.0144
 vertex 0.209 -0.0220621 0.0185123
 vertex -0.133 -0.0220621 0.0185123
 endloop
endfacet
facet normal 0 0 0
 outer loop
 vertex 0.209 -0.0249415 0.0144
 vertex -0.133 -0.0220621 0.0185123
 vertex -0.133 -0.0249415 0.0144
 endloop
endfacet
facet normal 0 0 0
 outer loop
 vertex -0.133 -0.0224451 0.0188337
 vertex -0.133 -0.0188337 0.0224451
 vertex 0.209 -0.0188337 0.0224451
 endloop
endfacet
facet normal 0 0 0
 outer loop
 vertex -0.133 -0.0224451 0.0188337
 vertex 0.209 -0.0188337 0.0224451
 vertex 0.209 -0.0224451 0.0188337
 endloop
endfacet
facet normal 0 0 0
 outer loop
 vertex 0.209 -0.0220621 0.0185123
 vertex 0.209 -0.0185123 0.0220621
 vertex -0.133 -0.0185123 0.0220621
 endloop
endfacet
facet normal 0 0 0
 outer loop
 vertex 0.209 -0.0220621 0.0185123
 vertex -0.133 -0.0185123 0.0220621
 vertex -0.133 -0.0220621 0.0185123
 endloop
endfacet
facet normal 0 0 0
 outer loop
 vertex -0.133 -0.0188337 0.0224451
 vertex -0.133 -0.01465 0.0253745
 vertex 0.209 -0.01465 0.0253745
 endloop
endfacet
facet normal 0 0 0
 outer loop
 vertex -0.133 -0.0188337 0.0224451
 vertex 0.209 -0.01465 0.0253745
 vertex 0.209 -0.0188337 0.0224451
 endloop
endfacet
facet normal 0 0 0
 outer loop
 vertex 0.209 -0.0185123 0.0220621
 vertex 0.209 -0.0144 0.0249415
 vertex -0.133 -0.0144 0.0249415
 endloop
endfacet
facet normal 0 0 0
 outer loop
 vertex 0.209 -0.0185123 0.0220621
 vertex -0.133 -0.0144 0.0249415
 vertex -0.133 -0.0185123 0.0220621
 endloop
endfacet
facet normal 0 0 0
 outer loop
 vertex -0.133 -0.01465 0.0253745
 vertex -0.133 -0.0100212 0.027533
 vertex 0.209 -0.0100212 0.027533
 endloop
endfacet
facet normal 0 0 0
 outer loop
 vertex -0.133 -0.01465 0.0253745
 vertex 0.209 -0.0100212 0.027533
 vertex 0.209 -0.01465 0.0253745
 endloop
endfacet
facet normal 0 0 0
 outer loop
 vertex 0.209 -0.0144 0.0249415
 vertex 0.209 -0.00985019 0.0270631
 vertex -0.133 -0.00985019 0.0270631
 endloop
endfacet
facet normal 0 0 0
 outer loop
 vertex 0.209 -0.0144 0.0249415
 vertex -0.133 -0.00985019 0.0270631
 vertex -0.133 -0.0144 0.0249415
 endloop
endfacet
facet normal 0 0 0
 outer loop
 vertex -0.133 -0.0100212 0.027533
 vertex -0.133 -0.00508789 0.0288549
 vertex 0.209 -0.00508789 0.0288549
 endloop
endfacet
facet normal 0 0 0
 outer loop
 vertex -0.133 -0.0100212 0.027533
 vertex 0.209 -0.00508789 0.0288549
 vertex 0.209 -0.0100212 0.027533
 endloop
endfacet
facet normal 0 0 0
 outer loop
 vertex 0.209 -0.00985019 0.0270631
 vertex 0.209 -0.00500106 0.0283625
 vertex -0.133 -0.00500106 0.0283625
 endloop
endfacet
facet normal 0 0 0
 outer loop
 vertex 0.209 -0.00985019 0.0270631
 vertex -0.133 -0.00500106 0.0283625
 vertex -0.133 -0.00985019 0.0270631
 endloop
endfacet
facet normal 0 0 0
 outer loop
 vertex -0.133 -0.00508789 0.0288549
 vertex -0.133 5.12297e-09 0.0293
 vertex 0.209 5.12297e-09 0.0293
 endloop
endfacet
facet normal 0 0 0
 outer loop
 vertex -0.133 -0.00508789 0.0288549
 vertex 0.209 5.12297e-09 0.0293
 vertex 0.209 -0.00508789 0.0288549
 endloop
endfacet
facet normal 0 0 0
 outer loop
 vertex 0.209 -0.00500106 0.0283625
 vertex 0.209 5.03555e-09 0.0288
 vertex -0.133 5.03555e-09 0.0288
 endloop
endfacet
facet normal 0 0 0
 outer loop
 vertex 0.209 -0.00500106 0.0283625
 vertex -0.133 5.03555e-09 0.0288
 vertex -0.133 -0.00500106 0.0283625
 endloop
endfacet
facet normal 0 0 0
 outer loop
 vertex -0.133 0 0.0288
 vertex -0.133 0.00500107 0.0283625
 vertex -0.133 0.00508789 0.0288549
 endloop
endfacet
facet normal 0 0 0
 outer loop
 vertex -0.133 0 0.0288
 vertex -0.133 0.00508789 0.0288549
 vertex -0.133 0 0.0293
 endloop
endfacet
facet normal 0 0 0
 outer loop
 vertex 0.209 0 0.0288
 vertex 0.209 0 0.0293
 vertex 0.209 0.00508789 0.0288549
 endloop
endfacet
facet normal 0 0 0
 outer loop
 vertex 0.209 0 0.0288
 vertex 0.209 0.00508789 0.0288549
 vertex 0.209 0.00500107 0.0283625
 endloop
endfacet
facet normal 0 0 0
 outer loop
 vertex -0.133 0.00500107 0.0283625
 vertex -0.133 0.00985018 0.0270631
 vertex -0.133 0.0100212 0.027533
 endloop
endfacet
facet normal 0 0 0
 outer loop
 vertex -0.133 0.00500107 0.0283625
 vertex -0.133 0.0100212 0.027533
 vertex -0.133 0.00508789 0.0288549
 endloop
endfacet
facet normal 0 0 0
 outer loop
 vertex 0.209 0.00500107 0.0283625
 vertex 0.209 0.00508789 0.0288549
 vertex 0.209 0.0100212 0.027533
 endloop
endfacet
facet normal 0 0 0
 outer loop
 vertex 0.209 0.00500107 0.0283625
 vertex 0.209 0.0100212 0.027533
 vertex 0.209 0.00985018 0.0270631
 endloop
endfacet
facet normal 0 0 0
 outer loop
 vertex -0.133 0.00985018 0.0270631
 vertex -0.133 0.0144 0.0249415
 vertex -0.133 0.01465 0.0253745
 endloop
endfacet
facet normal 0 0 0
 outer loop
 vertex -0.133 0.00985018 0.0270631
 vertex -0.133 0.01465 0.0253745
 vertex -0.133 0.0100212 0.027533
 endloop
endfacet
facet normal 0 0 0
 outer loop
 vertex 0.209 0.00985018 0.0270631
 vertex 0.209 0.0100212 0.027533
 vertex 0.209 0.01465 0.0253745
 endloop
endfacet
facet normal 0 0 0
 outer loop
 vertex 0.209 0.00985018 0.0270631
 vertex 0.209 0.01465 0.0253745
 vertex 0.209 0.0144 0.0249415
 endloop
endfacet
facet normal 0 0 0
 outer loop
 vertex -0.133 0.0144 0.0249415
 vertex -0.133 0.0185123 0.0220621
 vertex -0.133 0.0188337 0.0224451
 endloop
endfacet
facet normal 0 0 0
 outer loop
 vertex -0.133 0.0144 0.0249415
 vertex -0.133 0.0188337 0.0224451
 vertex -0.133 0.01465 0.0253745
 endloop
endfacet
facet normal 0 0 0
 outer loop
 vertex 0.209 0.0144 0.0249415
 vertex 0.209 0.01465 0.0253745
 vertex 0.209 0.0188337 0.0224451
 endloop
endfacet
facet normal 0 0 0
 outer loop
 vertex 0.209 0.0144 0.0249415
 vertex 0.209 0.0188337 0.0224451
 vertex 0.209 0.0185123 0.0220621
 endloop
endfacet
facet normal 0 0 0
 outer loop
 vertex -0.133 0.0185123 0.0220621
 vertex -0.133 0.0220621 0.0185123
 vertex -0.133 0.0224451 0.0188337
 endloop
endfacet
facet normal 0 0 0
 outer loop
 vertex -0.133 0.0185123 0.0220621
 vertex -0.133 0.0224451 0.0188337
 vertex -0.133 0.0188337 0.0224451
 endloop
endfacet
facet normal 0 0 0
 outer loop
 vertex 0.209 0.0185123 0.0220621
 vertex 0.209 0.0188337 0.0224451
 vertex 0.209 0.0224451 0.0188337
 endloop
endfacet
facet normal 0 0 0
 outer loop
 vertex 0.209 0.0185123 0.0220621
 vertex 0.209 0.0224451 0.0188337
 vertex 0.209 0.0220621 0.0185123
 endloop
endfacet
facet normal 0 0 0
 outer loop
 vertex -0.133 0.0220621 0.0185123
 vertex -0.133 0.0249415 0.0144
 vertex -0.133 0.0253745 0.01465
 endloop
endfacet
facet normal 0 0 0
 outer loop
 vertex -0.133 0.0220621 0.0185123
 vertex -0.133 0.0253745 0.01465
 vertex -0.133 0.0224451 0.0188337
 endloop
endfacet
facet normal 0 0 0
 outer loop
 vertex 0.209 0.0220621 0.0185123
 vertex 0.209 0.0224451 0.0188337
 vertex 0.209 0.0253745 0.01465
 endloop
endfacet
facet normal 0 0 0
 outer loop
 vertex 0.209 0.0220621 0.0185123
 vertex 0.209 0.0253745 0.01465
 vertex 0.209 0.0249415 0.0144
 endloop
endfacet
facet normal 0 0 0
 outer loop
 vertex -0.133 0.0249415 0.0144
 vertex -0.133 0.0270631 0.00985018
 vertex -0.133 0.027533 0.0100212
 endloop
endfacet
facet normal 0 0 0
 outer loop
 vertex -0.133 0.0249415 0.0144
 vertex -0.133 0.027533 0.0100212
 vertex -0.133 0.0253745 0.01465
 endloop
endfacet
facet normal 0 0 0
 outer loop
 vertex 0.209 0.0249415 0.0144
 vertex 0.209 0.0253745 0.01465
 vertex 0.209 0.027533 0.0100212
 endloop
endfacet
facet normal 0 0 0
 outer loop
 vertex 0.209 0.0249415 0.0144
 vertex 0.209 0.027533 0.0100212
 vertex 0.209 0.0270631 0.00985018
 endloop
endfacet
facet normal 0 0 0
 outer loop
 vertex -0.133 0.0270631 0.00985018
 vertex -0.133 0.0283625 0.00500107
 vertex -0.133 0.0288549 0.00508789
 endloop
endfacet
facet normal 0 0 0
 outer loop
 vertex -0.133 0.0270631 0.00985018
 vertex -0.133 0.0288549 0.00508789
 vertex -0.133 0.027533 0.0100212
 endloop
endfacet
facet normal 0 0 0
 outer loop
 vertex 0.209 0.0270631 0.00985018
 vertex 0.209 0.027533 0.0100212
 vertex 0.209 0.0288549 0.00508789
 endloop
endfacet
facet normal 0 0 0
 outer loop
 vertex 0.209 0.0270631 0.00985018
 vertex 0.209 0.0288549 0.00508789
 vertex 0.209 0.0283625 0.00500107
 endloop
endfacet
facet normal 0 0 0
 outer loop
 vertex -0.133 0.0283625 0.00500107
 vertex -0.133 0.0288 -1.25889e-09
 vertex -0.133 0.0293 -1.28074e-09
 endloop
endfacet
facet normal 0 0 0
 outer loop
 vertex -0.133 0.0283625 0.00500107
 vertex -0.133 0.0293 -1.28074e-09
 vertex -0.133 0.0288549 0.00508789
 endloop
endfacet
facet normal 0 0 0
 outer loop
 vertex 0.209 0.0283625 0.00500107
 vertex 0.209 0.0288549 0.00508789
 vertex 0.209 0.0293 -1.28074e-09
 endloop
endfacet
facet normal 0 0 0
 outer loop
 vertex 0.209 0.0283625 0.00500107
 vertex 0.209 0.0293 -1.28074e-09
 vertex 0.209 0.0288 -1.25889e-09
 endloop
endfacet
facet normal 0 0 0
 outer loop
 vertex -0.133 0.0288 -1.25889e-09
 vertex -0.133 0.0283625 -0.00500107
 vertex -0.133 0.0288549 -0.00508789
 endloop
endfacet
facet normal 0 0 0
 outer loop
 vertex -0.133 0.0288 -1.25889e-09
 vertex -0.133 0.0288549 -0.00508789
 vertex -0.133 0.0293 -1.28074e-09
 endloop
endfacet
facet normal 0 0 0
 outer loop
 vertex 0.209 0.0288 -1.25889e-09
 vertex 0.209 0.0293 -1.28074e-09
 vertex 0.209 0.0288549 -0.00508789
 endloop
endfacet
facet normal 0 0 0
 outer loop
 vertex 0.209 0.0288 -1.25889e-09
 vertex 0.209 0.0288549 -0.00508789
 vertex 0.209 0.0283625 -0.00500107
 endloop
endfacet
facet normal 0 0 0
 outer loop
 vertex -0.133 0.0283625 -0.00500107
 vertex -0.133 0.0270631 -0.00985018
 vertex -0.133 0.027533 -0.0100212
 endloop
endfacet
facet normal 0 0 0
 outer loop
 vertex -0.133 0.0283625 -0.00500107
 vertex -0.133 0.027533 -0.0100212
 vertex -0.133 0.0288549 -0.00508789
 endloop
endfacet
facet normal 0 0 0
 outer loop
 vertex 0.209 0.0283625 -0.00500107
 vertex 0.209 0.0288549 -0.00508789
 vertex 0.209 0.027533 -0.0100212
 endloop
endfacet
facet normal 0 0 0
 outer loop
 vertex 0.209 0.0283625 -0.00500107
 vertex 0.209 0.027533 -0.0100212
 vertex 0.209 0.0270631 -0.00985018
 endloop
endfacet
facet normal 0 0 0
 outer loop
 vertex -0.133 0.0270631 -0.00985018
 vertex -0.133 0.0249415 -0.0144
 vertex -0.133 0.0253745 -0.01465
 endloop
endfacet
facet normal 0 0 0
 outer loop
 vertex -0.133 0.0270631 -0.00985018
 vertex -0.133 0.0253745 -0.01465
 vertex -0.133 0.027533 -0.0100212
 endloop
endfacet
facet normal 0 0 0
 outer loop
 vertex 0.209 0.0270631 -0.00985018
 vertex 0.209 0.027533 -0.0100212
 vertex 0.209 0.0253745 -0.01465
 endloop
endfacet
facet normal 0 0 0
 outer loop
 vertex 0.209 0.0270631 -0.00985018
 vertex 0.209 0.0253745 -0.01465
 vertex 0.209 0.0249415 -0.0144
 endloop
endfacet
facet normal 0 0 0
 outer loop
 vertex -0.133 0.0249415 -0.0144
 vertex -0.133 0.0220621 -0.0185123
 vertex -0.133 0.0224451 -0.0188337
 endloop
endfacet
facet normal 0 0 0
 outer loop
 vertex -0.133 0.0249415 -0.0144
 vertex -0.133 0.0224451 -0.0188337
 vertex -0.133 0.0253745 -0.01465
 endloop
endfacet
facet normal 0 0 0
 outer loop
 vertex 0.209 0.0249415 -0.0144
 vertex 0.209 0.0253745 -0.01465
 vertex 0.209 0.0224451 -0.0188337
 endloop
endfacet
facet normal 0 0 0
 outer loop
 vertex 0.209 0.0249415 -0.0144
 vertex 0.209 0.0224451 -0.0188337
 vertex 0.209 0.0220621 -0.0185123
 endloop
endfacet
facet normal 0 0 0
 outer loop
 vertex -0.133 0.0220621 -0.0185123
 vertex -0.133 0.0185123 -0.0220621
 vertex -0.133 0.0188337 -0.0224451
 endloop
endfacet
facet normal 0 0 0
 outer loop
 vertex -0.133 0.0220621 -0.0185123
 vertex -0.133 0.0188337 -0.0224451
 vertex -0.133 0.0224451 -0.0188337
 endloop
endfacet
facet normal 0 0 0
 outer loop
 vertex 0.209 0.0220621 -0.0185123
 vertex 0.209 0.0224451 -0.0188337
 vertex 0.209 0.0188337 -0.0224451
 endloop
endfacet
facet normal 0 0 0
 outer loop
 vertex 0.209 0.0220621 -0.0185123
 vertex 0.209 0.0188337 -0.0224451
 vertex 0.209 0.0185123 -0.0220621
 endloop
endfacet
facet normal 0 0 0
 outer loop
 vertex -0.133 0.0185123 -0.0220621
 vertex -0.133 0.0144 -0.0249415
 vertex -0.133 0.01465 -0.0253745
 endloop
endfacet
facet normal 0 0 0
 outer loop
 vertex -0.133 0.0185123 -0.0220621
 vertex -0.133 0.01465 -0.0253745
 vertex -0.133 0.0188337 -0.0224451
 endloop
endfacet
facet normal 0 0 0
 outer loop
 vertex 0.209 0.0185123 -0.0220621
 vertex 0.209 0.0188337 -0.0224451
 vertex 0.209 0.01465 -0.0253745
 endloop
endfacet
facet normal 0 0 0
 outer loop
 vertex 0.209 0.0185123 -0.0220621
 vertex 0.209 0.01465 -0.0253745
 vertex 0.209 0.0144 -0.0249415
 endloop
endfacet
facet normal 0 0 0
 outer loop
 vertex -0.133 0.0144 -0.0249415
 vertex -0.133 0.00985018 -0.0270631
 vertex -0.133 0.0100212 -0.027533
 endloop
endfacet
facet normal 0 0 0
 outer loop
 vertex -0.133 0.0144 -0.0249415
 vertex -0.133 0.0100212 -0.027533
 vertex -0.133 0.01465 -0.0253745
 endloop
endfacet
facet normal 0 0 0
 outer loop
 vertex 0.209 0.0144 -0.0249415
 vertex 0.209 0.01465 -0.0253745
 vertex 0.209 0.0100212 -0.027533
 endloop
endfacet
facet normal 0 0 0
 outer loop
 vertex 0.209 0.0144 -0.0249415
 vertex 0.209 0.0100212 -0.027533
 vertex 0.209 0.00985018 -0.0270631
 endloop
endfacet
facet normal 0 0 0
 outer loop
 vertex -0.133 0.00985018 -0.0270631
 vertex -0.133 0.00500107 -0.0283625
 vertex -0.133 0.0050879 -0.0288549
 endloop
endfacet
facet normal 0 0 0
 outer loop
 vertex -0.133 0.00985018 -0.0270631
 vertex -0.133 0.0050879 -0.0288549
 vertex -0.133 0.0100212 -0.027533
 endloop
endfacet
facet normal 0 0 0
 outer loop
 vertex 0.209 0.00985018 -0.0270631
 vertex 0.209 0.0100212 -0.027533
 vertex 0.209 0.0050879 -0.0288549
 endloop
endfacet
facet normal 0 0 0
 outer loop
 vertex 0.209 0.00985018 -0.0270631
 vertex 0.209 0.0050879 -0.0288549
 vertex 0.209 0.00500107 -0.0283625
 endloop
endfacet
facet normal 0 0 0
 outer loop
 vertex -0.133 0.00500107 -0.0283625
 vertex -0.133 -2.51778e-09 -0.0288
 vertex -0.133 -2.56149e-09 -0.0293
 endloop
endfacet
facet normal 0 0 0
 outer loop
 vertex -0.133 0.00500107 -0.0283625
 vertex -0.133 -2.56149e-09 -0.0293
 vertex -0.133 0.0050879 -0.0288549
 endloop
endfacet
facet normal 0 0 0
 outer loop
 vertex 0.209 0.00500107 -0.0283625
 vertex 0.209 0.0050879 -0.0288549
 vertex 0.209 -2.56149e-09 -0.0293
 endloop
endfacet
facet normal 0 0 0
 outer loop
 vertex 0.209 0.00500107 -0.0283625
 vertex 0.209 -2.56149e-09 -0.0293
 vertex 0.209 -2.51778e-09 -0.0288
 endloop
endfacet
facet normal 0 0 0
 outer loop
 vertex -0.133 -2.51778e-09 -0.0288
 vertex -0.133 -0.00500107 -0.0283625
 vertex -0.133 -0.00508789 -0.0288549
 endloop
endfacet
facet normal 0 0 0
 outer loop
 vertex -0.133 -2.51778e-09 -0.0288
 vertex -0.133 -0.00508789 -0.0288549
 vertex -0.133 -2.56149e-09 -0.0293
 endloop
endfacet
facet normal 0 0 0
 outer loop
 vertex 0.209 -2.51778e-09 -0.0288
 vertex 0.209 -2.56149e-09 -0.0293
 vertex 0.209 -0.00508789 -0.0288549
 endloop
endfacet
facet normal 0 0 0
 outer loop
 vertex 0.209 -2.51778e-09 -0.0288
 vertex 0.209 -0.00508789 -0.0288549
 vertex 0.209 -0.00500107 -0.0283625
 endloop
endfacet
facet normal 0 0 0
 outer loop
 vertex -0.133 -0.00500107 -0.0283625
 vertex -0.133 -0.00985018 -0.0270631
 vertex -0.133 -0.0100212 -0.027533
 endloop
endfacet
facet normal 0 0 0
 outer loop
 vertex -0.133 -0.00500107 -0.0283625
 vertex -0.133 -0.0100212 -0.027533
 vertex -0.133 -0.00508789 -0.0288549
 endloop
endfacet
facet normal 0 0 0
 outer loop
 vertex 0.209 -0.00500107 -0.0283625
 vertex 0.209 -0.00508789 -0.0288549
 vertex 0.209 -0.0100212 -0.027533
 endloop
endfacet
facet normal 0 0 0
 outer loop
 vertex 0.209 -0.00500107 -0.0283625
 vertex 0.209 -0.0100212 -0.027533
 vertex 0.209 -0.00985018 -0.0270631
 endloop
endfacet
facet normal 0 0 0
 outer loop
 vertex -0.133 -0.00985018 -0.0270631
 vertex -0.133 -0.0144 -0.0249415
 vertex -0.133 -0.01465 -0.0253745
 endloop
endfacet
facet normal 0 0 0
 outer loop
 vertex -0.133 -0.00985018 -0.0270631
 vertex -0.133 -0.01465 -0.0253745
 vertex -0.133 -0.0100212 -0.027533
 endloop
endfacet
facet normal 0 0 0
 outer loop
 vertex 0.209 -0.00985018 -0.0270631
 vertex 0.209 -0.0100212 -0.027533
 vertex 0.209 -0.01465 -0.0253745
 endloop
endfacet
facet normal 0 0 0
 outer loop
 vertex 0.209 -0.00985018 -0.0270631
 vertex 0.209 -0.01465 -0.0253745
 vertex 0.209 -0.0144 -0.0249415
 endloop
endfacet
facet normal 0 0 0
 outer loop
 vertex -0.133 -0.0144 -0.0249415
 vertex -0.133 -0.0185123 -0.0220621
 vertex -0.133 -0.0188337 -0.0224451
 endloop
endfacet
facet normal 0 0 0
 outer loop
 vertex -0.133 -0.0144 -0.0249415
 vertex -0.133 -0.0188337 -0.0224451
 vertex -0.133 -0.01465 -0.0253745
 endloop
endfacet
facet normal 0 0 0
 outer loop
 vertex 0.209 -0.0144 -0.0249415
 vertex 0.209 -0.01465 -0.0253745
 vertex 0.209 -0.0188337 -0.0224451
 endloop
endfacet
facet normal 0 0 0
 outer loop
 vertex 0.209 -0.0144 -0.0249415
 vertex 0.209 -0.0188337 -0.0224451
 vertex 0.209 -0.0185123 -0.0220621
 endloop
endfacet
facet normal 0 0 0
 outer loop
 vertex -0.133 -0.0185123 -0.0220621
 vertex -0.133 -0.0220621 -0.0185123
 vertex -0.133 -0.0224451 -0.0188337
 endloop
endfacet
facet normal 0 0 0
 outer loop
 vertex -0.133 -0.0185123 -0.0220621
 vertex -0.133 -0.0224451 -0.0188337
 vertex -0.133 -0.0188337 -0.0224451
 endloop
endfacet
facet normal 0 0 0
 outer loop
 vertex 0.209 -0.0185123 -0.0220621
 vertex 0.209 -0.0188337 -0.0224451
 vertex 0.209 -0.0224451 -0.0188337
 endloop
endfacet
facet normal 0 0 0
 outer loop
 vertex 0.209 -0.0185123 -0.0220621
 vertex 0.209 -0.0224451 -0.0188337
 vertex 0.209 -0.0220621 -0.0185123
 endloop
endfacet
facet normal 0 0 0
 outer loop
 vertex -0.133 -0.0220621 -0.0185123
 vertex -0.133 -0.0249415 -0.0144
 vertex -0.133 -0.0253745 -0.01465
 endloop
endfacet
facet normal 0 0 0
 outer loop
 vertex -0.133 -0.0220621 -0.0185123
 vertex -0.133 -0.0253745 -0.01465
 vertex -0.133 -0.0224451 -0.0188337
 endloop
endfacet
facet normal 0 0 0
 outer loop
 vertex 0.209 -0.0220621 -0.0185123
 vertex 0.209 -0.0224451 -0.0188337
 vertex 0.209 -0.0253745 -0.01465
 endloop
endfacet
facet normal 0 0 0
 outer loop
 vertex 0.209 -0.0220621 -0.0185123
 vertex 0.209 -0.0253745 -0.01465
 vertex 0.209 -0.0249415 -0.0144
 endloop
endfacet
facet normal 0 0 0
 outer loop
 vertex -0.133 -0.0249415 -0.0144
 vertex -0.133 -0.0270631 -0.00985018
 vertex -0.133 -0.027533 -0.0100212
 endloop
endfacet
facet normal 0 0 0
 outer loop
 vertex -0.133 -0.0249415 -0.0144
 vertex -0.133 -0.027533 -0.0100212
 vertex -0.133 -0.0253745 -0.01465
 endloop
endfacet
facet normal 0 0 0
 outer loop
 vertex 0.209 -0.0249415 -0.0144
 vertex 0.209 -0.0253745 -0.01465
 vertex 0.209 -0.027533 -0.0100212
 endloop
endfacet
facet normal 0 0 0
 outer loop
 vertex 0.209 -0.0249415 -0.0144
 vertex 0.209 -0.027533 -0.0100212
 vertex 0.209 -0.0270631 -0.00985018
 endloop
endfacet
facet normal 0 0 0
 outer loop
 vertex -0.133 -0.0270631 -0.00985018
 vertex -0.133 -0.0283625 -0.00500107
 vertex -0.133 -0.0288549 -0.00508789
 endloop
endfacet
facet normal 0 0 0
 outer loop
 vertex -0.133 -0.0270631 -0.00985018
 vertex -0.133 -0.0288549 -0.00508789
 vertex -0.133 -0.027533 -0.0100212
 endloop
endfacet
facet normal 0 0 0
 outer loop
 vertex 0.209 -0.0270631 -0.00985018
 vertex 0.209 -0.027533 -0.0100212
 vertex 0.209 -0.0288549 -0.00508789
 endloop
endfacet
facet normal 0 0 0
 outer loop
 vertex 0.209 -0.0270631 -0.00985018
 vertex 0.209 -0.0288549 -0.00508789
 vertex 0.209 -0.0283625 -0.00500107
 endloop
endfacet
facet normal 0 0 0
 outer loop
 vertex -0.133 -0.0283625 -0.00500107
 vertex -0.133 -0.0288 3.43437e-10
 vertex -0.133 -0.0293 3.49399e-10
 endloop
endfacet
facet normal 0 0 0
 outer loop
 vertex -0.133 -0.0283625 -0.00500107
 vertex -0.133 -0.0293 3.49399e-10
 vertex -0.133 -0.0288549 -0.00508789
 endloop
endfacet
facet normal 0 0 0
 outer loop
 vertex 0.209 -0.0283625 -0.00500107
 vertex 0.209 -0.0288549 -0.00508789
 vertex 0.209 -0.0293 3.49399e-10
 endloop
endfacet
facet normal 0 0 0
 outer loop
 vertex 0.209 -0.0283625 -0.00500107
 vertex 0.209 -0.0293 3.49399e-10
 vertex 0.209 -0.0288 3.43437e-10
 endloop
endfacet
facet normal 0 0 0
 outer loop
 vertex -0.133 -0.0288 3.43437e-10
 vertex -0.133 -0.0283625 0.00500107
 vertex -0.133 -0.0288549 0.00508789
 endloop
endfacet
facet normal 0 0 0
 outer loop
 vertex -0.133 -0.0288 3.43437e-10
 vertex -0.133 -0.0288549 0.00508789
 vertex -0.133 -0.0293 3.49399e-10
 endloop
endfacet
facet normal 0 0 0
 outer loop
 vertex 0.209 -0.0288 3.43437e-10
 vertex 0.209 -0.0293 3.49399e-10
 vertex 0.209 -0.0288549 0.00508789
 endloop
endfacet
facet normal 0 0 0
 outer loop
 vertex 0.209 -0.0288 3.43437e-10
 vertex 0.209 -0.0288549 0.00508789
 vertex 0.209 -0.0283625 0.00500107
 endloop
endfacet
facet normal 0 0 0
 outer loop
 vertex -0.133 -0.0283625 0.00500107
 vertex -0.133 -0.0270631 0.00985018
 vertex -0.133 -0.027533 0.0100212
 endloop
endfacet
facet normal 0 0 0
 outer loop
 vertex -0.133 -0.0283625 0.00500107
 vertex -0.133 -0.027533 0.0100212
 vertex -0.133 -0.0288549 0.00508789
 endloop
endfacet
facet normal 0 0 0
 outer loop
 vertex 0.209 -0.0283625 0.00500107
 vertex 0.209 -0.0288549 0.00508789
 vertex 0.209 -0.027533 0.0100212
 endloop
endfacet
facet normal 0 0 0
 outer loop
 vertex 0.209 -0.0283625 0.00500107
 vertex 0.209 -0.027533 0.0100212
 vertex 0.209 -0.0270631 0.00985018
 endloop
endfacet
facet normal 0 0 0
 outer loop
 vertex -0.133 -0.0270631 0.00985018
 vertex -0.133 -0.0249415 0.0144
 vertex -0.133 -0.0253745 0.01465
 endloop
endfacet
facet normal 0 0 0
 outer loop
 vertex -0.133 -0.0270631 0.00985018
 vertex -0.133 -0.0253745 0.01465
 vertex -0.133 -0.027533 0.0100212
 endloop
endfacet
facet normal 0 0 0
 outer loop
 vertex 0.209 -0.0270631 0.00985018
 vertex 0.209 -0.027533 0.0100212
 vertex 0.209 -0.0253745 0.01465
 endloop
endfacet
facet normal 0 0 0
 outer loop
 vertex 0.209 -0.0270631 0.00985018
 vertex 0.209 -0.0253745 0.01465
 vertex 0.209 -0.0249415 0.0144
 endloop
endfacet
facet normal 0 0 0
 outer loop
 vertex -0.133 -0.0249415 0.0144
 vertex -0.133 -0.0220621 0.0185123
 vertex -0.133 -0.0224451 0.0188337
 endloop
endfacet
facet normal 0 0 0
 outer loop
 vertex -0.133 -0.0249415 0.0144
 vertex -0.133 -0.0224451 0.0188337
 vertex -0.133 -0.0253745 0.01465
 endloop
endfacet
facet normal 0 0 0
 outer loop
 vertex 0.209 -0.0249415 0.0144
 vertex 0.209 -0.0253745 0.01465
 vertex 0.209 -0.0224451 0.0188337
 endloop
endfacet
facet normal 0 0 0
 outer loop
 vertex 0.209 -0.0249415 0.0144
 vertex 0.209 -0.0224451 0.0188337
 vertex 0.209 -0.0220621 0.0185123
 endloop
endfacet
facet normal 0 0 0
 outer loop
 vertex -0.133 -0.0220621 0.0185123
 vertex -0.133 -0.0185123 0.0220621
 vertex -0.133 -0.0188337 0.0224451
 endloop
endfacet
facet normal 0 0 0
 outer loop
 vertex -0.133 -0.0220621 0.0185123
 vertex -0.133 -0.0188337 0.0224451
 vertex -0.133 -0.0224451 0.0188337
 endloop
endfacet
facet normal 0 0 0
 outer loop
 vertex 0.209 -0.0220621 0.0185123
 vertex 0.209 -0.0224451 0.0188337
 vertex 0.209 -0.0188337 0.0224451
 endloop
endfacet
facet normal 0 0 0
 outer loop
 vertex 0.209 -0.0220621 0.0185123
 vertex 0.209 -0.0188337 0.0224451
 vertex 0.209 -0.0185123 0.0220621
 endloop
endfacet
facet normal 0 0 0
 outer loop
 vertex -0.133 -0.0185123 0.0220621
 vertex -0.133 -0.0144 0.0249415
 vertex -0.133 -0.01465 0.0253745
 endloop
endfacet
facet normal 0 0 0
 outer loop
 vertex -0.133 -0.0185123 0.0220621
 vertex -0.133 -0.01465 0.0253745
 vertex -0.133 -0.0188337 0.0224451
 endloop
endfacet
facet normal 0 0 0
 outer loop
 vertex 0.209 -0.0185123 0.0220621
 vertex 0.209 -0.0188337 0.0224451
 vertex 0.209 -0.01465 0.0253745
 endloop
endfacet
facet normal 0 0 0
 outer loop
 vertex 0.209 -0.0185123 0.0220621
 vertex 0.209 -0.01465 0.0253745
 vertex 0.209 -0.0144 0.0249415
 endloop
endfacet
facet normal 0 0 0
 outer loop
 vertex -0.133 -0.0144 0.0249415
 vertex -0.133 -0.00985019 0.0270631
 vertex -0.133 -0.0100212 0.027533
 endloop
endfacet
facet normal 0 0 0
 outer loop
 vertex -0.133 -0.0144 0.0249415
 vertex -0.133 -0.0100212 0.027533
 vertex -0.133 -0.01465 0.0253745
 endloop
endfacet
facet normal 0 0 0
 outer loop
 vertex 0.209 -0.0144 0.0249415
 vertex 0.209 -0.01465 0.0253745
 vertex 0.209 -0.0100212 0.027533
 endloop
endfacet
facet normal 0 0 0
 outer loop
 vertex 0.209 -0.0144 0.0249415
 vertex 0.209 -0.0100212 0.027533
 vertex 0.209 -0.00985019 0.0270631
 endloop
endfacet
facet normal 0 0 0
 outer loop
 vertex -0.133 -0.00985019 0.0270631
 vertex -0.133 -0.00500106 0.0283625
 vertex -0.133 -0.00508789 0.0288549
 endloop
endfacet
facet normal 0 0 0
 outer loop
 vertex -0.133 -0.00985019 0.0270631
 vertex -0.133 -0.00508789 0.0288549
 vertex -0.133 -0.0100212 0.027533
 endloop
endfacet
facet normal 0 0 0
 outer loop
 vertex 0.209 -0.00985019 0.0270631
 vertex 0.209 -0.0100212 0.027533
 vertex 0.209 -0.00508789 0.0288549
 endloop
endfacet
facet normal 0 0 0
 outer loop
 vertex 0.209 -0.00985019 0.0270631
 vertex 0.209 -0.00508789 0.0288549
 vertex 0.209 -0.00500106 0.0283625
 endloop
endfacet
facet normal 0 0 0
 outer loop
 vertex -0.133 -0.00500106 0.0283625
 vertex -0.133 5.03555e-09 0.0288
 vertex -0.133 5.12297e-09 0.0293
 endloop
endfacet
facet normal 0 0 0
 outer loop
 vertex -0.133 -0.00500106 0.0283625
 vertex -0.133 5.12297e-09 0.0293
 vertex -0.133 -0.00508789 0.0288549
 endloop
endfacet
facet normal 0 0 0
 outer loop
 vertex 0.209 -0.00500106 0.0283625
 vertex 0.209 -0.00508789 0.0288549
 vertex 0.209 5.12297e-09 0.0293
 endloop
endfacet
facet normal 0 0 0
 outer loop
 vertex 0.209 -0.00500106 0.0283625
 vertex 0.209 5.12297e-09 0.0293
 vertex 0.209 5.03555e-09 0.0288
 endloop
endfacet
facet normal 0 0 0
 outer loop
 vertex -0.133 0 0.0296
 vertex -0.133 0.00513999 0.0291503
 vertex 0.209 0.00513999 0.0291503
 endloop
endfacet
facet normal 0 0 0
 outer loop
 vertex -0.133 0 0.0296
 vertex 0.209 0.00513999 0.0291503
 vertex 0.209 0 0.0296
 endloop
endfacet
facet normal 0 0 0
 outer loop
 vertex 0.209 0 0.0291
 vertex 0.209 0.00505316 0.0286579
 vertex -0.133 0.00505316 0.0286579
 endloop
endfacet
facet normal 0 0 0
 outer loop
 vertex 0.209 0 0.0291
 vertex -0.133 0.00505316 0.0286579
 vertex -0.133 0 0.0291
 endloop
endfacet
facet normal 0 0 0
 outer loop
 vertex -0.133 0.00513999 0.0291503
 vertex -0.133 0.0101238 0.0278149
 vertex 0.209 0.0101238 0.0278149
 endloop
endfacet
facet normal 0 0 0
 outer loop
 vertex -0.133 0.00513999 0.0291503
 vertex 0.209 0.0101238 0.0278149
 vertex 0.209 0.00513999 0.0291503
 endloop
endfacet
facet normal 0 0 0
 outer loop
 vertex 0.209 0.00505316 0.0286579
 vertex 0.209 0.00995279 0.0273451
 vertex -0.133 0.00995279 0.0273451
 endloop
endfacet
facet normal 0 0 0
 outer loop
 vertex 0.209 0.00505316 0.0286579
 vertex -0.133 0.00995279 0.0273451
 vertex -0.133 0.00505316 0.0286579
 endloop
endfacet
facet normal 0 0 0
 outer loop
 vertex -0.133 0.0101238 0.0278149
 vertex -0.133 0.0148 0.0256344
 vertex 0.209 0.0148 0.0256344
 endloop
endfacet
facet normal 0 0 0
 outer loop
 vertex -0.133 0.0101238 0.0278149
 vertex 0.209 0.0148 0.0256344
 vertex 0.209 0.0101238 0.0278149
 endloop
endfacet
facet normal 0 0 0
 outer loop
 vertex 0.209 0.00995279 0.0273451
 vertex 0.209 0.01455 0.0252013
 vertex -0.133 0.01455 0.0252013
 endloop
endfacet
facet normal 0 0 0
 outer loop
 vertex 0.209 0.00995279 0.0273451
 vertex -0.133 0.01455 0.0252013
 vertex -0.133 0.00995279 0.0273451
 endloop
endfacet
facet normal 0 0 0
 outer loop
 vertex -0.133 0.0148 0.0256344
 vertex -0.133 0.0190265 0.0226749
 vertex 0.209 0.0190265 0.0226749
 endloop
endfacet
facet normal 0 0 0
 outer loop
 vertex -0.133 0.0148 0.0256344
 vertex 0.209 0.0190265 0.0226749
 vertex 0.209 0.0148 0.0256344
 endloop
endfacet
facet normal 0 0 0
 outer loop
 vertex 0.209 0.01455 0.0252013
 vertex 0.209 0.0187051 0.0222919
 vertex -0.133 0.0187051 0.0222919
 endloop
endfacet
facet normal 0 0 0
 outer loop
 vertex 0.209 0.01455 0.0252013
 vertex -0.133 0.0187051 0.0222919
 vertex -0.133 0.01455 0.0252013
 endloop
endfacet
facet normal 0 0 0
 outer loop
 vertex -0.133 0.0190265 0.0226749
 vertex -0.133 0.0226749 0.0190265
 vertex 0.209 0.0226749 0.0190265
 endloop
endfacet
facet normal 0 0 0
 outer loop
 vertex -0.133 0.0190265 0.0226749
 vertex 0.209 0.0226749 0.0190265
 vertex 0.209 0.0190265 0.0226749
 endloop
endfacet
facet normal 0 0 0
 outer loop
 vertex 0.209 0.0187051 0.0222919
 vertex 0.209 0.0222919 0.0187051
 vertex -0.133 0.0222919 0.0187051
 endloop
endfacet
facet normal 0 0 0
 outer loop
 vertex 0.209 0.0187051 0.0222919
 vertex -0.133 0.0222919 0.0187051
 vertex -0.133 0.0187051 0.0222919
 endloop
endfacet
facet normal 0 0 0
 outer loop
 vertex -0.133 0.0226749 0.0190265
 vertex -0.133 0.0256344 0.0148
 vertex 0.209 0.0256344 0.0148
 endloop
endfacet
facet normal 0 0 0
 outer loop
 vertex -0.133 0.0226749 0.0190265
 vertex 0.209 0.0256344 0.0148
 vertex 0.209 0.0226749 0.0190265
 endloop
endfacet
facet normal 0 0 0
 outer loop
 vertex 0.209 0.0222919 0.0187051
 vertex 0.209 0.0252013 0.01455
 vertex -0.133 0.0252013 0.01455
 endloop
endfacet
facet normal 0 0 0
 outer loop
 vertex 0.209 0.0222919 0.0187051
 vertex -0.133 0.0252013 0.01455
 vertex -0.133 0.0222919 0.0187051
 endloop
endfacet
facet normal 0 0 0
 outer loop
 vertex -0.133 0.0256344 0.0148
 vertex -0.133 0.0278149 0.0101238
 vertex 0.209 0.0278149 0.0101238
 endloop
endfacet
facet normal 0 0 0
 outer loop
 vertex -0.133 0.0256344 0.0148
 vertex 0.209 0.0278149 0.0101238
 vertex 0.209 0.0256344 0.0148
 endloop
endfacet
facet normal 0 0 0
 outer loop
 vertex 0.209 0.0252013 0.01455
 vertex 0.209 0.0273451 0.00995279
 vertex -0.133 0.0273451 0.00995279
 endloop
endfacet
facet normal 0 0 0
 outer loop
 vertex 0.209 0.0252013 0.01455
 vertex -0.133 0.0273451 0.00995279
 vertex -0.133 0.0252013 0.01455
 endloop
endfacet
facet normal 0 0 0
 outer loop
 vertex -0.133 0.0278149 0.0101238
 vertex -0.133 0.0291503 0.00513999
 vertex 0.209 0.0291503 0.00513999
 endloop
endfacet
facet normal 0 0 0
 outer loop
 vertex -0.133 0.0278149 0.0101238
 vertex 0.209 0.0291503 0.00513999
 vertex 0.209 0.0278149 0.0101238
 endloop
endfacet
facet normal 0 0 0
 outer loop
 vertex 0.209 0.0273451 0.00995279
 vertex 0.209 0.0286579 0.00505316
 vertex -0.133 0.0286579 0.00505316
 endloop
endfacet
facet normal 0 0 0
 outer loop
 vertex 0.209 0.0273451 0.00995279
 vertex -0.133 0.0286579 0.00505316
 vertex -0.133 0.0273451 0.00995279
 endloop
endfacet
facet normal 0 0 0
 outer loop
 vertex -0.133 0.0291503 0.00513999
 vertex -0.133 0.0296 -1.29386e-09
 vertex 0.209 0.0296 -1.29386e-09
 endloop
endfacet
facet normal 0 0 0
 outer loop
 vertex -0.133 0.0291503 0.00513999
 vertex 0.209 0.0296 -1.29386e-09
 vertex 0.209 0.0291503 0.00513999
 endloop
endfacet
facet normal 0 0 0
 outer loop
 vertex 0.209 0.0286579 0.00505316
 vertex 0.209 0.0291 -1.272e-09
 vertex -0.133 0.0291 -1.272e-09
 endloop
endfacet
facet normal 0 0 0
 outer loop
 vertex 0.209 0.0286579 0.00505316
 vertex -0.133 0.0291 -1.272e-09
 vertex -0.133 0.0286579 0.00505316
 endloop
endfacet
facet normal 0 0 0
 outer loop
 vertex -0.133 0.0296 -1.29386e-09
 vertex -0.133 0.0291503 -0.00513999
 vertex 0.209 0.0291503 -0.00513999
 endloop
endfacet
facet normal 0 0 0
 outer loop
 vertex -0.133 0.0296 -1.29386e-09
 vertex 0.209 0.0291503 -0.00513999
 vertex 0.209 0.0296 -1.29386e-09
 endloop
endfacet
facet normal 0 0 0
 outer loop
 vertex 0.209 0.0291 -1.272e-09
 vertex 0.209 0.0286579 -0.00505316
 vertex -0.133 0.0286579 -0.00505316
 endloop
endfacet
facet normal 0 0 0
 outer loop
 vertex 0.209 0.0291 -1.272e-09
 vertex -0.133 0.0286579 -0.00505316
 vertex -0.133 0.0291 -1.272e-09
 endloop
endfacet
facet normal 0 0 0
 outer loop
 vertex -0.133 0.0291503 -0.00513999
 vertex -0.133 0.0278149 -0.0101238
 vertex 0.209 0.0278149 -0.0101238
 endloop
endfacet
facet normal 0 0 0
 outer loop
 vertex -0.133 0.0291503 -0.00513999
 vertex 0.209 0.0278149 -0.0101238
 vertex 0.209 0.0291503 -0.00513999
 endloop
endfacet
facet normal 0 0 0
 outer loop
 vertex 0.209 0.0286579 -0.00505316
 vertex 0.209 0.0273451 -0.00995279
 vertex -0.133 0.0273451 -0.00995279
 endloop
endfacet
facet normal 0 0 0
 outer loop
 vertex 0.209 0.0286579 -0.00505316
 vertex -0.133 0.0273451 -0.00995279
 vertex -0.133 0.0286579 -0.00505316
 endloop
endfacet
facet normal 0 0 0
 outer loop
 vertex -0.133 0.0278149 -0.0101238
 vertex -0.133 0.0256344 -0.0148
 vertex 0.209 0.0256344 -0.0148
 endloop
endfacet
facet normal 0 0 0
 outer loop
 vertex -0.133 0.0278149 -0.0101238
 vertex 0.209 0.0256344 -0.0148
 vertex 0.209 0.0278149 -0.0101238
 endloop
endfacet
facet normal 0 0 0
 outer loop
 vertex 0.209 0.0273451 -0.00995279
 vertex 0.209 0.0252013 -0.01455
 vertex -0.133 0.0252013 -0.01455
 endloop
endfacet
facet normal 0 0 0
 outer loop
 vertex 0.209 0.0273451 -0.00995279
 vertex -0.133 0.0252013 -0.01455
 vertex -0.133 0.0273451 -0.00995279
 endloop
endfacet
facet normal 0 0 0
 outer loop
 vertex -0.133 0.0256344 -0.0148
 vertex -0.133 0.0226749 -0.0190265
 vertex 0.209 0.0226749 -0.0190265
 endloop
endfacet
facet normal 0 0 0
 outer loop
 vertex -0.133 0.0256344 -0.0148
 vertex 0.209 0.0226749 -0.0190265
 vertex 0.209 0.0256344 -0.0148
 endloop
endfacet
facet normal 0 0 0
 outer loop
 vertex 0.209 0.0252013 -0.01455
 vertex 0.209 0.0222919 -0.0187051
 vertex -0.133 0.0222919 -0.0187051
 endloop
endfacet
facet normal 0 0 0
 outer loop
 vertex 0.209 0.0252013 -0.01455
 vertex -0.133 0.0222919 -0.0187051
 vertex -0.133 0.0252013 -0.01455
 endloop
endfacet
facet normal 0 0 0
 outer loop
 vertex -0.133 0.0226749 -0.0190265
 vertex -0.133 0.0190265 -0.0226749
 vertex 0.209 0.0190265 -0.0226749
 endloop
endfacet
facet normal 0 0 0
 outer loop
 vertex -0.133 0.0226749 -0.0190265
 vertex 0.209 0.0190265 -0.0226749
 vertex 0.209 0.0226749 -0.0190265
 endloop
endfacet
facet normal 0 0 0
 outer loop
 vertex 0.209 0.0222919 -0.0187051
 vertex 0.209 0.0187051 -0.0222919
 vertex -0.133 0.0187051 -0.0222919
 endloop
endfacet
facet normal 0 0 0
 outer loop
 vertex 0.209 0.0222919 -0.0187051
 vertex -0.133 0.0187051 -0.0222919
 vertex -0.133 0.0222919 -0.0187051
 endloop
endfacet
facet normal 0 0 0
 outer loop
 vertex -0.133 0.0190265 -0.0226749
 vertex -0.133 0.0148 -0.0256344
 vertex 0.209 0.0148 -0.0256344
 endloop
endfacet
facet normal 0 0 0
 outer loop
 vertex -0.133 0.0190265 -0.0226749
 vertex 0.209 0.0148 -0.0256344
 vertex 0.209 0.0190265 -0.0226749
 endloop
endfacet
facet normal 0 0 0
 outer loop
 vertex 0.209 0.0187051 -0.0222919
 vertex 0.209 0.01455 -0.0252013
 vertex -0.133 0.01455 -0.0252013
 endloop
endfacet
facet normal 0 0 0
 outer loop
 vertex 0.209 0.0187051 -0.0222919
 vertex -0.133 0.01455 -0.0252013
 vertex -0.133 0.0187051 -0.0222919
 endloop
endfacet
facet normal 0 0 0
 outer loop
 vertex -0.133 0.0148 -0.0256344
 vertex -0.133 0.0101238 -0.0278149
 vertex 0.209 0.0101238 -0.0278149
 endloop
endfacet
facet normal 0 0 0
 outer loop
 vertex -0.133 0.0148 -0.0256344
 vertex 0.209 0.0101238 -0.0278149
 vertex 0.209 0.0148 -0.0256344
 endloop
endfacet
facet normal 0 0 0
 outer loop
 vertex 0.209 0.01455 -0.0252013
 vertex 0.209 0.00995279 -0.0273451
 vertex -0.133 0.00995279 -0.0273451
 endloop
endfacet
facet normal 0 0 0
 outer loop
 vertex 0.209 0.01455 -0.0252013
 vertex -0.133 0.00995279 -0.0273451
 vertex -0.133 0.01455 -0.0252013
 endloop
endfacet
facet normal 0 0 0
 outer loop
 vertex -0.133 0.0101238 -0.0278149
 vertex -0.133 0.00513999 -0.0291503
 vertex 0.209 0.00513999 -0.0291503
 endloop
endfacet
facet normal 0 0 0
 outer loop
 vertex -0.133 0.0101238 -0.0278149
 vertex 0.209 0.00513999 -0.0291503
 vertex 0.209 0.0101238 -0.0278149
 endloop
endfacet
facet normal 0 0 0
 outer loop
 vertex 0.209 0.00995279 -0.0273451
 vertex 0.209 0.00505317 -0.0286579
 vertex -0.133 0.00505317 -0.0286579
 endloop
endfacet
facet normal 0 0 0
 outer loop
 vertex 0.209 0.00995279 -0.0273451
 vertex -0.133 0.00505317 -0.0286579
 vertex -0.133 0.00995279 -0.0273451
 endloop
endfacet
facet normal 0 0 0
 outer loop
 vertex -0.133 0.00513999 -0.0291503
 vertex -0.133 -2.58771e-09 -0.0296
 vertex 0.209 -2.58771e-09 -0.0296
 endloop
endfacet
facet normal 0 0 0
 outer loop
 vertex -0.133 0.00513999 -0.0291503
 vertex 0.209 -2.58771e-09 -0.0296
 vertex 0.209 0.00513999 -0.0291503
 endloop
endfacet
facet normal 0 0 0
 outer loop
 vertex 0.209 0.00505317 -0.0286579
 vertex 0.209 -2.544e-09 -0.0291
 vertex -0.133 -2.544e-09 -0.0291
 endloop
endfacet
facet normal 0 0 0
 outer loop
 vertex 0.209 0.00505317 -0.0286579
 vertex -0.133 -2.544e-09 -0.0291
 vertex -0.133 0.00505317 -0.0286579
 endloop
endfacet
facet normal 0 0 0
 outer loop
 vertex -0.133 -2.58771e-09 -0.0296
 vertex -0.133 -0.00513999 -0.0291503
 vertex 0.209 -0.00513999 -0.0291503
 endloop
endfacet
facet normal 0 0 0
 outer loop
 vertex -0.133 -2.58771e-09 -0.0296
 vertex 0.209 -0.00513999 -0.0291503
 vertex 0.209 -2.58771e-09 -0.0296
 endloop
endfacet
facet normal 0 0 0
 outer loop
 vertex 0.209 -2.544e-09 -0.0291
 vertex 0.209 -0.00505316 -0.0286579
 vertex -0.133 -0.00505316 -0.0286579
 endloop
endfacet
facet normal 0 0 0
 outer loop
 vertex 0.209 -2.544e-09 -0.0291
 vertex -0.133 -0.00505316 -0.0286579
 vertex -0.133 -2.544e-09 -0.0291
 endloop
endfacet
facet normal 0 0 0
 outer loop
 vertex -0.133 -0.00513999 -0.0291503
 vertex -0.133 -0.0101238 -0.0278149
 vertex 0.209 -0.0101238 -0.0278149
 endloop
endfacet
facet normal 0 0 0
 outer loop
 vertex -0.133 -0.00513999 -0.0291503
 vertex 0.209 -0.0101238 -0.0278149
 vertex 0.209 -0.00513999 -0.0291503
 endloop
endfacet
facet normal 0 0 0
 outer loop
 vertex 0.209 -0.00505316 -0.0286579
 vertex 0.209 -0.00995279 -0.0273451
 vertex -0.133 -0.00995279 -0.0273451
 endloop
endfacet
facet normal 0 0 0
 outer loop
 vertex 0.209 -0.00505316 -0.0286579
 vertex -0.133 -0.00995279 -0.0273451
 vertex -0.133 -0.00505316 -0.0286579
 endloop
endfacet
facet normal 0 0 0
 outer loop
 vertex -0.133 -0.0101238 -0.0278149
 vertex -0.133 -0.0148 -0.0256344
 vertex 0.209 -0.0148 -0.0256344
 endloop
endfacet
facet normal 0 0 0
 outer loop
 vertex -0.133 -0.0101238 -0.0278149
 vertex 0.209 -0.0148 -0.0256344
 vertex 0.209 -0.0101238 -0.0278149
 endloop
endfacet
facet normal 0 0 0
 outer loop
 vertex 0.209 -0.00995279 -0.0273451
 vertex 0.209 -0.01455 -0.0252013
 vertex -0.133 -0.01455 -0.0252013
 endloop
endfacet
facet normal 0 0 0
 outer loop
 vertex 0.209 -0.00995279 -0.0273451
 vertex -0.133 -0.01455 -0.0252013
 vertex -0.133 -0.00995279 -0.0273451
 endloop
endfacet
facet normal 0 0 0
 outer loop
 vertex -0.133 -0.0148 -0.0256344
 vertex -0.133 -0.0190265 -0.0226749
 vertex 0.209 -0.0190265 -0.0226749
 endloop
endfacet
facet normal 0 0 0
 outer loop
 vertex -0.133 -0.0148 -0.0256344
 vertex 0.209 -0.0190265 -0.0226749
 vertex 0.209 -0.0148 -0.0256344
 endloop
endfacet
facet normal 0 0 0
 outer loop
 vertex 0.209 -0.01455 -0.0252013
 vertex 0.209 -0.0187051 -0.0222919
 vertex -0.133 -0.0187051 -0.0222919
 endloop
endfacet
facet normal 0 0 0
 outer loop
 vertex 0.209 -0.01455 -0.0252013
 vertex -0.133 -0.0187051 -0.0222919
 vertex -0.133 -0.01455 -0.0252013
 endloop
endfacet
facet normal 0 0 0
 outer loop
 vertex -0.133 -0.0190265 -0.0226749
 vertex -0.133 -0.0226749 -0.0190265
 vertex 0.209 -0.0226749 -0.0190265
 endloop
endfacet
facet normal 0 0 0
 outer loop
 vertex -0.133 -0.0190265 -0.0226749
 vertex 0.209 -0.0226749 -0.0190265
 vertex 0.209 -0.0190265 -0.0226749
 endloop
endfacet
facet normal 0 0 0
 outer loop
 vertex 0.209 -0.0187051 -0.0222919
 vertex 0.209 -0.0222919 -0.0187051
 vertex -0.133 -0.0222919 -0.0187051
 endloop
endfacet
facet normal 0 0 0
 outer loop
 vertex 0.209 -0.0187051 -0.0222919
 vertex -0.133 -0.0222919 -0.0187051
 vertex -0.133 -0.0187051 -0.0222919
 endloop
endfacet
facet normal 0 0 0
 outer loop
 vertex -0.133 -0.0226749 -0.0190265
 vertex -0.133 -0.0256344 -0.0148
 vertex 0.209 -0.0256344 -0.0148
 endloop
endfacet
facet normal 0 0 0
 outer loop
 vertex -0.133 -0.0226749 -0.0190265
 vertex 0.209 -0.0256344 -0.0148
 vertex 0.209 -0.0226749 -0.0190265
 endloop
endfacet
facet normal 0 0 0
 outer loop
 vertex 0.209 -0.0222919 -0.0187051
 vertex 0.209 -0.0252013 -0.01455
 vertex -0.133 -0.0252013 -0.01455
 endloop
endfacet
facet normal 0 0 0
 outer loop
 vertex 0.209 -0.0222919 -0.0187051
 vertex -0.133 -0.0252013 -0.01455
 vertex -0.133 -0.0222919 -0.0187051
 endloop
endfacet
facet normal 0 0 0
 outer loop
 vertex -0.133 -0.0256344 -0.0148
 vertex -0.133 -0.0278149 -0.0101238
 vertex 0.209 -0.0278149 -0.0101238
 endloop
endfacet
facet normal 0 0 0
 outer loop
 vertex -0.133 -0.0256344 -0.0148
 vertex 0.209 -0.0278149 -0.0101238
 vertex 0.209 -0.0256344 -0.0148
 endloop
endfacet
facet normal 0 0 0
 outer loop
 vertex 0.209 -0.0252013 -0.01455
 vertex 0.209 -0.0273451 -0.00995278
 vertex -0.133 -0.0273451 -0.00995278
 endloop
endfacet
facet normal 0 0 0
 outer loop
 vertex 0.209 -0.0252013 -0.01455
 vertex -0.133 -0.0273451 -0.00995278
 vertex -0.133 -0.0252013 -0.01455
 endloop
endfacet
facet normal 0 0 0
 outer loop
 vertex -0.133 -0.0278149 -0.0101238
 vertex -0.133 -0.0291503 -0.00513998
 vertex 0.209 -0.0291503 -0.00513998
 endloop
endfacet
facet normal 0 0 0
 outer loop
 vertex -0.133 -0.0278149 -0.0101238
 vertex 0.209 -0.0291503 -0.00513998
 vertex 0.209 -0.0278149 -0.0101238
 endloop
endfacet
facet normal 0 0 0
 outer loop
 vertex 0.209 -0.0273451 -0.00995278
 vertex 0.209 -0.0286579 -0.00505316
 vertex -0.133 -0.0286579 -0.00505316
 endloop
endfacet
facet normal 0 0 0
 outer loop
 vertex 0.209 -0.0273451 -0.00995278
 vertex -0.133 -0.0286579 -0.00505316
 vertex -0.133 -0.0273451 -0.00995278
 endloop
endfacet
facet normal 0 0 0
 outer loop
 vertex -0.133 -0.0291503 -0.00513998
 vertex -0.133 -0.0296 3.52976e-10
 vertex 0.209 -0.0296 3.52976e-10
 endloop
endfacet
facet normal 0 0 0
 outer loop
 vertex -0.133 -0.0291503 -0.00513998
 vertex 0.209 -0.0296 3.52976e-10
 vertex 0.209 -0.0291503 -0.00513998
 endloop
endfacet
facet normal 0 0 0
 outer loop
 vertex 0.209 -0.0286579 -0.00505316
 vertex 0.209 -0.0291 3.47014e-10
 vertex -0.133 -0.0291 3.47014e-10
 endloop
endfacet
facet normal 0 0 0
 outer loop
 vertex 0.209 -0.0286579 -0.00505316
 vertex -0.133 -0.0291 3.47014e-10
 vertex -0.133 -0.0286579 -0.00505316
 endloop
endfacet
facet normal 0 0 0
 outer loop
 vertex -0.133 -0.0296 3.52976e-10
 vertex -0.133 -0.0291503 0.00513999
 vertex 0.209 -0.0291503 0.00513999
 endloop
endfacet
facet normal 0 0 0
 outer loop
 vertex -0.133 -0.0296 3.52976e-10
 vertex 0.209 -0.0291503 0.00513999
 vertex 0.209 -0.0296 3.52976e-10
 endloop
endfacet
facet normal 0 0 0
 outer loop
 vertex 0.209 -0.0291 3.47014e-10
 vertex 0.209 -0.0286579 0.00505316
 vertex -0.133 -0.0286579 0.00505316
 endloop
endfacet
facet normal 0 0 0
 outer loop
 vertex 0.209 -0.0291 3.47014e-10
 vertex -0.133 -0.0286579 0.00505316
 vertex -0.133 -0.0291 3.47014e-10
 endloop
endfacet
facet normal 0 0 0
 outer loop
 vertex -0.133 -0.0291503 0.00513999
 vertex -0.133 -0.0278149 0.0101238
 vertex 0.209 -0.0278149 0.0101238
 endloop
endfacet
facet normal 0 0 0
 outer loop
 vertex -0.133 -0.0291503 0.00513999
 vertex 0.209 -0.0278149 0.0101238
 vertex 0.209 -0.0291503 0.00513999
 endloop
endfacet
facet normal 0 0 0
 outer loop
 vertex 0.209 -0.0286579 0.00505316
 vertex 0.209 -0.0273451 0.00995279
 vertex -0.133 -0.0273451 0.00995279
 endloop
endfacet
facet normal 0 0 0
 outer loop
 vertex 0.209 -0.0286579 0.00505316
 vertex -0.133 -0.0273451 0.00995279
 vertex -0.133 -0.0286579 0.00505316
 endloop
endfacet
facet normal 0 0 0
 outer loop
 vertex -0.133 -0.0278149 0.0101238
 vertex -0.133 -0.0256344 0.0148
 vertex 0.209 -0.0256344 0.0148
 endloop
endfacet
facet normal 0 0 0
 outer loop
 vertex -0.133 -0.0278149 0.0101238
 vertex 0.209 -0.0256344 0.0148
 vertex 0.209 -0.0278149 0.0101238
 endloop
endfacet
facet normal 0 0 0
 outer loop
 vertex 0.209 -0.0273451 0.00995279
 vertex 0.209 -0.0252013 0.01455
 vertex -0.133 -0.0252013 0.01455
 endloop
endfacet
facet normal 0 0 0
 outer loop
 vertex 0.209 -0.0273451 0.00995279
 vertex -0.133 -0.0252013 0.01455
 vertex -0.133 -0.0273451 0.00995279
 endloop
endfacet
facet normal 0 0 0
 outer loop
 vertex -0.133 -0.0256344 0.0148
 vertex -0.133 -0.0226749 0.0190265
 vertex 0.209 -0.0226749 0.0190265
 endloop
endfacet
facet normal 0 0 0
 outer loop
 vertex -0.133 -0.0256344 0.0148
 vertex 0.209 -0.0226749 0.0190265
 vertex 0.209 -0.0256344 0.0148
 endloop
endfacet
facet normal 0 0 0
 outer loop
 vertex 0.209 -0.0252013 0.01455
 vertex 0.209 -0.0222919 0.0187051
 vertex -0.133 -0.0222919 0.0187051
 endloop
endfacet
facet normal 0 0 0
 outer loop
 vertex 0.209 -0.0252013 0.01455
 vertex -0.133 -0.0222919 0.0187051
 vertex -0.133 -0.0252013 0.01455
 endloop
endfacet
facet normal 0 0 0
 outer loop
 vertex -0.133 -0.0226749 0.0190265
 vertex -0.133 -0.0190265 0.0226749
 vertex 0.209 -0.0190265 0.0226749
 endloop
endfacet
facet normal 0 0 0
 outer loop
 vertex -0.133 -0.0226749 0.0190265
 vertex 0.209 -0.0190265 0.0226749
 vertex 0.209 -0.0226749 0.0190265
 endloop
endfacet
facet normal 0 0 0
 outer loop
 vertex 0.209 -0.0222919 0.0187051
 vertex 0.209 -0.0187051 0.0222919
 vertex -0.133 -0.0187051 0.0222919
 endloop
endfacet
facet normal 0 0 0
 outer loop
 vertex 0.209 -0.0222919 0.0187051
 vertex -0.133 -0.0187051 0.0222919
 vertex -0.133 -0.0222919 0.0187051
 endloop
endfacet
facet normal 0 0 0
 outer loop
 vertex -0.133 -0.0190265 0.0226749
 vertex -0.133 -0.0148 0.0256344
 vertex 0.209 -0.0148 0.0256344
 endloop
endfacet
facet normal 0 0 0
 outer loop
 vertex -0.133 -0.0190265 0.0226749
 vertex 0.209 -0.0148 0.0256344
 vertex 0.209 -0.0190265 0.0226749
 endloop
endfacet
facet normal 0 0 0
 outer loop
 vertex 0.209 -0.0187051 0.0222919
 vertex 0.209 -0.01455 0.0252013
 vertex -0.133 -0.01455 0.0252013
 endloop
endfacet
facet normal 0 0 0
 outer loop
 vertex 0.209 -0.0187051 0.0222919
 vertex -0.133 -0.01455 0.0252013
 vertex -0.133 -0.0187051 0.0222919
 endloop
endfacet
facet normal 0 0 0
 outer loop
 vertex -0.133 -0.0148 0.0256344
 vertex -0.133 -0.0101238 0.0278149
 vertex 0.209 -0.0101238 0.0278149
 endloop
endfacet
facet normal 0 0 0
 outer loop
 vertex -0.133 -0.0148 0.0256344
 vertex 0.209 -0.0101238 0.0278149
 vertex 0.209 -0.0148 0.0256344
 endloop
endfacet
facet normal 0 0 0
 outer loop
 vertex 0.209 -0.01455 0.0252013
 vertex 0.209 -0.00995279 0.0273451
 vertex -0.133 -0.00995279 0.0273451
 endloop
endfacet
facet normal 0 0 0
 outer loop
 vertex 0.209 -0.01455 0.0252013
 vertex -0.133 -0.00995279 0.0273451
 vertex -0.133 -0.01455 0.0252013
 endloop
endfacet
facet normal 0 0 0
 outer loop
 vertex -0.133 -0.0101238 0.0278149
 vertex -0.133 -0.00513998 0.0291503
 vertex 0.209 -0.00513998 0.0291503
 endloop
endfacet
facet normal 0 0 0
 outer loop
 vertex -0.133 -0.0101238 0.0278149
 vertex 0.209 -0.00513998 0.0291503
 vertex 0.209 -0.0101238 0.0278149
 endloop
endfacet
facet normal 0 0 0
 outer loop
 vertex 0.209 -0.00995279 0.0273451
 vertex 0.209 -0.00505316 0.0286579
 vertex -0.133 -0.00505316 0.0286579
 endloop
endfacet
facet normal 0 0 0
 outer loop
 vertex 0.209 -0.00995279 0.0273451
 vertex -0.133 -0.00505316 0.0286579
 vertex -0.133 -0.00995279 0.0273451
 endloop
endfacet
facet normal 0 0 0
 outer loop
 vertex -0.133 -0.00513998 0.0291503
 vertex -0.133 5.17543e-09 0.0296
 vertex 0.209 5.17543e-09 0.0296
 endloop
endfacet
facet normal 0 0 0
 outer loop
 vertex -0.133 -0.00513998 0.0291503
 vertex 0.209 5.17543e-09 0.0296
 vertex 0.209 -0.00513998 0.0291503
 endloop
endfacet
facet normal 0 0 0
 outer loop
 vertex 0.209 -0.00505316 0.0286579
 vertex 0.209 5.08801e-09 0.0291
 vertex -0.133 5.08801e-09 0.0291
 endloop
endfacet
facet normal 0 0 0
 outer loop
 vertex 0.209 -0.00505316 0.0286579
 vertex -0.133 5.08801e-09 0.0291
 vertex -0.133 -0.00505316 0.0286579
 endloop
endfacet
facet normal 0 0 0
 outer loop
 vertex -0.133 0 0.0291
 vertex -0.133 0.00505316 0.0286579
 vertex -0.133 0.00513999 0.0291503
 endloop
endfacet
facet normal 0 0 0
 outer loop
 vertex -0.133 0 0.0291
 vertex -0.133 0.00513999 0.0291503
 vertex -0.133 0 0.0296
 endloop
endfacet
facet normal 0 0 0
 outer loop
 vertex 0.209 0 0.0291
 vertex 0.209 0 0.0296
 vertex 0.209 0.00513999 0.0291503
 endloop
endfacet
facet normal 0 0 0
 outer loop
 vertex 0.209 0 0.0291
 vertex 0.209 0.00513999 0.0291503
 vertex 0.209 0.00505316 0.0286579
 endloop
endfacet
facet normal 0 0 0
 outer loop
 vertex -0.133 0.00505316 0.0286579
 vertex -0.133 0.00995279 0.0273451
 vertex -0.133 0.0101238 0.0278149
 endloop
endfacet
facet normal 0 0 0
 outer loop
 vertex -0.133 0.00505316 0.0286579
 vertex -0.133 0.0101238 0.0278149
 vertex -0.133 0.00513999 0.0291503
 endloop
endfacet
facet normal 0 0 0
 outer loop
 vertex 0.209 0.00505316 0.0286579
 vertex 0.209 0.00513999 0.0291503
 vertex 0.209 0.0101238 0.0278149
 endloop
endfacet
facet normal 0 0 0
 outer loop
 vertex 0.209 0.00505316 0.0286579
 vertex 0.209 0.0101238 0.0278149
 vertex 0.209 0.00995279 0.0273451
 endloop
endfacet
facet normal 0 0 0
 outer loop
 vertex -0.133 0.00995279 0.0273451
 vertex -0.133 0.01455 0.0252013
 vertex -0.133 0.0148 0.0256344
 endloop
endfacet
facet normal 0 0 0
 outer loop
 vertex -0.133 0.00995279 0.0273451
 vertex -0.133 0.0148 0.0256344
 vertex -0.133 0.0101238 0.0278149
 endloop
endfacet
facet normal 0 0 0
 outer loop
 vertex 0.209 0.00995279 0.0273451
 vertex 0.209 0.0101238 0.0278149
 vertex 0.209 0.0148 0.0256344
 endloop
endfacet
facet normal 0 0 0
 outer loop
 vertex 0.209 0.00995279 0.0273451
 vertex 0.209 0.0148 0.0256344
 vertex 0.209 0.01455 0.0252013
 endloop
endfacet
facet normal 0 0 0
 outer loop
 vertex -0.133 0.01455 0.0252013
 vertex -0.133 0.0187051 0.0222919
 vertex -0.133 0.0190265 0.0226749
 endloop
endfacet
facet normal 0 0 0
 outer loop
 vertex -0.133 0.01455 0.0252013
 vertex -0.133 0.0190265 0.0226749
 vertex -0.133 0.0148 0.0256344
 endloop
endfacet
facet normal 0 0 0
 outer loop
 vertex 0.209 0.01455 0.0252013
 vertex 0.209 0.0148 0.0256344
 vertex 0.209 0.0190265 0.0226749
 endloop
endfacet
facet normal 0 0 0
 outer loop
 vertex 0.209 0.01455 0.0252013
 vertex 0.209 0.0190265 0.0226749
 vertex 0.209 0.0187051 0.0222919
 endloop
endfacet
facet normal 0 0 0
 outer loop
 vertex -0.133 0.0187051 0.0222919
 vertex -0.133 0.0222919 0.0187051
 vertex -0.133 0.0226749 0.0190265
 endloop
endfacet
facet normal 0 0 0
 outer loop
 vertex -0.133 0.0187051 0.0222919
 vertex -0.133 0.0226749 0.0190265
 vertex -0.133 0.0190265 0.0226749
 endloop
endfacet
facet normal 0 0 0
 outer loop
 vertex 0.209 0.0187051 0.0222919
 vertex 0.209 0.0190265 0.0226749
 vertex 0.209 0.0226749 0.0190265
 endloop
endfacet
facet normal 0 0 0
 outer loop
 vertex 0.209 0.0187051 0.0222919
 vertex 0.209 0.0226749 0.0190265
 vertex 0.209 0.0222919 0.0187051
 endloop
endfacet
facet normal 0 0 0
 outer loop
 vertex -0.133 0.0222919 0.0187051
 vertex -0.133 0.0252013 0.01455
 vertex -0.133 0.0256344 0.0148
 endloop
endfacet
facet normal 0 0 0
 outer loop
 vertex -0.133 0.0222919 0.0187051
 vertex -0.133 0.0256344 0.0148
 vertex -0.133 0.0226749 0.0190265
 endloop
endfacet
facet normal 0 0 0
 outer loop
 vertex 0.209 0.0222919 0.0187051
 vertex 0.209 0.0226749 0.0190265
 vertex 0.209 0.0256344 0.0148
 endloop
endfacet
facet normal 0 0 0
 outer loop
 vertex 0.209 0.0222919 0.0187051
 vertex 0.209 0.0256344 0.0148
 vertex 0.209 0.0252013 0.01455
 endloop
endfacet
facet normal 0 0 0
 outer loop
 vertex -0.133 0.0252013 0.01455
 vertex -0.133 0.0273451 0.00995279
 vertex -0.133 0.0278149 0.0101238
 endloop
endfacet
facet normal 0 0 0
 outer loop
 vertex -0.133 0.0252013 0.01455
 vertex -0.133 0.0278149 0.0101238
 vertex -0.133 0.0256344 0.0148
 endloop
endfacet
facet normal 0 0 0
 outer loop
 vertex 0.209 0.0252013 0.01455
 vertex 0.209 0.0256344 0.0148
 vertex 0.209 0.0278149 0.0101238
 endloop
endfacet
facet normal 0 0 0
 outer loop
 vertex 0.209 0.0252013 0.01455
 vertex 0.209 0.0278149 0.0101238
 vertex 0.209 0.0273451 0.00995279
 endloop
endfacet
facet normal 0 0 0
 outer loop
 vertex -0.133 0.0273451 0.00995279
 vertex -0.133 0.0286579 0.00505316
 vertex -0.133 0.0291503 0.00513999
 endloop
endfacet
facet normal 0 0 0
 outer loop
 vertex -0.133 0.0273451 0.00995279
 vertex -0.133 0.0291503 0.00513999
 vertex -0.133 0.0278149 0.0101238
 endloop
endfacet
facet normal 0 0 0
 outer loop
 vertex 0.209 0.0273451 0.00995279
 vertex 0.209 0.0278149 0.0101238
 vertex 0.209 0.0291503 0.00513999
 endloop
endfacet
facet normal 0 0 0
 outer loop
 vertex 0.209 0.0273451 0.00995279
 vertex 0.209 0.0291503 0.00513999
 vertex 0.209 0.0286579 0.00505316
 endloop
endfacet
facet normal 0 0 0
 outer loop
 vertex -0.133 0.0286579 0.00505316
 vertex -0.133 0.0291 -1.272e-09
 vertex -0.133 0.0296 -1.29386e-09
 endloop
endfacet
facet normal 0 0 0
 outer loop
 vertex -0.133 0.0286579 0.00505316
 vertex -0.133 0.0296 -1.29386e-09
 vertex -0.133 0.0291503 0.00513999
 endloop
endfacet
facet normal 0 0 0
 outer loop
 vertex 0.209 0.0286579 0.00505316
 vertex 0.209 0.0291503 0.00513999
 vertex 0.209 0.0296 -1.29386e-09
 endloop
endfacet
facet normal 0 0 0
 outer loop
 vertex 0.209 0.0286579 0.00505316
 vertex 0.209 0.0296 -1.29386e-09
 vertex 0.209 0.0291 -1.272e-09
 endloop
endfacet
facet normal 0 0 0
 outer loop
 vertex -0.133 0.0291 -1.272e-09
 vertex -0.133 0.0286579 -0.00505316
 vertex -0.133 0.0291503 -0.00513999
 endloop
endfacet
facet normal 0 0 0
 outer loop
 vertex -0.133 0.0291 -1.272e-09
 vertex -0.133 0.0291503 -0.00513999
 vertex -0.133 0.0296 -1.29386e-09
 endloop
endfacet
facet normal 0 0 0
 outer loop
 vertex 0.209 0.0291 -1.272e-09
 vertex 0.209 0.0296 -1.29386e-09
 vertex 0.209 0.0291503 -0.00513999
 endloop
endfacet
facet normal 0 0 0
 outer loop
 vertex 0.209 0.0291 -1.272e-09
 vertex 0.209 0.0291503 -0.00513999
 vertex 0.209 0.0286579 -0.00505316
 endloop
endfacet
facet normal 0 0 0
 outer loop
 vertex -0.133 0.0286579 -0.00505316
 vertex -0.133 0.0273451 -0.00995279
 vertex -0.133 0.0278149 -0.0101238
 endloop
endfacet
facet normal 0 0 0
 outer loop
 vertex -0.133 0.0286579 -0.00505316
 vertex -0.133 0.0278149 -0.0101238
 vertex -0.133 0.0291503 -0.00513999
 endloop
endfacet
facet normal 0 0 0
 outer loop
 vertex 0.209 0.0286579 -0.00505316
 vertex 0.209 0.0291503 -0.00513999
 vertex 0.209 0.0278149 -0.0101238
 endloop
endfacet
facet normal 0 0 0
 outer loop
 vertex 0.209 0.0286579 -0.00505316
 vertex 0.209 0.0278149 -0.0101238
 vertex 0.209 0.0273451 -0.00995279
 endloop
endfacet
facet normal 0 0 0
 outer loop
 vertex -0.133 0.0273451 -0.00995279
 vertex -0.133 0.0252013 -0.01455
 vertex -0.133 0.0256344 -0.0148
 endloop
endfacet
facet normal 0 0 0
 outer loop
 vertex -0.133 0.0273451 -0.00995279
 vertex -0.133 0.0256344 -0.0148
 vertex -0.133 0.0278149 -0.0101238
 endloop
endfacet
facet normal 0 0 0
 outer loop
 vertex 0.209 0.0273451 -0.00995279
 vertex 0.209 0.0278149 -0.0101238
 vertex 0.209 0.0256344 -0.0148
 endloop
endfacet
facet normal 0 0 0
 outer loop
 vertex 0.209 0.0273451 -0.00995279
 vertex 0.209 0.0256344 -0.0148
 vertex 0.209 0.0252013 -0.01455
 endloop
endfacet
facet normal 0 0 0
 outer loop
 vertex -0.133 0.0252013 -0.01455
 vertex -0.133 0.0222919 -0.0187051
 vertex -0.133 0.0226749 -0.0190265
 endloop
endfacet
facet normal 0 0 0
 outer loop
 vertex -0.133 0.0252013 -0.01455
 vertex -0.133 0.0226749 -0.0190265
 vertex -0.133 0.0256344 -0.0148
 endloop
endfacet
facet normal 0 0 0
 outer loop
 vertex 0.209 0.0252013 -0.01455
 vertex 0.209 0.0256344 -0.0148
 vertex 0.209 0.0226749 -0.0190265
 endloop
endfacet
facet normal 0 0 0
 outer loop
 vertex 0.209 0.0252013 -0.01455
 vertex 0.209 0.0226749 -0.0190265
 vertex 0.209 0.0222919 -0.0187051
 endloop
endfacet
facet normal 0 0 0
 outer loop
 vertex -0.133 0.0222919 -0.0187051
 vertex -0.133 0.0187051 -0.0222919
 vertex -0.133 0.0190265 -0.0226749
 endloop
endfacet
facet normal 0 0 0
 outer loop
 vertex -0.133 0.0222919 -0.0187051
 vertex -0.133 0.0190265 -0.0226749
 vertex -0.133 0.0226749 -0.0190265
 endloop
endfacet
facet normal 0 0 0
 outer loop
 vertex 0.209 0.0222919 -0.0187051
 vertex 0.209 0.0226749 -0.0190265
 vertex 0.209 0.0190265 -0.0226749
 endloop
endfacet
facet normal 0 0 0
 outer loop
 vertex 0.209 0.0222919 -0.0187051
 vertex 0.209 0.0190265 -0.0226749
 vertex 0.209 0.0187051 -0.0222919
 endloop
endfacet
facet normal 0 0 0
 outer loop
 vertex -0.133 0.0187051 -0.0222919
 vertex -0.133 0.01455 -0.0252013
 vertex -0.133 0.0148 -0.0256344
 endloop
endfacet
facet normal 0 0 0
 outer loop
 vertex -0.133 0.0187051 -0.0222919
 vertex -0.133 0.0148 -0.0256344
 vertex -0.133 0.0190265 -0.0226749
 endloop
endfacet
facet normal 0 0 0
 outer loop
 vertex 0.209 0.0187051 -0.0222919
 vertex 0.209 0.0190265 -0.0226749
 vertex 0.209 0.0148 -0.0256344
 endloop
endfacet
facet normal 0 0 0
 outer loop
 vertex 0.209 0.0187051 -0.0222919
 vertex 0.209 0.0148 -0.0256344
 vertex 0.209 0.01455 -0.0252013
 endloop
endfacet
facet normal 0 0 0
 outer loop
 vertex -0.133 0.01455 -0.0252013
 vertex -0.133 0.00995279 -0.0273451
 vertex -0.133 0.0101238 -0.0278149
 endloop
endfacet
facet normal 0 0 0
 outer loop
 vertex -0.133 0.01455 -0.0252013
 vertex -0.133 0.0101238 -0.0278149
 vertex -0.133 0.0148 -0.0256344
 endloop
endfacet
facet normal 0 0 0
 outer loop
 vertex 0.209 0.01455 -0.0252013
 vertex 0.209 0.0148 -0.0256344
 vertex 0.209 0.0101238 -0.0278149
 endloop
endfacet
facet normal 0 0 0
 outer loop
 vertex 0.209 0.01455 -0.0252013
 vertex 0.209 0.0101238 -0.0278149
 vertex 0.209 0.00995279 -0.0273451
 endloop
endfacet
facet normal 0 0 0
 outer loop
 vertex -0.133 0.00995279 -0.0273451
 vertex -0.133 0.00505317 -0.0286579
 vertex -0.133 0.00513999 -0.0291503
 endloop
endfacet
facet normal 0 0 0
 outer loop
 vertex -0.133 0.00995279 -0.0273451
 vertex -0.133 0.00513999 -0.0291503
 vertex -0.133 0.0101238 -0.0278149
 endloop
endfacet
facet normal 0 0 0
 outer loop
 vertex 0.209 0.00995279 -0.0273451
 vertex 0.209 0.0101238 -0.0278149
 vertex 0.209 0.00513999 -0.0291503
 endloop
endfacet
facet normal 0 0 0
 outer loop
 vertex 0.209 0.00995279 -0.0273451
 vertex 0.209 0.00513999 -0.0291503
 vertex 0.209 0.00505317 -0.0286579
 endloop
endfacet
facet normal 0 0 0
 outer loop
 vertex -0.133 0.00505317 -0.0286579
 vertex -0.133 -2.544e-09 -0.0291
 vertex -0.133 -2.58771e-09 -0.0296
 endloop
endfacet
facet normal 0 0 0
 outer loop
 vertex -0.133 0.00505317 -0.0286579
 vertex -0.133 -2.58771e-09 -0.0296
 vertex -0.133 0.00513999 -0.0291503
 endloop
endfacet
facet normal 0 0 0
 outer loop
 vertex 0.209 0.00505317 -0.0286579
 vertex 0.209 0.00513999 -0.0291503
 vertex 0.209 -2.58771e-09 -0.0296
 endloop
endfacet
facet normal 0 0 0
 outer loop
 vertex 0.209 0.00505317 -0.0286579
 vertex 0.209 -2.58771e-09 -0.0296
 vertex 0.209 -2.544e-09 -0.0291
 endloop
endfacet
facet normal 0 0 0
 outer loop
 vertex -0.133 -2.544e-09 -0.0291
 vertex -0.133 -0.00505316 -0.0286579
 vertex -0.133 -0.00513999 -0.0291503
 endloop
endfacet
facet normal 0 0 0
 outer loop
 vertex -0.133 -2.544e-09 -0.0291
 vertex -0.133 -0.00513999 -0.0291503
 vertex -0.133 -2.58771e-09 -0.0296
 endloop
endfacet
facet normal 0 0 0
 outer loop
 vertex 0.209 -2.544e-09 -0.0291
 vertex 0.209 -2.58771e-09 -0.0296
 vertex 0.209 -0.00513999 -0.0291503
 endloop
endfacet
facet normal 0 0 0
 outer loop
 vertex 0.209 -2.544e-09 -0.0291
 vertex 0.209 -0.00513999 -0.0291503
 vertex 0.209 -0.00505316 -0.0286579
 endloop
endfacet
facet normal 0 0 0
 outer loop
 vertex -0.133 -0.00505316 -0.0286579
 vertex -0.133 -0.00995279 -0.0273451
 vertex -0.133 -0.0101238 -0.0278149
 endloop
endfacet
facet normal 0 0 0
 outer loop
 vertex -0.133 -0.00505316 -0.0286579
 vertex -0.133 -0.0101238 -0.0278149
 vertex -0.133 -0.00513999 -0.0291503
 endloop
endfacet
facet normal 0 0 0
 outer loop
 vertex 0.209 -0.00505316 -0.0286579
 vertex 0.209 -0.00513999 -0.0291503
 vertex 0.209 -0.0101238 -0.0278149
 endloop
endfacet
facet normal 0 0 0
 outer loop
 vertex 0.209 -0.00505316 -0.0286579
 vertex 0.209 -0.0101238 -0.0278149
 vertex 0.209 -0.00995279 -0.0273451
 endloop
endfacet
facet normal 0 0 0
 outer loop
 vertex -0.133 -0.00995279 -0.0273451
 vertex -0.133 -0.01455 -0.0252013
 vertex -0.133 -0.0148 -0.0256344
 endloop
endfacet
facet normal 0 0 0
 outer loop
 vertex -0.133 -0.00995279 -0.0273451
 vertex -0.133 -0.0148 -0.0256344
 vertex -0.133 -0.0101238 -0.0278149
 endloop
endfacet
facet normal 0 0 0
 outer loop
 vertex 0.209 -0.00995279 -0.0273451
 vertex 0.209 -0.0101238 -0.0278149
 vertex 0.209 -0.0148 -0.0256344
 endloop
endfacet
facet normal 0 0 0
 outer loop
 vertex 0.209 -0.00995279 -0.0273451
 vertex 0.209 -0.0148 -0.0256344
 vertex 0.209 -0.01455 -0.0252013
 endloop
endfacet
facet normal 0 0 0
 outer loop
 vertex -0.133 -0.01455 -0.0252013
 vertex -0.133 -0.0187051 -0.0222919
 vertex -0.133 -0.0190265 -0.0226749
 endloop
endfacet
facet normal 0 0 0
 outer loop
 vertex -0.133 -0.01455 -0.0252013
 vertex -0.133 -0.0190265 -0.0226749
 vertex -0.133 -0.0148 -0.0256344
 endloop
endfacet
facet normal 0 0 0
 outer loop
 vertex 0.209 -0.01455 -0.0252013
 vertex 0.209 -0.0148 -0.0256344
 vertex 0.209 -0.0190265 -0.0226749
 endloop
endfacet
facet normal 0 0 0
 outer loop
 vertex 0.209 -0.01455 -0.0252013
 vertex 0.209 -0.0190265 -0.0226749
 vertex 0.209 -0.0187051 -0.0222919
 endloop
endfacet
facet normal 0 0 0
 outer loop
 vertex -0.133 -0.0187051 -0.0222919
 vertex -0.133 -0.0222919 -0.0187051
 vertex -0.133 -0.0226749 -0.0190265
 endloop
endfacet
facet normal 0 0 0
 outer loop
 vertex -0.133 -0.0187051 -0.0222919
 vertex -0.133 -0.0226749 -0.0190265
 vertex -0.133 -0.0190265 -0.0226749
 endloop
endfacet
facet normal 0 0 0
 outer loop
 vertex 0.209 -0.0187051 -0.0222919
 vertex 0.209 -0.0190265 -0.0226749
 vertex 0.209 -0.0226749 -0.0190265
 endloop
endfacet
facet normal 0 0 0
 outer loop
 vertex 0.209 -0.0187051 -0.0222919
 vertex 0.209 -0.0226749 -0.0190265
 vertex 0.209 -0.0222919 -0.0187051
 endloop
endfacet
facet normal 0 0 0
 outer loop
 vertex -0.133 -0.0222919 -0.0187051
 vertex -0.133 -0.0252013 -0.01455
 vertex -0.133 -0.0256344 -0.0148
 endloop
endfacet
facet normal 0 0 0
 outer loop
 vertex -0.133 -0.0222919 -0.0187051
 vertex -0.133 -0.0256344 -0.0148
 vertex -0.133 -0.0226749 -0.0190265
 endloop
endfacet
facet normal 0 0 0
 outer loop
 vertex 0.209 -0.0222919 -0.0187051
 vertex 0.209 -0.0226749 -0.0190265
 vertex 0.209 -0.0256344 -0.0148
 endloop
endfacet
facet normal 0 0 0
 outer loop
 vertex 0.209 -0.0222919 -0.0187051
 vertex 0.209 -0.0256344 -0.0148
 vertex 0.209 -0.0252013 -0.01455
 endloop
endfacet
facet normal 0 0 0
 outer loop
 vertex -0.133 -0.0252013 -0.01455
 vertex -0.133 -0.0273451 -0.00995278
 vertex -0.133 -0.0278149 -0.0101238
 endloop
endfacet
facet normal 0 0 0
 outer loop
 vertex -0.133 -0.0252013 -0.01455
 vertex -0.133 -0.0278149 -0.0101238
 vertex -0.133 -0.0256344 -0.0148
 endloop
endfacet
facet normal 0 0 0
 outer loop
 vertex 0.209 -0.0252013 -0.01455
 vertex 0.209 -0.0256344 -0.0148
 vertex 0.209 -0.0278149 -0.0101238
 endloop
endfacet
facet normal 0 0 0
 outer loop
 vertex 0.209 -0.0252013 -0.01455
 vertex 0.209 -0.0278149 -0.0101238
 vertex 0.209 -0.0273451 -0.00995278
 endloop
endfacet
facet normal 0 0 0
 outer loop
 vertex -0.133 -0.0273451 -0.00995278
 vertex -0.133 -0.0286579 -0.00505316
 vertex -0.133 -0.0291503 -0.00513998
 endloop
endfacet
facet normal 0 0 0
 outer loop
 vertex -0.133 -0.0273451 -0.00995278
 vertex -0.133 -0.0291503 -0.00513998
 vertex -0.133 -0.0278149 -0.0101238
 endloop
endfacet
facet normal 0 0 0
 outer loop
 vertex 0.209 -0.0273451 -0.00995278
 vertex 0.209 -0.0278149 -0.0101238
 vertex 0.209 -0.0291503 -0.00513998
 endloop
endfacet
facet normal 0 0 0
 outer loop
 vertex 0.209 -0.0273451 -0.00995278
 vertex 0.209 -0.0291503 -0.00513998
 vertex 0.209 -0.0286579 -0.00505316
 endloop
endfacet
facet normal 0 0 0
 outer loop
 vertex -0.133 -0.0286579 -0.00505316
 vertex -0.133 -0.0291 3.47014e-10
 vertex -0.133 -0.0296 3.52976e-10
 endloop
endfacet
facet normal 0 0 0
 outer loop
 vertex -0.133 -0.0286579 -0.00505316
 vertex -0.133 -0.0296 3.52976e-10
 vertex -0.133 -0.0291503 -0.00513998
 endloop
endfacet
facet normal 0 0 0
 outer loop
 vertex 0.209 -0.0286579 -0.00505316
 vertex 0.209 -0.0291503 -0.00513998
 vertex 0.209 -0.0296 3.52976e-10
 endloop
endfacet
facet normal 0 0 0
 outer loop
 vertex 0.209 -0.0286579 -0.00505316
 vertex 0.209 -0.0296 3.52976e-10
 vertex 0.209 -0.0291 3.47014e-10
 endloop
endfacet
facet normal 0 0 0
 outer loop
 vertex -0.133 -0.0291 3.47014e-10
 vertex -0.133 -0.0286579 0.00505316
 vertex -0.133 -0.0291503 0.00513999
 endloop
endfacet
facet normal 0 0 0
 outer loop
 vertex -0.133 -0.0291 3.47014e-10
 vertex -0.133 -0.0291503 0.00513999
 vertex -0.133 -0.0296 3.52976e-10
 endloop
endfacet
facet normal 0 0 0
 outer loop
 vertex 0.209 -0.0291 3.47014e-10
 vertex 0.209 -0.0296 3.52976e-10
 vertex 0.209 -0.0291503 0.00513999
 endloop
endfacet
facet normal 0 0 0
 outer loop
 vertex 0.209 -0.0291 3.47014e-10
 vertex 0.209 -0.0291503 0.00513999
 vertex 0.209 -0.0286579 0.00505316
 endloop
endfacet
facet normal 0 0 0
 outer loop
 vertex -0.133 -0.0286579 0.00505316
 vertex -0.133 -0.0273451 0.00995279
 vertex -0.133 -0.0278149 0.0101238
 endloop
endfacet
facet normal 0 0 0
 outer loop
 vertex -0.133 -0.0286579 0.00505316
 vertex -0.133 -0.0278149 0.0101238
 vertex -0.133 -0.0291503 0.00513999
 endloop
endfacet
facet normal 0 0 0
 outer loop
 vertex 0.209 -0.0286579 0.00505316
 vertex 0.209 -0.0291503 0.00513999
 vertex 0.209 -0.0278149 0.0101238
 endloop
endfacet
facet normal 0 0 0
 outer loop
 vertex 0.209 -0.0286579 0.00505316
 vertex 0.209 -0.0278149 0.0101238
 vertex 0.209 -0.0273451 0.00995279
 endloop
endfacet
facet normal 0 0 0
 outer loop
 vertex -0.133 -0.0273451 0.00995279
 vertex -0.133 -0.0252013 0.01455
 vertex -0.133 -0.0256344 0.0148
 endloop
endfacet
facet normal 0 0 0
 outer loop
 vertex -0.133 -0.0273451 0.00995279
 vertex -0.133 -0.0256344 0.0148
 vertex -0.133 -0.0278149 0.0101238
 endloop
endfacet
facet normal 0 0 0
 outer loop
 vertex 0.209 -0.0273451 0.00995279
 vertex 0.209 -0.0278149 0.0101238
 vertex 0.209 -0.0256344 0.0148
 endloop
endfacet
facet normal 0 0 0
 outer loop
 vertex 0.209 -0.0273451 0.00995279
 vertex 0.209 -0.0256344 0.0148
 vertex 0.209 -0.0252013 0.01455
 endloop
endfacet
facet normal 0 0 0
 outer loop
 vertex -0.133 -0.0252013 0.01455
 vertex -0.133 -0.0222919 0.0187051
 vertex -0.133 -0.0226749 0.0190265
 endloop
endfacet
facet normal 0 0 0
 outer loop
 vertex -0.133 -0.0252013 0.01455
 vertex -0.133 -0.0226749 0.0190265
 vertex -0.133 -0.0256344 0.0148
 endloop
endfacet
facet normal 0 0 0
 outer loop
 vertex 0.209 -0.0252013 0.01455
 vertex 0.209 -0.0256344 0.0148
 vertex 0.209 -0.0226749 0.0190265
 endloop
endfacet
facet normal 0 0 0
 outer loop
 vertex 0.209 -0.0252013 0.01455
 vertex 0.209 -0.0226749 0.0190265
 vertex 0.209 -0.0222919 0.0187051
 endloop
endfacet
facet normal 0 0 0
 outer loop
 vertex -0.133 -0.0222919 0.0187051
 vertex -0.133 -0.0187051 0.0222919
 vertex -0.133 -0.0190265 0.0226749
 endloop
endfacet
facet normal 0 0 0
 outer loop
 vertex -0.133 -0.0222919 0.0187051
 vertex -0.133 -0.0190265 0.0226749
 vertex -0.133 -0.0226749 0.0190265
 endloop
endfacet
facet normal 0 0 0
 outer loop
 vertex 0.209 -0.0222919 0.0187051
 vertex 0.209 -0.0226749 0.0190265
 vertex 0.209 -0.0190265 0.0226749
 endloop
endfacet
facet normal 0 0 0
 outer loop
 vertex 0.209 -0.0222919 0.0187051
 vertex 0.209 -0.0190265 0.0226749
 vertex 0.209 -0.0187051 0.0222919
 endloop
endfacet
facet normal 0 0 0
 outer loop
 vertex -0.133 -0.0187051 0.0222919
 vertex -0.133 -0.01455 0.0252013
 vertex -0.133 -0.0148 0.0256344
 endloop
endfacet
facet normal 0 0 0
 outer loop
 vertex -0.133 -0.0187051 0.0222919
 vertex -0.133 -0.0148 0.0256344
 vertex -0.133 -0.0190265 0.0226749
 endloop
endfacet
facet normal 0 0 0
 outer loop
 vertex 0.209 -0.0187051 0.0222919
 vertex 0.209 -0.0190265 0.0226749
 vertex 0.209 -0.0148 0.0256344
 endloop
endfacet
facet normal 0 0 0
 outer loop
 vertex 0.209 -0.0187051 0.0222919
 vertex 0.209 -0.0148 0.0256344
 vertex 0.209 -0.01455 0.0252013
 endloop
endfacet
facet normal 0 0 0
 outer loop
 vertex -0.133 -0.01455 0.0252013
 vertex -0.133 -0.00995279 0.0273451
 vertex -0.133 -0.0101238 0.0278149
 endloop
endfacet
facet normal 0 0 0
 outer loop
 vertex -0.133 -0.01455 0.0252013
 vertex -0.133 -0.0101238 0.0278149
 vertex -0.133 -0.0148 0.0256344
 endloop
endfacet
facet normal 0 0 0
 outer loop
 vertex 0.209 -0.01455 0.0252013
 vertex 0.209 -0.0148 0.0256344
 vertex 0.209 -0.0101238 0.0278149
 endloop
endfacet
facet normal 0 0 0
 outer loop
 vertex 0.209 -0.01455 0.0252013
 vertex 0.209 -0.0101238 0.0278149
 vertex 0.209 -0.00995279 0.0273451
 endloop
endfacet
facet normal 0 0 0
 outer loop
 vertex -0.133 -0.00995279 0.0273451
 vertex -0.133 -0.00505316 0.0286579
 vertex -0.133 -0.00513998 0.0291503
 endloop
endfacet
facet normal 0 0 0
 outer loop
 vertex -0.133 -0.00995279 0.0273451
 vertex -0.133 -0.00513998 0.0291503
 vertex -0.133 -0.0101238 0.0278149
 endloop
endfacet
facet normal 0 0 0
 outer loop
 vertex 0.209 -0.00995279 0.0273451
 vertex 0.209 -0.0101238 0.0278149
 vertex 0.209 -0.00513998 0.0291503
 endloop
endfacet
facet normal 0 0 0
 outer loop
 vertex 0.209 -0.00995279 0.0273451
 vertex 0.209 -0.00513998 0.0291503
 vertex 0.209 -0.00505316 0.0286579
 endloop
endfacet
facet normal 0 0 0
 outer loop
 vertex -0.133 -0.00505316 0.0286579
 vertex -0.133 5.08801e-09 0.0291
 vertex -0.133 5.17543e-09 0.0296
 endloop
endfacet
facet normal 0 0 0
 outer loop
 vertex -0.133 -0.00505316 0.0286579
 vertex -0.133 5.17543e-09 0.0296
 vertex -0.133 -0.00513998 0.0291503
 endloop
endfacet
facet normal 0 0 0
 outer loop
 vertex 0.209 -0.00505316 0.0286579
 vertex 0.209 -0.00513998 0.0291503
 vertex 0.209 5.17543e-09 0.0296
 endloop
endfacet
facet normal 0 0 0
 outer loop
 vertex 0.209 -0.00505316 0.0286579
 vertex 0.209 5.17543e-09 0.0296
 vertex 0.209 5.08801e-09 0.0291
 endloop
endfacet
facet normal 0 0 0
 outer loop
 vertex -0.133 0 0.0299
 vertex -0.133 0.00519208 0.0294458
 vertex 0.209 0.00519208 0.0294458
 endloop
endfacet
facet normal 0 0 0
 outer loop
 vertex -0.133 0 0.0299
 vertex 0.209 0.00519208 0.0294458
 vertex 0.209 0 0.0299
 endloop
endfacet
facet normal 0 0 0
 outer loop
 vertex 0.209 0 0.0294
 vertex 0.209 0.00510526 0.0289533
 vertex -0.133 0.00510526 0.0289533
 endloop
endfacet
facet normal 0 0 0
 outer loop
 vertex 0.209 0 0.0294
 vertex -0.133 0.00510526 0.0289533
 vertex -0.133 0 0.0294
 endloop
endfacet
facet normal 0 0 0
 outer loop
 vertex -0.133 0.00519208 0.0294458
 vertex -0.133 0.0102264 0.0280968
 vertex 0.209 0.0102264 0.0280968
 endloop
endfacet
facet normal 0 0 0
 outer loop
 vertex -0.133 0.00519208 0.0294458
 vertex 0.209 0.0102264 0.0280968
 vertex 0.209 0.00519208 0.0294458
 endloop
endfacet
facet normal 0 0 0
 outer loop
 vertex 0.209 0.00510526 0.0289533
 vertex 0.209 0.0100554 0.027627
 vertex -0.133 0.0100554 0.027627
 endloop
endfacet
facet normal 0 0 0
 outer loop
 vertex 0.209 0.00510526 0.0289533
 vertex -0.133 0.0100554 0.027627
 vertex -0.133 0.00510526 0.0289533
 endloop
endfacet
facet normal 0 0 0
 outer loop
 vertex -0.133 0.0102264 0.0280968
 vertex -0.133 0.01495 0.0258942
 vertex 0.209 0.01495 0.0258942
 endloop
endfacet
facet normal 0 0 0
 outer loop
 vertex -0.133 0.0102264 0.0280968
 vertex 0.209 0.01495 0.0258942
 vertex 0.209 0.0102264 0.0280968
 endloop
endfacet
facet normal 0 0 0
 outer loop
 vertex 0.209 0.0100554 0.027627
 vertex 0.209 0.0147 0.0254611
 vertex -0.133 0.0147 0.0254611
 endloop
endfacet
facet normal 0 0 0
 outer loop
 vertex 0.209 0.0100554 0.027627
 vertex -0.133 0.0147 0.0254611
 vertex -0.133 0.0100554 0.027627
 endloop
endfacet
facet normal 0 0 0
 outer loop
 vertex -0.133 0.01495 0.0258942
 vertex -0.133 0.0192193 0.0229047
 vertex 0.209 0.0192193 0.0229047
 endloop
endfacet
facet normal 0 0 0
 outer loop
 vertex -0.133 0.01495 0.0258942
 vertex 0.209 0.0192193 0.0229047
 vertex 0.209 0.01495 0.0258942
 endloop
endfacet
facet normal 0 0 0
 outer loop
 vertex 0.209 0.0147 0.0254611
 vertex 0.209 0.018898 0.0225217
 vertex -0.133 0.018898 0.0225217
 endloop
endfacet
facet normal 0 0 0
 outer loop
 vertex 0.209 0.0147 0.0254611
 vertex -0.133 0.018898 0.0225217
 vertex -0.133 0.0147 0.0254611
 endloop
endfacet
facet normal 0 0 0
 outer loop
 vertex -0.133 0.0192193 0.0229047
 vertex -0.133 0.0229047 0.0192194
 vertex 0.209 0.0229047 0.0192194
 endloop
endfacet
facet normal 0 0 0
 outer loop
 vertex -0.133 0.0192193 0.0229047
 vertex 0.209 0.0229047 0.0192194
 vertex 0.209 0.0192193 0.0229047
 endloop
endfacet
facet normal 0 0 0
 outer loop
 vertex 0.209 0.018898 0.0225217
 vertex 0.209 0.0225217 0.018898
 vertex -0.133 0.0225217 0.018898
 endloop
endfacet
facet normal 0 0 0
 outer loop
 vertex 0.209 0.018898 0.0225217
 vertex -0.133 0.0225217 0.018898
 vertex -0.133 0.018898 0.0225217
 endloop
endfacet
facet normal 0 0 0
 outer loop
 vertex -0.133 0.0229047 0.0192194
 vertex -0.133 0.0258942 0.01495
 vertex 0.209 0.0258942 0.01495
 endloop
endfacet
facet normal 0 0 0
 outer loop
 vertex -0.133 0.0229047 0.0192194
 vertex 0.209 0.0258942 0.01495
 vertex 0.209 0.0229047 0.0192194
 endloop
endfacet
facet normal 0 0 0
 outer loop
 vertex 0.209 0.0225217 0.018898
 vertex 0.209 0.0254611 0.0147
 vertex -0.133 0.0254611 0.0147
 endloop
endfacet
facet normal 0 0 0
 outer loop
 vertex 0.209 0.0225217 0.018898
 vertex -0.133 0.0254611 0.0147
 vertex -0.133 0.0225217 0.018898
 endloop
endfacet
facet normal 0 0 0
 outer loop
 vertex -0.133 0.0258942 0.01495
 vertex -0.133 0.0280968 0.0102264
 vertex 0.209 0.0280968 0.0102264
 endloop
endfacet
facet normal 0 0 0
 outer loop
 vertex -0.133 0.0258942 0.01495
 vertex 0.209 0.0280968 0.0102264
 vertex 0.209 0.0258942 0.01495
 endloop
endfacet
facet normal 0 0 0
 outer loop
 vertex 0.209 0.0254611 0.0147
 vertex 0.209 0.027627 0.0100554
 vertex -0.133 0.027627 0.0100554
 endloop
endfacet
facet normal 0 0 0
 outer loop
 vertex 0.209 0.0254611 0.0147
 vertex -0.133 0.027627 0.0100554
 vertex -0.133 0.0254611 0.0147
 endloop
endfacet
facet normal 0 0 0
 outer loop
 vertex -0.133 0.0280968 0.0102264
 vertex -0.133 0.0294458 0.00519208
 vertex 0.209 0.0294458 0.00519208
 endloop
endfacet
facet normal 0 0 0
 outer loop
 vertex -0.133 0.0280968 0.0102264
 vertex 0.209 0.0294458 0.00519208
 vertex 0.209 0.0280968 0.0102264
 endloop
endfacet
facet normal 0 0 0
 outer loop
 vertex 0.209 0.027627 0.0100554
 vertex 0.209 0.0289533 0.00510526
 vertex -0.133 0.0289533 0.00510526
 endloop
endfacet
facet normal 0 0 0
 outer loop
 vertex 0.209 0.027627 0.0100554
 vertex -0.133 0.0289533 0.00510526
 vertex -0.133 0.027627 0.0100554
 endloop
endfacet
facet normal 0 0 0
 outer loop
 vertex -0.133 0.0294458 0.00519208
 vertex -0.133 0.0299 -1.30697e-09
 vertex 0.209 0.0299 -1.30697e-09
 endloop
endfacet
facet normal 0 0 0
 outer loop
 vertex -0.133 0.0294458 0.00519208
 vertex 0.209 0.0299 -1.30697e-09
 vertex 0.209 0.0294458 0.00519208
 endloop
endfacet
facet normal 0 0 0
 outer loop
 vertex 0.209 0.0289533 0.00510526
 vertex 0.209 0.0294 -1.28511e-09
 vertex -0.133 0.0294 -1.28511e-09
 endloop
endfacet
facet normal 0 0 0
 outer loop
 vertex 0.209 0.0289533 0.00510526
 vertex -0.133 0.0294 -1.28511e-09
 vertex -0.133 0.0289533 0.00510526
 endloop
endfacet
facet normal 0 0 0
 outer loop
 vertex -0.133 0.0299 -1.30697e-09
 vertex -0.133 0.0294458 -0.00519208
 vertex 0.209 0.0294458 -0.00519208
 endloop
endfacet
facet normal 0 0 0
 outer loop
 vertex -0.133 0.0299 -1.30697e-09
 vertex 0.209 0.0294458 -0.00519208
 vertex 0.209 0.0299 -1.30697e-09
 endloop
endfacet
facet normal 0 0 0
 outer loop
 vertex 0.209 0.0294 -1.28511e-09
 vertex 0.209 0.0289533 -0.00510526
 vertex -0.133 0.0289533 -0.00510526
 endloop
endfacet
facet normal 0 0 0
 outer loop
 vertex 0.209 0.0294 -1.28511e-09
 vertex -0.133 0.0289533 -0.00510526
 vertex -0.133 0.0294 -1.28511e-09
 endloop
endfacet
facet normal 0 0 0
 outer loop
 vertex -0.133 0.0294458 -0.00519208
 vertex -0.133 0.0280968 -0.0102264
 vertex 0.209 0.0280968 -0.0102264
 endloop
endfacet
facet normal 0 0 0
 outer loop
 vertex -0.133 0.0294458 -0.00519208
 vertex 0.209 0.0280968 -0.0102264
 vertex 0.209 0.0294458 -0.00519208
 endloop
endfacet
facet normal 0 0 0
 outer loop
 vertex 0.209 0.0289533 -0.00510526
 vertex 0.209 0.027627 -0.0100554
 vertex -0.133 0.027627 -0.0100554
 endloop
endfacet
facet normal 0 0 0
 outer loop
 vertex 0.209 0.0289533 -0.00510526
 vertex -0.133 0.027627 -0.0100554
 vertex -0.133 0.0289533 -0.00510526
 endloop
endfacet
facet normal 0 0 0
 outer loop
 vertex -0.133 0.0280968 -0.0102264
 vertex -0.133 0.0258942 -0.01495
 vertex 0.209 0.0258942 -0.01495
 endloop
endfacet
facet normal 0 0 0
 outer loop
 vertex -0.133 0.0280968 -0.0102264
 vertex 0.209 0.0258942 -0.01495
 vertex 0.209 0.0280968 -0.0102264
 endloop
endfacet
facet normal 0 0 0
 outer loop
 vertex 0.209 0.027627 -0.0100554
 vertex 0.209 0.0254611 -0.0147
 vertex -0.133 0.0254611 -0.0147
 endloop
endfacet
facet normal 0 0 0
 outer loop
 vertex 0.209 0.027627 -0.0100554
 vertex -0.133 0.0254611 -0.0147
 vertex -0.133 0.027627 -0.0100554
 endloop
endfacet
facet normal 0 0 0
 outer loop
 vertex -0.133 0.0258942 -0.01495
 vertex -0.133 0.0229047 -0.0192194
 vertex 0.209 0.0229047 -0.0192194
 endloop
endfacet
facet normal 0 0 0
 outer loop
 vertex -0.133 0.0258942 -0.01495
 vertex 0.209 0.0229047 -0.0192194
 vertex 0.209 0.0258942 -0.01495
 endloop
endfacet
facet normal 0 0 0
 outer loop
 vertex 0.209 0.0254611 -0.0147
 vertex 0.209 0.0225217 -0.018898
 vertex -0.133 0.0225217 -0.018898
 endloop
endfacet
facet normal 0 0 0
 outer loop
 vertex 0.209 0.0254611 -0.0147
 vertex -0.133 0.0225217 -0.018898
 vertex -0.133 0.0254611 -0.0147
 endloop
endfacet
facet normal 0 0 0
 outer loop
 vertex -0.133 0.0229047 -0.0192194
 vertex -0.133 0.0192194 -0.0229047
 vertex 0.209 0.0192194 -0.0229047
 endloop
endfacet
facet normal 0 0 0
 outer loop
 vertex -0.133 0.0229047 -0.0192194
 vertex 0.209 0.0192194 -0.0229047
 vertex 0.209 0.0229047 -0.0192194
 endloop
endfacet
facet normal 0 0 0
 outer loop
 vertex 0.209 0.0225217 -0.018898
 vertex 0.209 0.018898 -0.0225217
 vertex -0.133 0.018898 -0.0225217
 endloop
endfacet
facet normal 0 0 0
 outer loop
 vertex 0.209 0.0225217 -0.018898
 vertex -0.133 0.018898 -0.0225217
 vertex -0.133 0.0225217 -0.018898
 endloop
endfacet
facet normal 0 0 0
 outer loop
 vertex -0.133 0.0192194 -0.0229047
 vertex -0.133 0.01495 -0.0258942
 vertex 0.209 0.01495 -0.0258942
 endloop
endfacet
facet normal 0 0 0
 outer loop
 vertex -0.133 0.0192194 -0.0229047
 vertex 0.209 0.01495 -0.0258942
 vertex 0.209 0.0192194 -0.0229047
 endloop
endfacet
facet normal 0 0 0
 outer loop
 vertex 0.209 0.018898 -0.0225217
 vertex 0.209 0.0147 -0.0254611
 vertex -0.133 0.0147 -0.0254611
 endloop
endfacet
facet normal 0 0 0
 outer loop
 vertex 0.209 0.018898 -0.0225217
 vertex -0.133 0.0147 -0.0254611
 vertex -0.133 0.018898 -0.0225217
 endloop
endfacet
facet normal 0 0 0
 outer loop
 vertex -0.133 0.01495 -0.0258942
 vertex -0.133 0.0102264 -0.0280968
 vertex 0.209 0.0102264 -0.0280968
 endloop
endfacet
facet normal 0 0 0
 outer loop
 vertex -0.133 0.01495 -0.0258942
 vertex 0.209 0.0102264 -0.0280968
 vertex 0.209 0.01495 -0.0258942
 endloop
endfacet
facet normal 0 0 0
 outer loop
 vertex 0.209 0.0147 -0.0254611
 vertex 0.209 0.0100554 -0.027627
 vertex -0.133 0.0100554 -0.027627
 endloop
endfacet
facet normal 0 0 0
 outer loop
 vertex 0.209 0.0147 -0.0254611
 vertex -0.133 0.0100554 -0.027627
 vertex -0.133 0.0147 -0.0254611
 endloop
endfacet
facet normal 0 0 0
 outer loop
 vertex -0.133 0.0102264 -0.0280968
 vertex -0.133 0.00519208 -0.0294458
 vertex 0.209 0.00519208 -0.0294458
 endloop
endfacet
facet normal 0 0 0
 outer loop
 vertex -0.133 0.0102264 -0.0280968
 vertex 0.209 0.00519208 -0.0294458
 vertex 0.209 0.0102264 -0.0280968
 endloop
endfacet
facet normal 0 0 0
 outer loop
 vertex 0.209 0.0100554 -0.027627
 vertex 0.209 0.00510526 -0.0289533
 vertex -0.133 0.00510526 -0.0289533
 endloop
endfacet
facet normal 0 0 0
 outer loop
 vertex 0.209 0.0100554 -0.027627
 vertex -0.133 0.00510526 -0.0289533
 vertex -0.133 0.0100554 -0.027627
 endloop
endfacet
facet normal 0 0 0
 outer loop
 vertex -0.133 0.00519208 -0.0294458
 vertex -0.133 -2.61394e-09 -0.0299
 vertex 0.209 -2.61394e-09 -0.0299
 endloop
endfacet
facet normal 0 0 0
 outer loop
 vertex -0.133 0.00519208 -0.0294458
 vertex 0.209 -2.61394e-09 -0.0299
 vertex 0.209 0.00519208 -0.0294458
 endloop
endfacet
facet normal 0 0 0
 outer loop
 vertex 0.209 0.00510526 -0.0289533
 vertex 0.209 -2.57023e-09 -0.0294
 vertex -0.133 -2.57023e-09 -0.0294
 endloop
endfacet
facet normal 0 0 0
 outer loop
 vertex 0.209 0.00510526 -0.0289533
 vertex -0.133 -2.57023e-09 -0.0294
 vertex -0.133 0.00510526 -0.0289533
 endloop
endfacet
facet normal 0 0 0
 outer loop
 vertex -0.133 -2.61394e-09 -0.0299
 vertex -0.133 -0.00519208 -0.0294458
 vertex 0.209 -0.00519208 -0.0294458
 endloop
endfacet
facet normal 0 0 0
 outer loop
 vertex -0.133 -2.61394e-09 -0.0299
 vertex 0.209 -0.00519208 -0.0294458
 vertex 0.209 -2.61394e-09 -0.0299
 endloop
endfacet
facet normal 0 0 0
 outer loop
 vertex 0.209 -2.57023e-09 -0.0294
 vertex 0.209 -0.00510526 -0.0289533
 vertex -0.133 -0.00510526 -0.0289533
 endloop
endfacet
facet normal 0 0 0
 outer loop
 vertex 0.209 -2.57023e-09 -0.0294
 vertex -0.133 -0.00510526 -0.0289533
 vertex -0.133 -2.57023e-09 -0.0294
 endloop
endfacet
facet normal 0 0 0
 outer loop
 vertex -0.133 -0.00519208 -0.0294458
 vertex -0.133 -0.0102264 -0.0280968
 vertex 0.209 -0.0102264 -0.0280968
 endloop
endfacet
facet normal 0 0 0
 outer loop
 vertex -0.133 -0.00519208 -0.0294458
 vertex 0.209 -0.0102264 -0.0280968
 vertex 0.209 -0.00519208 -0.0294458
 endloop
endfacet
facet normal 0 0 0
 outer loop
 vertex 0.209 -0.00510526 -0.0289533
 vertex 0.209 -0.0100554 -0.027627
 vertex -0.133 -0.0100554 -0.027627
 endloop
endfacet
facet normal 0 0 0
 outer loop
 vertex 0.209 -0.00510526 -0.0289533
 vertex -0.133 -0.0100554 -0.027627
 vertex -0.133 -0.00510526 -0.0289533
 endloop
endfacet
facet normal 0 0 0
 outer loop
 vertex -0.133 -0.0102264 -0.0280968
 vertex -0.133 -0.01495 -0.0258942
 vertex 0.209 -0.01495 -0.0258942
 endloop
endfacet
facet normal 0 0 0
 outer loop
 vertex -0.133 -0.0102264 -0.0280968
 vertex 0.209 -0.01495 -0.0258942
 vertex 0.209 -0.0102264 -0.0280968
 endloop
endfacet
facet normal 0 0 0
 outer loop
 vertex 0.209 -0.0100554 -0.027627
 vertex 0.209 -0.0147 -0.0254611
 vertex -0.133 -0.0147 -0.0254611
 endloop
endfacet
facet normal 0 0 0
 outer loop
 vertex 0.209 -0.0100554 -0.027627
 vertex -0.133 -0.0147 -0.0254611
 vertex -0.133 -0.0100554 -0.027627
 endloop
endfacet
facet normal 0 0 0
 outer loop
 vertex -0.133 -0.01495 -0.0258942
 vertex -0.133 -0.0192193 -0.0229047
 vertex 0.209 -0.0192193 -0.0229047
 endloop
endfacet
facet normal 0 0 0
 outer loop
 vertex -0.133 -0.01495 -0.0258942
 vertex 0.209 -0.0192193 -0.0229047
 vertex 0.209 -0.01495 -0.0258942
 endloop
endfacet
facet normal 0 0 0
 outer loop
 vertex 0.209 -0.0147 -0.0254611
 vertex 0.209 -0.018898 -0.0225217
 vertex -0.133 -0.018898 -0.0225217
 endloop
endfacet
facet normal 0 0 0
 outer loop
 vertex 0.209 -0.0147 -0.0254611
 vertex -0.133 -0.018898 -0.0225217
 vertex -0.133 -0.0147 -0.0254611
 endloop
endfacet
facet normal 0 0 0
 outer loop
 vertex -0.133 -0.0192193 -0.0229047
 vertex -0.133 -0.0229047 -0.0192193
 vertex 0.209 -0.0229047 -0.0192193
 endloop
endfacet
facet normal 0 0 0
 outer loop
 vertex -0.133 -0.0192193 -0.0229047
 vertex 0.209 -0.0229047 -0.0192193
 vertex 0.209 -0.0192193 -0.0229047
 endloop
endfacet
facet normal 0 0 0
 outer loop
 vertex 0.209 -0.018898 -0.0225217
 vertex 0.209 -0.0225217 -0.018898
 vertex -0.133 -0.0225217 -0.018898
 endloop
endfacet
facet normal 0 0 0
 outer loop
 vertex 0.209 -0.018898 -0.0225217
 vertex -0.133 -0.0225217 -0.018898
 vertex -0.133 -0.018898 -0.0225217
 endloop
endfacet
facet normal 0 0 0
 outer loop
 vertex -0.133 -0.0229047 -0.0192193
 vertex -0.133 -0.0258942 -0.01495
 vertex 0.209 -0.0258942 -0.01495
 endloop
endfacet
facet normal 0 0 0
 outer loop
 vertex -0.133 -0.0229047 -0.0192193
 vertex 0.209 -0.0258942 -0.01495
 vertex 0.209 -0.0229047 -0.0192193
 endloop
endfacet
facet normal 0 0 0
 outer loop
 vertex 0.209 -0.0225217 -0.018898
 vertex 0.209 -0.0254611 -0.0147
 vertex -0.133 -0.0254611 -0.0147
 endloop
endfacet
facet normal 0 0 0
 outer loop
 vertex 0.209 -0.0225217 -0.018898
 vertex -0.133 -0.0254611 -0.0147
 vertex -0.133 -0.0225217 -0.018898
 endloop
endfacet
facet normal 0 0 0
 outer loop
 vertex -0.133 -0.0258942 -0.01495
 vertex -0.133 -0.0280968 -0.0102264
 vertex 0.209 -0.0280968 -0.0102264
 endloop
endfacet
facet normal 0 0 0
 outer loop
 vertex -0.133 -0.0258942 -0.01495
 vertex 0.209 -0.0280968 -0.0102264
 vertex 0.209 -0.0258942 -0.01495
 endloop
endfacet
facet normal 0 0 0
 outer loop
 vertex 0.209 -0.0254611 -0.0147
 vertex 0.209 -0.027627 -0.0100554
 vertex -0.133 -0.027627 -0.0100554
 endloop
endfacet
facet normal 0 0 0
 outer loop
 vertex 0.209 -0.0254611 -0.0147
 vertex -0.133 -0.027627 -0.0100554
 vertex -0.133 -0.0254611 -0.0147
 endloop
endfacet
facet normal 0 0 0
 outer loop
 vertex -0.133 -0.0280968 -0.0102264
 vertex -0.133 -0.0294458 -0.00519208
 vertex 0.209 -0.0294458 -0.00519208
 endloop
endfacet
facet normal 0 0 0
 outer loop
 vertex -0.133 -0.0280968 -0.0102264
 vertex 0.209 -0.0294458 -0.00519208
 vertex 0.209 -0.0280968 -0.0102264
 endloop
endfacet
facet normal 0 0 0
 outer loop
 vertex 0.209 -0.027627 -0.0100554
 vertex 0.209 -0.0289533 -0.00510526
 vertex -0.133 -0.0289533 -0.00510526
 endloop
endfacet
facet normal 0 0 0
 outer loop
 vertex 0.209 -0.027627 -0.0100554
 vertex -0.133 -0.0289533 -0.00510526
 vertex -0.133 -0.027627 -0.0100554
 endloop
endfacet
facet normal 0 0 0
 outer loop
 vertex -0.133 -0.0294458 -0.00519208
 vertex -0.133 -0.0299 3.56554e-10
 vertex 0.209 -0.0299 3.56554e-10
 endloop
endfacet
facet normal 0 0 0
 outer loop
 vertex -0.133 -0.0294458 -0.00519208
 vertex 0.209 -0.0299 3.56554e-10
 vertex 0.209 -0.0294458 -0.00519208
 endloop
endfacet
facet normal 0 0 0
 outer loop
 vertex 0.209 -0.0289533 -0.00510526
 vertex 0.209 -0.0294 3.50592e-10
 vertex -0.133 -0.0294 3.50592e-10
 endloop
endfacet
facet normal 0 0 0
 outer loop
 vertex 0.209 -0.0289533 -0.00510526
 vertex -0.133 -0.0294 3.50592e-10
 vertex -0.133 -0.0289533 -0.00510526
 endloop
endfacet
facet normal 0 0 0
 outer loop
 vertex -0.133 -0.0299 3.56554e-10
 vertex -0.133 -0.0294458 0.00519208
 vertex 0.209 -0.0294458 0.00519208
 endloop
endfacet
facet normal 0 0 0
 outer loop
 vertex -0.133 -0.0299 3.56554e-10
 vertex 0.209 -0.0294458 0.00519208
 vertex 0.209 -0.0299 3.56554e-10
 endloop
endfacet
facet normal 0 0 0
 outer loop
 vertex 0.209 -0.0294 3.50592e-10
 vertex 0.209 -0.0289533 0.00510526
 vertex -0.133 -0.0289533 0.00510526
 endloop
endfacet
facet normal 0 0 0
 outer loop
 vertex 0.209 -0.0294 3.50592e-10
 vertex -0.133 -0.0289533 0.00510526
 vertex -0.133 -0.0294 3.50592e-10
 endloop
endfacet
facet normal 0 0 0
 outer loop
 vertex -0.133 -0.0294458 0.00519208
 vertex -0.133 -0.0280968 0.0102264
 vertex 0.209 -0.0280968 0.0102264
 endloop
endfacet
facet normal 0 0 0
 outer loop
 vertex -0.133 -0.0294458 0.00519208
 vertex 0.209 -0.0280968 0.0102264
 vertex 0.209 -0.0294458 0.00519208
 endloop
endfacet
facet normal 0 0 0
 outer loop
 vertex 0.209 -0.0289533 0.00510526
 vertex 0.209 -0.027627 0.0100554
 vertex -0.133 -0.027627 0.0100554
 endloop
endfacet
facet normal 0 0 0
 outer loop
 vertex 0.209 -0.0289533 0.00510526
 vertex -0.133 -0.027627 0.0100554
 vertex -0.133 -0.0289533 0.00510526
 endloop
endfacet
facet normal 0 0 0
 outer loop
 vertex -0.133 -0.0280968 0.0102264
 vertex -0.133 -0.0258942 0.01495
 vertex 0.209 -0.0258942 0.01495
 endloop
endfacet
facet normal 0 0 0
 outer loop
 vertex -0.133 -0.0280968 0.0102264
 vertex 0.209 -0.0258942 0.01495
 vertex 0.209 -0.0280968 0.0102264
 endloop
endfacet
facet normal 0 0 0
 outer loop
 vertex 0.209 -0.027627 0.0100554
 vertex 0.209 -0.0254611 0.0147
 vertex -0.133 -0.0254611 0.0147
 endloop
endfacet
facet normal 0 0 0
 outer loop
 vertex 0.209 -0.027627 0.0100554
 vertex -0.133 -0.0254611 0.0147
 vertex -0.133 -0.027627 0.0100554
 endloop
endfacet
facet normal 0 0 0
 outer loop
 vertex -0.133 -0.0258942 0.01495
 vertex -0.133 -0.0229047 0.0192193
 vertex 0.209 -0.0229047 0.0192193
 endloop
endfacet
facet normal 0 0 0
 outer loop
 vertex -0.133 -0.0258942 0.01495
 vertex 0.209 -0.0229047 0.0192193
 vertex 0.209 -0.0258942 0.01495
 endloop
endfacet
facet normal 0 0 0
 outer loop
 vertex 0.209 -0.0254611 0.0147
 vertex 0.209 -0.0225217 0.018898
 vertex -0.133 -0.0225217 0.018898
 endloop
endfacet
facet normal 0 0 0
 outer loop
 vertex 0.209 -0.0254611 0.0147
 vertex -0.133 -0.0225217 0.018898
 vertex -0.133 -0.0254611 0.0147
 endloop
endfacet
facet normal 0 0 0
 outer loop
 vertex -0.133 -0.0229047 0.0192193
 vertex -0.133 -0.0192194 0.0229047
 vertex 0.209 -0.0192194 0.0229047
 endloop
endfacet
facet normal 0 0 0
 outer loop
 vertex -0.133 -0.0229047 0.0192193
 vertex 0.209 -0.0192194 0.0229047
 vertex 0.209 -0.0229047 0.0192193
 endloop
endfacet
facet normal 0 0 0
 outer loop
 vertex 0.209 -0.0225217 0.018898
 vertex 0.209 -0.018898 0.0225217
 vertex -0.133 -0.018898 0.0225217
 endloop
endfacet
facet normal 0 0 0
 outer loop
 vertex 0.209 -0.0225217 0.018898
 vertex -0.133 -0.018898 0.0225217
 vertex -0.133 -0.0225217 0.018898
 endloop
endfacet
facet normal 0 0 0
 outer loop
 vertex -0.133 -0.0192194 0.0229047
 vertex -0.133 -0.01495 0.0258942
 vertex 0.209 -0.01495 0.0258942
 endloop
endfacet
facet normal 0 0 0
 outer loop
 vertex -0.133 -0.0192194 0.0229047
 vertex 0.209 -0.01495 0.0258942
 vertex 0.209 -0.0192194 0.0229047
 endloop
endfacet
facet normal 0 0 0
 outer loop
 vertex 0.209 -0.018898 0.0225217
 vertex 0.209 -0.0147 0.0254611
 vertex -0.133 -0.0147 0.0254611
 endloop
endfacet
facet normal 0 0 0
 outer loop
 vertex 0.209 -0.018898 0.0225217
 vertex -0.133 -0.0147 0.0254611
 vertex -0.133 -0.018898 0.0225217
 endloop
endfacet
facet normal 0 0 0
 outer loop
 vertex -0.133 -0.01495 0.0258942
 vertex -0.133 -0.0102264 0.0280968
 vertex 0.209 -0.0102264 0.0280968
 endloop
endfacet
facet normal 0 0 0
 outer loop
 vertex -0.133 -0.01495 0.0258942
 vertex 0.209 -0.0102264 0.0280968
 vertex 0.209 -0.01495 0.0258942
 endloop
endfacet
facet normal 0 0 0
 outer loop
 vertex 0.209 -0.0147 0.0254611
 vertex 0.209 -0.0100554 0.027627
 vertex -0.133 -0.0100554 0.027627
 endloop
endfacet
facet normal 0 0 0
 outer loop
 vertex 0.209 -0.0147 0.0254611
 vertex -0.133 -0.0100554 0.027627
 vertex -0.133 -0.0147 0.0254611
 endloop
endfacet
facet normal 0 0 0
 outer loop
 vertex -0.133 -0.0102264 0.0280968
 vertex -0.133 -0.00519207 0.0294458
 vertex 0.209 -0.00519207 0.0294458
 endloop
endfacet
facet normal 0 0 0
 outer loop
 vertex -0.133 -0.0102264 0.0280968
 vertex 0.209 -0.00519207 0.0294458
 vertex 0.209 -0.0102264 0.0280968
 endloop
endfacet
facet normal 0 0 0
 outer loop
 vertex 0.209 -0.0100554 0.027627
 vertex 0.209 -0.00510525 0.0289533
 vertex -0.133 -0.00510525 0.0289533
 endloop
endfacet
facet normal 0 0 0
 outer loop
 vertex 0.209 -0.0100554 0.027627
 vertex -0.133 -0.00510525 0.0289533
 vertex -0.133 -0.0100554 0.027627
 endloop
endfacet
facet normal 0 0 0
 outer loop
 vertex -0.133 -0.00519207 0.0294458
 vertex -0.133 5.22788e-09 0.0299
 vertex 0.209 5.22788e-09 0.0299
 endloop
endfacet
facet normal 0 0 0
 outer loop
 vertex -0.133 -0.00519207 0.0294458
 vertex 0.209 5.22788e-09 0.0299
 vertex 0.209 -0.00519207 0.0294458
 endloop
endfacet
facet normal 0 0 0
 outer loop
 vertex 0.209 -0.00510525 0.0289533
 vertex 0.209 5.14046e-09 0.0294
 vertex -0.133 5.14046e-09 0.0294
 endloop
endfacet
facet normal 0 0 0
 outer loop
 vertex 0.209 -0.00510525 0.0289533
 vertex -0.133 5.14046e-09 0.0294
 vertex -0.133 -0.00510525 0.0289533
 endloop
endfacet
facet normal 0 0 0
 outer loop
 vertex -0.133 0 0.0294
 vertex -0.133 0.00510526 0.0289533
 vertex -0.133 0.00519208 0.0294458
 endloop
endfacet
facet normal 0 0 0
 outer loop
 vertex -0.133 0 0.0294
 vertex -0.133 0.00519208 0.0294458
 vertex -0.133 0 0.0299
 endloop
endfacet
facet normal 0 0 0
 outer loop
 vertex 0.209 0 0.0294
 vertex 0.209 0 0.0299
 vertex 0.209 0.00519208 0.0294458
 endloop
endfacet
facet normal 0 0 0
 outer loop
 vertex 0.209 0 0.0294
 vertex 0.209 0.00519208 0.0294458
 vertex 0.209 0.00510526 0.0289533
 endloop
endfacet
facet normal 0 0 0
 outer loop
 vertex -0.133 0.00510526 0.0289533
 vertex -0.133 0.0100554 0.027627
 vertex -0.133 0.0102264 0.0280968
 endloop
endfacet
facet normal 0 0 0
 outer loop
 vertex -0.133 0.00510526 0.0289533
 vertex -0.133 0.0102264 0.0280968
 vertex -0.133 0.00519208 0.0294458
 endloop
endfacet
facet normal 0 0 0
 outer loop
 vertex 0.209 0.00510526 0.0289533
 vertex 0.209 0.00519208 0.0294458
 vertex 0.209 0.0102264 0.0280968
 endloop
endfacet
facet normal 0 0 0
 outer loop
 vertex 0.209 0.00510526 0.0289533
 vertex 0.209 0.0102264 0.0280968
 vertex 0.209 0.0100554 0.027627
 endloop
endfacet
facet normal 0 0 0
 outer loop
 vertex -0.133 0.0100554 0.027627
 vertex -0.133 0.0147 0.0254611
 vertex -0.133 0.01495 0.0258942
 endloop
endfacet
facet normal 0 0 0
 outer loop
 vertex -0.133 0.0100554 0.027627
 vertex -0.133 0.01495 0.0258942
 vertex -0.133 0.0102264 0.0280968
 endloop
endfacet
facet normal 0 0 0
 outer loop
 vertex 0.209 0.0100554 0.027627
 vertex 0.209 0.0102264 0.0280968
 vertex 0.209 0.01495 0.0258942
 endloop
endfacet
facet normal 0 0 0
 outer loop
 vertex 0.209 0.0100554 0.027627
 vertex 0.209 0.01495 0.0258942
 vertex 0.209 0.0147 0.0254611
 endloop
endfacet
facet normal 0 0 0
 outer loop
 vertex -0.133 0.0147 0.0254611
 vertex -0.133 0.018898 0.0225217
 vertex -0.133 0.0192193 0.0229047
 endloop
endfacet
facet normal 0 0 0
 outer loop
 vertex -0.133 0.0147 0.0254611
 vertex -0.133 0.0192193 0.0229047
 vertex -0.133 0.01495 0.0258942
 endloop
endfacet
facet normal 0 0 0
 outer loop
 vertex 0.209 0.0147 0.0254611
 vertex 0.209 0.01495 0.0258942
 vertex 0.209 0.0192193 0.0229047
 endloop
endfacet
facet normal 0 0 0
 outer loop
 vertex 0.209 0.0147 0.0254611
 vertex 0.209 0.0192193 0.0229047
 vertex 0.209 0.018898 0.0225217
 endloop
endfacet
facet normal 0 0 0
 outer loop
 vertex -0.133 0.018898 0.0225217
 vertex -0.133 0.0225217 0.018898
 vertex -0.133 0.0229047 0.0192194
 endloop
endfacet
facet normal 0 0 0
 outer loop
 vertex -0.133 0.018898 0.0225217
 vertex -0.133 0.0229047 0.0192194
 vertex -0.133 0.0192193 0.0229047
 endloop
endfacet
facet normal 0 0 0
 outer loop
 vertex 0.209 0.018898 0.0225217
 vertex 0.209 0.0192193 0.0229047
 vertex 0.209 0.0229047 0.0192194
 endloop
endfacet
facet normal 0 0 0
 outer loop
 vertex 0.209 0.018898 0.0225217
 vertex 0.209 0.0229047 0.0192194
 vertex 0.209 0.0225217 0.018898
 endloop
endfacet
facet normal 0 0 0
 outer loop
 vertex -0.133 0.0225217 0.018898
 vertex -0.133 0.0254611 0.0147
 vertex -0.133 0.0258942 0.01495
 endloop
endfacet
facet normal 0 0 0
 outer loop
 vertex -0.133 0.0225217 0.018898
 vertex -0.133 0.0258942 0.01495
 vertex -0.133 0.0229047 0.0192194
 endloop
endfacet
facet normal 0 0 0
 outer loop
 vertex 0.209 0.0225217 0.018898
 vertex 0.209 0.0229047 0.0192194
 vertex 0.209 0.0258942 0.01495
 endloop
endfacet
facet normal 0 0 0
 outer loop
 vertex 0.209 0.0225217 0.018898
 vertex 0.209 0.0258942 0.01495
 vertex 0.209 0.0254611 0.0147
 endloop
endfacet
facet normal 0 0 0
 outer loop
 vertex -0.133 0.0254611 0.0147
 vertex -0.133 0.027627 0.0100554
 vertex -0.133 0.0280968 0.0102264
 endloop
endfacet
facet normal 0 0 0
 outer loop
 vertex -0.133 0.0254611 0.0147
 vertex -0.133 0.0280968 0.0102264
 vertex -0.133 0.0258942 0.01495
 endloop
endfacet
facet normal 0 0 0
 outer loop
 vertex 0.209 0.0254611 0.0147
 vertex 0.209 0.0258942 0.01495
 vertex 0.209 0.0280968 0.0102264
 endloop
endfacet
facet normal 0 0 0
 outer loop
 vertex 0.209 0.0254611 0.0147
 vertex 0.209 0.0280968 0.0102264
 vertex 0.209 0.027627 0.0100554
 endloop
endfacet
facet normal 0 0 0
 outer loop
 vertex -0.133 0.027627 0.0100554
 vertex -0.133 0.0289533 0.00510526
 vertex -0.133 0.0294458 0.00519208
 endloop
endfacet
facet normal 0 0 0
 outer loop
 vertex -0.133 0.027627 0.0100554
 vertex -0.133 0.0294458 0.00519208
 vertex -0.133 0.0280968 0.0102264
 endloop
endfacet
facet normal 0 0 0
 outer loop
 vertex 0.209 0.027627 0.0100554
 vertex 0.209 0.0280968 0.0102264
 vertex 0.209 0.0294458 0.00519208
 endloop
endfacet
facet normal 0 0 0
 outer loop
 vertex 0.209 0.027627 0.0100554
 vertex 0.209 0.0294458 0.00519208
 vertex 0.209 0.0289533 0.00510526
 endloop
endfacet
facet normal 0 0 0
 outer loop
 vertex -0.133 0.0289533 0.00510526
 vertex -0.133 0.0294 -1.28511e-09
 vertex -0.133 0.0299 -1.30697e-09
 endloop
endfacet
facet normal 0 0 0
 outer loop
 vertex -0.133 0.0289533 0.00510526
 vertex -0.133 0.0299 -1.30697e-09
 vertex -0.133 0.0294458 0.00519208
 endloop
endfacet
facet normal 0 0 0
 outer loop
 vertex 0.209 0.0289533 0.00510526
 vertex 0.209 0.0294458 0.00519208
 vertex 0.209 0.0299 -1.30697e-09
 endloop
endfacet
facet normal 0 0 0
 outer loop
 vertex 0.209 0.0289533 0.00510526
 vertex 0.209 0.0299 -1.30697e-09
 vertex 0.209 0.0294 -1.28511e-09
 endloop
endfacet
facet normal 0 0 0
 outer loop
 vertex -0.133 0.0294 -1.28511e-09
 vertex -0.133 0.0289533 -0.00510526
 vertex -0.133 0.0294458 -0.00519208
 endloop
endfacet
facet normal 0 0 0
 outer loop
 vertex -0.133 0.0294 -1.28511e-09
 vertex -0.133 0.0294458 -0.00519208
 vertex -0.133 0.0299 -1.30697e-09
 endloop
endfacet
facet normal 0 0 0
 outer loop
 vertex 0.209 0.0294 -1.28511e-09
 vertex 0.209 0.0299 -1.30697e-09
 vertex 0.209 0.0294458 -0.00519208
 endloop
endfacet
facet normal 0 0 0
 outer loop
 vertex 0.209 0.0294 -1.28511e-09
 vertex 0.209 0.0294458 -0.00519208
 vertex 0.209 0.0289533 -0.00510526
 endloop
endfacet
facet normal 0 0 0
 outer loop
 vertex -0.133 0.0289533 -0.00510526
 vertex -0.133 0.027627 -0.0100554
 vertex -0.133 0.0280968 -0.0102264
 endloop
endfacet
facet normal 0 0 0
 outer loop
 vertex -0.133 0.0289533 -0.00510526
 vertex -0.133 0.0280968 -0.0102264
 vertex -0.133 0.0294458 -0.00519208
 endloop
endfacet
facet normal 0 0 0
 outer loop
 vertex 0.209 0.0289533 -0.00510526
 vertex 0.209 0.0294458 -0.00519208
 vertex 0.209 0.0280968 -0.0102264
 endloop
endfacet
facet normal 0 0 0
 outer loop
 vertex 0.209 0.0289533 -0.00510526
 vertex 0.209 0.0280968 -0.0102264
 vertex 0.209 0.027627 -0.0100554
 endloop
endfacet
facet normal 0 0 0
 outer loop
 vertex -0.133 0.027627 -0.0100554
 vertex -0.133 0.0254611 -0.0147
 vertex -0.133 0.0258942 -0.01495
 endloop
endfacet
facet normal 0 0 0
 outer loop
 vertex -0.133 0.027627 -0.0100554
 vertex -0.133 0.0258942 -0.01495
 vertex -0.133 0.0280968 -0.0102264
 endloop
endfacet
facet normal 0 0 0
 outer loop
 vertex 0.209 0.027627 -0.0100554
 vertex 0.209 0.0280968 -0.0102264
 vertex 0.209 0.0258942 -0.01495
 endloop
endfacet
facet normal 0 0 0
 outer loop
 vertex 0.209 0.027627 -0.0100554
 vertex 0.209 0.0258942 -0.01495
 vertex 0.209 0.0254611 -0.0147
 endloop
endfacet
facet normal 0 0 0
 outer loop
 vertex -0.133 0.0254611 -0.0147
 vertex -0.133 0.0225217 -0.018898
 vertex -0.133 0.0229047 -0.0192194
 endloop
endfacet
facet normal 0 0 0
 outer loop
 vertex -0.133 0.0254611 -0.0147
 vertex -0.133 0.0229047 -0.0192194
 vertex -0.133 0.0258942 -0.01495
 endloop
endfacet
facet normal 0 0 0
 outer loop
 vertex 0.209 0.0254611 -0.0147
 vertex 0.209 0.0258942 -0.01495
 vertex 0.209 0.0229047 -0.0192194
 endloop
endfacet
facet normal 0 0 0
 outer loop
 vertex 0.209 0.0254611 -0.0147
 vertex 0.209 0.0229047 -0.0192194
 vertex 0.209 0.0225217 -0.018898
 endloop
endfacet
facet normal 0 0 0
 outer loop
 vertex -0.133 0.0225217 -0.018898
 vertex -0.133 0.018898 -0.0225217
 vertex -0.133 0.0192194 -0.0229047
 endloop
endfacet
facet normal 0 0 0
 outer loop
 vertex -0.133 0.0225217 -0.018898
 vertex -0.133 0.0192194 -0.0229047
 vertex -0.133 0.0229047 -0.0192194
 endloop
endfacet
facet normal 0 0 0
 outer loop
 vertex 0.209 0.0225217 -0.018898
 vertex 0.209 0.0229047 -0.0192194
 vertex 0.209 0.0192194 -0.0229047
 endloop
endfacet
facet normal 0 0 0
 outer loop
 vertex 0.209 0.0225217 -0.018898
 vertex 0.209 0.0192194 -0.0229047
 vertex 0.209 0.018898 -0.0225217
 endloop
endfacet
facet normal 0 0 0
 outer loop
 vertex -0.133 0.018898 -0.0225217
 vertex -0.133 0.0147 -0.0254611
 vertex -0.133 0.01495 -0.0258942
 endloop
endfacet
facet normal 0 0 0
 outer loop
 vertex -0.133 0.018898 -0.0225217
 vertex -0.133 0.01495 -0.0258942
 vertex -0.133 0.0192194 -0.0229047
 endloop
endfacet
facet normal 0 0 0
 outer loop
 vertex 0.209 0.018898 -0.0225217
 vertex 0.209 0.0192194 -0.0229047
 vertex 0.209 0.01495 -0.0258942
 endloop
endfacet
facet normal 0 0 0
 outer loop
 vertex 0.209 0.018898 -0.0225217
 vertex 0.209 0.01495 -0.0258942
 vertex 0.209 0.0147 -0.0254611
 endloop
endfacet
facet normal 0 0 0
 outer loop
 vertex -0.133 0.0147 -0.0254611
 vertex -0.133 0.0100554 -0.027627
 vertex -0.133 0.0102264 -0.0280968
 endloop
endfacet
facet normal 0 0 0
 outer loop
 vertex -0.133 0.0147 -0.0254611
 vertex -0.133 0.0102264 -0.0280968
 vertex -0.133 0.01495 -0.0258942
 endloop
endfacet
facet normal 0 0 0
 outer loop
 vertex 0.209 0.0147 -0.0254611
 vertex 0.209 0.01495 -0.0258942
 vertex 0.209 0.0102264 -0.0280968
 endloop
endfacet
facet normal 0 0 0
 outer loop
 vertex 0.209 0.0147 -0.0254611
 vertex 0.209 0.0102264 -0.0280968
 vertex 0.209 0.0100554 -0.027627
 endloop
endfacet
facet normal 0 0 0
 outer loop
 vertex -0.133 0.0100554 -0.027627
 vertex -0.133 0.00510526 -0.0289533
 vertex -0.133 0.00519208 -0.0294458
 endloop
endfacet
facet normal 0 0 0
 outer loop
 vertex -0.133 0.0100554 -0.027627
 vertex -0.133 0.00519208 -0.0294458
 vertex -0.133 0.0102264 -0.0280968
 endloop
endfacet
facet normal 0 0 0
 outer loop
 vertex 0.209 0.0100554 -0.027627
 vertex 0.209 0.0102264 -0.0280968
 vertex 0.209 0.00519208 -0.0294458
 endloop
endfacet
facet normal 0 0 0
 outer loop
 vertex 0.209 0.0100554 -0.027627
 vertex 0.209 0.00519208 -0.0294458
 vertex 0.209 0.00510526 -0.0289533
 endloop
endfacet
facet normal 0 0 0
 outer loop
 vertex -0.133 0.00510526 -0.0289533
 vertex -0.133 -2.57023e-09 -0.0294
 vertex -0.133 -2.61394e-09 -0.0299
 endloop
endfacet
facet normal 0 0 0
 outer loop
 vertex -0.133 0.00510526 -0.0289533
 vertex -0.133 -2.61394e-09 -0.0299
 vertex -0.133 0.00519208 -0.0294458
 endloop
endfacet
facet normal 0 0 0
 outer loop
 vertex 0.209 0.00510526 -0.0289533
 vertex 0.209 0.00519208 -0.0294458
 vertex 0.209 -2.61394e-09 -0.0299
 endloop
endfacet
facet normal 0 0 0
 outer loop
 vertex 0.209 0.00510526 -0.0289533
 vertex 0.209 -2.61394e-09 -0.0299
 vertex 0.209 -2.57023e-09 -0.0294
 endloop
endfacet
facet normal 0 0 0
 outer loop
 vertex -0.133 -2.57023e-09 -0.0294
 vertex -0.133 -0.00510526 -0.0289533
 vertex -0.133 -0.00519208 -0.0294458
 endloop
endfacet
facet normal 0 0 0
 outer loop
 vertex -0.133 -2.57023e-09 -0.0294
 vertex -0.133 -0.00519208 -0.0294458
 vertex -0.133 -2.61394e-09 -0.0299
 endloop
endfacet
facet normal 0 0 0
 outer loop
 vertex 0.209 -2.57023e-09 -0.0294
 vertex 0.209 -2.61394e-09 -0.0299
 vertex 0.209 -0.00519208 -0.0294458
 endloop
endfacet
facet normal 0 0 0
 outer loop
 vertex 0.209 -2.57023e-09 -0.0294
 vertex 0.209 -0.00519208 -0.0294458
 vertex 0.209 -0.00510526 -0.0289533
 endloop
endfacet
facet normal 0 0 0
 outer loop
 vertex -0.133 -0.00510526 -0.0289533
 vertex -0.133 -0.0100554 -0.027627
 vertex -0.133 -0.0102264 -0.0280968
 endloop
endfacet
facet normal 0 0 0
 outer loop
 vertex -0.133 -0.00510526 -0.0289533
 vertex -0.133 -0.0102264 -0.0280968
 vertex -0.133 -0.00519208 -0.0294458
 endloop
endfacet
facet normal 0 0 0
 outer loop
 vertex 0.209 -0.00510526 -0.0289533
 vertex 0.209 -0.00519208 -0.0294458
 vertex 0.209 -0.0102264 -0.0280968
 endloop
endfacet
facet normal 0 0 0
 outer loop
 vertex 0.209 -0.00510526 -0.0289533
 vertex 0.209 -0.0102264 -0.0280968
 vertex 0.209 -0.0100554 -0.027627
 endloop
endfacet
facet normal 0 0 0
 outer loop
 vertex -0.133 -0.0100554 -0.027627
 vertex -0.133 -0.0147 -0.0254611
 vertex -0.133 -0.01495 -0.0258942
 endloop
endfacet
facet normal 0 0 0
 outer loop
 vertex -0.133 -0.0100554 -0.027627
 vertex -0.133 -0.01495 -0.0258942
 vertex -0.133 -0.0102264 -0.0280968
 endloop
endfacet
facet normal 0 0 0
 outer loop
 vertex 0.209 -0.0100554 -0.027627
 vertex 0.209 -0.0102264 -0.0280968
 vertex 0.209 -0.01495 -0.0258942
 endloop
endfacet
facet normal 0 0 0
 outer loop
 vertex 0.209 -0.0100554 -0.027627
 vertex 0.209 -0.01495 -0.0258942
 vertex 0.209 -0.0147 -0.0254611
 endloop
endfacet
facet normal 0 0 0
 outer loop
 vertex -0.133 -0.0147 -0.0254611
 vertex -0.133 -0.018898 -0.0225217
 vertex -0.133 -0.0192193 -0.0229047
 endloop
endfacet
facet normal 0 0 0
 outer loop
 vertex -0.133 -0.0147 -0.0254611
 vertex -0.133 -0.0192193 -0.0229047
 vertex -0.133 -0.01495 -0.0258942
 endloop
endfacet
facet normal 0 0 0
 outer loop
 vertex 0.209 -0.0147 -0.0254611
 vertex 0.209 -0.01495 -0.0258942
 vertex 0.209 -0.0192193 -0.0229047
 endloop
endfacet
facet normal 0 0 0
 outer loop
 vertex 0.209 -0.0147 -0.0254611
 vertex 0.209 -0.0192193 -0.0229047
 vertex 0.209 -0.018898 -0.0225217
 endloop
endfacet
facet normal 0 0 0
 outer loop
 vertex -0.133 -0.018898 -0.0225217
 vertex -0.133 -0.0225217 -0.018898
 vertex -0.133 -0.0229047 -0.0192193
 endloop
endfacet
facet normal 0 0 0
 outer loop
 vertex -0.133 -0.018898 -0.0225217
 vertex -0.133 -0.0229047 -0.0192193
 vertex -0.133 -0.0192193 -0.0229047
 endloop
endfacet
facet normal 0 0 0
 outer loop
 vertex 0.209 -0.018898 -0.0225217
 vertex 0.209 -0.0192193 -0.0229047
 vertex 0.209 -0.0229047 -0.0192193
 endloop
endfacet
facet normal 0 0 0
 outer loop
 vertex 0.209 -0.018898 -0.0225217
 vertex 0.209 -0.0229047 -0.0192193
 vertex 0.209 -0.0225217 -0.018898
 endloop
endfacet
facet normal 0 0 0
 outer loop
 vertex -0.133 -0.0225217 -0.018898
 vertex -0.133 -0.0254611 -0.0147
 vertex -0.133 -0.0258942 -0.01495
 endloop
endfacet
facet normal 0 0 0
 outer loop
 vertex -0.133 -0.0225217 -0.018898
 vertex -0.133 -0.0258942 -0.01495
 vertex -0.133 -0.0229047 -0.0192193
 endloop
endfacet
facet normal 0 0 0
 outer loop
 vertex 0.209 -0.0225217 -0.018898
 vertex 0.209 -0.0229047 -0.0192193
 vertex 0.209 -0.0258942 -0.01495
 endloop
endfacet
facet normal 0 0 0
 outer loop
 vertex 0.209 -0.0225217 -0.018898
 vertex 0.209 -0.0258942 -0.01495
 vertex 0.209 -0.0254611 -0.0147
 endloop
endfacet
facet normal 0 0 0
 outer loop
 vertex -0.133 -0.0254611 -0.0147
 vertex -0.133 -0.027627 -0.0100554
 vertex -0.133 -0.0280968 -0.0102264
 endloop
endfacet
facet normal 0 0 0
 outer loop
 vertex -0.133 -0.0254611 -0.0147
 vertex -0.133 -0.0280968 -0.0102264
 vertex -0.133 -0.0258942 -0.01495
 endloop
endfacet
facet normal 0 0 0
 outer loop
 vertex 0.209 -0.0254611 -0.0147
 vertex 0.209 -0.0258942 -0.01495
 vertex 0.209 -0.0280968 -0.0102264
 endloop
endfacet
facet normal 0 0 0
 outer loop
 vertex 0.209 -0.0254611 -0.0147
 vertex 0.209 -0.0280968 -0.0102264
 vertex 0.209 -0.027627 -0.0100554
 endloop
endfacet
facet normal 0 0 0
 outer loop
 vertex -0.133 -0.027627 -0.0100554
 vertex -0.133 -0.0289533 -0.00510526
 vertex -0.133 -0.0294458 -0.00519208
 endloop
endfacet
facet normal 0 0 0
 outer loop
 vertex -0.133 -0.027627 -0.0100554
 vertex -0.133 -0.0294458 -0.00519208
 vertex -0.133 -0.0280968 -0.0102264
 endloop
endfacet
facet normal 0 0 0
 outer loop
 vertex 0.209 -0.027627 -0.0100554
 vertex 0.209 -0.0280968 -0.0102264
 vertex 0.209 -0.0294458 -0.00519208
 endloop
endfacet
facet normal 0 0 0
 outer loop
 vertex 0.209 -0.027627 -0.0100554
 vertex 0.209 -0.0294458 -0.00519208
 vertex 0.209 -0.0289533 -0.00510526
 endloop
endfacet
facet normal 0 0 0
 outer loop
 vertex -0.133 -0.0289533 -0.00510526
 vertex -0.133 -0.0294 3.50592e-10
 vertex -0.133 -0.0299 3.56554e-10
 endloop
endfacet
facet normal 0 0 0
 outer loop
 vertex -0.133 -0.0289533 -0.00510526
 vertex -0.133 -0.0299 3.56554e-10
 vertex -0.133 -0.0294458 -0.00519208
 endloop
endfacet
facet normal 0 0 0
 outer loop
 vertex 0.209 -0.0289533 -0.00510526
 vertex 0.209 -0.0294458 -0.00519208
 vertex 0.209 -0.0299 3.56554e-10
 endloop
endfacet
facet normal 0 0 0
 outer loop
 vertex 0.209 -0.0289533 -0.00510526
 vertex 0.209 -0.0299 3.56554e-10
 vertex 0.209 -0.0294 3.50592e-10
 endloop
endfacet
facet normal 0 0 0
 outer loop
 vertex -0.133 -0.0294 3.50592e-10
 vertex -0.133 -0.0289533 0.00510526
 vertex -0.133 -0.0294458 0.00519208
 endloop
endfacet
facet normal 0 0 0
 outer loop
 vertex -0.133 -0.0294 3.50592e-10
 vertex -0.133 -0.0294458 0.00519208
 vertex -0.133 -0.0299 3.56554e-10
 endloop
endfacet
facet normal 0 0 0
 outer loop
 vertex 0.209 -0.0294 3.50592e-10
 vertex 0.209 -0.0299 3.56554e-10
 vertex 0.209 -0.0294458 0.00519208
 endloop
endfacet
facet normal 0 0 0
 outer loop
 vertex 0.209 -0.0294 3.50592e-10
 vertex 0.209 -0.0294458 0.00519208
 vertex 0.209 -0.0289533 0.00510526
 endloop
endfacet
facet normal 0 0 0
 outer loop
 vertex -0.133 -0.0289533 0.00510526
 vertex -0.133 -0.027627 0.0100554
 vertex -0.133 -0.0280968 0.0102264
 endloop
endfacet
facet normal 0 0 0
 outer loop
 vertex -0.133 -0.0289533 0.00510526
 vertex -0.133 -0.0280968 0.0102264
 vertex -0.133 -0.0294458 0.00519208
 endloop
endfacet
facet normal 0 0 0
 outer loop
 vertex 0.209 -0.0289533 0.00510526
 vertex 0.209 -0.0294458 0.00519208
 vertex 0.209 -0.0280968 0.0102264
 endloop
endfacet
facet normal 0 0 0
 outer loop
 vertex 0.209 -0.0289533 0.00510526
 vertex 0.209 -0.0280968 0.0102264
 vertex 0.209 -0.027627 0.0100554
 endloop
endfacet
facet normal 0 0 0
 outer loop
 vertex -0.133 -0.027627 0.0100554
 vertex -0.133 -0.0254611 0.0147
 vertex -0.133 -0.0258942 0.01495
 endloop
endfacet
facet normal 0 0 0
 outer loop
 vertex -0.133 -0.027627 0.0100554
 vertex -0.133 -0.0258942 0.01495
 vertex -0.133 -0.0280968 0.0102264
 endloop
endfacet
facet normal 0 0 0
 outer loop
 vertex 0.209 -0.027627 0.0100554
 vertex 0.209 -0.0280968 0.0102264
 vertex 0.209 -0.0258942 0.01495
 endloop
endfacet
facet normal 0 0 0
 outer loop
 vertex 0.209 -0.027627 0.0100554
 vertex 0.209 -0.0258942 0.01495
 vertex 0.209 -0.0254611 0.0147
 endloop
endfacet
facet normal 0 0 0
 outer loop
 vertex -0.133 -0.0254611 0.0147
 vertex -0.133 -0.0225217 0.018898
 vertex -0.133 -0.0229047 0.0192193
 endloop
endfacet
facet normal 0 0 0
 outer loop
 vertex -0.133 -0.0254611 0.0147
 vertex -0.133 -0.0229047 0.0192193
 vertex -0.133 -0.0258942 0.01495
 endloop
endfacet
facet normal 0 0 0
 outer loop
 vertex 0.209 -0.0254611 0.0147
 vertex 0.209 -0.0258942 0.01495
 vertex 0.209 -0.0229047 0.0192193
 endloop
endfacet
facet normal 0 0 0
 outer loop
 vertex 0.209 -0.0254611 0.0147
 vertex 0.209 -0.0229047 0.0192193
 vertex 0.209 -0.0225217 0.018898
 endloop
endfacet
facet normal 0 0 0
 outer loop
 vertex -0.133 -0.0225217 0.018898
 vertex -0.133 -0.018898 0.0225217
 vertex -0.133 -0.0192194 0.0229047
 endloop
endfacet
facet normal 0 0 0
 outer loop
 vertex -0.133 -0.0225217 0.018898
 vertex -0.133 -0.0192194 0.0229047
 vertex -0.133 -0.0229047 0.0192193
 endloop
endfacet
facet normal 0 0 0
 outer loop
 vertex 0.209 -0.0225217 0.018898
 vertex 0.209 -0.0229047 0.0192193
 vertex 0.209 -0.0192194 0.0229047
 endloop
endfacet
facet normal 0 0 0
 outer loop
 vertex 0.209 -0.0225217 0.018898
 vertex 0.209 -0.0192194 0.0229047
 vertex 0.209 -0.018898 0.0225217
 endloop
endfacet
facet normal 0 0 0
 outer loop
 vertex -0.133 -0.018898 0.0225217
 vertex -0.133 -0.0147 0.0254611
 vertex -0.133 -0.01495 0.0258942
 endloop
endfacet
facet normal 0 0 0
 outer loop
 vertex -0.133 -0.018898 0.0225217
 vertex -0.133 -0.01495 0.0258942
 vertex -0.133 -0.0192194 0.0229047
 endloop
endfacet
facet normal 0 0 0
 outer loop
 vertex 0.209 -0.018898 0.0225217
 vertex 0.209 -0.0192194 0.0229047
 vertex 0.209 -0.01495 0.0258942
 endloop
endfacet
facet normal 0 0 0
 outer loop
 vertex 0.209 -0.018898 0.0225217
 vertex 0.209 -0.01495 0.0258942
 vertex 0.209 -0.0147 0.0254611
 endloop
endfacet
facet normal 0 0 0
 outer loop
 vertex -0.133 -0.0147 0.0254611
 vertex -0.133 -0.0100554 0.027627
 vertex -0.133 -0.0102264 0.0280968
 endloop
endfacet
facet normal 0 0 0
 outer loop
 vertex -0.133 -0.0147 0.0254611
 vertex -0.133 -0.0102264 0.0280968
 vertex -0.133 -0.01495 0.0258942
 endloop
endfacet
facet normal 0 0 0
 outer loop
 vertex 0.209 -0.0147 0.0254611
 vertex 0.209 -0.01495 0.0258942
 vertex 0.209 -0.0102264 0.0280968
 endloop
endfacet
facet normal 0 0 0
 outer loop
 vertex 0.209 -0.0147 0.0254611
 vertex 0.209 -0.0102264 0.0280968
 vertex 0.209 -0.0100554 0.027627
 endloop
endfacet
facet normal 0 0 0
 outer loop
 vertex -0.133 -0.0100554 0.027627
 vertex -0.133 -0.00510525 0.0289533
 vertex -0.133 -0.00519207 0.0294458
 endloop
endfacet
facet normal 0 0 0
 outer loop
 vertex -0.133 -0.0100554 0.027627
 vertex -0.133 -0.00519207 0.0294458
 vertex -0.133 -0.0102264 0.0280968
 endloop
endfacet
facet normal 0 0 0
 outer loop
 vertex 0.209 -0.0100554 0.027627
 vertex 0.209 -0.0102264 0.0280968
 vertex 0.209 -0.00519207 0.0294458
 endloop
endfacet
facet normal 0 0 0
 outer loop
 vertex 0.209 -0.0100554 0.027627
 vertex 0.209 -0.00519207 0.0294458
 vertex 0.209 -0.00510525 0.0289533
 endloop
endfacet
facet normal 0 0 0
 outer loop
 vertex -0.133 -0.00510525 0.0289533
 vertex -0.133 5.14046e-09 0.0294
 vertex -0.133 5.22788e-09 0.0299
 endloop
endfacet
facet normal 0 0 0
 outer loop
 vertex -0.133 -0.00510525 0.0289533
 vertex -0.133 5.22788e-09 0.0299
 vertex -0.133 -0.00519207 0.0294458
 endloop
endfacet
facet normal 0 0 0
 outer loop
 vertex 0.209 -0.00510525 0.0289533
 vertex 0.209 -0.00519207 0.0294458
 vertex 0.209 5.22788e-09 0.0299
 endloop
endfacet
facet normal 0 0 0
 outer loop
 vertex 0.209 -0.00510525 0.0289533
 vertex 0.209 5.22788e-09 0.0299
 vertex 0.209 5.14046e-09 0.0294
 endloop
endfacet
facet normal 0 0 0
 outer loop
 vertex -0.133 0 0.0302
 vertex -0.133 0.00524417 0.0297412
 vertex 0.209 0.00524417 0.0297412
 endloop
endfacet
facet normal 0 0 0
 outer loop
 vertex -0.133 0 0.0302
 vertex 0.209 0.00524417 0.0297412
 vertex 0.209 0 0.0302
 endloop
endfacet
facet normal 0 0 0
 outer loop
 vertex 0.209 0 0.0297
 vertex 0.209 0.00515735 0.0292488
 vertex -0.133 0.00515735 0.0292488
 endloop
endfacet
facet normal 0 0 0
 outer loop
 vertex 0.209 0 0.0297
 vertex -0.133 0.00515735 0.0292488
 vertex -0.133 0 0.0297
 endloop
endfacet
facet normal 0 0 0
 outer loop
 vertex -0.133 0.00524417 0.0297412
 vertex -0.133 0.010329 0.0283787
 vertex 0.209 0.010329 0.0283787
 endloop
endfacet
facet normal 0 0 0
 outer loop
 vertex -0.133 0.00524417 0.0297412
 vertex 0.209 0.010329 0.0283787
 vertex 0.209 0.00524417 0.0297412
 endloop
endfacet
facet normal 0 0 0
 outer loop
 vertex 0.209 0.00515735 0.0292488
 vertex 0.209 0.010158 0.0279089
 vertex -0.133 0.010158 0.0279089
 endloop
endfacet
facet normal 0 0 0
 outer loop
 vertex 0.209 0.00515735 0.0292488
 vertex -0.133 0.010158 0.0279089
 vertex -0.133 0.00515735 0.0292488
 endloop
endfacet
facet normal 0 0 0
 outer loop
 vertex -0.133 0.010329 0.0283787
 vertex -0.133 0.0151 0.026154
 vertex 0.209 0.0151 0.026154
 endloop
endfacet
facet normal 0 0 0
 outer loop
 vertex -0.133 0.010329 0.0283787
 vertex 0.209 0.0151 0.026154
 vertex 0.209 0.010329 0.0283787
 endloop
endfacet
facet normal 0 0 0
 outer loop
 vertex 0.209 0.010158 0.0279089
 vertex 0.209 0.01485 0.025721
 vertex -0.133 0.01485 0.025721
 endloop
endfacet
facet normal 0 0 0
 outer loop
 vertex 0.209 0.010158 0.0279089
 vertex -0.133 0.01485 0.025721
 vertex -0.133 0.010158 0.0279089
 endloop
endfacet
facet normal 0 0 0
 outer loop
 vertex -0.133 0.0151 0.026154
 vertex -0.133 0.0194122 0.0231345
 vertex 0.209 0.0194122 0.0231345
 endloop
endfacet
facet normal 0 0 0
 outer loop
 vertex -0.133 0.0151 0.026154
 vertex 0.209 0.0194122 0.0231345
 vertex 0.209 0.0151 0.026154
 endloop
endfacet
facet normal 0 0 0
 outer loop
 vertex 0.209 0.01485 0.025721
 vertex 0.209 0.0190908 0.0227515
 vertex -0.133 0.0190908 0.0227515
 endloop
endfacet
facet normal 0 0 0
 outer loop
 vertex 0.209 0.01485 0.025721
 vertex -0.133 0.0190908 0.0227515
 vertex -0.133 0.01485 0.025721
 endloop
endfacet
facet normal 0 0 0
 outer loop
 vertex -0.133 0.0194122 0.0231345
 vertex -0.133 0.0231345 0.0194122
 vertex 0.209 0.0231345 0.0194122
 endloop
endfacet
facet normal 0 0 0
 outer loop
 vertex -0.133 0.0194122 0.0231345
 vertex 0.209 0.0231345 0.0194122
 vertex 0.209 0.0194122 0.0231345
 endloop
endfacet
facet normal 0 0 0
 outer loop
 vertex 0.209 0.0190908 0.0227515
 vertex 0.209 0.0227515 0.0190908
 vertex -0.133 0.0227515 0.0190908
 endloop
endfacet
facet normal 0 0 0
 outer loop
 vertex 0.209 0.0190908 0.0227515
 vertex -0.133 0.0227515 0.0190908
 vertex -0.133 0.0190908 0.0227515
 endloop
endfacet
facet normal 0 0 0
 outer loop
 vertex -0.133 0.0231345 0.0194122
 vertex -0.133 0.026154 0.0151
 vertex 0.209 0.026154 0.0151
 endloop
endfacet
facet normal 0 0 0
 outer loop
 vertex -0.133 0.0231345 0.0194122
 vertex 0.209 0.026154 0.0151
 vertex 0.209 0.0231345 0.0194122
 endloop
endfacet
facet normal 0 0 0
 outer loop
 vertex 0.209 0.0227515 0.0190908
 vertex 0.209 0.025721 0.01485
 vertex -0.133 0.025721 0.01485
 endloop
endfacet
facet normal 0 0 0
 outer loop
 vertex 0.209 0.0227515 0.0190908
 vertex -0.133 0.025721 0.01485
 vertex -0.133 0.0227515 0.0190908
 endloop
endfacet
facet normal 0 0 0
 outer loop
 vertex -0.133 0.026154 0.0151
 vertex -0.133 0.0283787 0.010329
 vertex 0.209 0.0283787 0.010329
 endloop
endfacet
facet normal 0 0 0
 outer loop
 vertex -0.133 0.026154 0.0151
 vertex 0.209 0.0283787 0.010329
 vertex 0.209 0.026154 0.0151
 endloop
endfacet
facet normal 0 0 0
 outer loop
 vertex 0.209 0.025721 0.01485
 vertex 0.209 0.0279089 0.010158
 vertex -0.133 0.0279089 0.010158
 endloop
endfacet
facet normal 0 0 0
 outer loop
 vertex 0.209 0.025721 0.01485
 vertex -0.133 0.0279089 0.010158
 vertex -0.133 0.025721 0.01485
 endloop
endfacet
facet normal 0 0 0
 outer loop
 vertex -0.133 0.0283787 0.010329
 vertex -0.133 0.0297412 0.00524418
 vertex 0.209 0.0297412 0.00524418
 endloop
endfacet
facet normal 0 0 0
 outer loop
 vertex -0.133 0.0283787 0.010329
 vertex 0.209 0.0297412 0.00524418
 vertex 0.209 0.0283787 0.010329
 endloop
endfacet
facet normal 0 0 0
 outer loop
 vertex 0.209 0.0279089 0.010158
 vertex 0.209 0.0292488 0.00515735
 vertex -0.133 0.0292488 0.00515735
 endloop
endfacet
facet normal 0 0 0
 outer loop
 vertex 0.209 0.0279089 0.010158
 vertex -0.133 0.0292488 0.00515735
 vertex -0.133 0.0279089 0.010158
 endloop
endfacet
facet normal 0 0 0
 outer loop
 vertex -0.133 0.0297412 0.00524418
 vertex -0.133 0.0302 -1.32008e-09
 vertex 0.209 0.0302 -1.32008e-09
 endloop
endfacet
facet normal 0 0 0
 outer loop
 vertex -0.133 0.0297412 0.00524418
 vertex 0.209 0.0302 -1.32008e-09
 vertex 0.209 0.0297412 0.00524418
 endloop
endfacet
facet normal 0 0 0
 outer loop
 vertex 0.209 0.0292488 0.00515735
 vertex 0.209 0.0297 -1.29823e-09
 vertex -0.133 0.0297 -1.29823e-09
 endloop
endfacet
facet normal 0 0 0
 outer loop
 vertex 0.209 0.0292488 0.00515735
 vertex -0.133 0.0297 -1.29823e-09
 vertex -0.133 0.0292488 0.00515735
 endloop
endfacet
facet normal 0 0 0
 outer loop
 vertex -0.133 0.0302 -1.32008e-09
 vertex -0.133 0.0297412 -0.00524418
 vertex 0.209 0.0297412 -0.00524418
 endloop
endfacet
facet normal 0 0 0
 outer loop
 vertex -0.133 0.0302 -1.32008e-09
 vertex 0.209 0.0297412 -0.00524418
 vertex 0.209 0.0302 -1.32008e-09
 endloop
endfacet
facet normal 0 0 0
 outer loop
 vertex 0.209 0.0297 -1.29823e-09
 vertex 0.209 0.0292488 -0.00515735
 vertex -0.133 0.0292488 -0.00515735
 endloop
endfacet
facet normal 0 0 0
 outer loop
 vertex 0.209 0.0297 -1.29823e-09
 vertex -0.133 0.0292488 -0.00515735
 vertex -0.133 0.0297 -1.29823e-09
 endloop
endfacet
facet normal 0 0 0
 outer loop
 vertex -0.133 0.0297412 -0.00524418
 vertex -0.133 0.0283787 -0.010329
 vertex 0.209 0.0283787 -0.010329
 endloop
endfacet
facet normal 0 0 0
 outer loop
 vertex -0.133 0.0297412 -0.00524418
 vertex 0.209 0.0283787 -0.010329
 vertex 0.209 0.0297412 -0.00524418
 endloop
endfacet
facet normal 0 0 0
 outer loop
 vertex 0.209 0.0292488 -0.00515735
 vertex 0.209 0.0279089 -0.010158
 vertex -0.133 0.0279089 -0.010158
 endloop
endfacet
facet normal 0 0 0
 outer loop
 vertex 0.209 0.0292488 -0.00515735
 vertex -0.133 0.0279089 -0.010158
 vertex -0.133 0.0292488 -0.00515735
 endloop
endfacet
facet normal 0 0 0
 outer loop
 vertex -0.133 0.0283787 -0.010329
 vertex -0.133 0.026154 -0.0151
 vertex 0.209 0.026154 -0.0151
 endloop
endfacet
facet normal 0 0 0
 outer loop
 vertex -0.133 0.0283787 -0.010329
 vertex 0.209 0.026154 -0.0151
 vertex 0.209 0.0283787 -0.010329
 endloop
endfacet
facet normal 0 0 0
 outer loop
 vertex 0.209 0.0279089 -0.010158
 vertex 0.209 0.025721 -0.01485
 vertex -0.133 0.025721 -0.01485
 endloop
endfacet
facet normal 0 0 0
 outer loop
 vertex 0.209 0.0279089 -0.010158
 vertex -0.133 0.025721 -0.01485
 vertex -0.133 0.0279089 -0.010158
 endloop
endfacet
facet normal 0 0 0
 outer loop
 vertex -0.133 0.026154 -0.0151
 vertex -0.133 0.0231345 -0.0194122
 vertex 0.209 0.0231345 -0.0194122
 endloop
endfacet
facet normal 0 0 0
 outer loop
 vertex -0.133 0.026154 -0.0151
 vertex 0.209 0.0231345 -0.0194122
 vertex 0.209 0.026154 -0.0151
 endloop
endfacet
facet normal 0 0 0
 outer loop
 vertex 0.209 0.025721 -0.01485
 vertex 0.209 0.0227515 -0.0190908
 vertex -0.133 0.0227515 -0.0190908
 endloop
endfacet
facet normal 0 0 0
 outer loop
 vertex 0.209 0.025721 -0.01485
 vertex -0.133 0.0227515 -0.0190908
 vertex -0.133 0.025721 -0.01485
 endloop
endfacet
facet normal 0 0 0
 outer loop
 vertex -0.133 0.0231345 -0.0194122
 vertex -0.133 0.0194122 -0.0231345
 vertex 0.209 0.0194122 -0.0231345
 endloop
endfacet
facet normal 0 0 0
 outer loop
 vertex -0.133 0.0231345 -0.0194122
 vertex 0.209 0.0194122 -0.0231345
 vertex 0.209 0.0231345 -0.0194122
 endloop
endfacet
facet normal 0 0 0
 outer loop
 vertex 0.209 0.0227515 -0.0190908
 vertex 0.209 0.0190908 -0.0227515
 vertex -0.133 0.0190908 -0.0227515
 endloop
endfacet
facet normal 0 0 0
 outer loop
 vertex 0.209 0.0227515 -0.0190908
 vertex -0.133 0.0190908 -0.0227515
 vertex -0.133 0.0227515 -0.0190908
 endloop
endfacet
facet normal 0 0 0
 outer loop
 vertex -0.133 0.0194122 -0.0231345
 vertex -0.133 0.0151 -0.026154
 vertex 0.209 0.0151 -0.026154
 endloop
endfacet
facet normal 0 0 0
 outer loop
 vertex -0.133 0.0194122 -0.0231345
 vertex 0.209 0.0151 -0.026154
 vertex 0.209 0.0194122 -0.0231345
 endloop
endfacet
facet normal 0 0 0
 outer loop
 vertex 0.209 0.0190908 -0.0227515
 vertex 0.209 0.01485 -0.025721
 vertex -0.133 0.01485 -0.025721
 endloop
endfacet
facet normal 0 0 0
 outer loop
 vertex 0.209 0.0190908 -0.0227515
 vertex -0.133 0.01485 -0.025721
 vertex -0.133 0.0190908 -0.0227515
 endloop
endfacet
facet normal 0 0 0
 outer loop
 vertex -0.133 0.0151 -0.026154
 vertex -0.133 0.010329 -0.0283787
 vertex 0.209 0.010329 -0.0283787
 endloop
endfacet
facet normal 0 0 0
 outer loop
 vertex -0.133 0.0151 -0.026154
 vertex 0.209 0.010329 -0.0283787
 vertex 0.209 0.0151 -0.026154
 endloop
endfacet
facet normal 0 0 0
 outer loop
 vertex 0.209 0.01485 -0.025721
 vertex 0.209 0.010158 -0.0279089
 vertex -0.133 0.010158 -0.0279089
 endloop
endfacet
facet normal 0 0 0
 outer loop
 vertex 0.209 0.01485 -0.025721
 vertex -0.133 0.010158 -0.0279089
 vertex -0.133 0.01485 -0.025721
 endloop
endfacet
facet normal 0 0 0
 outer loop
 vertex -0.133 0.010329 -0.0283787
 vertex -0.133 0.00524418 -0.0297412
 vertex 0.209 0.00524418 -0.0297412
 endloop
endfacet
facet normal 0 0 0
 outer loop
 vertex -0.133 0.010329 -0.0283787
 vertex 0.209 0.00524418 -0.0297412
 vertex 0.209 0.010329 -0.0283787
 endloop
endfacet
facet normal 0 0 0
 outer loop
 vertex 0.209 0.010158 -0.0279089
 vertex 0.209 0.00515735 -0.0292488
 vertex -0.133 0.00515735 -0.0292488
 endloop
endfacet
facet normal 0 0 0
 outer loop
 vertex 0.209 0.010158 -0.0279089
 vertex -0.133 0.00515735 -0.0292488
 vertex -0.133 0.010158 -0.0279089
 endloop
endfacet
facet normal 0 0 0
 outer loop
 vertex -0.133 0.00524418 -0.0297412
 vertex -0.133 -2.64017e-09 -0.0302
 vertex 0.209 -2.64017e-09 -0.0302
 endloop
endfacet
facet normal 0 0 0
 outer loop
 vertex -0.133 0.00524418 -0.0297412
 vertex 0.209 -2.64017e-09 -0.0302
 vertex 0.209 0.00524418 -0.0297412
 endloop
endfacet
facet normal 0 0 0
 outer loop
 vertex 0.209 0.00515735 -0.0292488
 vertex 0.209 -2.59646e-09 -0.0297
 vertex -0.133 -2.59646e-09 -0.0297
 endloop
endfacet
facet normal 0 0 0
 outer loop
 vertex 0.209 0.00515735 -0.0292488
 vertex -0.133 -2.59646e-09 -0.0297
 vertex -0.133 0.00515735 -0.0292488
 endloop
endfacet
facet normal 0 0 0
 outer loop
 vertex -0.133 -2.64017e-09 -0.0302
 vertex -0.133 -0.00524418 -0.0297412
 vertex 0.209 -0.00524418 -0.0297412
 endloop
endfacet
facet normal 0 0 0
 outer loop
 vertex -0.133 -2.64017e-09 -0.0302
 vertex 0.209 -0.00524418 -0.0297412
 vertex 0.209 -2.64017e-09 -0.0302
 endloop
endfacet
facet normal 0 0 0
 outer loop
 vertex 0.209 -2.59646e-09 -0.0297
 vertex 0.209 -0.00515735 -0.0292488
 vertex -0.133 -0.00515735 -0.0292488
 endloop
endfacet
facet normal 0 0 0
 outer loop
 vertex 0.209 -2.59646e-09 -0.0297
 vertex -0.133 -0.00515735 -0.0292488
 vertex -0.133 -2.59646e-09 -0.0297
 endloop
endfacet
facet normal 0 0 0
 outer loop
 vertex -0.133 -0.00524418 -0.0297412
 vertex -0.133 -0.010329 -0.0283787
 vertex 0.209 -0.010329 -0.0283787
 endloop
endfacet
facet normal 0 0 0
 outer loop
 vertex -0.133 -0.00524418 -0.0297412
 vertex 0.209 -0.010329 -0.0283787
 vertex 0.209 -0.00524418 -0.0297412
 endloop
endfacet
facet normal 0 0 0
 outer loop
 vertex 0.209 -0.00515735 -0.0292488
 vertex 0.209 -0.010158 -0.0279089
 vertex -0.133 -0.010158 -0.0279089
 endloop
endfacet
facet normal 0 0 0
 outer loop
 vertex 0.209 -0.00515735 -0.0292488
 vertex -0.133 -0.010158 -0.0279089
 vertex -0.133 -0.00515735 -0.0292488
 endloop
endfacet
facet normal 0 0 0
 outer loop
 vertex -0.133 -0.010329 -0.0283787
 vertex -0.133 -0.0151 -0.026154
 vertex 0.209 -0.0151 -0.026154
 endloop
endfacet
facet normal 0 0 0
 outer loop
 vertex -0.133 -0.010329 -0.0283787
 vertex 0.209 -0.0151 -0.026154
 vertex 0.209 -0.010329 -0.0283787
 endloop
endfacet
facet normal 0 0 0
 outer loop
 vertex 0.209 -0.010158 -0.0279089
 vertex 0.209 -0.01485 -0.025721
 vertex -0.133 -0.01485 -0.025721
 endloop
endfacet
facet normal 0 0 0
 outer loop
 vertex 0.209 -0.010158 -0.0279089
 vertex -0.133 -0.01485 -0.025721
 vertex -0.133 -0.010158 -0.0279089
 endloop
endfacet
facet normal 0 0 0
 outer loop
 vertex -0.133 -0.0151 -0.026154
 vertex -0.133 -0.0194122 -0.0231345
 vertex 0.209 -0.0194122 -0.0231345
 endloop
endfacet
facet normal 0 0 0
 outer loop
 vertex -0.133 -0.0151 -0.026154
 vertex 0.209 -0.0194122 -0.0231345
 vertex 0.209 -0.0151 -0.026154
 endloop
endfacet
facet normal 0 0 0
 outer loop
 vertex 0.209 -0.01485 -0.025721
 vertex 0.209 -0.0190908 -0.0227515
 vertex -0.133 -0.0190908 -0.0227515
 endloop
endfacet
facet normal 0 0 0
 outer loop
 vertex 0.209 -0.01485 -0.025721
 vertex -0.133 -0.0190908 -0.0227515
 vertex -0.133 -0.01485 -0.025721
 endloop
endfacet
facet normal 0 0 0
 outer loop
 vertex -0.133 -0.0194122 -0.0231345
 vertex -0.133 -0.0231345 -0.0194122
 vertex 0.209 -0.0231345 -0.0194122
 endloop
endfacet
facet normal 0 0 0
 outer loop
 vertex -0.133 -0.0194122 -0.0231345
 vertex 0.209 -0.0231345 -0.0194122
 vertex 0.209 -0.0194122 -0.0231345
 endloop
endfacet
facet normal 0 0 0
 outer loop
 vertex 0.209 -0.0190908 -0.0227515
 vertex 0.209 -0.0227515 -0.0190908
 vertex -0.133 -0.0227515 -0.0190908
 endloop
endfacet
facet normal 0 0 0
 outer loop
 vertex 0.209 -0.0190908 -0.0227515
 vertex -0.133 -0.0227515 -0.0190908
 vertex -0.133 -0.0190908 -0.0227515
 endloop
endfacet
facet normal 0 0 0
 outer loop
 vertex -0.133 -0.0231345 -0.0194122
 vertex -0.133 -0.026154 -0.0151
 vertex 0.209 -0.026154 -0.0151
 endloop
endfacet
facet normal 0 0 0
 outer loop
 vertex -0.133 -0.0231345 -0.0194122
 vertex 0.209 -0.026154 -0.0151
 vertex 0.209 -0.0231345 -0.0194122
 endloop
endfacet
facet normal 0 0 0
 outer loop
 vertex 0.209 -0.0227515 -0.0190908
 vertex 0.209 -0.025721 -0.01485
 vertex -0.133 -0.025721 -0.01485
 endloop
endfacet
facet normal 0 0 0
 outer loop
 vertex 0.209 -0.0227515 -0.0190908
 vertex -0.133 -0.025721 -0.01485
 vertex -0.133 -0.0227515 -0.0190908
 endloop
endfacet
facet normal 0 0 0
 outer loop
 vertex -0.133 -0.026154 -0.0151
 vertex -0.133 -0.0283787 -0.010329
 vertex 0.209 -0.0283787 -0.010329
 endloop
endfacet
facet normal 0 0 0
 outer loop
 vertex -0.133 -0.026154 -0.0151
 vertex 0.209 -0.0283787 -0.010329
 vertex 0.209 -0.026154 -0.0151
 endloop
endfacet
facet normal 0 0 0
 outer loop
 vertex 0.209 -0.025721 -0.01485
 vertex 0.209 -0.0279089 -0.010158
 vertex -0.133 -0.0279089 -0.010158
 endloop
endfacet
facet normal 0 0 0
 outer loop
 vertex 0.209 -0.025721 -0.01485
 vertex -0.133 -0.0279089 -0.010158
 vertex -0.133 -0.025721 -0.01485
 endloop
endfacet
facet normal 0 0 0
 outer loop
 vertex -0.133 -0.0283787 -0.010329
 vertex -0.133 -0.0297412 -0.00524417
 vertex 0.209 -0.0297412 -0.00524417
 endloop
endfacet
facet normal 0 0 0
 outer loop
 vertex -0.133 -0.0283787 -0.010329
 vertex 0.209 -0.0297412 -0.00524417
 vertex 0.209 -0.0283787 -0.010329
 endloop
endfacet
facet normal 0 0 0
 outer loop
 vertex 0.209 -0.0279089 -0.010158
 vertex 0.209 -0.0292488 -0.00515735
 vertex -0.133 -0.0292488 -0.00515735
 endloop
endfacet
facet normal 0 0 0
 outer loop
 vertex 0.209 -0.0279089 -0.010158
 vertex -0.133 -0.0292488 -0.00515735
 vertex -0.133 -0.0279089 -0.010158
 endloop
endfacet
facet normal 0 0 0
 outer loop
 vertex -0.133 -0.0297412 -0.00524417
 vertex -0.133 -0.0302 3.60131e-10
 vertex 0.209 -0.0302 3.60131e-10
 endloop
endfacet
facet normal 0 0 0
 outer loop
 vertex -0.133 -0.0297412 -0.00524417
 vertex 0.209 -0.0302 3.60131e-10
 vertex 0.209 -0.0297412 -0.00524417
 endloop
endfacet
facet normal 0 0 0
 outer loop
 vertex 0.209 -0.0292488 -0.00515735
 vertex 0.209 -0.0297 3.54169e-10
 vertex -0.133 -0.0297 3.54169e-10
 endloop
endfacet
facet normal 0 0 0
 outer loop
 vertex 0.209 -0.0292488 -0.00515735
 vertex -0.133 -0.0297 3.54169e-10
 vertex -0.133 -0.0292488 -0.00515735
 endloop
endfacet
facet normal 0 0 0
 outer loop
 vertex -0.133 -0.0302 3.60131e-10
 vertex -0.133 -0.0297412 0.00524417
 vertex 0.209 -0.0297412 0.00524417
 endloop
endfacet
facet normal 0 0 0
 outer loop
 vertex -0.133 -0.0302 3.60131e-10
 vertex 0.209 -0.0297412 0.00524417
 vertex 0.209 -0.0302 3.60131e-10
 endloop
endfacet
facet normal 0 0 0
 outer loop
 vertex 0.209 -0.0297 3.54169e-10
 vertex 0.209 -0.0292488 0.00515735
 vertex -0.133 -0.0292488 0.00515735
 endloop
endfacet
facet normal 0 0 0
 outer loop
 vertex 0.209 -0.0297 3.54169e-10
 vertex -0.133 -0.0292488 0.00515735
 vertex -0.133 -0.0297 3.54169e-10
 endloop
endfacet
facet normal 0 0 0
 outer loop
 vertex -0.133 -0.0297412 0.00524417
 vertex -0.133 -0.0283787 0.010329
 vertex 0.209 -0.0283787 0.010329
 endloop
endfacet
facet normal 0 0 0
 outer loop
 vertex -0.133 -0.0297412 0.00524417
 vertex 0.209 -0.0283787 0.010329
 vertex 0.209 -0.0297412 0.00524417
 endloop
endfacet
facet normal 0 0 0
 outer loop
 vertex 0.209 -0.0292488 0.00515735
 vertex 0.209 -0.0279089 0.010158
 vertex -0.133 -0.0279089 0.010158
 endloop
endfacet
facet normal 0 0 0
 outer loop
 vertex 0.209 -0.0292488 0.00515735
 vertex -0.133 -0.0279089 0.010158
 vertex -0.133 -0.0292488 0.00515735
 endloop
endfacet
facet normal 0 0 0
 outer loop
 vertex -0.133 -0.0283787 0.010329
 vertex -0.133 -0.026154 0.0151
 vertex 0.209 -0.026154 0.0151
 endloop
endfacet
facet normal 0 0 0
 outer loop
 vertex -0.133 -0.0283787 0.010329
 vertex 0.209 -0.026154 0.0151
 vertex 0.209 -0.0283787 0.010329
 endloop
endfacet
facet normal 0 0 0
 outer loop
 vertex 0.209 -0.0279089 0.010158
 vertex 0.209 -0.025721 0.01485
 vertex -0.133 -0.025721 0.01485
 endloop
endfacet
facet normal 0 0 0
 outer loop
 vertex 0.209 -0.0279089 0.010158
 vertex -0.133 -0.025721 0.01485
 vertex -0.133 -0.0279089 0.010158
 endloop
endfacet
facet normal 0 0 0
 outer loop
 vertex -0.133 -0.026154 0.0151
 vertex -0.133 -0.0231345 0.0194122
 vertex 0.209 -0.0231345 0.0194122
 endloop
endfacet
facet normal 0 0 0
 outer loop
 vertex -0.133 -0.026154 0.0151
 vertex 0.209 -0.0231345 0.0194122
 vertex 0.209 -0.026154 0.0151
 endloop
endfacet
facet normal 0 0 0
 outer loop
 vertex 0.209 -0.025721 0.01485
 vertex 0.209 -0.0227515 0.0190908
 vertex -0.133 -0.0227515 0.0190908
 endloop
endfacet
facet normal 0 0 0
 outer loop
 vertex 0.209 -0.025721 0.01485
 vertex -0.133 -0.0227515 0.0190908
 vertex -0.133 -0.025721 0.01485
 endloop
endfacet
facet normal 0 0 0
 outer loop
 vertex -0.133 -0.0231345 0.0194122
 vertex -0.133 -0.0194122 0.0231345
 vertex 0.209 -0.0194122 0.0231345
 endloop
endfacet
facet normal 0 0 0
 outer loop
 vertex -0.133 -0.0231345 0.0194122
 vertex 0.209 -0.0194122 0.0231345
 vertex 0.209 -0.0231345 0.0194122
 endloop
endfacet
facet normal 0 0 0
 outer loop
 vertex 0.209 -0.0227515 0.0190908
 vertex 0.209 -0.0190908 0.0227515
 vertex -0.133 -0.0190908 0.0227515
 endloop
endfacet
facet normal 0 0 0
 outer loop
 vertex 0.209 -0.0227515 0.0190908
 vertex -0.133 -0.0190908 0.0227515
 vertex -0.133 -0.0227515 0.0190908
 endloop
endfacet
facet normal 0 0 0
 outer loop
 vertex -0.133 -0.0194122 0.0231345
 vertex -0.133 -0.0151 0.026154
 vertex 0.209 -0.0151 0.026154
 endloop
endfacet
facet normal 0 0 0
 outer loop
 vertex -0.133 -0.0194122 0.0231345
 vertex 0.209 -0.0151 0.026154
 vertex 0.209 -0.0194122 0.0231345
 endloop
endfacet
facet normal 0 0 0
 outer loop
 vertex 0.209 -0.0190908 0.0227515
 vertex 0.209 -0.01485 0.025721
 vertex -0.133 -0.01485 0.025721
 endloop
endfacet
facet normal 0 0 0
 outer loop
 vertex 0.209 -0.0190908 0.0227515
 vertex -0.133 -0.01485 0.025721
 vertex -0.133 -0.0190908 0.0227515
 endloop
endfacet
facet normal 0 0 0
 outer loop
 vertex -0.133 -0.0151 0.026154
 vertex -0.133 -0.010329 0.0283787
 vertex 0.209 -0.010329 0.0283787
 endloop
endfacet
facet normal 0 0 0
 outer loop
 vertex -0.133 -0.0151 0.026154
 vertex 0.209 -0.010329 0.0283787
 vertex 0.209 -0.0151 0.026154
 endloop
endfacet
facet normal 0 0 0
 outer loop
 vertex 0.209 -0.01485 0.025721
 vertex 0.209 -0.010158 0.0279089
 vertex -0.133 -0.010158 0.0279089
 endloop
endfacet
facet normal 0 0 0
 outer loop
 vertex 0.209 -0.01485 0.025721
 vertex -0.133 -0.010158 0.0279089
 vertex -0.133 -0.01485 0.025721
 endloop
endfacet
facet normal 0 0 0
 outer loop
 vertex -0.133 -0.010329 0.0283787
 vertex -0.133 -0.00524417 0.0297412
 vertex 0.209 -0.00524417 0.0297412
 endloop
endfacet
facet normal 0 0 0
 outer loop
 vertex -0.133 -0.010329 0.0283787
 vertex 0.209 -0.00524417 0.0297412
 vertex 0.209 -0.010329 0.0283787
 endloop
endfacet
facet normal 0 0 0
 outer loop
 vertex 0.209 -0.010158 0.0279089
 vertex 0.209 -0.00515734 0.0292488
 vertex -0.133 -0.00515734 0.0292488
 endloop
endfacet
facet normal 0 0 0
 outer loop
 vertex 0.209 -0.010158 0.0279089
 vertex -0.133 -0.00515734 0.0292488
 vertex -0.133 -0.010158 0.0279089
 endloop
endfacet
facet normal 0 0 0
 outer loop
 vertex -0.133 -0.00524417 0.0297412
 vertex -0.133 5.28034e-09 0.0302
 vertex 0.209 5.28034e-09 0.0302
 endloop
endfacet
facet normal 0 0 0
 outer loop
 vertex -0.133 -0.00524417 0.0297412
 vertex 0.209 5.28034e-09 0.0302
 vertex 0.209 -0.00524417 0.0297412
 endloop
endfacet
facet normal 0 0 0
 outer loop
 vertex 0.209 -0.00515734 0.0292488
 vertex 0.209 5.19291e-09 0.0297
 vertex -0.133 5.19291e-09 0.0297
 endloop
endfacet
facet normal 0 0 0
 outer loop
 vertex 0.209 -0.00515734 0.0292488
 vertex -0.133 5.19291e-09 0.0297
 vertex -0.133 -0.00515734 0.0292488
 endloop
endfacet
facet normal 0 0 0
 outer loop
 vertex -0.133 0 0.0297
 vertex -0.133 0.00515735 0.0292488
 vertex -0.133 0.00524417 0.0297412
 endloop
endfacet
facet normal 0 0 0
 outer loop
 vertex -0.133 0 0.0297
 vertex -0.133 0.00524417 0.0297412
 vertex -0.133 0 0.0302
 endloop
endfacet
facet normal 0 0 0
 outer loop
 vertex 0.209 0 0.0297
 vertex 0.209 0 0.0302
 vertex 0.209 0.00524417 0.0297412
 endloop
endfacet
facet normal 0 0 0
 outer loop
 vertex 0.209 0 0.0297
 vertex 0.209 0.00524417 0.0297412
 vertex 0.209 0.00515735 0.0292488
 endloop
endfacet
facet normal 0 0 0
 outer loop
 vertex -0.133 0.00515735 0.0292488
 vertex -0.133 0.010158 0.0279089
 vertex -0.133 0.010329 0.0283787
 endloop
endfacet
facet normal 0 0 0
 outer loop
 vertex -0.133 0.00515735 0.0292488
 vertex -0.133 0.010329 0.0283787
 vertex -0.133 0.00524417 0.0297412
 endloop
endfacet
facet normal 0 0 0
 outer loop
 vertex 0.209 0.00515735 0.0292488
 vertex 0.209 0.00524417 0.0297412
 vertex 0.209 0.010329 0.0283787
 endloop
endfacet
facet normal 0 0 0
 outer loop
 vertex 0.209 0.00515735 0.0292488
 vertex 0.209 0.010329 0.0283787
 vertex 0.209 0.010158 0.0279089
 endloop
endfacet
facet normal 0 0 0
 outer loop
 vertex -0.133 0.010158 0.0279089
 vertex -0.133 0.01485 0.025721
 vertex -0.133 0.0151 0.026154
 endloop
endfacet
facet normal 0 0 0
 outer loop
 vertex -0.133 0.010158 0.0279089
 vertex -0.133 0.0151 0.026154
 vertex -0.133 0.010329 0.0283787
 endloop
endfacet
facet normal 0 0 0
 outer loop
 vertex 0.209 0.010158 0.0279089
 vertex 0.209 0.010329 0.0283787
 vertex 0.209 0.0151 0.026154
 endloop
endfacet
facet normal 0 0 0
 outer loop
 vertex 0.209 0.010158 0.0279089
 vertex 0.209 0.0151 0.026154
 vertex 0.209 0.01485 0.025721
 endloop
endfacet
facet normal 0 0 0
 outer loop
 vertex -0.133 0.01485 0.025721
 vertex -0.133 0.0190908 0.0227515
 vertex -0.133 0.0194122 0.0231345
 endloop
endfacet
facet normal 0 0 0
 outer loop
 vertex -0.133 0.01485 0.025721
 vertex -0.133 0.0194122 0.0231345
 vertex -0.133 0.0151 0.026154
 endloop
endfacet
facet normal 0 0 0
 outer loop
 vertex 0.209 0.01485 0.025721
 vertex 0.209 0.0151 0.026154
 vertex 0.209 0.0194122 0.0231345
 endloop
endfacet
facet normal 0 0 0
 outer loop
 vertex 0.209 0.01485 0.025721
 vertex 0.209 0.0194122 0.0231345
 vertex 0.209 0.0190908 0.0227515
 endloop
endfacet
facet normal 0 0 0
 outer loop
 vertex -0.133 0.0190908 0.0227515
 vertex -0.133 0.0227515 0.0190908
 vertex -0.133 0.0231345 0.0194122
 endloop
endfacet
facet normal 0 0 0
 outer loop
 vertex -0.133 0.0190908 0.0227515
 vertex -0.133 0.0231345 0.0194122
 vertex -0.133 0.0194122 0.0231345
 endloop
endfacet
facet normal 0 0 0
 outer loop
 vertex 0.209 0.0190908 0.0227515
 vertex 0.209 0.0194122 0.0231345
 vertex 0.209 0.0231345 0.0194122
 endloop
endfacet
facet normal 0 0 0
 outer loop
 vertex 0.209 0.0190908 0.0227515
 vertex 0.209 0.0231345 0.0194122
 vertex 0.209 0.0227515 0.0190908
 endloop
endfacet
facet normal 0 0 0
 outer loop
 vertex -0.133 0.0227515 0.0190908
 vertex -0.133 0.025721 0.01485
 vertex -0.133 0.026154 0.0151
 endloop
endfacet
facet normal 0 0 0
 outer loop
 vertex -0.133 0.0227515 0.0190908
 vertex -0.133 0.026154 0.0151
 vertex -0.133 0.0231345 0.0194122
 endloop
endfacet
facet normal 0 0 0
 outer loop
 vertex 0.209 0.0227515 0.0190908
 vertex 0.209 0.0231345 0.0194122
 vertex 0.209 0.026154 0.0151
 endloop
endfacet
facet normal 0 0 0
 outer loop
 vertex 0.209 0.0227515 0.0190908
 vertex 0.209 0.026154 0.0151
 vertex 0.209 0.025721 0.01485
 endloop
endfacet
facet normal 0 0 0
 outer loop
 vertex -0.133 0.025721 0.01485
 vertex -0.133 0.0279089 0.010158
 vertex -0.133 0.0283787 0.010329
 endloop
endfacet
facet normal 0 0 0
 outer loop
 vertex -0.133 0.025721 0.01485
 vertex -0.133 0.0283787 0.010329
 vertex -0.133 0.026154 0.0151
 endloop
endfacet
facet normal 0 0 0
 outer loop
 vertex 0.209 0.025721 0.01485
 vertex 0.209 0.026154 0.0151
 vertex 0.209 0.0283787 0.010329
 endloop
endfacet
facet normal 0 0 0
 outer loop
 vertex 0.209 0.025721 0.01485
 vertex 0.209 0.0283787 0.010329
 vertex 0.209 0.0279089 0.010158
 endloop
endfacet
facet normal 0 0 0
 outer loop
 vertex -0.133 0.0279089 0.010158
 vertex -0.133 0.0292488 0.00515735
 vertex -0.133 0.0297412 0.00524418
 endloop
endfacet
facet normal 0 0 0
 outer loop
 vertex -0.133 0.0279089 0.010158
 vertex -0.133 0.0297412 0.00524418
 vertex -0.133 0.0283787 0.010329
 endloop
endfacet
facet normal 0 0 0
 outer loop
 vertex 0.209 0.0279089 0.010158
 vertex 0.209 0.0283787 0.010329
 vertex 0.209 0.0297412 0.00524418
 endloop
endfacet
facet normal 0 0 0
 outer loop
 vertex 0.209 0.0279089 0.010158
 vertex 0.209 0.0297412 0.00524418
 vertex 0.209 0.0292488 0.00515735
 endloop
endfacet
facet normal 0 0 0
 outer loop
 vertex -0.133 0.0292488 0.00515735
 vertex -0.133 0.0297 -1.29823e-09
 vertex -0.133 0.0302 -1.32008e-09
 endloop
endfacet
facet normal 0 0 0
 outer loop
 vertex -0.133 0.0292488 0.00515735
 vertex -0.133 0.0302 -1.32008e-09
 vertex -0.133 0.0297412 0.00524418
 endloop
endfacet
facet normal 0 0 0
 outer loop
 vertex 0.209 0.0292488 0.00515735
 vertex 0.209 0.0297412 0.00524418
 vertex 0.209 0.0302 -1.32008e-09
 endloop
endfacet
facet normal 0 0 0
 outer loop
 vertex 0.209 0.0292488 0.00515735
 vertex 0.209 0.0302 -1.32008e-09
 vertex 0.209 0.0297 -1.29823e-09
 endloop
endfacet
facet normal 0 0 0
 outer loop
 vertex -0.133 0.0297 -1.29823e-09
 vertex -0.133 0.0292488 -0.00515735
 vertex -0.133 0.0297412 -0.00524418
 endloop
endfacet
facet normal 0 0 0
 outer loop
 vertex -0.133 0.0297 -1.29823e-09
 vertex -0.133 0.0297412 -0.00524418
 vertex -0.133 0.0302 -1.32008e-09
 endloop
endfacet
facet normal 0 0 0
 outer loop
 vertex 0.209 0.0297 -1.29823e-09
 vertex 0.209 0.0302 -1.32008e-09
 vertex 0.209 0.0297412 -0.00524418
 endloop
endfacet
facet normal 0 0 0
 outer loop
 vertex 0.209 0.0297 -1.29823e-09
 vertex 0.209 0.0297412 -0.00524418
 vertex 0.209 0.0292488 -0.00515735
 endloop
endfacet
facet normal 0 0 0
 outer loop
 vertex -0.133 0.0292488 -0.00515735
 vertex -0.133 0.0279089 -0.010158
 vertex -0.133 0.0283787 -0.010329
 endloop
endfacet
facet normal 0 0 0
 outer loop
 vertex -0.133 0.0292488 -0.00515735
 vertex -0.133 0.0283787 -0.010329
 vertex -0.133 0.0297412 -0.00524418
 endloop
endfacet
facet normal 0 0 0
 outer loop
 vertex 0.209 0.0292488 -0.00515735
 vertex 0.209 0.0297412 -0.00524418
 vertex 0.209 0.0283787 -0.010329
 endloop
endfacet
facet normal 0 0 0
 outer loop
 vertex 0.209 0.0292488 -0.00515735
 vertex 0.209 0.0283787 -0.010329
 vertex 0.209 0.0279089 -0.010158
 endloop
endfacet
facet normal 0 0 0
 outer loop
 vertex -0.133 0.0279089 -0.010158
 vertex -0.133 0.025721 -0.01485
 vertex -0.133 0.026154 -0.0151
 endloop
endfacet
facet normal 0 0 0
 outer loop
 vertex -0.133 0.0279089 -0.010158
 vertex -0.133 0.026154 -0.0151
 vertex -0.133 0.0283787 -0.010329
 endloop
endfacet
facet normal 0 0 0
 outer loop
 vertex 0.209 0.0279089 -0.010158
 vertex 0.209 0.0283787 -0.010329
 vertex 0.209 0.026154 -0.0151
 endloop
endfacet
facet normal 0 0 0
 outer loop
 vertex 0.209 0.0279089 -0.010158
 vertex 0.209 0.026154 -0.0151
 vertex 0.209 0.025721 -0.01485
 endloop
endfacet
facet normal 0 0 0
 outer loop
 vertex -0.133 0.025721 -0.01485
 vertex -0.133 0.0227515 -0.0190908
 vertex -0.133 0.0231345 -0.0194122
 endloop
endfacet
facet normal 0 0 0
 outer loop
 vertex -0.133 0.025721 -0.01485
 vertex -0.133 0.0231345 -0.0194122
 vertex -0.133 0.026154 -0.0151
 endloop
endfacet
facet normal 0 0 0
 outer loop
 vertex 0.209 0.025721 -0.01485
 vertex 0.209 0.026154 -0.0151
 vertex 0.209 0.0231345 -0.0194122
 endloop
endfacet
facet normal 0 0 0
 outer loop
 vertex 0.209 0.025721 -0.01485
 vertex 0.209 0.0231345 -0.0194122
 vertex 0.209 0.0227515 -0.0190908
 endloop
endfacet
facet normal 0 0 0
 outer loop
 vertex -0.133 0.0227515 -0.0190908
 vertex -0.133 0.0190908 -0.0227515
 vertex -0.133 0.0194122 -0.0231345
 endloop
endfacet
facet normal 0 0 0
 outer loop
 vertex -0.133 0.0227515 -0.0190908
 vertex -0.133 0.0194122 -0.0231345
 vertex -0.133 0.0231345 -0.0194122
 endloop
endfacet
facet normal 0 0 0
 outer loop
 vertex 0.209 0.0227515 -0.0190908
 vertex 0.209 0.0231345 -0.0194122
 vertex 0.209 0.0194122 -0.0231345
 endloop
endfacet
facet normal 0 0 0
 outer loop
 vertex 0.209 0.0227515 -0.0190908
 vertex 0.209 0.0194122 -0.0231345
 vertex 0.209 0.0190908 -0.0227515
 endloop
endfacet
facet normal 0 0 0
 outer loop
 vertex -0.133 0.0190908 -0.0227515
 vertex -0.133 0.01485 -0.025721
 vertex -0.133 0.0151 -0.026154
 endloop
endfacet
facet normal 0 0 0
 outer loop
 vertex -0.133 0.0190908 -0.0227515
 vertex -0.133 0.0151 -0.026154
 vertex -0.133 0.0194122 -0.0231345
 endloop
endfacet
facet normal 0 0 0
 outer loop
 vertex 0.209 0.0190908 -0.0227515
 vertex 0.209 0.0194122 -0.0231345
 vertex 0.209 0.0151 -0.026154
 endloop
endfacet
facet normal 0 0 0
 outer loop
 vertex 0.209 0.0190908 -0.0227515
 vertex 0.209 0.0151 -0.026154
 vertex 0.209 0.01485 -0.025721
 endloop
endfacet
facet normal 0 0 0
 outer loop
 vertex -0.133 0.01485 -0.025721
 vertex -0.133 0.010158 -0.0279089
 vertex -0.133 0.010329 -0.0283787
 endloop
endfacet
facet normal 0 0 0
 outer loop
 vertex -0.133 0.01485 -0.025721
 vertex -0.133 0.010329 -0.0283787
 vertex -0.133 0.0151 -0.026154
 endloop
endfacet
facet normal 0 0 0
 outer loop
 vertex 0.209 0.01485 -0.025721
 vertex 0.209 0.0151 -0.026154
 vertex 0.209 0.010329 -0.0283787
 endloop
endfacet
facet normal 0 0 0
 outer loop
 vertex 0.209 0.01485 -0.025721
 vertex 0.209 0.010329 -0.0283787
 vertex 0.209 0.010158 -0.0279089
 endloop
endfacet
facet normal 0 0 0
 outer loop
 vertex -0.133 0.010158 -0.0279089
 vertex -0.133 0.00515735 -0.0292488
 vertex -0.133 0.00524418 -0.0297412
 endloop
endfacet
facet normal 0 0 0
 outer loop
 vertex -0.133 0.010158 -0.0279089
 vertex -0.133 0.00524418 -0.0297412
 vertex -0.133 0.010329 -0.0283787
 endloop
endfacet
facet normal 0 0 0
 outer loop
 vertex 0.209 0.010158 -0.0279089
 vertex 0.209 0.010329 -0.0283787
 vertex 0.209 0.00524418 -0.0297412
 endloop
endfacet
facet normal 0 0 0
 outer loop
 vertex 0.209 0.010158 -0.0279089
 vertex 0.209 0.00524418 -0.0297412
 vertex 0.209 0.00515735 -0.0292488
 endloop
endfacet
facet normal 0 0 0
 outer loop
 vertex -0.133 0.00515735 -0.0292488
 vertex -0.133 -2.59646e-09 -0.0297
 vertex -0.133 -2.64017e-09 -0.0302
 endloop
endfacet
facet normal 0 0 0
 outer loop
 vertex -0.133 0.00515735 -0.0292488
 vertex -0.133 -2.64017e-09 -0.0302
 vertex -0.133 0.00524418 -0.0297412
 endloop
endfacet
facet normal 0 0 0
 outer loop
 vertex 0.209 0.00515735 -0.0292488
 vertex 0.209 0.00524418 -0.0297412
 vertex 0.209 -2.64017e-09 -0.0302
 endloop
endfacet
facet normal 0 0 0
 outer loop
 vertex 0.209 0.00515735 -0.0292488
 vertex 0.209 -2.64017e-09 -0.0302
 vertex 0.209 -2.59646e-09 -0.0297
 endloop
endfacet
facet normal 0 0 0
 outer loop
 vertex -0.133 -2.59646e-09 -0.0297
 vertex -0.133 -0.00515735 -0.0292488
 vertex -0.133 -0.00524418 -0.0297412
 endloop
endfacet
facet normal 0 0 0
 outer loop
 vertex -0.133 -2.59646e-09 -0.0297
 vertex -0.133 -0.00524418 -0.0297412
 vertex -0.133 -2.64017e-09 -0.0302
 endloop
endfacet
facet normal 0 0 0
 outer loop
 vertex 0.209 -2.59646e-09 -0.0297
 vertex 0.209 -2.64017e-09 -0.0302
 vertex 0.209 -0.00524418 -0.0297412
 endloop
endfacet
facet normal 0 0 0
 outer loop
 vertex 0.209 -2.59646e-09 -0.0297
 vertex 0.209 -0.00524418 -0.0297412
 vertex 0.209 -0.00515735 -0.0292488
 endloop
endfacet
facet normal 0 0 0
 outer loop
 vertex -0.133 -0.00515735 -0.0292488
 vertex -0.133 -0.010158 -0.0279089
 vertex -0.133 -0.010329 -0.0283787
 endloop
endfacet
facet normal 0 0 0
 outer loop
 vertex -0.133 -0.00515735 -0.0292488
 vertex -0.133 -0.010329 -0.0283787
 vertex -0.133 -0.00524418 -0.0297412
 endloop
endfacet
facet normal 0 0 0
 outer loop
 vertex 0.209 -0.00515735 -0.0292488
 vertex 0.209 -0.00524418 -0.0297412
 vertex 0.209 -0.010329 -0.0283787
 endloop
endfacet
facet normal 0 0 0
 outer loop
 vertex 0.209 -0.00515735 -0.0292488
 vertex 0.209 -0.010329 -0.0283787
 vertex 0.209 -0.010158 -0.0279089
 endloop
endfacet
facet normal 0 0 0
 outer loop
 vertex -0.133 -0.010158 -0.0279089
 vertex -0.133 -0.01485 -0.025721
 vertex -0.133 -0.0151 -0.026154
 endloop
endfacet
facet normal 0 0 0
 outer loop
 vertex -0.133 -0.010158 -0.0279089
 vertex -0.133 -0.0151 -0.026154
 vertex -0.133 -0.010329 -0.0283787
 endloop
endfacet
facet normal 0 0 0
 outer loop
 vertex 0.209 -0.010158 -0.0279089
 vertex 0.209 -0.010329 -0.0283787
 vertex 0.209 -0.0151 -0.026154
 endloop
endfacet
facet normal 0 0 0
 outer loop
 vertex 0.209 -0.010158 -0.0279089
 vertex 0.209 -0.0151 -0.026154
 vertex 0.209 -0.01485 -0.025721
 endloop
endfacet
facet normal 0 0 0
 outer loop
 vertex -0.133 -0.01485 -0.025721
 vertex -0.133 -0.0190908 -0.0227515
 vertex -0.133 -0.0194122 -0.0231345
 endloop
endfacet
facet normal 0 0 0
 outer loop
 vertex -0.133 -0.01485 -0.025721
 vertex -0.133 -0.0194122 -0.0231345
 vertex -0.133 -0.0151 -0.026154
 endloop
endfacet
facet normal 0 0 0
 outer loop
 vertex 0.209 -0.01485 -0.025721
 vertex 0.209 -0.0151 -0.026154
 vertex 0.209 -0.0194122 -0.0231345
 endloop
endfacet
facet normal 0 0 0
 outer loop
 vertex 0.209 -0.01485 -0.025721
 vertex 0.209 -0.0194122 -0.0231345
 vertex 0.209 -0.0190908 -0.0227515
 endloop
endfacet
facet normal 0 0 0
 outer loop
 vertex -0.133 -0.0190908 -0.0227515
 vertex -0.133 -0.0227515 -0.0190908
 vertex -0.133 -0.0231345 -0.0194122
 endloop
endfacet
facet normal 0 0 0
 outer loop
 vertex -0.133 -0.0190908 -0.0227515
 vertex -0.133 -0.0231345 -0.0194122
 vertex -0.133 -0.0194122 -0.0231345
 endloop
endfacet
facet normal 0 0 0
 outer loop
 vertex 0.209 -0.0190908 -0.0227515
 vertex 0.209 -0.0194122 -0.0231345
 vertex 0.209 -0.0231345 -0.0194122
 endloop
endfacet
facet normal 0 0 0
 outer loop
 vertex 0.209 -0.0190908 -0.0227515
 vertex 0.209 -0.0231345 -0.0194122
 vertex 0.209 -0.0227515 -0.0190908
 endloop
endfacet
facet normal 0 0 0
 outer loop
 vertex -0.133 -0.0227515 -0.0190908
 vertex -0.133 -0.025721 -0.01485
 vertex -0.133 -0.026154 -0.0151
 endloop
endfacet
facet normal 0 0 0
 outer loop
 vertex -0.133 -0.0227515 -0.0190908
 vertex -0.133 -0.026154 -0.0151
 vertex -0.133 -0.0231345 -0.0194122
 endloop
endfacet
facet normal 0 0 0
 outer loop
 vertex 0.209 -0.0227515 -0.0190908
 vertex 0.209 -0.0231345 -0.0194122
 vertex 0.209 -0.026154 -0.0151
 endloop
endfacet
facet normal 0 0 0
 outer loop
 vertex 0.209 -0.0227515 -0.0190908
 vertex 0.209 -0.026154 -0.0151
 vertex 0.209 -0.025721 -0.01485
 endloop
endfacet
facet normal 0 0 0
 outer loop
 vertex -0.133 -0.025721 -0.01485
 vertex -0.133 -0.0279089 -0.010158
 vertex -0.133 -0.0283787 -0.010329
 endloop
endfacet
facet normal 0 0 0
 outer loop
 vertex -0.133 -0.025721 -0.01485
 vertex -0.133 -0.0283787 -0.010329
 vertex -0.133 -0.026154 -0.0151
 endloop
endfacet
facet normal 0 0 0
 outer loop
 vertex 0.209 -0.025721 -0.01485
 vertex 0.209 -0.026154 -0.0151
 vertex 0.209 -0.0283787 -0.010329
 endloop
endfacet
facet normal 0 0 0
 outer loop
 vertex 0.209 -0.025721 -0.01485
 vertex 0.209 -0.0283787 -0.010329
 vertex 0.209 -0.0279089 -0.010158
 endloop
endfacet
facet normal 0 0 0
 outer loop
 vertex -0.133 -0.0279089 -0.010158
 vertex -0.133 -0.0292488 -0.00515735
 vertex -0.133 -0.0297412 -0.00524417
 endloop
endfacet
facet normal 0 0 0
 outer loop
 vertex -0.133 -0.0279089 -0.010158
 vertex -0.133 -0.0297412 -0.00524417
 vertex -0.133 -0.0283787 -0.010329
 endloop
endfacet
facet normal 0 0 0
 outer loop
 vertex 0.209 -0.0279089 -0.010158
 vertex 0.209 -0.0283787 -0.010329
 vertex 0.209 -0.0297412 -0.00524417
 endloop
endfacet
facet normal 0 0 0
 outer loop
 vertex 0.209 -0.0279089 -0.010158
 vertex 0.209 -0.0297412 -0.00524417
 vertex 0.209 -0.0292488 -0.00515735
 endloop
endfacet
facet normal 0 0 0
 outer loop
 vertex -0.133 -0.0292488 -0.00515735
 vertex -0.133 -0.0297 3.54169e-10
 vertex -0.133 -0.0302 3.60131e-10
 endloop
endfacet
facet normal 0 0 0
 outer loop
 vertex -0.133 -0.0292488 -0.00515735
 vertex -0.133 -0.0302 3.60131e-10
 vertex -0.133 -0.0297412 -0.00524417
 endloop
endfacet
facet normal 0 0 0
 outer loop
 vertex 0.209 -0.0292488 -0.00515735
 vertex 0.209 -0.0297412 -0.00524417
 vertex 0.209 -0.0302 3.60131e-10
 endloop
endfacet
facet normal 0 0 0
 outer loop
 vertex 0.209 -0.0292488 -0.00515735
 vertex 0.209 -0.0302 3.60131e-10
 vertex 0.209 -0.0297 3.54169e-10
 endloop
endfacet
facet normal 0 0 0
 outer loop
 vertex -0.133 -0.0297 3.54169e-10
 vertex -0.133 -0.0292488 0.00515735
 vertex -0.133 -0.0297412 0.00524417
 endloop
endfacet
facet normal 0 0 0
 outer loop
 vertex -0.133 -0.0297 3.54169e-10
 vertex -0.133 -0.0297412 0.00524417
 vertex -0.133 -0.0302 3.60131e-10
 endloop
endfacet
facet normal 0 0 0
 outer loop
 vertex 0.209 -0.0297 3.54169e-10
 vertex 0.209 -0.0302 3.60131e-10
 vertex 0.209 -0.0297412 0.00524417
 endloop
endfacet
facet normal 0 0 0
 outer loop
 vertex 0.209 -0.0297 3.54169e-10
 vertex 0.209 -0.0297412 0.00524417
 vertex 0.209 -0.0292488 0.00515735
 endloop
endfacet
facet normal 0 0 0
 outer loop
 vertex -0.133 -0.0292488 0.00515735
 vertex -0.133 -0.0279089 0.010158
 vertex -0.133 -0.0283787 0.010329
 endloop
endfacet
facet normal 0 0 0
 outer loop
 vertex -0.133 -0.0292488 0.00515735
 vertex -0.133 -0.0283787 0.010329
 vertex -0.133 -0.0297412 0.00524417
 endloop
endfacet
facet normal 0 0 0
 outer loop
 vertex 0.209 -0.0292488 0.00515735
 vertex 0.209 -0.0297412 0.00524417
 vertex 0.209 -0.0283787 0.010329
 endloop
endfacet
facet normal 0 0 0
 outer loop
 vertex 0.209 -0.0292488 0.00515735
 vertex 0.209 -0.0283787 0.010329
 vertex 0.209 -0.0279089 0.010158
 endloop
endfacet
facet normal 0 0 0
 outer loop
 vertex -0.133 -0.0279089 0.010158
 vertex -0.133 -0.025721 0.01485
 vertex -0.133 -0.026154 0.0151
 endloop
endfacet
facet normal 0 0 0
 outer loop
 vertex -0.133 -0.0279089 0.010158
 vertex -0.133 -0.026154 0.0151
 vertex -0.133 -0.0283787 0.010329
 endloop
endfacet
facet normal 0 0 0
 outer loop
 vertex 0.209 -0.0279089 0.010158
 vertex 0.209 -0.0283787 0.010329
 vertex 0.209 -0.026154 0.0151
 endloop
endfacet
facet normal 0 0 0
 outer loop
 vertex 0.209 -0.0279089 0.010158
 vertex 0.209 -0.026154 0.0151
 vertex 0.209 -0.025721 0.01485
 endloop
endfacet
facet normal 0 0 0
 outer loop
 vertex -0.133 -0.025721 0.01485
 vertex -0.133 -0.0227515 0.0190908
 vertex -0.133 -0.0231345 0.0194122
 endloop
endfacet
facet normal 0 0 0
 outer loop
 vertex -0.133 -0.025721 0.01485
 vertex -0.133 -0.0231345 0.0194122
 vertex -0.133 -0.026154 0.0151
 endloop
endfacet
facet normal 0 0 0
 outer loop
 vertex 0.209 -0.025721 0.01485
 vertex 0.209 -0.026154 0.0151
 vertex 0.209 -0.0231345 0.0194122
 endloop
endfacet
facet normal 0 0 0
 outer loop
 vertex 0.209 -0.025721 0.01485
 vertex 0.209 -0.0231345 0.0194122
 vertex 0.209 -0.0227515 0.0190908
 endloop
endfacet
facet normal 0 0 0
 outer loop
 vertex -0.133 -0.0227515 0.0190908
 vertex -0.133 -0.0190908 0.0227515
 vertex -0.133 -0.0194122 0.0231345
 endloop
endfacet
facet normal 0 0 0
 outer loop
 vertex -0.133 -0.0227515 0.0190908
 vertex -0.133 -0.0194122 0.0231345
 vertex -0.133 -0.0231345 0.0194122
 endloop
endfacet
facet normal 0 0 0
 outer loop
 vertex 0.209 -0.0227515 0.0190908
 vertex 0.209 -0.0231345 0.0194122
 vertex 0.209 -0.0194122 0.0231345
 endloop
endfacet
facet normal 0 0 0
 outer loop
 vertex 0.209 -0.0227515 0.0190908
 vertex 0.209 -0.0194122 0.0231345
 vertex 0.209 -0.0190908 0.0227515
 endloop
endfacet
facet normal 0 0 0
 outer loop
 vertex -0.133 -0.0190908 0.0227515
 vertex -0.133 -0.01485 0.025721
 vertex -0.133 -0.0151 0.026154
 endloop
endfacet
facet normal 0 0 0
 outer loop
 vertex -0.133 -0.0190908 0.0227515
 vertex -0.133 -0.0151 0.026154
 vertex -0.133 -0.0194122 0.0231345
 endloop
endfacet
facet normal 0 0 0
 outer loop
 vertex 0.209 -0.0190908 0.0227515
 vertex 0.209 -0.0194122 0.0231345
 vertex 0.209 -0.0151 0.026154
 endloop
endfacet
facet normal 0 0 0
 outer loop
 vertex 0.209 -0.0190908 0.0227515
 vertex 0.209 -0.0151 0.026154
 vertex 0.209 -0.01485 0.025721
 endloop
endfacet
facet normal 0 0 0
 outer loop
 vertex -0.133 -0.01485 0.025721
 vertex -0.133 -0.010158 0.0279089
 vertex -0.133 -0.010329 0.0283787
 endloop
endfacet
facet normal 0 0 0
 outer loop
 vertex -0.133 -0.01485 0.025721
 vertex -0.133 -0.010329 0.0283787
 vertex -0.133 -0.0151 0.026154
 endloop
endfacet
facet normal 0 0 0
 outer loop
 vertex 0.209 -0.01485 0.025721
 vertex 0.209 -0.0151 0.026154
 vertex 0.209 -0.010329 0.0283787
 endloop
endfacet
facet normal 0 0 0
 outer loop
 vertex 0.209 -0.01485 0.025721
 vertex 0.209 -0.010329 0.0283787
 vertex 0.209 -0.010158 0.0279089
 endloop
endfacet
facet normal 0 0 0
 outer loop
 vertex -0.133 -0.010158 0.0279089
 vertex -0.133 -0.00515734 0.0292488
 vertex -0.133 -0.00524417 0.0297412
 endloop
endfacet
facet normal 0 0 0
 outer loop
 vertex -0.133 -0.010158 0.0279089
 vertex -0.133 -0.00524417 0.0297412
 vertex -0.133 -0.010329 0.0283787
 endloop
endfacet
facet normal 0 0 0
 outer loop
 vertex 0.209 -0.010158 0.0279089
 vertex 0.209 -0.010329 0.0283787
 vertex 0.209 -0.00524417 0.0297412
 endloop
endfacet
facet normal 0 0 0
 outer loop
 vertex 0.209 -0.010158 0.0279089
 vertex 0.209 -0.00524417 0.0297412
 vertex 0.209 -0.00515734 0.0292488
 endloop
endfacet
facet normal 0 0 0
 outer loop
 vertex -0.133 -0.00515734 0.0292488
 vertex -0.133 5.19291e-09 0.0297
 vertex -0.133 5.28034e-09 0.0302
 endloop
endfacet
facet normal 0 0 0
 outer loop
 vertex -0.133 -0.00515734 0.0292488
 vertex -0.133 5.28034e-09 0.0302
 vertex -0.133 -0.00524417 0.0297412
 endloop
endfacet
facet normal 0 0 0
 outer loop
 vertex 0.209 -0.00515734 0.0292488
 vertex 0.209 -0.00524417 0.0297412
 vertex 0.209 5.28034e-09 0.0302
 endloop
endfacet
facet normal 0 0 0
 outer loop
 vertex 0.209 -0.00515734 0.0292488
 vertex 0.209 5.28034e-09 0.0302
 vertex 0.209 5.19291e-09 0.0297
 endloop
endfacet
facet normal 0 0 0
 outer loop
 vertex -0.133 0 0.0305
 vertex -0.133 0.00529627 0.0300366
 vertex 0.209 0.00529627 0.0300366
 endloop
endfacet
facet normal 0 0 0
 outer loop
 vertex -0.133 0 0.0305
 vertex 0.209 0.00529627 0.0300366
 vertex 0.209 0 0.0305
 endloop
endfacet
facet normal 0 0 0
 outer loop
 vertex 0.209 0 0.03
 vertex 0.209 0.00520945 0.0295442
 vertex -0.133 0.00520945 0.0295442
 endloop
endfacet
facet normal 0 0 0
 outer loop
 vertex 0.209 0 0.03
 vertex -0.133 0.00520945 0.0295442
 vertex -0.133 0 0.03
 endloop
endfacet
facet normal 0 0 0
 outer loop
 vertex -0.133 0.00529627 0.0300366
 vertex -0.133 0.0104316 0.0286606
 vertex 0.209 0.0104316 0.0286606
 endloop
endfacet
facet normal 0 0 0
 outer loop
 vertex -0.133 0.00529627 0.0300366
 vertex 0.209 0.0104316 0.0286606
 vertex 0.209 0.00529627 0.0300366
 endloop
endfacet
facet normal 0 0 0
 outer loop
 vertex 0.209 0.00520945 0.0295442
 vertex 0.209 0.0102606 0.0281908
 vertex -0.133 0.0102606 0.0281908
 endloop
endfacet
facet normal 0 0 0
 outer loop
 vertex 0.209 0.00520945 0.0295442
 vertex -0.133 0.0102606 0.0281908
 vertex -0.133 0.00520945 0.0295442
 endloop
endfacet
facet normal 0 0 0
 outer loop
 vertex -0.133 0.0104316 0.0286606
 vertex -0.133 0.01525 0.0264138
 vertex 0.209 0.01525 0.0264138
 endloop
endfacet
facet normal 0 0 0
 outer loop
 vertex -0.133 0.0104316 0.0286606
 vertex 0.209 0.01525 0.0264138
 vertex 0.209 0.0104316 0.0286606
 endloop
endfacet
facet normal 0 0 0
 outer loop
 vertex 0.209 0.0102606 0.0281908
 vertex 0.209 0.015 0.0259808
 vertex -0.133 0.015 0.0259808
 endloop
endfacet
facet normal 0 0 0
 outer loop
 vertex 0.209 0.0102606 0.0281908
 vertex -0.133 0.015 0.0259808
 vertex -0.133 0.0102606 0.0281908
 endloop
endfacet
facet normal 0 0 0
 outer loop
 vertex -0.133 0.01525 0.0264138
 vertex -0.133 0.019605 0.0233644
 vertex 0.209 0.019605 0.0233644
 endloop
endfacet
facet normal 0 0 0
 outer loop
 vertex -0.133 0.01525 0.0264138
 vertex 0.209 0.019605 0.0233644
 vertex 0.209 0.01525 0.0264138
 endloop
endfacet
facet normal 0 0 0
 outer loop
 vertex 0.209 0.015 0.0259808
 vertex 0.209 0.0192836 0.0229813
 vertex -0.133 0.0192836 0.0229813
 endloop
endfacet
facet normal 0 0 0
 outer loop
 vertex 0.209 0.015 0.0259808
 vertex -0.133 0.0192836 0.0229813
 vertex -0.133 0.015 0.0259808
 endloop
endfacet
facet normal 0 0 0
 outer loop
 vertex -0.133 0.019605 0.0233644
 vertex -0.133 0.0233644 0.019605
 vertex 0.209 0.0233644 0.019605
 endloop
endfacet
facet normal 0 0 0
 outer loop
 vertex -0.133 0.019605 0.0233644
 vertex 0.209 0.0233644 0.019605
 vertex 0.209 0.019605 0.0233644
 endloop
endfacet
facet normal 0 0 0
 outer loop
 vertex 0.209 0.0192836 0.0229813
 vertex 0.209 0.0229813 0.0192836
 vertex -0.133 0.0229813 0.0192836
 endloop
endfacet
facet normal 0 0 0
 outer loop
 vertex 0.209 0.0192836 0.0229813
 vertex -0.133 0.0229813 0.0192836
 vertex -0.133 0.0192836 0.0229813
 endloop
endfacet
facet normal 0 0 0
 outer loop
 vertex -0.133 0.0233644 0.019605
 vertex -0.133 0.0264138 0.01525
 vertex 0.209 0.0264138 0.01525
 endloop
endfacet
facet normal 0 0 0
 outer loop
 vertex -0.133 0.0233644 0.019605
 vertex 0.209 0.0264138 0.01525
 vertex 0.209 0.0233644 0.019605
 endloop
endfacet
facet normal 0 0 0
 outer loop
 vertex 0.209 0.0229813 0.0192836
 vertex 0.209 0.0259808 0.015
 vertex -0.133 0.0259808 0.015
 endloop
endfacet
facet normal 0 0 0
 outer loop
 vertex 0.209 0.0229813 0.0192836
 vertex -0.133 0.0259808 0.015
 vertex -0.133 0.0229813 0.0192836
 endloop
endfacet
facet normal 0 0 0
 outer loop
 vertex -0.133 0.0264138 0.01525
 vertex -0.133 0.0286606 0.0104316
 vertex 0.209 0.0286606 0.0104316
 endloop
endfacet
facet normal 0 0 0
 outer loop
 vertex -0.133 0.0264138 0.01525
 vertex 0.209 0.0286606 0.0104316
 vertex 0.209 0.0264138 0.01525
 endloop
endfacet
facet normal 0 0 0
 outer loop
 vertex 0.209 0.0259808 0.015
 vertex 0.209 0.0281908 0.0102606
 vertex -0.133 0.0281908 0.0102606
 endloop
endfacet
facet normal 0 0 0
 outer loop
 vertex 0.209 0.0259808 0.015
 vertex -0.133 0.0281908 0.0102606
 vertex -0.133 0.0259808 0.015
 endloop
endfacet
facet normal 0 0 0
 outer loop
 vertex -0.133 0.0286606 0.0104316
 vertex -0.133 0.0300366 0.00529627
 vertex 0.209 0.0300366 0.00529627
 endloop
endfacet
facet normal 0 0 0
 outer loop
 vertex -0.133 0.0286606 0.0104316
 vertex 0.209 0.0300366 0.00529627
 vertex 0.209 0.0286606 0.0104316
 endloop
endfacet
facet normal 0 0 0
 outer loop
 vertex 0.209 0.0281908 0.0102606
 vertex 0.209 0.0295442 0.00520945
 vertex -0.133 0.0295442 0.00520945
 endloop
endfacet
facet normal 0 0 0
 outer loop
 vertex 0.209 0.0281908 0.0102606
 vertex -0.133 0.0295442 0.00520945
 vertex -0.133 0.0281908 0.0102606
 endloop
endfacet
facet normal 0 0 0
 outer loop
 vertex -0.133 0.0300366 0.00529627
 vertex -0.133 0.0305 -1.3332e-09
 vertex 0.209 0.0305 -1.3332e-09
 endloop
endfacet
facet normal 0 0 0
 outer loop
 vertex -0.133 0.0300366 0.00529627
 vertex 0.209 0.0305 -1.3332e-09
 vertex 0.209 0.0300366 0.00529627
 endloop
endfacet
facet normal 0 0 0
 outer loop
 vertex 0.209 0.0295442 0.00520945
 vertex 0.209 0.03 -1.31134e-09
 vertex -0.133 0.03 -1.31134e-09
 endloop
endfacet
facet normal 0 0 0
 outer loop
 vertex 0.209 0.0295442 0.00520945
 vertex -0.133 0.03 -1.31134e-09
 vertex -0.133 0.0295442 0.00520945
 endloop
endfacet
facet normal 0 0 0
 outer loop
 vertex -0.133 0.0305 -1.3332e-09
 vertex -0.133 0.0300366 -0.00529627
 vertex 0.209 0.0300366 -0.00529627
 endloop
endfacet
facet normal 0 0 0
 outer loop
 vertex -0.133 0.0305 -1.3332e-09
 vertex 0.209 0.0300366 -0.00529627
 vertex 0.209 0.0305 -1.3332e-09
 endloop
endfacet
facet normal 0 0 0
 outer loop
 vertex 0.209 0.03 -1.31134e-09
 vertex 0.209 0.0295442 -0.00520945
 vertex -0.133 0.0295442 -0.00520945
 endloop
endfacet
facet normal 0 0 0
 outer loop
 vertex 0.209 0.03 -1.31134e-09
 vertex -0.133 0.0295442 -0.00520945
 vertex -0.133 0.03 -1.31134e-09
 endloop
endfacet
facet normal 0 0 0
 outer loop
 vertex -0.133 0.0300366 -0.00529627
 vertex -0.133 0.0286606 -0.0104316
 vertex 0.209 0.0286606 -0.0104316
 endloop
endfacet
facet normal 0 0 0
 outer loop
 vertex -0.133 0.0300366 -0.00529627
 vertex 0.209 0.0286606 -0.0104316
 vertex 0.209 0.0300366 -0.00529627
 endloop
endfacet
facet normal 0 0 0
 outer loop
 vertex 0.209 0.0295442 -0.00520945
 vertex 0.209 0.0281908 -0.0102606
 vertex -0.133 0.0281908 -0.0102606
 endloop
endfacet
facet normal 0 0 0
 outer loop
 vertex 0.209 0.0295442 -0.00520945
 vertex -0.133 0.0281908 -0.0102606
 vertex -0.133 0.0295442 -0.00520945
 endloop
endfacet
facet normal 0 0 0
 outer loop
 vertex -0.133 0.0286606 -0.0104316
 vertex -0.133 0.0264138 -0.01525
 vertex 0.209 0.0264138 -0.01525
 endloop
endfacet
facet normal 0 0 0
 outer loop
 vertex -0.133 0.0286606 -0.0104316
 vertex 0.209 0.0264138 -0.01525
 vertex 0.209 0.0286606 -0.0104316
 endloop
endfacet
facet normal 0 0 0
 outer loop
 vertex 0.209 0.0281908 -0.0102606
 vertex 0.209 0.0259808 -0.015
 vertex -0.133 0.0259808 -0.015
 endloop
endfacet
facet normal 0 0 0
 outer loop
 vertex 0.209 0.0281908 -0.0102606
 vertex -0.133 0.0259808 -0.015
 vertex -0.133 0.0281908 -0.0102606
 endloop
endfacet
facet normal 0 0 0
 outer loop
 vertex -0.133 0.0264138 -0.01525
 vertex -0.133 0.0233644 -0.019605
 vertex 0.209 0.0233644 -0.019605
 endloop
endfacet
facet normal 0 0 0
 outer loop
 vertex -0.133 0.0264138 -0.01525
 vertex 0.209 0.0233644 -0.019605
 vertex 0.209 0.0264138 -0.01525
 endloop
endfacet
facet normal 0 0 0
 outer loop
 vertex 0.209 0.0259808 -0.015
 vertex 0.209 0.0229813 -0.0192836
 vertex -0.133 0.0229813 -0.0192836
 endloop
endfacet
facet normal 0 0 0
 outer loop
 vertex 0.209 0.0259808 -0.015
 vertex -0.133 0.0229813 -0.0192836
 vertex -0.133 0.0259808 -0.015
 endloop
endfacet
facet normal 0 0 0
 outer loop
 vertex -0.133 0.0233644 -0.019605
 vertex -0.133 0.019605 -0.0233644
 vertex 0.209 0.019605 -0.0233644
 endloop
endfacet
facet normal 0 0 0
 outer loop
 vertex -0.133 0.0233644 -0.019605
 vertex 0.209 0.019605 -0.0233644
 vertex 0.209 0.0233644 -0.019605
 endloop
endfacet
facet normal 0 0 0
 outer loop
 vertex 0.209 0.0229813 -0.0192836
 vertex 0.209 0.0192836 -0.0229813
 vertex -0.133 0.0192836 -0.0229813
 endloop
endfacet
facet normal 0 0 0
 outer loop
 vertex 0.209 0.0229813 -0.0192836
 vertex -0.133 0.0192836 -0.0229813
 vertex -0.133 0.0229813 -0.0192836
 endloop
endfacet
facet normal 0 0 0
 outer loop
 vertex -0.133 0.019605 -0.0233644
 vertex -0.133 0.01525 -0.0264138
 vertex 0.209 0.01525 -0.0264138
 endloop
endfacet
facet normal 0 0 0
 outer loop
 vertex -0.133 0.019605 -0.0233644
 vertex 0.209 0.01525 -0.0264138
 vertex 0.209 0.019605 -0.0233644
 endloop
endfacet
facet normal 0 0 0
 outer loop
 vertex 0.209 0.0192836 -0.0229813
 vertex 0.209 0.015 -0.0259808
 vertex -0.133 0.015 -0.0259808
 endloop
endfacet
facet normal 0 0 0
 outer loop
 vertex 0.209 0.0192836 -0.0229813
 vertex -0.133 0.015 -0.0259808
 vertex -0.133 0.0192836 -0.0229813
 endloop
endfacet
facet normal 0 0 0
 outer loop
 vertex -0.133 0.01525 -0.0264138
 vertex -0.133 0.0104316 -0.0286606
 vertex 0.209 0.0104316 -0.0286606
 endloop
endfacet
facet normal 0 0 0
 outer loop
 vertex -0.133 0.01525 -0.0264138
 vertex 0.209 0.0104316 -0.0286606
 vertex 0.209 0.01525 -0.0264138
 endloop
endfacet
facet normal 0 0 0
 outer loop
 vertex 0.209 0.015 -0.0259808
 vertex 0.209 0.0102606 -0.0281908
 vertex -0.133 0.0102606 -0.0281908
 endloop
endfacet
facet normal 0 0 0
 outer loop
 vertex 0.209 0.015 -0.0259808
 vertex -0.133 0.0102606 -0.0281908
 vertex -0.133 0.015 -0.0259808
 endloop
endfacet
facet normal 0 0 0
 outer loop
 vertex -0.133 0.0104316 -0.0286606
 vertex -0.133 0.00529627 -0.0300366
 vertex 0.209 0.00529627 -0.0300366
 endloop
endfacet
facet normal 0 0 0
 outer loop
 vertex -0.133 0.0104316 -0.0286606
 vertex 0.209 0.00529627 -0.0300366
 vertex 0.209 0.0104316 -0.0286606
 endloop
endfacet
facet normal 0 0 0
 outer loop
 vertex 0.209 0.0102606 -0.0281908
 vertex 0.209 0.00520945 -0.0295442
 vertex -0.133 0.00520945 -0.0295442
 endloop
endfacet
facet normal 0 0 0
 outer loop
 vertex 0.209 0.0102606 -0.0281908
 vertex -0.133 0.00520945 -0.0295442
 vertex -0.133 0.0102606 -0.0281908
 endloop
endfacet
facet normal 0 0 0
 outer loop
 vertex -0.133 0.00529627 -0.0300366
 vertex -0.133 -2.66639e-09 -0.0305
 vertex 0.209 -2.66639e-09 -0.0305
 endloop
endfacet
facet normal 0 0 0
 outer loop
 vertex -0.133 0.00529627 -0.0300366
 vertex 0.209 -2.66639e-09 -0.0305
 vertex 0.209 0.00529627 -0.0300366
 endloop
endfacet
facet normal 0 0 0
 outer loop
 vertex 0.209 0.00520945 -0.0295442
 vertex 0.209 -2.62268e-09 -0.03
 vertex -0.133 -2.62268e-09 -0.03
 endloop
endfacet
facet normal 0 0 0
 outer loop
 vertex 0.209 0.00520945 -0.0295442
 vertex -0.133 -2.62268e-09 -0.03
 vertex -0.133 0.00520945 -0.0295442
 endloop
endfacet
facet normal 0 0 0
 outer loop
 vertex -0.133 -2.66639e-09 -0.0305
 vertex -0.133 -0.00529627 -0.0300366
 vertex 0.209 -0.00529627 -0.0300366
 endloop
endfacet
facet normal 0 0 0
 outer loop
 vertex -0.133 -2.66639e-09 -0.0305
 vertex 0.209 -0.00529627 -0.0300366
 vertex 0.209 -2.66639e-09 -0.0305
 endloop
endfacet
facet normal 0 0 0
 outer loop
 vertex 0.209 -2.62268e-09 -0.03
 vertex 0.209 -0.00520945 -0.0295442
 vertex -0.133 -0.00520945 -0.0295442
 endloop
endfacet
facet normal 0 0 0
 outer loop
 vertex 0.209 -2.62268e-09 -0.03
 vertex -0.133 -0.00520945 -0.0295442
 vertex -0.133 -2.62268e-09 -0.03
 endloop
endfacet
facet normal 0 0 0
 outer loop
 vertex -0.133 -0.00529627 -0.0300366
 vertex -0.133 -0.0104316 -0.0286606
 vertex 0.209 -0.0104316 -0.0286606
 endloop
endfacet
facet normal 0 0 0
 outer loop
 vertex -0.133 -0.00529627 -0.0300366
 vertex 0.209 -0.0104316 -0.0286606
 vertex 0.209 -0.00529627 -0.0300366
 endloop
endfacet
facet normal 0 0 0
 outer loop
 vertex 0.209 -0.00520945 -0.0295442
 vertex 0.209 -0.0102606 -0.0281908
 vertex -0.133 -0.0102606 -0.0281908
 endloop
endfacet
facet normal 0 0 0
 outer loop
 vertex 0.209 -0.00520945 -0.0295442
 vertex -0.133 -0.0102606 -0.0281908
 vertex -0.133 -0.00520945 -0.0295442
 endloop
endfacet
facet normal 0 0 0
 outer loop
 vertex -0.133 -0.0104316 -0.0286606
 vertex -0.133 -0.01525 -0.0264138
 vertex 0.209 -0.01525 -0.0264138
 endloop
endfacet
facet normal 0 0 0
 outer loop
 vertex -0.133 -0.0104316 -0.0286606
 vertex 0.209 -0.01525 -0.0264138
 vertex 0.209 -0.0104316 -0.0286606
 endloop
endfacet
facet normal 0 0 0
 outer loop
 vertex 0.209 -0.0102606 -0.0281908
 vertex 0.209 -0.015 -0.0259808
 vertex -0.133 -0.015 -0.0259808
 endloop
endfacet
facet normal 0 0 0
 outer loop
 vertex 0.209 -0.0102606 -0.0281908
 vertex -0.133 -0.015 -0.0259808
 vertex -0.133 -0.0102606 -0.0281908
 endloop
endfacet
facet normal 0 0 0
 outer loop
 vertex -0.133 -0.01525 -0.0264138
 vertex -0.133 -0.019605 -0.0233644
 vertex 0.209 -0.019605 -0.0233644
 endloop
endfacet
facet normal 0 0 0
 outer loop
 vertex -0.133 -0.01525 -0.0264138
 vertex 0.209 -0.019605 -0.0233644
 vertex 0.209 -0.01525 -0.0264138
 endloop
endfacet
facet normal 0 0 0
 outer loop
 vertex 0.209 -0.015 -0.0259808
 vertex 0.209 -0.0192836 -0.0229813
 vertex -0.133 -0.0192836 -0.0229813
 endloop
endfacet
facet normal 0 0 0
 outer loop
 vertex 0.209 -0.015 -0.0259808
 vertex -0.133 -0.0192836 -0.0229813
 vertex -0.133 -0.015 -0.0259808
 endloop
endfacet
facet normal 0 0 0
 outer loop
 vertex -0.133 -0.019605 -0.0233644
 vertex -0.133 -0.0233644 -0.019605
 vertex 0.209 -0.0233644 -0.019605
 endloop
endfacet
facet normal 0 0 0
 outer loop
 vertex -0.133 -0.019605 -0.0233644
 vertex 0.209 -0.0233644 -0.019605
 vertex 0.209 -0.019605 -0.0233644
 endloop
endfacet
facet normal 0 0 0
 outer loop
 vertex 0.209 -0.0192836 -0.0229813
 vertex 0.209 -0.0229813 -0.0192836
 vertex -0.133 -0.0229813 -0.0192836
 endloop
endfacet
facet normal 0 0 0
 outer loop
 vertex 0.209 -0.0192836 -0.0229813
 vertex -0.133 -0.0229813 -0.0192836
 vertex -0.133 -0.0192836 -0.0229813
 endloop
endfacet
facet normal 0 0 0
 outer loop
 vertex -0.133 -0.0233644 -0.019605
 vertex -0.133 -0.0264138 -0.01525
 vertex 0.209 -0.0264138 -0.01525
 endloop
endfacet
facet normal 0 0 0
 outer loop
 vertex -0.133 -0.0233644 -0.019605
 vertex 0.209 -0.0264138 -0.01525
 vertex 0.209 -0.0233644 -0.019605
 endloop
endfacet
facet normal 0 0 0
 outer loop
 vertex 0.209 -0.0229813 -0.0192836
 vertex 0.209 -0.0259808 -0.015
 vertex -0.133 -0.0259808 -0.015
 endloop
endfacet
facet normal 0 0 0
 outer loop
 vertex 0.209 -0.0229813 -0.0192836
 vertex -0.133 -0.0259808 -0.015
 vertex -0.133 -0.0229813 -0.0192836
 endloop
endfacet
facet normal 0 0 0
 outer loop
 vertex -0.133 -0.0264138 -0.01525
 vertex -0.133 -0.0286606 -0.0104316
 vertex 0.209 -0.0286606 -0.0104316
 endloop
endfacet
facet normal 0 0 0
 outer loop
 vertex -0.133 -0.0264138 -0.01525
 vertex 0.209 -0.0286606 -0.0104316
 vertex 0.209 -0.0264138 -0.01525
 endloop
endfacet
facet normal 0 0 0
 outer loop
 vertex 0.209 -0.0259808 -0.015
 vertex 0.209 -0.0281908 -0.0102606
 vertex -0.133 -0.0281908 -0.0102606
 endloop
endfacet
facet normal 0 0 0
 outer loop
 vertex 0.209 -0.0259808 -0.015
 vertex -0.133 -0.0281908 -0.0102606
 vertex -0.133 -0.0259808 -0.015
 endloop
endfacet
facet normal 0 0 0
 outer loop
 vertex -0.133 -0.0286606 -0.0104316
 vertex -0.133 -0.0300366 -0.00529627
 vertex 0.209 -0.0300366 -0.00529627
 endloop
endfacet
facet normal 0 0 0
 outer loop
 vertex -0.133 -0.0286606 -0.0104316
 vertex 0.209 -0.0300366 -0.00529627
 vertex 0.209 -0.0286606 -0.0104316
 endloop
endfacet
facet normal 0 0 0
 outer loop
 vertex 0.209 -0.0281908 -0.0102606
 vertex 0.209 -0.0295442 -0.00520944
 vertex -0.133 -0.0295442 -0.00520944
 endloop
endfacet
facet normal 0 0 0
 outer loop
 vertex 0.209 -0.0281908 -0.0102606
 vertex -0.133 -0.0295442 -0.00520944
 vertex -0.133 -0.0281908 -0.0102606
 endloop
endfacet
facet normal 0 0 0
 outer loop
 vertex -0.133 -0.0300366 -0.00529627
 vertex -0.133 -0.0305 3.63709e-10
 vertex 0.209 -0.0305 3.63709e-10
 endloop
endfacet
facet normal 0 0 0
 outer loop
 vertex -0.133 -0.0300366 -0.00529627
 vertex 0.209 -0.0305 3.63709e-10
 vertex 0.209 -0.0300366 -0.00529627
 endloop
endfacet
facet normal 0 0 0
 outer loop
 vertex 0.209 -0.0295442 -0.00520944
 vertex 0.209 -0.03 3.57746e-10
 vertex -0.133 -0.03 3.57746e-10
 endloop
endfacet
facet normal 0 0 0
 outer loop
 vertex 0.209 -0.0295442 -0.00520944
 vertex -0.133 -0.03 3.57746e-10
 vertex -0.133 -0.0295442 -0.00520944
 endloop
endfacet
facet normal 0 0 0
 outer loop
 vertex -0.133 -0.0305 3.63709e-10
 vertex -0.133 -0.0300366 0.00529627
 vertex 0.209 -0.0300366 0.00529627
 endloop
endfacet
facet normal 0 0 0
 outer loop
 vertex -0.133 -0.0305 3.63709e-10
 vertex 0.209 -0.0300366 0.00529627
 vertex 0.209 -0.0305 3.63709e-10
 endloop
endfacet
facet normal 0 0 0
 outer loop
 vertex 0.209 -0.03 3.57746e-10
 vertex 0.209 -0.0295442 0.00520944
 vertex -0.133 -0.0295442 0.00520944
 endloop
endfacet
facet normal 0 0 0
 outer loop
 vertex 0.209 -0.03 3.57746e-10
 vertex -0.133 -0.0295442 0.00520944
 vertex -0.133 -0.03 3.57746e-10
 endloop
endfacet
facet normal 0 0 0
 outer loop
 vertex -0.133 -0.0300366 0.00529627
 vertex -0.133 -0.0286606 0.0104316
 vertex 0.209 -0.0286606 0.0104316
 endloop
endfacet
facet normal 0 0 0
 outer loop
 vertex -0.133 -0.0300366 0.00529627
 vertex 0.209 -0.0286606 0.0104316
 vertex 0.209 -0.0300366 0.00529627
 endloop
endfacet
facet normal 0 0 0
 outer loop
 vertex 0.209 -0.0295442 0.00520944
 vertex 0.209 -0.0281908 0.0102606
 vertex -0.133 -0.0281908 0.0102606
 endloop
endfacet
facet normal 0 0 0
 outer loop
 vertex 0.209 -0.0295442 0.00520944
 vertex -0.133 -0.0281908 0.0102606
 vertex -0.133 -0.0295442 0.00520944
 endloop
endfacet
facet normal 0 0 0
 outer loop
 vertex -0.133 -0.0286606 0.0104316
 vertex -0.133 -0.0264138 0.01525
 vertex 0.209 -0.0264138 0.01525
 endloop
endfacet
facet normal 0 0 0
 outer loop
 vertex -0.133 -0.0286606 0.0104316
 vertex 0.209 -0.0264138 0.01525
 vertex 0.209 -0.0286606 0.0104316
 endloop
endfacet
facet normal 0 0 0
 outer loop
 vertex 0.209 -0.0281908 0.0102606
 vertex 0.209 -0.0259808 0.015
 vertex -0.133 -0.0259808 0.015
 endloop
endfacet
facet normal 0 0 0
 outer loop
 vertex 0.209 -0.0281908 0.0102606
 vertex -0.133 -0.0259808 0.015
 vertex -0.133 -0.0281908 0.0102606
 endloop
endfacet
facet normal 0 0 0
 outer loop
 vertex -0.133 -0.0264138 0.01525
 vertex -0.133 -0.0233644 0.019605
 vertex 0.209 -0.0233644 0.019605
 endloop
endfacet
facet normal 0 0 0
 outer loop
 vertex -0.133 -0.0264138 0.01525
 vertex 0.209 -0.0233644 0.019605
 vertex 0.209 -0.0264138 0.01525
 endloop
endfacet
facet normal 0 0 0
 outer loop
 vertex 0.209 -0.0259808 0.015
 vertex 0.209 -0.0229813 0.0192836
 vertex -0.133 -0.0229813 0.0192836
 endloop
endfacet
facet normal 0 0 0
 outer loop
 vertex 0.209 -0.0259808 0.015
 vertex -0.133 -0.0229813 0.0192836
 vertex -0.133 -0.0259808 0.015
 endloop
endfacet
facet normal 0 0 0
 outer loop
 vertex -0.133 -0.0233644 0.019605
 vertex -0.133 -0.019605 0.0233644
 vertex 0.209 -0.019605 0.0233644
 endloop
endfacet
facet normal 0 0 0
 outer loop
 vertex -0.133 -0.0233644 0.019605
 vertex 0.209 -0.019605 0.0233644
 vertex 0.209 -0.0233644 0.019605
 endloop
endfacet
facet normal 0 0 0
 outer loop
 vertex 0.209 -0.0229813 0.0192836
 vertex 0.209 -0.0192836 0.0229813
 vertex -0.133 -0.0192836 0.0229813
 endloop
endfacet
facet normal 0 0 0
 outer loop
 vertex 0.209 -0.0229813 0.0192836
 vertex -0.133 -0.0192836 0.0229813
 vertex -0.133 -0.0229813 0.0192836
 endloop
endfacet
facet normal 0 0 0
 outer loop
 vertex -0.133 -0.019605 0.0233644
 vertex -0.133 -0.01525 0.0264138
 vertex 0.209 -0.01525 0.0264138
 endloop
endfacet
facet normal 0 0 0
 outer loop
 vertex -0.133 -0.019605 0.0233644
 vertex 0.209 -0.01525 0.0264138
 vertex 0.209 -0.019605 0.0233644
 endloop
endfacet
facet normal 0 0 0
 outer loop
 vertex 0.209 -0.0192836 0.0229813
 vertex 0.209 -0.015 0.0259808
 vertex -0.133 -0.015 0.0259808
 endloop
endfacet
facet normal 0 0 0
 outer loop
 vertex 0.209 -0.0192836 0.0229813
 vertex -0.133 -0.015 0.0259808
 vertex -0.133 -0.0192836 0.0229813
 endloop
endfacet
facet normal 0 0 0
 outer loop
 vertex -0.133 -0.01525 0.0264138
 vertex -0.133 -0.0104316 0.0286606
 vertex 0.209 -0.0104316 0.0286606
 endloop
endfacet
facet normal 0 0 0
 outer loop
 vertex -0.133 -0.01525 0.0264138
 vertex 0.209 -0.0104316 0.0286606
 vertex 0.209 -0.01525 0.0264138
 endloop
endfacet
facet normal 0 0 0
 outer loop
 vertex 0.209 -0.015 0.0259808
 vertex 0.209 -0.0102606 0.0281908
 vertex -0.133 -0.0102606 0.0281908
 endloop
endfacet
facet normal 0 0 0
 outer loop
 vertex 0.209 -0.015 0.0259808
 vertex -0.133 -0.0102606 0.0281908
 vertex -0.133 -0.015 0.0259808
 endloop
endfacet
facet normal 0 0 0
 outer loop
 vertex -0.133 -0.0104316 0.0286606
 vertex -0.133 -0.00529626 0.0300366
 vertex 0.209 -0.00529626 0.0300366
 endloop
endfacet
facet normal 0 0 0
 outer loop
 vertex -0.133 -0.0104316 0.0286606
 vertex 0.209 -0.00529626 0.0300366
 vertex 0.209 -0.0104316 0.0286606
 endloop
endfacet
facet normal 0 0 0
 outer loop
 vertex 0.209 -0.0102606 0.0281908
 vertex 0.209 -0.00520944 0.0295442
 vertex -0.133 -0.00520944 0.0295442
 endloop
endfacet
facet normal 0 0 0
 outer loop
 vertex 0.209 -0.0102606 0.0281908
 vertex -0.133 -0.00520944 0.0295442
 vertex -0.133 -0.0102606 0.0281908
 endloop
endfacet
facet normal 0 0 0
 outer loop
 vertex -0.133 -0.00529626 0.0300366
 vertex -0.133 5.33279e-09 0.0305
 vertex 0.209 5.33279e-09 0.0305
 endloop
endfacet
facet normal 0 0 0
 outer loop
 vertex -0.133 -0.00529626 0.0300366
 vertex 0.209 5.33279e-09 0.0305
 vertex 0.209 -0.00529626 0.0300366
 endloop
endfacet
facet normal 0 0 0
 outer loop
 vertex 0.209 -0.00520944 0.0295442
 vertex 0.209 5.24537e-09 0.03
 vertex -0.133 5.24537e-09 0.03
 endloop
endfacet
facet normal 0 0 0
 outer loop
 vertex 0.209 -0.00520944 0.0295442
 vertex -0.133 5.24537e-09 0.03
 vertex -0.133 -0.00520944 0.0295442
 endloop
endfacet
facet normal 0 0 0
 outer loop
 vertex -0.133 0 0.03
 vertex -0.133 0.00520945 0.0295442
 vertex -0.133 0.00529627 0.0300366
 endloop
endfacet
facet normal 0 0 0
 outer loop
 vertex -0.133 0 0.03
 vertex -0.133 0.00529627 0.0300366
 vertex -0.133 0 0.0305
 endloop
endfacet
facet normal 0 0 0
 outer loop
 vertex 0.209 0 0.03
 vertex 0.209 0 0.0305
 vertex 0.209 0.00529627 0.0300366
 endloop
endfacet
facet normal 0 0 0
 outer loop
 vertex 0.209 0 0.03
 vertex 0.209 0.00529627 0.0300366
 vertex 0.209 0.00520945 0.0295442
 endloop
endfacet
facet normal 0 0 0
 outer loop
 vertex -0.133 0.00520945 0.0295442
 vertex -0.133 0.0102606 0.0281908
 vertex -0.133 0.0104316 0.0286606
 endloop
endfacet
facet normal 0 0 0
 outer loop
 vertex -0.133 0.00520945 0.0295442
 vertex -0.133 0.0104316 0.0286606
 vertex -0.133 0.00529627 0.0300366
 endloop
endfacet
facet normal 0 0 0
 outer loop
 vertex 0.209 0.00520945 0.0295442
 vertex 0.209 0.00529627 0.0300366
 vertex 0.209 0.0104316 0.0286606
 endloop
endfacet
facet normal 0 0 0
 outer loop
 vertex 0.209 0.00520945 0.0295442
 vertex 0.209 0.0104316 0.0286606
 vertex 0.209 0.0102606 0.0281908
 endloop
endfacet
facet normal 0 0 0
 outer loop
 vertex -0.133 0.0102606 0.0281908
 vertex -0.133 0.015 0.0259808
 vertex -0.133 0.01525 0.0264138
 endloop
endfacet
facet normal 0 0 0
 outer loop
 vertex -0.133 0.0102606 0.0281908
 vertex -0.133 0.01525 0.0264138
 vertex -0.133 0.0104316 0.0286606
 endloop
endfacet
facet normal 0 0 0
 outer loop
 vertex 0.209 0.0102606 0.0281908
 vertex 0.209 0.0104316 0.0286606
 vertex 0.209 0.01525 0.0264138
 endloop
endfacet
facet normal 0 0 0
 outer loop
 vertex 0.209 0.0102606 0.0281908
 vertex 0.209 0.01525 0.0264138
 vertex 0.209 0.015 0.0259808
 endloop
endfacet
facet normal 0 0 0
 outer loop
 vertex -0.133 0.015 0.0259808
 vertex -0.133 0.0192836 0.0229813
 vertex -0.133 0.019605 0.0233644
 endloop
endfacet
facet normal 0 0 0
 outer loop
 vertex -0.133 0.015 0.0259808
 vertex -0.133 0.019605 0.0233644
 vertex -0.133 0.01525 0.0264138
 endloop
endfacet
facet normal 0 0 0
 outer loop
 vertex 0.209 0.015 0.0259808
 vertex 0.209 0.01525 0.0264138
 vertex 0.209 0.019605 0.0233644
 endloop
endfacet
facet normal 0 0 0
 outer loop
 vertex 0.209 0.015 0.0259808
 vertex 0.209 0.019605 0.0233644
 vertex 0.209 0.0192836 0.0229813
 endloop
endfacet
facet normal 0 0 0
 outer loop
 vertex -0.133 0.0192836 0.0229813
 vertex -0.133 0.0229813 0.0192836
 vertex -0.133 0.0233644 0.019605
 endloop
endfacet
facet normal 0 0 0
 outer loop
 vertex -0.133 0.0192836 0.0229813
 vertex -0.133 0.0233644 0.019605
 vertex -0.133 0.019605 0.0233644
 endloop
endfacet
facet normal 0 0 0
 outer loop
 vertex 0.209 0.0192836 0.0229813
 vertex 0.209 0.019605 0.0233644
 vertex 0.209 0.0233644 0.019605
 endloop
endfacet
facet normal 0 0 0
 outer loop
 vertex 0.209 0.0192836 0.0229813
 vertex 0.209 0.0233644 0.019605
 vertex 0.209 0.0229813 0.0192836
 endloop
endfacet
facet normal 0 0 0
 outer loop
 vertex -0.133 0.0229813 0.0192836
 vertex -0.133 0.0259808 0.015
 vertex -0.133 0.0264138 0.01525
 endloop
endfacet
facet normal 0 0 0
 outer loop
 vertex -0.133 0.0229813 0.0192836
 vertex -0.133 0.0264138 0.01525
 vertex -0.133 0.0233644 0.019605
 endloop
endfacet
facet normal 0 0 0
 outer loop
 vertex 0.209 0.0229813 0.0192836
 vertex 0.209 0.0233644 0.019605
 vertex 0.209 0.0264138 0.01525
 endloop
endfacet
facet normal 0 0 0
 outer loop
 vertex 0.209 0.0229813 0.0192836
 vertex 0.209 0.0264138 0.01525
 vertex 0.209 0.0259808 0.015
 endloop
endfacet
facet normal 0 0 0
 outer loop
 vertex -0.133 0.0259808 0.015
 vertex -0.133 0.0281908 0.0102606
 vertex -0.133 0.0286606 0.0104316
 endloop
endfacet
facet normal 0 0 0
 outer loop
 vertex -0.133 0.0259808 0.015
 vertex -0.133 0.0286606 0.0104316
 vertex -0.133 0.0264138 0.01525
 endloop
endfacet
facet normal 0 0 0
 outer loop
 vertex 0.209 0.0259808 0.015
 vertex 0.209 0.0264138 0.01525
 vertex 0.209 0.0286606 0.0104316
 endloop
endfacet
facet normal 0 0 0
 outer loop
 vertex 0.209 0.0259808 0.015
 vertex 0.209 0.0286606 0.0104316
 vertex 0.209 0.0281908 0.0102606
 endloop
endfacet
facet normal 0 0 0
 outer loop
 vertex -0.133 0.0281908 0.0102606
 vertex -0.133 0.0295442 0.00520945
 vertex -0.133 0.0300366 0.00529627
 endloop
endfacet
facet normal 0 0 0
 outer loop
 vertex -0.133 0.0281908 0.0102606
 vertex -0.133 0.0300366 0.00529627
 vertex -0.133 0.0286606 0.0104316
 endloop
endfacet
facet normal 0 0 0
 outer loop
 vertex 0.209 0.0281908 0.0102606
 vertex 0.209 0.0286606 0.0104316
 vertex 0.209 0.0300366 0.00529627
 endloop
endfacet
facet normal 0 0 0
 outer loop
 vertex 0.209 0.0281908 0.0102606
 vertex 0.209 0.0300366 0.00529627
 vertex 0.209 0.0295442 0.00520945
 endloop
endfacet
facet normal 0 0 0
 outer loop
 vertex -0.133 0.0295442 0.00520945
 vertex -0.133 0.03 -1.31134e-09
 vertex -0.133 0.0305 -1.3332e-09
 endloop
endfacet
facet normal 0 0 0
 outer loop
 vertex -0.133 0.0295442 0.00520945
 vertex -0.133 0.0305 -1.3332e-09
 vertex -0.133 0.0300366 0.00529627
 endloop
endfacet
facet normal 0 0 0
 outer loop
 vertex 0.209 0.0295442 0.00520945
 vertex 0.209 0.0300366 0.00529627
 vertex 0.209 0.0305 -1.3332e-09
 endloop
endfacet
facet normal 0 0 0
 outer loop
 vertex 0.209 0.0295442 0.00520945
 vertex 0.209 0.0305 -1.3332e-09
 vertex 0.209 0.03 -1.31134e-09
 endloop
endfacet
facet normal 0 0 0
 outer loop
 vertex -0.133 0.03 -1.31134e-09
 vertex -0.133 0.0295442 -0.00520945
 vertex -0.133 0.0300366 -0.00529627
 endloop
endfacet
facet normal 0 0 0
 outer loop
 vertex -0.133 0.03 -1.31134e-09
 vertex -0.133 0.0300366 -0.00529627
 vertex -0.133 0.0305 -1.3332e-09
 endloop
endfacet
facet normal 0 0 0
 outer loop
 vertex 0.209 0.03 -1.31134e-09
 vertex 0.209 0.0305 -1.3332e-09
 vertex 0.209 0.0300366 -0.00529627
 endloop
endfacet
facet normal 0 0 0
 outer loop
 vertex 0.209 0.03 -1.31134e-09
 vertex 0.209 0.0300366 -0.00529627
 vertex 0.209 0.0295442 -0.00520945
 endloop
endfacet
facet normal 0 0 0
 outer loop
 vertex -0.133 0.0295442 -0.00520945
 vertex -0.133 0.0281908 -0.0102606
 vertex -0.133 0.0286606 -0.0104316
 endloop
endfacet
facet normal 0 0 0
 outer loop
 vertex -0.133 0.0295442 -0.00520945
 vertex -0.133 0.0286606 -0.0104316
 vertex -0.133 0.0300366 -0.00529627
 endloop
endfacet
facet normal 0 0 0
 outer loop
 vertex 0.209 0.0295442 -0.00520945
 vertex 0.209 0.0300366 -0.00529627
 vertex 0.209 0.0286606 -0.0104316
 endloop
endfacet
facet normal 0 0 0
 outer loop
 vertex 0.209 0.0295442 -0.00520945
 vertex 0.209 0.0286606 -0.0104316
 vertex 0.209 0.0281908 -0.0102606
 endloop
endfacet
facet normal 0 0 0
 outer loop
 vertex -0.133 0.0281908 -0.0102606
 vertex -0.133 0.0259808 -0.015
 vertex -0.133 0.0264138 -0.01525
 endloop
endfacet
facet normal 0 0 0
 outer loop
 vertex -0.133 0.0281908 -0.0102606
 vertex -0.133 0.0264138 -0.01525
 vertex -0.133 0.0286606 -0.0104316
 endloop
endfacet
facet normal 0 0 0
 outer loop
 vertex 0.209 0.0281908 -0.0102606
 vertex 0.209 0.0286606 -0.0104316
 vertex 0.209 0.0264138 -0.01525
 endloop
endfacet
facet normal 0 0 0
 outer loop
 vertex 0.209 0.0281908 -0.0102606
 vertex 0.209 0.0264138 -0.01525
 vertex 0.209 0.0259808 -0.015
 endloop
endfacet
facet normal 0 0 0
 outer loop
 vertex -0.133 0.0259808 -0.015
 vertex -0.133 0.0229813 -0.0192836
 vertex -0.133 0.0233644 -0.019605
 endloop
endfacet
facet normal 0 0 0
 outer loop
 vertex -0.133 0.0259808 -0.015
 vertex -0.133 0.0233644 -0.019605
 vertex -0.133 0.0264138 -0.01525
 endloop
endfacet
facet normal 0 0 0
 outer loop
 vertex 0.209 0.0259808 -0.015
 vertex 0.209 0.0264138 -0.01525
 vertex 0.209 0.0233644 -0.019605
 endloop
endfacet
facet normal 0 0 0
 outer loop
 vertex 0.209 0.0259808 -0.015
 vertex 0.209 0.0233644 -0.019605
 vertex 0.209 0.0229813 -0.0192836
 endloop
endfacet
facet normal 0 0 0
 outer loop
 vertex -0.133 0.0229813 -0.0192836
 vertex -0.133 0.0192836 -0.0229813
 vertex -0.133 0.019605 -0.0233644
 endloop
endfacet
facet normal 0 0 0
 outer loop
 vertex -0.133 0.0229813 -0.0192836
 vertex -0.133 0.019605 -0.0233644
 vertex -0.133 0.0233644 -0.019605
 endloop
endfacet
facet normal 0 0 0
 outer loop
 vertex 0.209 0.0229813 -0.0192836
 vertex 0.209 0.0233644 -0.019605
 vertex 0.209 0.019605 -0.0233644
 endloop
endfacet
facet normal 0 0 0
 outer loop
 vertex 0.209 0.0229813 -0.0192836
 vertex 0.209 0.019605 -0.0233644
 vertex 0.209 0.0192836 -0.0229813
 endloop
endfacet
facet normal 0 0 0
 outer loop
 vertex -0.133 0.0192836 -0.0229813
 vertex -0.133 0.015 -0.0259808
 vertex -0.133 0.01525 -0.0264138
 endloop
endfacet
facet normal 0 0 0
 outer loop
 vertex -0.133 0.0192836 -0.0229813
 vertex -0.133 0.01525 -0.0264138
 vertex -0.133 0.019605 -0.0233644
 endloop
endfacet
facet normal 0 0 0
 outer loop
 vertex 0.209 0.0192836 -0.0229813
 vertex 0.209 0.019605 -0.0233644
 vertex 0.209 0.01525 -0.0264138
 endloop
endfacet
facet normal 0 0 0
 outer loop
 vertex 0.209 0.0192836 -0.0229813
 vertex 0.209 0.01525 -0.0264138
 vertex 0.209 0.015 -0.0259808
 endloop
endfacet
facet normal 0 0 0
 outer loop
 vertex -0.133 0.015 -0.0259808
 vertex -0.133 0.0102606 -0.0281908
 vertex -0.133 0.0104316 -0.0286606
 endloop
endfacet
facet normal 0 0 0
 outer loop
 vertex -0.133 0.015 -0.0259808
 vertex -0.133 0.0104316 -0.0286606
 vertex -0.133 0.01525 -0.0264138
 endloop
endfacet
facet normal 0 0 0
 outer loop
 vertex 0.209 0.015 -0.0259808
 vertex 0.209 0.01525 -0.0264138
 vertex 0.209 0.0104316 -0.0286606
 endloop
endfacet
facet normal 0 0 0
 outer loop
 vertex 0.209 0.015 -0.0259808
 vertex 0.209 0.0104316 -0.0286606
 vertex 0.209 0.0102606 -0.0281908
 endloop
endfacet
facet normal 0 0 0
 outer loop
 vertex -0.133 0.0102606 -0.0281908
 vertex -0.133 0.00520945 -0.0295442
 vertex -0.133 0.00529627 -0.0300366
 endloop
endfacet
facet normal 0 0 0
 outer loop
 vertex -0.133 0.0102606 -0.0281908
 vertex -0.133 0.00529627 -0.0300366
 vertex -0.133 0.0104316 -0.0286606
 endloop
endfacet
facet normal 0 0 0
 outer loop
 vertex 0.209 0.0102606 -0.0281908
 vertex 0.209 0.0104316 -0.0286606
 vertex 0.209 0.00529627 -0.0300366
 endloop
endfacet
facet normal 0 0 0
 outer loop
 vertex 0.209 0.0102606 -0.0281908
 vertex 0.209 0.00529627 -0.0300366
 vertex 0.209 0.00520945 -0.0295442
 endloop
endfacet
facet normal 0 0 0
 outer loop
 vertex -0.133 0.00520945 -0.0295442
 vertex -0.133 -2.62268e-09 -0.03
 vertex -0.133 -2.66639e-09 -0.0305
 endloop
endfacet
facet normal 0 0 0
 outer loop
 vertex -0.133 0.00520945 -0.0295442
 vertex -0.133 -2.66639e-09 -0.0305
 vertex -0.133 0.00529627 -0.0300366
 endloop
endfacet
facet normal 0 0 0
 outer loop
 vertex 0.209 0.00520945 -0.0295442
 vertex 0.209 0.00529627 -0.0300366
 vertex 0.209 -2.66639e-09 -0.0305
 endloop
endfacet
facet normal 0 0 0
 outer loop
 vertex 0.209 0.00520945 -0.0295442
 vertex 0.209 -2.66639e-09 -0.0305
 vertex 0.209 -2.62268e-09 -0.03
 endloop
endfacet
facet normal 0 0 0
 outer loop
 vertex -0.133 -2.62268e-09 -0.03
 vertex -0.133 -0.00520945 -0.0295442
 vertex -0.133 -0.00529627 -0.0300366
 endloop
endfacet
facet normal 0 0 0
 outer loop
 vertex -0.133 -2.62268e-09 -0.03
 vertex -0.133 -0.00529627 -0.0300366
 vertex -0.133 -2.66639e-09 -0.0305
 endloop
endfacet
facet normal 0 0 0
 outer loop
 vertex 0.209 -2.62268e-09 -0.03
 vertex 0.209 -2.66639e-09 -0.0305
 vertex 0.209 -0.00529627 -0.0300366
 endloop
endfacet
facet normal 0 0 0
 outer loop
 vertex 0.209 -2.62268e-09 -0.03
 vertex 0.209 -0.00529627 -0.0300366
 vertex 0.209 -0.00520945 -0.0295442
 endloop
endfacet
facet normal 0 0 0
 outer loop
 vertex -0.133 -0.00520945 -0.0295442
 vertex -0.133 -0.0102606 -0.0281908
 vertex -0.133 -0.0104316 -0.0286606
 endloop
endfacet
facet normal 0 0 0
 outer loop
 vertex -0.133 -0.00520945 -0.0295442
 vertex -0.133 -0.0104316 -0.0286606
 vertex -0.133 -0.00529627 -0.0300366
 endloop
endfacet
facet normal 0 0 0
 outer loop
 vertex 0.209 -0.00520945 -0.0295442
 vertex 0.209 -0.00529627 -0.0300366
 vertex 0.209 -0.0104316 -0.0286606
 endloop
endfacet
facet normal 0 0 0
 outer loop
 vertex 0.209 -0.00520945 -0.0295442
 vertex 0.209 -0.0104316 -0.0286606
 vertex 0.209 -0.0102606 -0.0281908
 endloop
endfacet
facet normal 0 0 0
 outer loop
 vertex -0.133 -0.0102606 -0.0281908
 vertex -0.133 -0.015 -0.0259808
 vertex -0.133 -0.01525 -0.0264138
 endloop
endfacet
facet normal 0 0 0
 outer loop
 vertex -0.133 -0.0102606 -0.0281908
 vertex -0.133 -0.01525 -0.0264138
 vertex -0.133 -0.0104316 -0.0286606
 endloop
endfacet
facet normal 0 0 0
 outer loop
 vertex 0.209 -0.0102606 -0.0281908
 vertex 0.209 -0.0104316 -0.0286606
 vertex 0.209 -0.01525 -0.0264138
 endloop
endfacet
facet normal 0 0 0
 outer loop
 vertex 0.209 -0.0102606 -0.0281908
 vertex 0.209 -0.01525 -0.0264138
 vertex 0.209 -0.015 -0.0259808
 endloop
endfacet
facet normal 0 0 0
 outer loop
 vertex -0.133 -0.015 -0.0259808
 vertex -0.133 -0.0192836 -0.0229813
 vertex -0.133 -0.019605 -0.0233644
 endloop
endfacet
facet normal 0 0 0
 outer loop
 vertex -0.133 -0.015 -0.0259808
 vertex -0.133 -0.019605 -0.0233644
 vertex -0.133 -0.01525 -0.0264138
 endloop
endfacet
facet normal 0 0 0
 outer loop
 vertex 0.209 -0.015 -0.0259808
 vertex 0.209 -0.01525 -0.0264138
 vertex 0.209 -0.019605 -0.0233644
 endloop
endfacet
facet normal 0 0 0
 outer loop
 vertex 0.209 -0.015 -0.0259808
 vertex 0.209 -0.019605 -0.0233644
 vertex 0.209 -0.0192836 -0.0229813
 endloop
endfacet
facet normal 0 0 0
 outer loop
 vertex -0.133 -0.0192836 -0.0229813
 vertex -0.133 -0.0229813 -0.0192836
 vertex -0.133 -0.0233644 -0.019605
 endloop
endfacet
facet normal 0 0 0
 outer loop
 vertex -0.133 -0.0192836 -0.0229813
 vertex -0.133 -0.0233644 -0.019605
 vertex -0.133 -0.019605 -0.0233644
 endloop
endfacet
facet normal 0 0 0
 outer loop
 vertex 0.209 -0.0192836 -0.0229813
 vertex 0.209 -0.019605 -0.0233644
 vertex 0.209 -0.0233644 -0.019605
 endloop
endfacet
facet normal 0 0 0
 outer loop
 vertex 0.209 -0.0192836 -0.0229813
 vertex 0.209 -0.0233644 -0.019605
 vertex 0.209 -0.0229813 -0.0192836
 endloop
endfacet
facet normal 0 0 0
 outer loop
 vertex -0.133 -0.0229813 -0.0192836
 vertex -0.133 -0.0259808 -0.015
 vertex -0.133 -0.0264138 -0.01525
 endloop
endfacet
facet normal 0 0 0
 outer loop
 vertex -0.133 -0.0229813 -0.0192836
 vertex -0.133 -0.0264138 -0.01525
 vertex -0.133 -0.0233644 -0.019605
 endloop
endfacet
facet normal 0 0 0
 outer loop
 vertex 0.209 -0.0229813 -0.0192836
 vertex 0.209 -0.0233644 -0.019605
 vertex 0.209 -0.0264138 -0.01525
 endloop
endfacet
facet normal 0 0 0
 outer loop
 vertex 0.209 -0.0229813 -0.0192836
 vertex 0.209 -0.0264138 -0.01525
 vertex 0.209 -0.0259808 -0.015
 endloop
endfacet
facet normal 0 0 0
 outer loop
 vertex -0.133 -0.0259808 -0.015
 vertex -0.133 -0.0281908 -0.0102606
 vertex -0.133 -0.0286606 -0.0104316
 endloop
endfacet
facet normal 0 0 0
 outer loop
 vertex -0.133 -0.0259808 -0.015
 vertex -0.133 -0.0286606 -0.0104316
 vertex -0.133 -0.0264138 -0.01525
 endloop
endfacet
facet normal 0 0 0
 outer loop
 vertex 0.209 -0.0259808 -0.015
 vertex 0.209 -0.0264138 -0.01525
 vertex 0.209 -0.0286606 -0.0104316
 endloop
endfacet
facet normal 0 0 0
 outer loop
 vertex 0.209 -0.0259808 -0.015
 vertex 0.209 -0.0286606 -0.0104316
 vertex 0.209 -0.0281908 -0.0102606
 endloop
endfacet
facet normal 0 0 0
 outer loop
 vertex -0.133 -0.0281908 -0.0102606
 vertex -0.133 -0.0295442 -0.00520944
 vertex -0.133 -0.0300366 -0.00529627
 endloop
endfacet
facet normal 0 0 0
 outer loop
 vertex -0.133 -0.0281908 -0.0102606
 vertex -0.133 -0.0300366 -0.00529627
 vertex -0.133 -0.0286606 -0.0104316
 endloop
endfacet
facet normal 0 0 0
 outer loop
 vertex 0.209 -0.0281908 -0.0102606
 vertex 0.209 -0.0286606 -0.0104316
 vertex 0.209 -0.0300366 -0.00529627
 endloop
endfacet
facet normal 0 0 0
 outer loop
 vertex 0.209 -0.0281908 -0.0102606
 vertex 0.209 -0.0300366 -0.00529627
 vertex 0.209 -0.0295442 -0.00520944
 endloop
endfacet
facet normal 0 0 0
 outer loop
 vertex -0.133 -0.0295442 -0.00520944
 vertex -0.133 -0.03 3.57746e-10
 vertex -0.133 -0.0305 3.63709e-10
 endloop
endfacet
facet normal 0 0 0
 outer loop
 vertex -0.133 -0.0295442 -0.00520944
 vertex -0.133 -0.0305 3.63709e-10
 vertex -0.133 -0.0300366 -0.00529627
 endloop
endfacet
facet normal 0 0 0
 outer loop
 vertex 0.209 -0.0295442 -0.00520944
 vertex 0.209 -0.0300366 -0.00529627
 vertex 0.209 -0.0305 3.63709e-10
 endloop
endfacet
facet normal 0 0 0
 outer loop
 vertex 0.209 -0.0295442 -0.00520944
 vertex 0.209 -0.0305 3.63709e-10
 vertex 0.209 -0.03 3.57746e-10
 endloop
endfacet
facet normal 0 0 0
 outer loop
 vertex -0.133 -0.03 3.57746e-10
 vertex -0.133 -0.0295442 0.00520944
 vertex -0.133 -0.0300366 0.00529627
 endloop
endfacet
facet normal 0 0 0
 outer loop
 vertex -0.133 -0.03 3.57746e-10
 vertex -0.133 -0.0300366 0.00529627
 vertex -0.133 -0.0305 3.63709e-10
 endloop
endfacet
facet normal 0 0 0
 outer loop
 vertex 0.209 -0.03 3.57746e-10
 vertex 0.209 -0.0305 3.63709e-10
 vertex 0.209 -0.0300366 0.00529627
 endloop
endfacet
facet normal 0 0 0
 outer loop
 vertex 0.209 -0.03 3.57746e-10
 vertex 0.209 -0.0300366 0.00529627
 vertex 0.209 -0.0295442 0.00520944
 endloop
endfacet
facet normal 0 0 0
 outer loop
 vertex -0.133 -0.0295442 0.00520944
 vertex -0.133 -0.0281908 0.0102606
 vertex -0.133 -0.0286606 0.0104316
 endloop
endfacet
facet normal 0 0 0
 outer loop
 vertex -0.133 -0.0295442 0.00520944
 vertex -0.133 -0.0286606 0.0104316
 vertex -0.133 -0.0300366 0.00529627
 endloop
endfacet
facet normal 0 0 0
 outer loop
 vertex 0.209 -0.0295442 0.00520944
 vertex 0.209 -0.0300366 0.00529627
 vertex 0.209 -0.0286606 0.0104316
 endloop
endfacet
facet normal 0 0 0
 outer loop
 vertex 0.209 -0.0295442 0.00520944
 vertex 0.209 -0.0286606 0.0104316
 vertex 0.209 -0.0281908 0.0102606
 endloop
endfacet
facet normal 0 0 0
 outer loop
 vertex -0.133 -0.0281908 0.0102606
 vertex -0.133 -0.0259808 0.015
 vertex -0.133 -0.0264138 0.01525
 endloop
endfacet
facet normal 0 0 0
 outer loop
 vertex -0.133 -0.0281908 0.0102606
 vertex -0.133 -0.0264138 0.01525
 vertex -0.133 -0.0286606 0.0104316
 endloop
endfacet
facet normal 0 0 0
 outer loop
 vertex 0.209 -0.0281908 0.0102606
 vertex 0.209 -0.0286606 0.0104316
 vertex 0.209 -0.0264138 0.01525
 endloop
endfacet
facet normal 0 0 0
 outer loop
 vertex 0.209 -0.0281908 0.0102606
 vertex 0.209 -0.0264138 0.01525
 vertex 0.209 -0.0259808 0.015
 endloop
endfacet
facet normal 0 0 0
 outer loop
 vertex -0.133 -0.0259808 0.015
 vertex -0.133 -0.0229813 0.0192836
 vertex -0.133 -0.0233644 0.019605
 endloop
endfacet
facet normal 0 0 0
 outer loop
 vertex -0.133 -0.0259808 0.015
 vertex -0.133 -0.0233644 0.019605
 vertex -0.133 -0.0264138 0.01525
 endloop
endfacet
facet normal 0 0 0
 outer loop
 vertex 0.209 -0.0259808 0.015
 vertex 0.209 -0.0264138 0.01525
 vertex 0.209 -0.0233644 0.019605
 endloop
endfacet
facet normal 0 0 0
 outer loop
 vertex 0.209 -0.0259808 0.015
 vertex 0.209 -0.0233644 0.019605
 vertex 0.209 -0.0229813 0.0192836
 endloop
endfacet
facet normal 0 0 0
 outer loop
 vertex -0.133 -0.0229813 0.0192836
 vertex -0.133 -0.0192836 0.0229813
 vertex -0.133 -0.019605 0.0233644
 endloop
endfacet
facet normal 0 0 0
 outer loop
 vertex -0.133 -0.0229813 0.0192836
 vertex -0.133 -0.019605 0.0233644
 vertex -0.133 -0.0233644 0.019605
 endloop
endfacet
facet normal 0 0 0
 outer loop
 vertex 0.209 -0.0229813 0.0192836
 vertex 0.209 -0.0233644 0.019605
 vertex 0.209 -0.019605 0.0233644
 endloop
endfacet
facet normal 0 0 0
 outer loop
 vertex 0.209 -0.0229813 0.0192836
 vertex 0.209 -0.019605 0.0233644
 vertex 0.209 -0.0192836 0.0229813
 endloop
endfacet
facet normal 0 0 0
 outer loop
 vertex -0.133 -0.0192836 0.0229813
 vertex -0.133 -0.015 0.0259808
 vertex -0.133 -0.01525 0.0264138
 endloop
endfacet
facet normal 0 0 0
 outer loop
 vertex -0.133 -0.0192836 0.0229813
 vertex -0.133 -0.01525 0.0264138
 vertex -0.133 -0.019605 0.0233644
 endloop
endfacet
facet normal 0 0 0
 outer loop
 vertex 0.209 -0.0192836 0.0229813
 vertex 0.209 -0.019605 0.0233644
 vertex 0.209 -0.01525 0.0264138
 endloop
endfacet
facet normal 0 0 0
 outer loop
 vertex 0.209 -0.0192836 0.0229813
 vertex 0.209 -0.01525 0.0264138
 vertex 0.209 -0.015 0.0259808
 endloop
endfacet
facet normal 0 0 0
 outer loop
 vertex -0.133 -0.015 0.0259808
 vertex -0.133 -0.0102606 0.0281908
 vertex -0.133 -0.0104316 0.0286606
 endloop
endfacet
facet normal 0 0 0
 outer loop
 vertex -0.133 -0.015 0.0259808
 vertex -0.133 -0.0104316 0.0286606
 vertex -0.133 -0.01525 0.0264138
 endloop
endfacet
facet normal 0 0 0
 outer loop
 vertex 0.209 -0.015 0.0259808
 vertex 0.209 -0.01525 0.0264138
 vertex 0.209 -0.0104316 0.0286606
 endloop
endfacet
facet normal 0 0 0
 outer loop
 vertex 0.209 -0.015 0.0259808
 vertex 0.209 -0.0104316 0.0286606
 vertex 0.209 -0.0102606 0.0281908
 endloop
endfacet
facet normal 0 0 0
 outer loop
 vertex -0.133 -0.0102606 0.0281908
 vertex -0.133 -0.00520944 0.0295442
 vertex -0.133 -0.00529626 0.0300366
 endloop
endfacet
facet normal 0 0 0
 outer loop
 vertex -0.133 -0.0102606 0.0281908
 vertex -0.133 -0.00529626 0.0300366
 vertex -0.133 -0.0104316 0.0286606
 endloop
endfacet
facet normal 0 0 0
 outer loop
 vertex 0.209 -0.0102606 0.0281908
 vertex 0.209 -0.0104316 0.0286606
 vertex 0.209 -0.00529626 0.0300366
 endloop
endfacet
facet normal 0 0 0
 outer loop
 vertex 0.209 -0.0102606 0.0281908
 vertex 0.209 -0.00529626 0.0300366
 vertex 0.209 -0.00520944 0.0295442
 endloop
endfacet
facet normal 0 0 0
 outer loop
 vertex -0.133 -0.00520944 0.0295442
 vertex -0.133 5.24537e-09 0.03
 vertex -0.133 5.33279e-09 0.0305
 endloop
endfacet
facet normal 0 0 0
 outer loop
 vertex -0.133 -0.00520944 0.0295442
 vertex -0.133 5.33279e-09 0.0305
 vertex -0.133 -0.00529626 0.0300366
 endloop
endfacet
facet normal 0 0 0
 outer loop
 vertex 0.209 -0.00520944 0.0295442
 vertex 0.209 -0.00529626 0.0300366
 vertex 0.209 5.33279e-09 0.0305
 endloop
endfacet
facet normal 0 0 0
 outer loop
 vertex 0.209 -0.00520944 0.0295442
 vertex 0.209 5.33279e-09 0.0305
 vertex 0.209 5.24537e-09 0.03
 endloop
endfacet
facet normal 0 0 0
 outer loop
 vertex -0.133 0 0.0308
 vertex -0.133 0.00534836 0.0303321
 vertex 0.209 0.00534836 0.0303321
 endloop
endfacet
facet normal 0 0 0
 outer loop
 vertex -0.133 0 0.0308
 vertex 0.209 0.00534836 0.0303321
 vertex 0.209 0 0.0308
 endloop
endfacet
facet normal 0 0 0
 outer loop
 vertex 0.209 0 0.0303
 vertex 0.209 0.00526154 0.0298397
 vertex -0.133 0.00526154 0.0298397
 endloop
endfacet
facet normal 0 0 0
 outer loop
 vertex 0.209 0 0.0303
 vertex -0.133 0.00526154 0.0298397
 vertex -0.133 0 0.0303
 endloop
endfacet
facet normal 0 0 0
 outer loop
 vertex -0.133 0.00534836 0.0303321
 vertex -0.133 0.0105342 0.0289425
 vertex 0.209 0.0105342 0.0289425
 endloop
endfacet
facet normal 0 0 0
 outer loop
 vertex -0.133 0.00534836 0.0303321
 vertex 0.209 0.0105342 0.0289425
 vertex 0.209 0.00534836 0.0303321
 endloop
endfacet
facet normal 0 0 0
 outer loop
 vertex 0.209 0.00526154 0.0298397
 vertex 0.209 0.0103632 0.0284727
 vertex -0.133 0.0103632 0.0284727
 endloop
endfacet
facet normal 0 0 0
 outer loop
 vertex 0.209 0.00526154 0.0298397
 vertex -0.133 0.0103632 0.0284727
 vertex -0.133 0.00526154 0.0298397
 endloop
endfacet
facet normal 0 0 0
 outer loop
 vertex -0.133 0.0105342 0.0289425
 vertex -0.133 0.0154 0.0266736
 vertex 0.209 0.0154 0.0266736
 endloop
endfacet
facet normal 0 0 0
 outer loop
 vertex -0.133 0.0105342 0.0289425
 vertex 0.209 0.0154 0.0266736
 vertex 0.209 0.0105342 0.0289425
 endloop
endfacet
facet normal 0 0 0
 outer loop
 vertex 0.209 0.0103632 0.0284727
 vertex 0.209 0.01515 0.0262406
 vertex -0.133 0.01515 0.0262406
 endloop
endfacet
facet normal 0 0 0
 outer loop
 vertex 0.209 0.0103632 0.0284727
 vertex -0.133 0.01515 0.0262406
 vertex -0.133 0.0103632 0.0284727
 endloop
endfacet
facet normal 0 0 0
 outer loop
 vertex -0.133 0.0154 0.0266736
 vertex -0.133 0.0197979 0.0235942
 vertex 0.209 0.0197979 0.0235942
 endloop
endfacet
facet normal 0 0 0
 outer loop
 vertex -0.133 0.0154 0.0266736
 vertex 0.209 0.0197979 0.0235942
 vertex 0.209 0.0154 0.0266736
 endloop
endfacet
facet normal 0 0 0
 outer loop
 vertex 0.209 0.01515 0.0262406
 vertex 0.209 0.0194765 0.0232111
 vertex -0.133 0.0194765 0.0232111
 endloop
endfacet
facet normal 0 0 0
 outer loop
 vertex 0.209 0.01515 0.0262406
 vertex -0.133 0.0194765 0.0232111
 vertex -0.133 0.01515 0.0262406
 endloop
endfacet
facet normal 0 0 0
 outer loop
 vertex -0.133 0.0197979 0.0235942
 vertex -0.133 0.0235942 0.0197979
 vertex 0.209 0.0235942 0.0197979
 endloop
endfacet
facet normal 0 0 0
 outer loop
 vertex -0.133 0.0197979 0.0235942
 vertex 0.209 0.0235942 0.0197979
 vertex 0.209 0.0197979 0.0235942
 endloop
endfacet
facet normal 0 0 0
 outer loop
 vertex 0.209 0.0194765 0.0232111
 vertex 0.209 0.0232111 0.0194765
 vertex -0.133 0.0232111 0.0194765
 endloop
endfacet
facet normal 0 0 0
 outer loop
 vertex 0.209 0.0194765 0.0232111
 vertex -0.133 0.0232111 0.0194765
 vertex -0.133 0.0194765 0.0232111
 endloop
endfacet
facet normal 0 0 0
 outer loop
 vertex -0.133 0.0235942 0.0197979
 vertex -0.133 0.0266736 0.0154
 vertex 0.209 0.0266736 0.0154
 endloop
endfacet
facet normal 0 0 0
 outer loop
 vertex -0.133 0.0235942 0.0197979
 vertex 0.209 0.0266736 0.0154
 vertex 0.209 0.0235942 0.0197979
 endloop
endfacet
facet normal 0 0 0
 outer loop
 vertex 0.209 0.0232111 0.0194765
 vertex 0.209 0.0262406 0.01515
 vertex -0.133 0.0262406 0.01515
 endloop
endfacet
facet normal 0 0 0
 outer loop
 vertex 0.209 0.0232111 0.0194765
 vertex -0.133 0.0262406 0.01515
 vertex -0.133 0.0232111 0.0194765
 endloop
endfacet
facet normal 0 0 0
 outer loop
 vertex -0.133 0.0266736 0.0154
 vertex -0.133 0.0289425 0.0105342
 vertex 0.209 0.0289425 0.0105342
 endloop
endfacet
facet normal 0 0 0
 outer loop
 vertex -0.133 0.0266736 0.0154
 vertex 0.209 0.0289425 0.0105342
 vertex 0.209 0.0266736 0.0154
 endloop
endfacet
facet normal 0 0 0
 outer loop
 vertex 0.209 0.0262406 0.01515
 vertex 0.209 0.0284727 0.0103632
 vertex -0.133 0.0284727 0.0103632
 endloop
endfacet
facet normal 0 0 0
 outer loop
 vertex 0.209 0.0262406 0.01515
 vertex -0.133 0.0284727 0.0103632
 vertex -0.133 0.0262406 0.01515
 endloop
endfacet
facet normal 0 0 0
 outer loop
 vertex -0.133 0.0289425 0.0105342
 vertex -0.133 0.0303321 0.00534837
 vertex 0.209 0.0303321 0.00534837
 endloop
endfacet
facet normal 0 0 0
 outer loop
 vertex -0.133 0.0289425 0.0105342
 vertex 0.209 0.0303321 0.00534837
 vertex 0.209 0.0289425 0.0105342
 endloop
endfacet
facet normal 0 0 0
 outer loop
 vertex 0.209 0.0284727 0.0103632
 vertex 0.209 0.0298397 0.00526154
 vertex -0.133 0.0298397 0.00526154
 endloop
endfacet
facet normal 0 0 0
 outer loop
 vertex 0.209 0.0284727 0.0103632
 vertex -0.133 0.0298397 0.00526154
 vertex -0.133 0.0284727 0.0103632
 endloop
endfacet
facet normal 0 0 0
 outer loop
 vertex -0.133 0.0303321 0.00534837
 vertex -0.133 0.0308 -1.34631e-09
 vertex 0.209 0.0308 -1.34631e-09
 endloop
endfacet
facet normal 0 0 0
 outer loop
 vertex -0.133 0.0303321 0.00534837
 vertex 0.209 0.0308 -1.34631e-09
 vertex 0.209 0.0303321 0.00534837
 endloop
endfacet
facet normal 0 0 0
 outer loop
 vertex 0.209 0.0298397 0.00526154
 vertex 0.209 0.0303 -1.32446e-09
 vertex -0.133 0.0303 -1.32446e-09
 endloop
endfacet
facet normal 0 0 0
 outer loop
 vertex 0.209 0.0298397 0.00526154
 vertex -0.133 0.0303 -1.32446e-09
 vertex -0.133 0.0298397 0.00526154
 endloop
endfacet
facet normal 0 0 0
 outer loop
 vertex -0.133 0.0308 -1.34631e-09
 vertex -0.133 0.0303321 -0.00534836
 vertex 0.209 0.0303321 -0.00534836
 endloop
endfacet
facet normal 0 0 0
 outer loop
 vertex -0.133 0.0308 -1.34631e-09
 vertex 0.209 0.0303321 -0.00534836
 vertex 0.209 0.0308 -1.34631e-09
 endloop
endfacet
facet normal 0 0 0
 outer loop
 vertex 0.209 0.0303 -1.32446e-09
 vertex 0.209 0.0298397 -0.00526154
 vertex -0.133 0.0298397 -0.00526154
 endloop
endfacet
facet normal 0 0 0
 outer loop
 vertex 0.209 0.0303 -1.32446e-09
 vertex -0.133 0.0298397 -0.00526154
 vertex -0.133 0.0303 -1.32446e-09
 endloop
endfacet
facet normal 0 0 0
 outer loop
 vertex -0.133 0.0303321 -0.00534836
 vertex -0.133 0.0289425 -0.0105342
 vertex 0.209 0.0289425 -0.0105342
 endloop
endfacet
facet normal 0 0 0
 outer loop
 vertex -0.133 0.0303321 -0.00534836
 vertex 0.209 0.0289425 -0.0105342
 vertex 0.209 0.0303321 -0.00534836
 endloop
endfacet
facet normal 0 0 0
 outer loop
 vertex 0.209 0.0298397 -0.00526154
 vertex 0.209 0.0284727 -0.0103632
 vertex -0.133 0.0284727 -0.0103632
 endloop
endfacet
facet normal 0 0 0
 outer loop
 vertex 0.209 0.0298397 -0.00526154
 vertex -0.133 0.0284727 -0.0103632
 vertex -0.133 0.0298397 -0.00526154
 endloop
endfacet
facet normal 0 0 0
 outer loop
 vertex -0.133 0.0289425 -0.0105342
 vertex -0.133 0.0266736 -0.0154
 vertex 0.209 0.0266736 -0.0154
 endloop
endfacet
facet normal 0 0 0
 outer loop
 vertex -0.133 0.0289425 -0.0105342
 vertex 0.209 0.0266736 -0.0154
 vertex 0.209 0.0289425 -0.0105342
 endloop
endfacet
facet normal 0 0 0
 outer loop
 vertex 0.209 0.0284727 -0.0103632
 vertex 0.209 0.0262406 -0.01515
 vertex -0.133 0.0262406 -0.01515
 endloop
endfacet
facet normal 0 0 0
 outer loop
 vertex 0.209 0.0284727 -0.0103632
 vertex -0.133 0.0262406 -0.01515
 vertex -0.133 0.0284727 -0.0103632
 endloop
endfacet
facet normal 0 0 0
 outer loop
 vertex -0.133 0.0266736 -0.0154
 vertex -0.133 0.0235942 -0.0197979
 vertex 0.209 0.0235942 -0.0197979
 endloop
endfacet
facet normal 0 0 0
 outer loop
 vertex -0.133 0.0266736 -0.0154
 vertex 0.209 0.0235942 -0.0197979
 vertex 0.209 0.0266736 -0.0154
 endloop
endfacet
facet normal 0 0 0
 outer loop
 vertex 0.209 0.0262406 -0.01515
 vertex 0.209 0.0232111 -0.0194765
 vertex -0.133 0.0232111 -0.0194765
 endloop
endfacet
facet normal 0 0 0
 outer loop
 vertex 0.209 0.0262406 -0.01515
 vertex -0.133 0.0232111 -0.0194765
 vertex -0.133 0.0262406 -0.01515
 endloop
endfacet
facet normal 0 0 0
 outer loop
 vertex -0.133 0.0235942 -0.0197979
 vertex -0.133 0.0197979 -0.0235942
 vertex 0.209 0.0197979 -0.0235942
 endloop
endfacet
facet normal 0 0 0
 outer loop
 vertex -0.133 0.0235942 -0.0197979
 vertex 0.209 0.0197979 -0.0235942
 vertex 0.209 0.0235942 -0.0197979
 endloop
endfacet
facet normal 0 0 0
 outer loop
 vertex 0.209 0.0232111 -0.0194765
 vertex 0.209 0.0194765 -0.0232111
 vertex -0.133 0.0194765 -0.0232111
 endloop
endfacet
facet normal 0 0 0
 outer loop
 vertex 0.209 0.0232111 -0.0194765
 vertex -0.133 0.0194765 -0.0232111
 vertex -0.133 0.0232111 -0.0194765
 endloop
endfacet
facet normal 0 0 0
 outer loop
 vertex -0.133 0.0197979 -0.0235942
 vertex -0.133 0.0154 -0.0266736
 vertex 0.209 0.0154 -0.0266736
 endloop
endfacet
facet normal 0 0 0
 outer loop
 vertex -0.133 0.0197979 -0.0235942
 vertex 0.209 0.0154 -0.0266736
 vertex 0.209 0.0197979 -0.0235942
 endloop
endfacet
facet normal 0 0 0
 outer loop
 vertex 0.209 0.0194765 -0.0232111
 vertex 0.209 0.01515 -0.0262406
 vertex -0.133 0.01515 -0.0262406
 endloop
endfacet
facet normal 0 0 0
 outer loop
 vertex 0.209 0.0194765 -0.0232111
 vertex -0.133 0.01515 -0.0262406
 vertex -0.133 0.0194765 -0.0232111
 endloop
endfacet
facet normal 0 0 0
 outer loop
 vertex -0.133 0.0154 -0.0266736
 vertex -0.133 0.0105342 -0.0289425
 vertex 0.209 0.0105342 -0.0289425
 endloop
endfacet
facet normal 0 0 0
 outer loop
 vertex -0.133 0.0154 -0.0266736
 vertex 0.209 0.0105342 -0.0289425
 vertex 0.209 0.0154 -0.0266736
 endloop
endfacet
facet normal 0 0 0
 outer loop
 vertex 0.209 0.01515 -0.0262406
 vertex 0.209 0.0103632 -0.0284727
 vertex -0.133 0.0103632 -0.0284727
 endloop
endfacet
facet normal 0 0 0
 outer loop
 vertex 0.209 0.01515 -0.0262406
 vertex -0.133 0.0103632 -0.0284727
 vertex -0.133 0.01515 -0.0262406
 endloop
endfacet
facet normal 0 0 0
 outer loop
 vertex -0.133 0.0105342 -0.0289425
 vertex -0.133 0.00534837 -0.0303321
 vertex 0.209 0.00534837 -0.0303321
 endloop
endfacet
facet normal 0 0 0
 outer loop
 vertex -0.133 0.0105342 -0.0289425
 vertex 0.209 0.00534837 -0.0303321
 vertex 0.209 0.0105342 -0.0289425
 endloop
endfacet
facet normal 0 0 0
 outer loop
 vertex 0.209 0.0103632 -0.0284727
 vertex 0.209 0.00526154 -0.0298397
 vertex -0.133 0.00526154 -0.0298397
 endloop
endfacet
facet normal 0 0 0
 outer loop
 vertex 0.209 0.0103632 -0.0284727
 vertex -0.133 0.00526154 -0.0298397
 vertex -0.133 0.0103632 -0.0284727
 endloop
endfacet
facet normal 0 0 0
 outer loop
 vertex -0.133 0.00534837 -0.0303321
 vertex -0.133 -2.69262e-09 -0.0308
 vertex 0.209 -2.69262e-09 -0.0308
 endloop
endfacet
facet normal 0 0 0
 outer loop
 vertex -0.133 0.00534837 -0.0303321
 vertex 0.209 -2.69262e-09 -0.0308
 vertex 0.209 0.00534837 -0.0303321
 endloop
endfacet
facet normal 0 0 0
 outer loop
 vertex 0.209 0.00526154 -0.0298397
 vertex 0.209 -2.64891e-09 -0.0303
 vertex -0.133 -2.64891e-09 -0.0303
 endloop
endfacet
facet normal 0 0 0
 outer loop
 vertex 0.209 0.00526154 -0.0298397
 vertex -0.133 -2.64891e-09 -0.0303
 vertex -0.133 0.00526154 -0.0298397
 endloop
endfacet
facet normal 0 0 0
 outer loop
 vertex -0.133 -2.69262e-09 -0.0308
 vertex -0.133 -0.00534837 -0.0303321
 vertex 0.209 -0.00534837 -0.0303321
 endloop
endfacet
facet normal 0 0 0
 outer loop
 vertex -0.133 -2.69262e-09 -0.0308
 vertex 0.209 -0.00534837 -0.0303321
 vertex 0.209 -2.69262e-09 -0.0308
 endloop
endfacet
facet normal 0 0 0
 outer loop
 vertex 0.209 -2.64891e-09 -0.0303
 vertex 0.209 -0.00526154 -0.0298397
 vertex -0.133 -0.00526154 -0.0298397
 endloop
endfacet
facet normal 0 0 0
 outer loop
 vertex 0.209 -2.64891e-09 -0.0303
 vertex -0.133 -0.00526154 -0.0298397
 vertex -0.133 -2.64891e-09 -0.0303
 endloop
endfacet
facet normal 0 0 0
 outer loop
 vertex -0.133 -0.00534837 -0.0303321
 vertex -0.133 -0.0105342 -0.0289425
 vertex 0.209 -0.0105342 -0.0289425
 endloop
endfacet
facet normal 0 0 0
 outer loop
 vertex -0.133 -0.00534837 -0.0303321
 vertex 0.209 -0.0105342 -0.0289425
 vertex 0.209 -0.00534837 -0.0303321
 endloop
endfacet
facet normal 0 0 0
 outer loop
 vertex 0.209 -0.00526154 -0.0298397
 vertex 0.209 -0.0103632 -0.0284727
 vertex -0.133 -0.0103632 -0.0284727
 endloop
endfacet
facet normal 0 0 0
 outer loop
 vertex 0.209 -0.00526154 -0.0298397
 vertex -0.133 -0.0103632 -0.0284727
 vertex -0.133 -0.00526154 -0.0298397
 endloop
endfacet
facet normal 0 0 0
 outer loop
 vertex -0.133 -0.0105342 -0.0289425
 vertex -0.133 -0.0154 -0.0266736
 vertex 0.209 -0.0154 -0.0266736
 endloop
endfacet
facet normal 0 0 0
 outer loop
 vertex -0.133 -0.0105342 -0.0289425
 vertex 0.209 -0.0154 -0.0266736
 vertex 0.209 -0.0105342 -0.0289425
 endloop
endfacet
facet normal 0 0 0
 outer loop
 vertex 0.209 -0.0103632 -0.0284727
 vertex 0.209 -0.01515 -0.0262406
 vertex -0.133 -0.01515 -0.0262406
 endloop
endfacet
facet normal 0 0 0
 outer loop
 vertex 0.209 -0.0103632 -0.0284727
 vertex -0.133 -0.01515 -0.0262406
 vertex -0.133 -0.0103632 -0.0284727
 endloop
endfacet
facet normal 0 0 0
 outer loop
 vertex -0.133 -0.0154 -0.0266736
 vertex -0.133 -0.0197979 -0.0235942
 vertex 0.209 -0.0197979 -0.0235942
 endloop
endfacet
facet normal 0 0 0
 outer loop
 vertex -0.133 -0.0154 -0.0266736
 vertex 0.209 -0.0197979 -0.0235942
 vertex 0.209 -0.0154 -0.0266736
 endloop
endfacet
facet normal 0 0 0
 outer loop
 vertex 0.209 -0.01515 -0.0262406
 vertex 0.209 -0.0194765 -0.0232111
 vertex -0.133 -0.0194765 -0.0232111
 endloop
endfacet
facet normal 0 0 0
 outer loop
 vertex 0.209 -0.01515 -0.0262406
 vertex -0.133 -0.0194765 -0.0232111
 vertex -0.133 -0.01515 -0.0262406
 endloop
endfacet
facet normal 0 0 0
 outer loop
 vertex -0.133 -0.0197979 -0.0235942
 vertex -0.133 -0.0235942 -0.0197979
 vertex 0.209 -0.0235942 -0.0197979
 endloop
endfacet
facet normal 0 0 0
 outer loop
 vertex -0.133 -0.0197979 -0.0235942
 vertex 0.209 -0.0235942 -0.0197979
 vertex 0.209 -0.0197979 -0.0235942
 endloop
endfacet
facet normal 0 0 0
 outer loop
 vertex 0.209 -0.0194765 -0.0232111
 vertex 0.209 -0.0232112 -0.0194765
 vertex -0.133 -0.0232112 -0.0194765
 endloop
endfacet
facet normal 0 0 0
 outer loop
 vertex 0.209 -0.0194765 -0.0232111
 vertex -0.133 -0.0232112 -0.0194765
 vertex -0.133 -0.0194765 -0.0232111
 endloop
endfacet
facet normal 0 0 0
 outer loop
 vertex -0.133 -0.0235942 -0.0197979
 vertex -0.133 -0.0266736 -0.0154
 vertex 0.209 -0.0266736 -0.0154
 endloop
endfacet
facet normal 0 0 0
 outer loop
 vertex -0.133 -0.0235942 -0.0197979
 vertex 0.209 -0.0266736 -0.0154
 vertex 0.209 -0.0235942 -0.0197979
 endloop
endfacet
facet normal 0 0 0
 outer loop
 vertex 0.209 -0.0232112 -0.0194765
 vertex 0.209 -0.0262406 -0.01515
 vertex -0.133 -0.0262406 -0.01515
 endloop
endfacet
facet normal 0 0 0
 outer loop
 vertex 0.209 -0.0232112 -0.0194765
 vertex -0.133 -0.0262406 -0.01515
 vertex -0.133 -0.0232112 -0.0194765
 endloop
endfacet
facet normal 0 0 0
 outer loop
 vertex -0.133 -0.0266736 -0.0154
 vertex -0.133 -0.0289425 -0.0105342
 vertex 0.209 -0.0289425 -0.0105342
 endloop
endfacet
facet normal 0 0 0
 outer loop
 vertex -0.133 -0.0266736 -0.0154
 vertex 0.209 -0.0289425 -0.0105342
 vertex 0.209 -0.0266736 -0.0154
 endloop
endfacet
facet normal 0 0 0
 outer loop
 vertex 0.209 -0.0262406 -0.01515
 vertex 0.209 -0.0284727 -0.0103632
 vertex -0.133 -0.0284727 -0.0103632
 endloop
endfacet
facet normal 0 0 0
 outer loop
 vertex 0.209 -0.0262406 -0.01515
 vertex -0.133 -0.0284727 -0.0103632
 vertex -0.133 -0.0262406 -0.01515
 endloop
endfacet
facet normal 0 0 0
 outer loop
 vertex -0.133 -0.0289425 -0.0105342
 vertex -0.133 -0.0303321 -0.00534836
 vertex 0.209 -0.0303321 -0.00534836
 endloop
endfacet
facet normal 0 0 0
 outer loop
 vertex -0.133 -0.0289425 -0.0105342
 vertex 0.209 -0.0303321 -0.00534836
 vertex 0.209 -0.0289425 -0.0105342
 endloop
endfacet
facet normal 0 0 0
 outer loop
 vertex 0.209 -0.0284727 -0.0103632
 vertex 0.209 -0.0298397 -0.00526154
 vertex -0.133 -0.0298397 -0.00526154
 endloop
endfacet
facet normal 0 0 0
 outer loop
 vertex 0.209 -0.0284727 -0.0103632
 vertex -0.133 -0.0298397 -0.00526154
 vertex -0.133 -0.0284727 -0.0103632
 endloop
endfacet
facet normal 0 0 0
 outer loop
 vertex -0.133 -0.0303321 -0.00534836
 vertex -0.133 -0.0308 3.67286e-10
 vertex 0.209 -0.0308 3.67286e-10
 endloop
endfacet
facet normal 0 0 0
 outer loop
 vertex -0.133 -0.0303321 -0.00534836
 vertex 0.209 -0.0308 3.67286e-10
 vertex 0.209 -0.0303321 -0.00534836
 endloop
endfacet
facet normal 0 0 0
 outer loop
 vertex 0.209 -0.0298397 -0.00526154
 vertex 0.209 -0.0303 3.61324e-10
 vertex -0.133 -0.0303 3.61324e-10
 endloop
endfacet
facet normal 0 0 0
 outer loop
 vertex 0.209 -0.0298397 -0.00526154
 vertex -0.133 -0.0303 3.61324e-10
 vertex -0.133 -0.0298397 -0.00526154
 endloop
endfacet
facet normal 0 0 0
 outer loop
 vertex -0.133 -0.0308 3.67286e-10
 vertex -0.133 -0.0303321 0.00534836
 vertex 0.209 -0.0303321 0.00534836
 endloop
endfacet
facet normal 0 0 0
 outer loop
 vertex -0.133 -0.0308 3.67286e-10
 vertex 0.209 -0.0303321 0.00534836
 vertex 0.209 -0.0308 3.67286e-10
 endloop
endfacet
facet normal 0 0 0
 outer loop
 vertex 0.209 -0.0303 3.61324e-10
 vertex 0.209 -0.0298397 0.00526154
 vertex -0.133 -0.0298397 0.00526154
 endloop
endfacet
facet normal 0 0 0
 outer loop
 vertex 0.209 -0.0303 3.61324e-10
 vertex -0.133 -0.0298397 0.00526154
 vertex -0.133 -0.0303 3.61324e-10
 endloop
endfacet
facet normal 0 0 0
 outer loop
 vertex -0.133 -0.0303321 0.00534836
 vertex -0.133 -0.0289425 0.0105342
 vertex 0.209 -0.0289425 0.0105342
 endloop
endfacet
facet normal 0 0 0
 outer loop
 vertex -0.133 -0.0303321 0.00534836
 vertex 0.209 -0.0289425 0.0105342
 vertex 0.209 -0.0303321 0.00534836
 endloop
endfacet
facet normal 0 0 0
 outer loop
 vertex 0.209 -0.0298397 0.00526154
 vertex 0.209 -0.0284727 0.0103632
 vertex -0.133 -0.0284727 0.0103632
 endloop
endfacet
facet normal 0 0 0
 outer loop
 vertex 0.209 -0.0298397 0.00526154
 vertex -0.133 -0.0284727 0.0103632
 vertex -0.133 -0.0298397 0.00526154
 endloop
endfacet
facet normal 0 0 0
 outer loop
 vertex -0.133 -0.0289425 0.0105342
 vertex -0.133 -0.0266736 0.0154
 vertex 0.209 -0.0266736 0.0154
 endloop
endfacet
facet normal 0 0 0
 outer loop
 vertex -0.133 -0.0289425 0.0105342
 vertex 0.209 -0.0266736 0.0154
 vertex 0.209 -0.0289425 0.0105342
 endloop
endfacet
facet normal 0 0 0
 outer loop
 vertex 0.209 -0.0284727 0.0103632
 vertex 0.209 -0.0262406 0.01515
 vertex -0.133 -0.0262406 0.01515
 endloop
endfacet
facet normal 0 0 0
 outer loop
 vertex 0.209 -0.0284727 0.0103632
 vertex -0.133 -0.0262406 0.01515
 vertex -0.133 -0.0284727 0.0103632
 endloop
endfacet
facet normal 0 0 0
 outer loop
 vertex -0.133 -0.0266736 0.0154
 vertex -0.133 -0.0235942 0.0197979
 vertex 0.209 -0.0235942 0.0197979
 endloop
endfacet
facet normal 0 0 0
 outer loop
 vertex -0.133 -0.0266736 0.0154
 vertex 0.209 -0.0235942 0.0197979
 vertex 0.209 -0.0266736 0.0154
 endloop
endfacet
facet normal 0 0 0
 outer loop
 vertex 0.209 -0.0262406 0.01515
 vertex 0.209 -0.0232111 0.0194765
 vertex -0.133 -0.0232111 0.0194765
 endloop
endfacet
facet normal 0 0 0
 outer loop
 vertex 0.209 -0.0262406 0.01515
 vertex -0.133 -0.0232111 0.0194765
 vertex -0.133 -0.0262406 0.01515
 endloop
endfacet
facet normal 0 0 0
 outer loop
 vertex -0.133 -0.0235942 0.0197979
 vertex -0.133 -0.0197979 0.0235942
 vertex 0.209 -0.0197979 0.0235942
 endloop
endfacet
facet normal 0 0 0
 outer loop
 vertex -0.133 -0.0235942 0.0197979
 vertex 0.209 -0.0197979 0.0235942
 vertex 0.209 -0.0235942 0.0197979
 endloop
endfacet
facet normal 0 0 0
 outer loop
 vertex 0.209 -0.0232111 0.0194765
 vertex 0.209 -0.0194765 0.0232111
 vertex -0.133 -0.0194765 0.0232111
 endloop
endfacet
facet normal 0 0 0
 outer loop
 vertex 0.209 -0.0232111 0.0194765
 vertex -0.133 -0.0194765 0.0232111
 vertex -0.133 -0.0232111 0.0194765
 endloop
endfacet
facet normal 0 0 0
 outer loop
 vertex -0.133 -0.0197979 0.0235942
 vertex -0.133 -0.0154 0.0266736
 vertex 0.209 -0.0154 0.0266736
 endloop
endfacet
facet normal 0 0 0
 outer loop
 vertex -0.133 -0.0197979 0.0235942
 vertex 0.209 -0.0154 0.0266736
 vertex 0.209 -0.0197979 0.0235942
 endloop
endfacet
facet normal 0 0 0
 outer loop
 vertex 0.209 -0.0194765 0.0232111
 vertex 0.209 -0.01515 0.0262406
 vertex -0.133 -0.01515 0.0262406
 endloop
endfacet
facet normal 0 0 0
 outer loop
 vertex 0.209 -0.0194765 0.0232111
 vertex -0.133 -0.01515 0.0262406
 vertex -0.133 -0.0194765 0.0232111
 endloop
endfacet
facet normal 0 0 0
 outer loop
 vertex -0.133 -0.0154 0.0266736
 vertex -0.133 -0.0105342 0.0289425
 vertex 0.209 -0.0105342 0.0289425
 endloop
endfacet
facet normal 0 0 0
 outer loop
 vertex -0.133 -0.0154 0.0266736
 vertex 0.209 -0.0105342 0.0289425
 vertex 0.209 -0.0154 0.0266736
 endloop
endfacet
facet normal 0 0 0
 outer loop
 vertex 0.209 -0.01515 0.0262406
 vertex 0.209 -0.0103632 0.0284727
 vertex -0.133 -0.0103632 0.0284727
 endloop
endfacet
facet normal 0 0 0
 outer loop
 vertex 0.209 -0.01515 0.0262406
 vertex -0.133 -0.0103632 0.0284727
 vertex -0.133 -0.01515 0.0262406
 endloop
endfacet
facet normal 0 0 0
 outer loop
 vertex -0.133 -0.0105342 0.0289425
 vertex -0.133 -0.00534836 0.0303321
 vertex 0.209 -0.00534836 0.0303321
 endloop
endfacet
facet normal 0 0 0
 outer loop
 vertex -0.133 -0.0105342 0.0289425
 vertex 0.209 -0.00534836 0.0303321
 vertex 0.209 -0.0105342 0.0289425
 endloop
endfacet
facet normal 0 0 0
 outer loop
 vertex 0.209 -0.0103632 0.0284727
 vertex 0.209 -0.00526153 0.0298397
 vertex -0.133 -0.00526153 0.0298397
 endloop
endfacet
facet normal 0 0 0
 outer loop
 vertex 0.209 -0.0103632 0.0284727
 vertex -0.133 -0.00526153 0.0298397
 vertex -0.133 -0.0103632 0.0284727
 endloop
endfacet
facet normal 0 0 0
 outer loop
 vertex -0.133 -0.00534836 0.0303321
 vertex -0.133 5.38524e-09 0.0308
 vertex 0.209 5.38524e-09 0.0308
 endloop
endfacet
facet normal 0 0 0
 outer loop
 vertex -0.133 -0.00534836 0.0303321
 vertex 0.209 5.38524e-09 0.0308
 vertex 0.209 -0.00534836 0.0303321
 endloop
endfacet
facet normal 0 0 0
 outer loop
 vertex 0.209 -0.00526153 0.0298397
 vertex 0.209 5.29782e-09 0.0303
 vertex -0.133 5.29782e-09 0.0303
 endloop
endfacet
facet normal 0 0 0
 outer loop
 vertex 0.209 -0.00526153 0.0298397
 vertex -0.133 5.29782e-09 0.0303
 vertex -0.133 -0.00526153 0.0298397
 endloop
endfacet
facet normal 0 0 0
 outer loop
 vertex -0.133 0 0.0303
 vertex -0.133 0.00526154 0.0298397
 vertex -0.133 0.00534836 0.0303321
 endloop
endfacet
facet normal 0 0 0
 outer loop
 vertex -0.133 0 0.0303
 vertex -0.133 0.00534836 0.0303321
 vertex -0.133 0 0.0308
 endloop
endfacet
facet normal 0 0 0
 outer loop
 vertex 0.209 0 0.0303
 vertex 0.209 0 0.0308
 vertex 0.209 0.00534836 0.0303321
 endloop
endfacet
facet normal 0 0 0
 outer loop
 vertex 0.209 0 0.0303
 vertex 0.209 0.00534836 0.0303321
 vertex 0.209 0.00526154 0.0298397
 endloop
endfacet
facet normal 0 0 0
 outer loop
 vertex -0.133 0.00526154 0.0298397
 vertex -0.133 0.0103632 0.0284727
 vertex -0.133 0.0105342 0.0289425
 endloop
endfacet
facet normal 0 0 0
 outer loop
 vertex -0.133 0.00526154 0.0298397
 vertex -0.133 0.0105342 0.0289425
 vertex -0.133 0.00534836 0.0303321
 endloop
endfacet
facet normal 0 0 0
 outer loop
 vertex 0.209 0.00526154 0.0298397
 vertex 0.209 0.00534836 0.0303321
 vertex 0.209 0.0105342 0.0289425
 endloop
endfacet
facet normal 0 0 0
 outer loop
 vertex 0.209 0.00526154 0.0298397
 vertex 0.209 0.0105342 0.0289425
 vertex 0.209 0.0103632 0.0284727
 endloop
endfacet
facet normal 0 0 0
 outer loop
 vertex -0.133 0.0103632 0.0284727
 vertex -0.133 0.01515 0.0262406
 vertex -0.133 0.0154 0.0266736
 endloop
endfacet
facet normal 0 0 0
 outer loop
 vertex -0.133 0.0103632 0.0284727
 vertex -0.133 0.0154 0.0266736
 vertex -0.133 0.0105342 0.0289425
 endloop
endfacet
facet normal 0 0 0
 outer loop
 vertex 0.209 0.0103632 0.0284727
 vertex 0.209 0.0105342 0.0289425
 vertex 0.209 0.0154 0.0266736
 endloop
endfacet
facet normal 0 0 0
 outer loop
 vertex 0.209 0.0103632 0.0284727
 vertex 0.209 0.0154 0.0266736
 vertex 0.209 0.01515 0.0262406
 endloop
endfacet
facet normal 0 0 0
 outer loop
 vertex -0.133 0.01515 0.0262406
 vertex -0.133 0.0194765 0.0232111
 vertex -0.133 0.0197979 0.0235942
 endloop
endfacet
facet normal 0 0 0
 outer loop
 vertex -0.133 0.01515 0.0262406
 vertex -0.133 0.0197979 0.0235942
 vertex -0.133 0.0154 0.0266736
 endloop
endfacet
facet normal 0 0 0
 outer loop
 vertex 0.209 0.01515 0.0262406
 vertex 0.209 0.0154 0.0266736
 vertex 0.209 0.0197979 0.0235942
 endloop
endfacet
facet normal 0 0 0
 outer loop
 vertex 0.209 0.01515 0.0262406
 vertex 0.209 0.0197979 0.0235942
 vertex 0.209 0.0194765 0.0232111
 endloop
endfacet
facet normal 0 0 0
 outer loop
 vertex -0.133 0.0194765 0.0232111
 vertex -0.133 0.0232111 0.0194765
 vertex -0.133 0.0235942 0.0197979
 endloop
endfacet
facet normal 0 0 0
 outer loop
 vertex -0.133 0.0194765 0.0232111
 vertex -0.133 0.0235942 0.0197979
 vertex -0.133 0.0197979 0.0235942
 endloop
endfacet
facet normal 0 0 0
 outer loop
 vertex 0.209 0.0194765 0.0232111
 vertex 0.209 0.0197979 0.0235942
 vertex 0.209 0.0235942 0.0197979
 endloop
endfacet
facet normal 0 0 0
 outer loop
 vertex 0.209 0.0194765 0.0232111
 vertex 0.209 0.0235942 0.0197979
 vertex 0.209 0.0232111 0.0194765
 endloop
endfacet
facet normal 0 0 0
 outer loop
 vertex -0.133 0.0232111 0.0194765
 vertex -0.133 0.0262406 0.01515
 vertex -0.133 0.0266736 0.0154
 endloop
endfacet
facet normal 0 0 0
 outer loop
 vertex -0.133 0.0232111 0.0194765
 vertex -0.133 0.0266736 0.0154
 vertex -0.133 0.0235942 0.0197979
 endloop
endfacet
facet normal 0 0 0
 outer loop
 vertex 0.209 0.0232111 0.0194765
 vertex 0.209 0.0235942 0.0197979
 vertex 0.209 0.0266736 0.0154
 endloop
endfacet
facet normal 0 0 0
 outer loop
 vertex 0.209 0.0232111 0.0194765
 vertex 0.209 0.0266736 0.0154
 vertex 0.209 0.0262406 0.01515
 endloop
endfacet
facet normal 0 0 0
 outer loop
 vertex -0.133 0.0262406 0.01515
 vertex -0.133 0.0284727 0.0103632
 vertex -0.133 0.0289425 0.0105342
 endloop
endfacet
facet normal 0 0 0
 outer loop
 vertex -0.133 0.0262406 0.01515
 vertex -0.133 0.0289425 0.0105342
 vertex -0.133 0.0266736 0.0154
 endloop
endfacet
facet normal 0 0 0
 outer loop
 vertex 0.209 0.0262406 0.01515
 vertex 0.209 0.0266736 0.0154
 vertex 0.209 0.0289425 0.0105342
 endloop
endfacet
facet normal 0 0 0
 outer loop
 vertex 0.209 0.0262406 0.01515
 vertex 0.209 0.0289425 0.0105342
 vertex 0.209 0.0284727 0.0103632
 endloop
endfacet
facet normal 0 0 0
 outer loop
 vertex -0.133 0.0284727 0.0103632
 vertex -0.133 0.0298397 0.00526154
 vertex -0.133 0.0303321 0.00534837
 endloop
endfacet
facet normal 0 0 0
 outer loop
 vertex -0.133 0.0284727 0.0103632
 vertex -0.133 0.0303321 0.00534837
 vertex -0.133 0.0289425 0.0105342
 endloop
endfacet
facet normal 0 0 0
 outer loop
 vertex 0.209 0.0284727 0.0103632
 vertex 0.209 0.0289425 0.0105342
 vertex 0.209 0.0303321 0.00534837
 endloop
endfacet
facet normal 0 0 0
 outer loop
 vertex 0.209 0.0284727 0.0103632
 vertex 0.209 0.0303321 0.00534837
 vertex 0.209 0.0298397 0.00526154
 endloop
endfacet
facet normal 0 0 0
 outer loop
 vertex -0.133 0.0298397 0.00526154
 vertex -0.133 0.0303 -1.32446e-09
 vertex -0.133 0.0308 -1.34631e-09
 endloop
endfacet
facet normal 0 0 0
 outer loop
 vertex -0.133 0.0298397 0.00526154
 vertex -0.133 0.0308 -1.34631e-09
 vertex -0.133 0.0303321 0.00534837
 endloop
endfacet
facet normal 0 0 0
 outer loop
 vertex 0.209 0.0298397 0.00526154
 vertex 0.209 0.0303321 0.00534837
 vertex 0.209 0.0308 -1.34631e-09
 endloop
endfacet
facet normal 0 0 0
 outer loop
 vertex 0.209 0.0298397 0.00526154
 vertex 0.209 0.0308 -1.34631e-09
 vertex 0.209 0.0303 -1.32446e-09
 endloop
endfacet
facet normal 0 0 0
 outer loop
 vertex -0.133 0.0303 -1.32446e-09
 vertex -0.133 0.0298397 -0.00526154
 vertex -0.133 0.0303321 -0.00534836
 endloop
endfacet
facet normal 0 0 0
 outer loop
 vertex -0.133 0.0303 -1.32446e-09
 vertex -0.133 0.0303321 -0.00534836
 vertex -0.133 0.0308 -1.34631e-09
 endloop
endfacet
facet normal 0 0 0
 outer loop
 vertex 0.209 0.0303 -1.32446e-09
 vertex 0.209 0.0308 -1.34631e-09
 vertex 0.209 0.0303321 -0.00534836
 endloop
endfacet
facet normal 0 0 0
 outer loop
 vertex 0.209 0.0303 -1.32446e-09
 vertex 0.209 0.0303321 -0.00534836
 vertex 0.209 0.0298397 -0.00526154
 endloop
endfacet
facet normal 0 0 0
 outer loop
 vertex -0.133 0.0298397 -0.00526154
 vertex -0.133 0.0284727 -0.0103632
 vertex -0.133 0.0289425 -0.0105342
 endloop
endfacet
facet normal 0 0 0
 outer loop
 vertex -0.133 0.0298397 -0.00526154
 vertex -0.133 0.0289425 -0.0105342
 vertex -0.133 0.0303321 -0.00534836
 endloop
endfacet
facet normal 0 0 0
 outer loop
 vertex 0.209 0.0298397 -0.00526154
 vertex 0.209 0.0303321 -0.00534836
 vertex 0.209 0.0289425 -0.0105342
 endloop
endfacet
facet normal 0 0 0
 outer loop
 vertex 0.209 0.0298397 -0.00526154
 vertex 0.209 0.0289425 -0.0105342
 vertex 0.209 0.0284727 -0.0103632
 endloop
endfacet
facet normal 0 0 0
 outer loop
 vertex -0.133 0.0284727 -0.0103632
 vertex -0.133 0.0262406 -0.01515
 vertex -0.133 0.0266736 -0.0154
 endloop
endfacet
facet normal 0 0 0
 outer loop
 vertex -0.133 0.0284727 -0.0103632
 vertex -0.133 0.0266736 -0.0154
 vertex -0.133 0.0289425 -0.0105342
 endloop
endfacet
facet normal 0 0 0
 outer loop
 vertex 0.209 0.0284727 -0.0103632
 vertex 0.209 0.0289425 -0.0105342
 vertex 0.209 0.0266736 -0.0154
 endloop
endfacet
facet normal 0 0 0
 outer loop
 vertex 0.209 0.0284727 -0.0103632
 vertex 0.209 0.0266736 -0.0154
 vertex 0.209 0.0262406 -0.01515
 endloop
endfacet
facet normal 0 0 0
 outer loop
 vertex -0.133 0.0262406 -0.01515
 vertex -0.133 0.0232111 -0.0194765
 vertex -0.133 0.0235942 -0.0197979
 endloop
endfacet
facet normal 0 0 0
 outer loop
 vertex -0.133 0.0262406 -0.01515
 vertex -0.133 0.0235942 -0.0197979
 vertex -0.133 0.0266736 -0.0154
 endloop
endfacet
facet normal 0 0 0
 outer loop
 vertex 0.209 0.0262406 -0.01515
 vertex 0.209 0.0266736 -0.0154
 vertex 0.209 0.0235942 -0.0197979
 endloop
endfacet
facet normal 0 0 0
 outer loop
 vertex 0.209 0.0262406 -0.01515
 vertex 0.209 0.0235942 -0.0197979
 vertex 0.209 0.0232111 -0.0194765
 endloop
endfacet
facet normal 0 0 0
 outer loop
 vertex -0.133 0.0232111 -0.0194765
 vertex -0.133 0.0194765 -0.0232111
 vertex -0.133 0.0197979 -0.0235942
 endloop
endfacet
facet normal 0 0 0
 outer loop
 vertex -0.133 0.0232111 -0.0194765
 vertex -0.133 0.0197979 -0.0235942
 vertex -0.133 0.0235942 -0.0197979
 endloop
endfacet
facet normal 0 0 0
 outer loop
 vertex 0.209 0.0232111 -0.0194765
 vertex 0.209 0.0235942 -0.0197979
 vertex 0.209 0.0197979 -0.0235942
 endloop
endfacet
facet normal 0 0 0
 outer loop
 vertex 0.209 0.0232111 -0.0194765
 vertex 0.209 0.0197979 -0.0235942
 vertex 0.209 0.0194765 -0.0232111
 endloop
endfacet
facet normal 0 0 0
 outer loop
 vertex -0.133 0.0194765 -0.0232111
 vertex -0.133 0.01515 -0.0262406
 vertex -0.133 0.0154 -0.0266736
 endloop
endfacet
facet normal 0 0 0
 outer loop
 vertex -0.133 0.0194765 -0.0232111
 vertex -0.133 0.0154 -0.0266736
 vertex -0.133 0.0197979 -0.0235942
 endloop
endfacet
facet normal 0 0 0
 outer loop
 vertex 0.209 0.0194765 -0.0232111
 vertex 0.209 0.0197979 -0.0235942
 vertex 0.209 0.0154 -0.0266736
 endloop
endfacet
facet normal 0 0 0
 outer loop
 vertex 0.209 0.0194765 -0.0232111
 vertex 0.209 0.0154 -0.0266736
 vertex 0.209 0.01515 -0.0262406
 endloop
endfacet
facet normal 0 0 0
 outer loop
 vertex -0.133 0.01515 -0.0262406
 vertex -0.133 0.0103632 -0.0284727
 vertex -0.133 0.0105342 -0.0289425
 endloop
endfacet
facet normal 0 0 0
 outer loop
 vertex -0.133 0.01515 -0.0262406
 vertex -0.133 0.0105342 -0.0289425
 vertex -0.133 0.0154 -0.0266736
 endloop
endfacet
facet normal 0 0 0
 outer loop
 vertex 0.209 0.01515 -0.0262406
 vertex 0.209 0.0154 -0.0266736
 vertex 0.209 0.0105342 -0.0289425
 endloop
endfacet
facet normal 0 0 0
 outer loop
 vertex 0.209 0.01515 -0.0262406
 vertex 0.209 0.0105342 -0.0289425
 vertex 0.209 0.0103632 -0.0284727
 endloop
endfacet
facet normal 0 0 0
 outer loop
 vertex -0.133 0.0103632 -0.0284727
 vertex -0.133 0.00526154 -0.0298397
 vertex -0.133 0.00534837 -0.0303321
 endloop
endfacet
facet normal 0 0 0
 outer loop
 vertex -0.133 0.0103632 -0.0284727
 vertex -0.133 0.00534837 -0.0303321
 vertex -0.133 0.0105342 -0.0289425
 endloop
endfacet
facet normal 0 0 0
 outer loop
 vertex 0.209 0.0103632 -0.0284727
 vertex 0.209 0.0105342 -0.0289425
 vertex 0.209 0.00534837 -0.0303321
 endloop
endfacet
facet normal 0 0 0
 outer loop
 vertex 0.209 0.0103632 -0.0284727
 vertex 0.209 0.00534837 -0.0303321
 vertex 0.209 0.00526154 -0.0298397
 endloop
endfacet
facet normal 0 0 0
 outer loop
 vertex -0.133 0.00526154 -0.0298397
 vertex -0.133 -2.64891e-09 -0.0303
 vertex -0.133 -2.69262e-09 -0.0308
 endloop
endfacet
facet normal 0 0 0
 outer loop
 vertex -0.133 0.00526154 -0.0298397
 vertex -0.133 -2.69262e-09 -0.0308
 vertex -0.133 0.00534837 -0.0303321
 endloop
endfacet
facet normal 0 0 0
 outer loop
 vertex 0.209 0.00526154 -0.0298397
 vertex 0.209 0.00534837 -0.0303321
 vertex 0.209 -2.69262e-09 -0.0308
 endloop
endfacet
facet normal 0 0 0
 outer loop
 vertex 0.209 0.00526154 -0.0298397
 vertex 0.209 -2.69262e-09 -0.0308
 vertex 0.209 -2.64891e-09 -0.0303
 endloop
endfacet
facet normal 0 0 0
 outer loop
 vertex -0.133 -2.64891e-09 -0.0303
 vertex -0.133 -0.00526154 -0.0298397
 vertex -0.133 -0.00534837 -0.0303321
 endloop
endfacet
facet normal 0 0 0
 outer loop
 vertex -0.133 -2.64891e-09 -0.0303
 vertex -0.133 -0.00534837 -0.0303321
 vertex -0.133 -2.69262e-09 -0.0308
 endloop
endfacet
facet normal 0 0 0
 outer loop
 vertex 0.209 -2.64891e-09 -0.0303
 vertex 0.209 -2.69262e-09 -0.0308
 vertex 0.209 -0.00534837 -0.0303321
 endloop
endfacet
facet normal 0 0 0
 outer loop
 vertex 0.209 -2.64891e-09 -0.0303
 vertex 0.209 -0.00534837 -0.0303321
 vertex 0.209 -0.00526154 -0.0298397
 endloop
endfacet
facet normal 0 0 0
 outer loop
 vertex -0.133 -0.00526154 -0.0298397
 vertex -0.133 -0.0103632 -0.0284727
 vertex -0.133 -0.0105342 -0.0289425
 endloop
endfacet
facet normal 0 0 0
 outer loop
 vertex -0.133 -0.00526154 -0.0298397
 vertex -0.133 -0.0105342 -0.0289425
 vertex -0.133 -0.00534837 -0.0303321
 endloop
endfacet
facet normal 0 0 0
 outer loop
 vertex 0.209 -0.00526154 -0.0298397
 vertex 0.209 -0.00534837 -0.0303321
 vertex 0.209 -0.0105342 -0.0289425
 endloop
endfacet
facet normal 0 0 0
 outer loop
 vertex 0.209 -0.00526154 -0.0298397
 vertex 0.209 -0.0105342 -0.0289425
 vertex 0.209 -0.0103632 -0.0284727
 endloop
endfacet
facet normal 0 0 0
 outer loop
 vertex -0.133 -0.0103632 -0.0284727
 vertex -0.133 -0.01515 -0.0262406
 vertex -0.133 -0.0154 -0.0266736
 endloop
endfacet
facet normal 0 0 0
 outer loop
 vertex -0.133 -0.0103632 -0.0284727
 vertex -0.133 -0.0154 -0.0266736
 vertex -0.133 -0.0105342 -0.0289425
 endloop
endfacet
facet normal 0 0 0
 outer loop
 vertex 0.209 -0.0103632 -0.0284727
 vertex 0.209 -0.0105342 -0.0289425
 vertex 0.209 -0.0154 -0.0266736
 endloop
endfacet
facet normal 0 0 0
 outer loop
 vertex 0.209 -0.0103632 -0.0284727
 vertex 0.209 -0.0154 -0.0266736
 vertex 0.209 -0.01515 -0.0262406
 endloop
endfacet
facet normal 0 0 0
 outer loop
 vertex -0.133 -0.01515 -0.0262406
 vertex -0.133 -0.0194765 -0.0232111
 vertex -0.133 -0.0197979 -0.0235942
 endloop
endfacet
facet normal 0 0 0
 outer loop
 vertex -0.133 -0.01515 -0.0262406
 vertex -0.133 -0.0197979 -0.0235942
 vertex -0.133 -0.0154 -0.0266736
 endloop
endfacet
facet normal 0 0 0
 outer loop
 vertex 0.209 -0.01515 -0.0262406
 vertex 0.209 -0.0154 -0.0266736
 vertex 0.209 -0.0197979 -0.0235942
 endloop
endfacet
facet normal 0 0 0
 outer loop
 vertex 0.209 -0.01515 -0.0262406
 vertex 0.209 -0.0197979 -0.0235942
 vertex 0.209 -0.0194765 -0.0232111
 endloop
endfacet
facet normal 0 0 0
 outer loop
 vertex -0.133 -0.0194765 -0.0232111
 vertex -0.133 -0.0232112 -0.0194765
 vertex -0.133 -0.0235942 -0.0197979
 endloop
endfacet
facet normal 0 0 0
 outer loop
 vertex -0.133 -0.0194765 -0.0232111
 vertex -0.133 -0.0235942 -0.0197979
 vertex -0.133 -0.0197979 -0.0235942
 endloop
endfacet
facet normal 0 0 0
 outer loop
 vertex 0.209 -0.0194765 -0.0232111
 vertex 0.209 -0.0197979 -0.0235942
 vertex 0.209 -0.0235942 -0.0197979
 endloop
endfacet
facet normal 0 0 0
 outer loop
 vertex 0.209 -0.0194765 -0.0232111
 vertex 0.209 -0.0235942 -0.0197979
 vertex 0.209 -0.0232112 -0.0194765
 endloop
endfacet
facet normal 0 0 0
 outer loop
 vertex -0.133 -0.0232112 -0.0194765
 vertex -0.133 -0.0262406 -0.01515
 vertex -0.133 -0.0266736 -0.0154
 endloop
endfacet
facet normal 0 0 0
 outer loop
 vertex -0.133 -0.0232112 -0.0194765
 vertex -0.133 -0.0266736 -0.0154
 vertex -0.133 -0.0235942 -0.0197979
 endloop
endfacet
facet normal 0 0 0
 outer loop
 vertex 0.209 -0.0232112 -0.0194765
 vertex 0.209 -0.0235942 -0.0197979
 vertex 0.209 -0.0266736 -0.0154
 endloop
endfacet
facet normal 0 0 0
 outer loop
 vertex 0.209 -0.0232112 -0.0194765
 vertex 0.209 -0.0266736 -0.0154
 vertex 0.209 -0.0262406 -0.01515
 endloop
endfacet
facet normal 0 0 0
 outer loop
 vertex -0.133 -0.0262406 -0.01515
 vertex -0.133 -0.0284727 -0.0103632
 vertex -0.133 -0.0289425 -0.0105342
 endloop
endfacet
facet normal 0 0 0
 outer loop
 vertex -0.133 -0.0262406 -0.01515
 vertex -0.133 -0.0289425 -0.0105342
 vertex -0.133 -0.0266736 -0.0154
 endloop
endfacet
facet normal 0 0 0
 outer loop
 vertex 0.209 -0.0262406 -0.01515
 vertex 0.209 -0.0266736 -0.0154
 vertex 0.209 -0.0289425 -0.0105342
 endloop
endfacet
facet normal 0 0 0
 outer loop
 vertex 0.209 -0.0262406 -0.01515
 vertex 0.209 -0.0289425 -0.0105342
 vertex 0.209 -0.0284727 -0.0103632
 endloop
endfacet
facet normal 0 0 0
 outer loop
 vertex -0.133 -0.0284727 -0.0103632
 vertex -0.133 -0.0298397 -0.00526154
 vertex -0.133 -0.0303321 -0.00534836
 endloop
endfacet
facet normal 0 0 0
 outer loop
 vertex -0.133 -0.0284727 -0.0103632
 vertex -0.133 -0.0303321 -0.00534836
 vertex -0.133 -0.0289425 -0.0105342
 endloop
endfacet
facet normal 0 0 0
 outer loop
 vertex 0.209 -0.0284727 -0.0103632
 vertex 0.209 -0.0289425 -0.0105342
 vertex 0.209 -0.0303321 -0.00534836
 endloop
endfacet
facet normal 0 0 0
 outer loop
 vertex 0.209 -0.0284727 -0.0103632
 vertex 0.209 -0.0303321 -0.00534836
 vertex 0.209 -0.0298397 -0.00526154
 endloop
endfacet
facet normal 0 0 0
 outer loop
 vertex -0.133 -0.0298397 -0.00526154
 vertex -0.133 -0.0303 3.61324e-10
 vertex -0.133 -0.0308 3.67286e-10
 endloop
endfacet
facet normal 0 0 0
 outer loop
 vertex -0.133 -0.0298397 -0.00526154
 vertex -0.133 -0.0308 3.67286e-10
 vertex -0.133 -0.0303321 -0.00534836
 endloop
endfacet
facet normal 0 0 0
 outer loop
 vertex 0.209 -0.0298397 -0.00526154
 vertex 0.209 -0.0303321 -0.00534836
 vertex 0.209 -0.0308 3.67286e-10
 endloop
endfacet
facet normal 0 0 0
 outer loop
 vertex 0.209 -0.0298397 -0.00526154
 vertex 0.209 -0.0308 3.67286e-10
 vertex 0.209 -0.0303 3.61324e-10
 endloop
endfacet
facet normal 0 0 0
 outer loop
 vertex -0.133 -0.0303 3.61324e-10
 vertex -0.133 -0.0298397 0.00526154
 vertex -0.133 -0.0303321 0.00534836
 endloop
endfacet
facet normal 0 0 0
 outer loop
 vertex -0.133 -0.0303 3.61324e-10
 vertex -0.133 -0.0303321 0.00534836
 vertex -0.133 -0.0308 3.67286e-10
 endloop
endfacet
facet normal 0 0 0
 outer loop
 vertex 0.209 -0.0303 3.61324e-10
 vertex 0.209 -0.0308 3.67286e-10
 vertex 0.209 -0.0303321 0.00534836
 endloop
endfacet
facet normal 0 0 0
 outer loop
 vertex 0.209 -0.0303 3.61324e-10
 vertex 0.209 -0.0303321 0.00534836
 vertex 0.209 -0.0298397 0.00526154
 endloop
endfacet
facet normal 0 0 0
 outer loop
 vertex -0.133 -0.0298397 0.00526154
 vertex -0.133 -0.0284727 0.0103632
 vertex -0.133 -0.0289425 0.0105342
 endloop
endfacet
facet normal 0 0 0
 outer loop
 vertex -0.133 -0.0298397 0.00526154
 vertex -0.133 -0.0289425 0.0105342
 vertex -0.133 -0.0303321 0.00534836
 endloop
endfacet
facet normal 0 0 0
 outer loop
 vertex 0.209 -0.0298397 0.00526154
 vertex 0.209 -0.0303321 0.00534836
 vertex 0.209 -0.0289425 0.0105342
 endloop
endfacet
facet normal 0 0 0
 outer loop
 vertex 0.209 -0.0298397 0.00526154
 vertex 0.209 -0.0289425 0.0105342
 vertex 0.209 -0.0284727 0.0103632
 endloop
endfacet
facet normal 0 0 0
 outer loop
 vertex -0.133 -0.0284727 0.0103632
 vertex -0.133 -0.0262406 0.01515
 vertex -0.133 -0.0266736 0.0154
 endloop
endfacet
facet normal 0 0 0
 outer loop
 vertex -0.133 -0.0284727 0.0103632
 vertex -0.133 -0.0266736 0.0154
 vertex -0.133 -0.0289425 0.0105342
 endloop
endfacet
facet normal 0 0 0
 outer loop
 vertex 0.209 -0.0284727 0.0103632
 vertex 0.209 -0.0289425 0.0105342
 vertex 0.209 -0.0266736 0.0154
 endloop
endfacet
facet normal 0 0 0
 outer loop
 vertex 0.209 -0.0284727 0.0103632
 vertex 0.209 -0.0266736 0.0154
 vertex 0.209 -0.0262406 0.01515
 endloop
endfacet
facet normal 0 0 0
 outer loop
 vertex -0.133 -0.0262406 0.01515
 vertex -0.133 -0.0232111 0.0194765
 vertex -0.133 -0.0235942 0.0197979
 endloop
endfacet
facet normal 0 0 0
 outer loop
 vertex -0.133 -0.0262406 0.01515
 vertex -0.133 -0.0235942 0.0197979
 vertex -0.133 -0.0266736 0.0154
 endloop
endfacet
facet normal 0 0 0
 outer loop
 vertex 0.209 -0.0262406 0.01515
 vertex 0.209 -0.0266736 0.0154
 vertex 0.209 -0.0235942 0.0197979
 endloop
endfacet
facet normal 0 0 0
 outer loop
 vertex 0.209 -0.0262406 0.01515
 vertex 0.209 -0.0235942 0.0197979
 vertex 0.209 -0.0232111 0.0194765
 endloop
endfacet
facet normal 0 0 0
 outer loop
 vertex -0.133 -0.0232111 0.0194765
 vertex -0.133 -0.0194765 0.0232111
 vertex -0.133 -0.0197979 0.0235942
 endloop
endfacet
facet normal 0 0 0
 outer loop
 vertex -0.133 -0.0232111 0.0194765
 vertex -0.133 -0.0197979 0.0235942
 vertex -0.133 -0.0235942 0.0197979
 endloop
endfacet
facet normal 0 0 0
 outer loop
 vertex 0.209 -0.0232111 0.0194765
 vertex 0.209 -0.0235942 0.0197979
 vertex 0.209 -0.0197979 0.0235942
 endloop
endfacet
facet normal 0 0 0
 outer loop
 vertex 0.209 -0.0232111 0.0194765
 vertex 0.209 -0.0197979 0.0235942
 vertex 0.209 -0.0194765 0.0232111
 endloop
endfacet
facet normal 0 0 0
 outer loop
 vertex -0.133 -0.0194765 0.0232111
 vertex -0.133 -0.01515 0.0262406
 vertex -0.133 -0.0154 0.0266736
 endloop
endfacet
facet normal 0 0 0
 outer loop
 vertex -0.133 -0.0194765 0.0232111
 vertex -0.133 -0.0154 0.0266736
 vertex -0.133 -0.0197979 0.0235942
 endloop
endfacet
facet normal 0 0 0
 outer loop
 vertex 0.209 -0.0194765 0.0232111
 vertex 0.209 -0.0197979 0.0235942
 vertex 0.209 -0.0154 0.0266736
 endloop
endfacet
facet normal 0 0 0
 outer loop
 vertex 0.209 -0.0194765 0.0232111
 vertex 0.209 -0.0154 0.0266736
 vertex 0.209 -0.01515 0.0262406
 endloop
endfacet
facet normal 0 0 0
 outer loop
 vertex -0.133 -0.01515 0.0262406
 vertex -0.133 -0.0103632 0.0284727
 vertex -0.133 -0.0105342 0.0289425
 endloop
endfacet
facet normal 0 0 0
 outer loop
 vertex -0.133 -0.01515 0.0262406
 vertex -0.133 -0.0105342 0.0289425
 vertex -0.133 -0.0154 0.0266736
 endloop
endfacet
facet normal 0 0 0
 outer loop
 vertex 0.209 -0.01515 0.0262406
 vertex 0.209 -0.0154 0.0266736
 vertex 0.209 -0.0105342 0.0289425
 endloop
endfacet
facet normal 0 0 0
 outer loop
 vertex 0.209 -0.01515 0.0262406
 vertex 0.209 -0.0105342 0.0289425
 vertex 0.209 -0.0103632 0.0284727
 endloop
endfacet
facet normal 0 0 0
 outer loop
 vertex -0.133 -0.0103632 0.0284727
 vertex -0.133 -0.00526153 0.0298397
 vertex -0.133 -0.00534836 0.0303321
 endloop
endfacet
facet normal 0 0 0
 outer loop
 vertex -0.133 -0.0103632 0.0284727
 vertex -0.133 -0.00534836 0.0303321
 vertex -0.133 -0.0105342 0.0289425
 endloop
endfacet
facet normal 0 0 0
 outer loop
 vertex 0.209 -0.0103632 0.0284727
 vertex 0.209 -0.0105342 0.0289425
 vertex 0.209 -0.00534836 0.0303321
 endloop
endfacet
facet normal 0 0 0
 outer loop
 vertex 0.209 -0.0103632 0.0284727
 vertex 0.209 -0.00534836 0.0303321
 vertex 0.209 -0.00526153 0.0298397
 endloop
endfacet
facet normal 0 0 0
 outer loop
 vertex -0.133 -0.00526153 0.0298397
 vertex -0.133 5.29782e-09 0.0303
 vertex -0.133 5.38524e-09 0.0308
 endloop
endfacet
facet normal 0 0 0
 outer loop
 vertex -0.133 -0.00526153 0.0298397
 vertex -0.133 5.38524e-09 0.0308
 vertex -0.133 -0.00534836 0.0303321
 endloop
endfacet
facet normal 0 0 0
 outer loop
 vertex 0.209 -0.00526153 0.0298397
 vertex 0.209 -0.00534836 0.0303321
 vertex 0.209 5.38524e-09 0.0308
 endloop
endfacet
facet normal 0 0 0
 outer loop
 vertex 0.209 -0.00526153 0.0298397
 vertex 0.209 5.38524e-09 0.0308
 vertex 0.209 5.29782e-09 0.0303
 endloop
endfacet
facet normal 0 0 0
 outer loop
 vertex -0.133 0 0.0311
 vertex -0.133 0.00540046 0.0306275
 vertex 0.209 0.00540046 0.0306275
 endloop
endfacet
facet normal 0 0 0
 outer loop
 vertex -0.133 0 0.0311
 vertex 0.209 0.00540046 0.0306275
 vertex 0.209 0 0.0311
 endloop
endfacet
facet normal 0 0 0
 outer loop
 vertex 0.209 0 0.0306
 vertex 0.209 0.00531363 0.0301351
 vertex -0.133 0.00531363 0.0301351
 endloop
endfacet
facet normal 0 0 0
 outer loop
 vertex 0.209 0 0.0306
 vertex -0.133 0.00531363 0.0301351
 vertex -0.133 0 0.0306
 endloop
endfacet
facet normal 0 0 0
 outer loop
 vertex -0.133 0.00540046 0.0306275
 vertex -0.133 0.0106368 0.0292244
 vertex 0.209 0.0106368 0.0292244
 endloop
endfacet
facet normal 0 0 0
 outer loop
 vertex -0.133 0.00540046 0.0306275
 vertex 0.209 0.0106368 0.0292244
 vertex 0.209 0.00540046 0.0306275
 endloop
endfacet
facet normal 0 0 0
 outer loop
 vertex 0.209 0.00531363 0.0301351
 vertex 0.209 0.0104658 0.0287546
 vertex -0.133 0.0104658 0.0287546
 endloop
endfacet
facet normal 0 0 0
 outer loop
 vertex 0.209 0.00531363 0.0301351
 vertex -0.133 0.0104658 0.0287546
 vertex -0.133 0.00531363 0.0301351
 endloop
endfacet
facet normal 0 0 0
 outer loop
 vertex -0.133 0.0106368 0.0292244
 vertex -0.133 0.01555 0.0269334
 vertex 0.209 0.01555 0.0269334
 endloop
endfacet
facet normal 0 0 0
 outer loop
 vertex -0.133 0.0106368 0.0292244
 vertex 0.209 0.01555 0.0269334
 vertex 0.209 0.0106368 0.0292244
 endloop
endfacet
facet normal 0 0 0
 outer loop
 vertex 0.209 0.0104658 0.0287546
 vertex 0.209 0.0153 0.0265004
 vertex -0.133 0.0153 0.0265004
 endloop
endfacet
facet normal 0 0 0
 outer loop
 vertex 0.209 0.0104658 0.0287546
 vertex -0.133 0.0153 0.0265004
 vertex -0.133 0.0104658 0.0287546
 endloop
endfacet
facet normal 0 0 0
 outer loop
 vertex -0.133 0.01555 0.0269334
 vertex -0.133 0.0199907 0.023824
 vertex 0.209 0.0199907 0.023824
 endloop
endfacet
facet normal 0 0 0
 outer loop
 vertex -0.133 0.01555 0.0269334
 vertex 0.209 0.0199907 0.023824
 vertex 0.209 0.01555 0.0269334
 endloop
endfacet
facet normal 0 0 0
 outer loop
 vertex 0.209 0.0153 0.0265004
 vertex 0.209 0.0196693 0.023441
 vertex -0.133 0.0196693 0.023441
 endloop
endfacet
facet normal 0 0 0
 outer loop
 vertex 0.209 0.0153 0.0265004
 vertex -0.133 0.0196693 0.023441
 vertex -0.133 0.0153 0.0265004
 endloop
endfacet
facet normal 0 0 0
 outer loop
 vertex -0.133 0.0199907 0.023824
 vertex -0.133 0.023824 0.0199907
 vertex 0.209 0.023824 0.0199907
 endloop
endfacet
facet normal 0 0 0
 outer loop
 vertex -0.133 0.0199907 0.023824
 vertex 0.209 0.023824 0.0199907
 vertex 0.209 0.0199907 0.023824
 endloop
endfacet
facet normal 0 0 0
 outer loop
 vertex 0.209 0.0196693 0.023441
 vertex 0.209 0.023441 0.0196693
 vertex -0.133 0.023441 0.0196693
 endloop
endfacet
facet normal 0 0 0
 outer loop
 vertex 0.209 0.0196693 0.023441
 vertex -0.133 0.023441 0.0196693
 vertex -0.133 0.0196693 0.023441
 endloop
endfacet
facet normal 0 0 0
 outer loop
 vertex -0.133 0.023824 0.0199907
 vertex -0.133 0.0269334 0.01555
 vertex 0.209 0.0269334 0.01555
 endloop
endfacet
facet normal 0 0 0
 outer loop
 vertex -0.133 0.023824 0.0199907
 vertex 0.209 0.0269334 0.01555
 vertex 0.209 0.023824 0.0199907
 endloop
endfacet
facet normal 0 0 0
 outer loop
 vertex 0.209 0.023441 0.0196693
 vertex 0.209 0.0265004 0.0153
 vertex -0.133 0.0265004 0.0153
 endloop
endfacet
facet normal 0 0 0
 outer loop
 vertex 0.209 0.023441 0.0196693
 vertex -0.133 0.0265004 0.0153
 vertex -0.133 0.023441 0.0196693
 endloop
endfacet
facet normal 0 0 0
 outer loop
 vertex -0.133 0.0269334 0.01555
 vertex -0.133 0.0292244 0.0106368
 vertex 0.209 0.0292244 0.0106368
 endloop
endfacet
facet normal 0 0 0
 outer loop
 vertex -0.133 0.0269334 0.01555
 vertex 0.209 0.0292244 0.0106368
 vertex 0.209 0.0269334 0.01555
 endloop
endfacet
facet normal 0 0 0
 outer loop
 vertex 0.209 0.0265004 0.0153
 vertex 0.209 0.0287546 0.0104658
 vertex -0.133 0.0287546 0.0104658
 endloop
endfacet
facet normal 0 0 0
 outer loop
 vertex 0.209 0.0265004 0.0153
 vertex -0.133 0.0287546 0.0104658
 vertex -0.133 0.0265004 0.0153
 endloop
endfacet
facet normal 0 0 0
 outer loop
 vertex -0.133 0.0292244 0.0106368
 vertex -0.133 0.0306275 0.00540046
 vertex 0.209 0.0306275 0.00540046
 endloop
endfacet
facet normal 0 0 0
 outer loop
 vertex -0.133 0.0292244 0.0106368
 vertex 0.209 0.0306275 0.00540046
 vertex 0.209 0.0292244 0.0106368
 endloop
endfacet
facet normal 0 0 0
 outer loop
 vertex 0.209 0.0287546 0.0104658
 vertex 0.209 0.0301351 0.00531364
 vertex -0.133 0.0301351 0.00531364
 endloop
endfacet
facet normal 0 0 0
 outer loop
 vertex 0.209 0.0287546 0.0104658
 vertex -0.133 0.0301351 0.00531364
 vertex -0.133 0.0287546 0.0104658
 endloop
endfacet
facet normal 0 0 0
 outer loop
 vertex -0.133 0.0306275 0.00540046
 vertex -0.133 0.0311 -1.35942e-09
 vertex 0.209 0.0311 -1.35942e-09
 endloop
endfacet
facet normal 0 0 0
 outer loop
 vertex -0.133 0.0306275 0.00540046
 vertex 0.209 0.0311 -1.35942e-09
 vertex 0.209 0.0306275 0.00540046
 endloop
endfacet
facet normal 0 0 0
 outer loop
 vertex 0.209 0.0301351 0.00531364
 vertex 0.209 0.0306 -1.33757e-09
 vertex -0.133 0.0306 -1.33757e-09
 endloop
endfacet
facet normal 0 0 0
 outer loop
 vertex 0.209 0.0301351 0.00531364
 vertex -0.133 0.0306 -1.33757e-09
 vertex -0.133 0.0301351 0.00531364
 endloop
endfacet
facet normal 0 0 0
 outer loop
 vertex -0.133 0.0311 -1.35942e-09
 vertex -0.133 0.0306275 -0.00540046
 vertex 0.209 0.0306275 -0.00540046
 endloop
endfacet
facet normal 0 0 0
 outer loop
 vertex -0.133 0.0311 -1.35942e-09
 vertex 0.209 0.0306275 -0.00540046
 vertex 0.209 0.0311 -1.35942e-09
 endloop
endfacet
facet normal 0 0 0
 outer loop
 vertex 0.209 0.0306 -1.33757e-09
 vertex 0.209 0.0301351 -0.00531363
 vertex -0.133 0.0301351 -0.00531363
 endloop
endfacet
facet normal 0 0 0
 outer loop
 vertex 0.209 0.0306 -1.33757e-09
 vertex -0.133 0.0301351 -0.00531363
 vertex -0.133 0.0306 -1.33757e-09
 endloop
endfacet
facet normal 0 0 0
 outer loop
 vertex -0.133 0.0306275 -0.00540046
 vertex -0.133 0.0292244 -0.0106368
 vertex 0.209 0.0292244 -0.0106368
 endloop
endfacet
facet normal 0 0 0
 outer loop
 vertex -0.133 0.0306275 -0.00540046
 vertex 0.209 0.0292244 -0.0106368
 vertex 0.209 0.0306275 -0.00540046
 endloop
endfacet
facet normal 0 0 0
 outer loop
 vertex 0.209 0.0301351 -0.00531363
 vertex 0.209 0.0287546 -0.0104658
 vertex -0.133 0.0287546 -0.0104658
 endloop
endfacet
facet normal 0 0 0
 outer loop
 vertex 0.209 0.0301351 -0.00531363
 vertex -0.133 0.0287546 -0.0104658
 vertex -0.133 0.0301351 -0.00531363
 endloop
endfacet
facet normal 0 0 0
 outer loop
 vertex -0.133 0.0292244 -0.0106368
 vertex -0.133 0.0269334 -0.01555
 vertex 0.209 0.0269334 -0.01555
 endloop
endfacet
facet normal 0 0 0
 outer loop
 vertex -0.133 0.0292244 -0.0106368
 vertex 0.209 0.0269334 -0.01555
 vertex 0.209 0.0292244 -0.0106368
 endloop
endfacet
facet normal 0 0 0
 outer loop
 vertex 0.209 0.0287546 -0.0104658
 vertex 0.209 0.0265004 -0.0153
 vertex -0.133 0.0265004 -0.0153
 endloop
endfacet
facet normal 0 0 0
 outer loop
 vertex 0.209 0.0287546 -0.0104658
 vertex -0.133 0.0265004 -0.0153
 vertex -0.133 0.0287546 -0.0104658
 endloop
endfacet
facet normal 0 0 0
 outer loop
 vertex -0.133 0.0269334 -0.01555
 vertex -0.133 0.023824 -0.0199907
 vertex 0.209 0.023824 -0.0199907
 endloop
endfacet
facet normal 0 0 0
 outer loop
 vertex -0.133 0.0269334 -0.01555
 vertex 0.209 0.023824 -0.0199907
 vertex 0.209 0.0269334 -0.01555
 endloop
endfacet
facet normal 0 0 0
 outer loop
 vertex 0.209 0.0265004 -0.0153
 vertex 0.209 0.023441 -0.0196693
 vertex -0.133 0.023441 -0.0196693
 endloop
endfacet
facet normal 0 0 0
 outer loop
 vertex 0.209 0.0265004 -0.0153
 vertex -0.133 0.023441 -0.0196693
 vertex -0.133 0.0265004 -0.0153
 endloop
endfacet
facet normal 0 0 0
 outer loop
 vertex -0.133 0.023824 -0.0199907
 vertex -0.133 0.0199907 -0.023824
 vertex 0.209 0.0199907 -0.023824
 endloop
endfacet
facet normal 0 0 0
 outer loop
 vertex -0.133 0.023824 -0.0199907
 vertex 0.209 0.0199907 -0.023824
 vertex 0.209 0.023824 -0.0199907
 endloop
endfacet
facet normal 0 0 0
 outer loop
 vertex 0.209 0.023441 -0.0196693
 vertex 0.209 0.0196693 -0.023441
 vertex -0.133 0.0196693 -0.023441
 endloop
endfacet
facet normal 0 0 0
 outer loop
 vertex 0.209 0.023441 -0.0196693
 vertex -0.133 0.0196693 -0.023441
 vertex -0.133 0.023441 -0.0196693
 endloop
endfacet
facet normal 0 0 0
 outer loop
 vertex -0.133 0.0199907 -0.023824
 vertex -0.133 0.01555 -0.0269334
 vertex 0.209 0.01555 -0.0269334
 endloop
endfacet
facet normal 0 0 0
 outer loop
 vertex -0.133 0.0199907 -0.023824
 vertex 0.209 0.01555 -0.0269334
 vertex 0.209 0.0199907 -0.023824
 endloop
endfacet
facet normal 0 0 0
 outer loop
 vertex 0.209 0.0196693 -0.023441
 vertex 0.209 0.0153 -0.0265004
 vertex -0.133 0.0153 -0.0265004
 endloop
endfacet
facet normal 0 0 0
 outer loop
 vertex 0.209 0.0196693 -0.023441
 vertex -0.133 0.0153 -0.0265004
 vertex -0.133 0.0196693 -0.023441
 endloop
endfacet
facet normal 0 0 0
 outer loop
 vertex -0.133 0.01555 -0.0269334
 vertex -0.133 0.0106368 -0.0292244
 vertex 0.209 0.0106368 -0.0292244
 endloop
endfacet
facet normal 0 0 0
 outer loop
 vertex -0.133 0.01555 -0.0269334
 vertex 0.209 0.0106368 -0.0292244
 vertex 0.209 0.01555 -0.0269334
 endloop
endfacet
facet normal 0 0 0
 outer loop
 vertex 0.209 0.0153 -0.0265004
 vertex 0.209 0.0104658 -0.0287546
 vertex -0.133 0.0104658 -0.0287546
 endloop
endfacet
facet normal 0 0 0
 outer loop
 vertex 0.209 0.0153 -0.0265004
 vertex -0.133 0.0104658 -0.0287546
 vertex -0.133 0.0153 -0.0265004
 endloop
endfacet
facet normal 0 0 0
 outer loop
 vertex -0.133 0.0106368 -0.0292244
 vertex -0.133 0.00540046 -0.0306275
 vertex 0.209 0.00540046 -0.0306275
 endloop
endfacet
facet normal 0 0 0
 outer loop
 vertex -0.133 0.0106368 -0.0292244
 vertex 0.209 0.00540046 -0.0306275
 vertex 0.209 0.0106368 -0.0292244
 endloop
endfacet
facet normal 0 0 0
 outer loop
 vertex 0.209 0.0104658 -0.0287546
 vertex 0.209 0.00531364 -0.0301351
 vertex -0.133 0.00531364 -0.0301351
 endloop
endfacet
facet normal 0 0 0
 outer loop
 vertex 0.209 0.0104658 -0.0287546
 vertex -0.133 0.00531364 -0.0301351
 vertex -0.133 0.0104658 -0.0287546
 endloop
endfacet
facet normal 0 0 0
 outer loop
 vertex -0.133 0.00540046 -0.0306275
 vertex -0.133 -2.71885e-09 -0.0311
 vertex 0.209 -2.71885e-09 -0.0311
 endloop
endfacet
facet normal 0 0 0
 outer loop
 vertex -0.133 0.00540046 -0.0306275
 vertex 0.209 -2.71885e-09 -0.0311
 vertex 0.209 0.00540046 -0.0306275
 endloop
endfacet
facet normal 0 0 0
 outer loop
 vertex 0.209 0.00531364 -0.0301351
 vertex 0.209 -2.67514e-09 -0.0306
 vertex -0.133 -2.67514e-09 -0.0306
 endloop
endfacet
facet normal 0 0 0
 outer loop
 vertex 0.209 0.00531364 -0.0301351
 vertex -0.133 -2.67514e-09 -0.0306
 vertex -0.133 0.00531364 -0.0301351
 endloop
endfacet
facet normal 0 0 0
 outer loop
 vertex -0.133 -2.71885e-09 -0.0311
 vertex -0.133 -0.00540046 -0.0306275
 vertex 0.209 -0.00540046 -0.0306275
 endloop
endfacet
facet normal 0 0 0
 outer loop
 vertex -0.133 -2.71885e-09 -0.0311
 vertex 0.209 -0.00540046 -0.0306275
 vertex 0.209 -2.71885e-09 -0.0311
 endloop
endfacet
facet normal 0 0 0
 outer loop
 vertex 0.209 -2.67514e-09 -0.0306
 vertex 0.209 -0.00531364 -0.0301351
 vertex -0.133 -0.00531364 -0.0301351
 endloop
endfacet
facet normal 0 0 0
 outer loop
 vertex 0.209 -2.67514e-09 -0.0306
 vertex -0.133 -0.00531364 -0.0301351
 vertex -0.133 -2.67514e-09 -0.0306
 endloop
endfacet
facet normal 0 0 0
 outer loop
 vertex -0.133 -0.00540046 -0.0306275
 vertex -0.133 -0.0106368 -0.0292244
 vertex 0.209 -0.0106368 -0.0292244
 endloop
endfacet
facet normal 0 0 0
 outer loop
 vertex -0.133 -0.00540046 -0.0306275
 vertex 0.209 -0.0106368 -0.0292244
 vertex 0.209 -0.00540046 -0.0306275
 endloop
endfacet
facet normal 0 0 0
 outer loop
 vertex 0.209 -0.00531364 -0.0301351
 vertex 0.209 -0.0104658 -0.0287546
 vertex -0.133 -0.0104658 -0.0287546
 endloop
endfacet
facet normal 0 0 0
 outer loop
 vertex 0.209 -0.00531364 -0.0301351
 vertex -0.133 -0.0104658 -0.0287546
 vertex -0.133 -0.00531364 -0.0301351
 endloop
endfacet
facet normal 0 0 0
 outer loop
 vertex -0.133 -0.0106368 -0.0292244
 vertex -0.133 -0.01555 -0.0269334
 vertex 0.209 -0.01555 -0.0269334
 endloop
endfacet
facet normal 0 0 0
 outer loop
 vertex -0.133 -0.0106368 -0.0292244
 vertex 0.209 -0.01555 -0.0269334
 vertex 0.209 -0.0106368 -0.0292244
 endloop
endfacet
facet normal 0 0 0
 outer loop
 vertex 0.209 -0.0104658 -0.0287546
 vertex 0.209 -0.0153 -0.0265004
 vertex -0.133 -0.0153 -0.0265004
 endloop
endfacet
facet normal 0 0 0
 outer loop
 vertex 0.209 -0.0104658 -0.0287546
 vertex -0.133 -0.0153 -0.0265004
 vertex -0.133 -0.0104658 -0.0287546
 endloop
endfacet
facet normal 0 0 0
 outer loop
 vertex -0.133 -0.01555 -0.0269334
 vertex -0.133 -0.0199907 -0.023824
 vertex 0.209 -0.0199907 -0.023824
 endloop
endfacet
facet normal 0 0 0
 outer loop
 vertex -0.133 -0.01555 -0.0269334
 vertex 0.209 -0.0199907 -0.023824
 vertex 0.209 -0.01555 -0.0269334
 endloop
endfacet
facet normal 0 0 0
 outer loop
 vertex 0.209 -0.0153 -0.0265004
 vertex 0.209 -0.0196693 -0.023441
 vertex -0.133 -0.0196693 -0.023441
 endloop
endfacet
facet normal 0 0 0
 outer loop
 vertex 0.209 -0.0153 -0.0265004
 vertex -0.133 -0.0196693 -0.023441
 vertex -0.133 -0.0153 -0.0265004
 endloop
endfacet
facet normal 0 0 0
 outer loop
 vertex -0.133 -0.0199907 -0.023824
 vertex -0.133 -0.023824 -0.0199907
 vertex 0.209 -0.023824 -0.0199907
 endloop
endfacet
facet normal 0 0 0
 outer loop
 vertex -0.133 -0.0199907 -0.023824
 vertex 0.209 -0.023824 -0.0199907
 vertex 0.209 -0.0199907 -0.023824
 endloop
endfacet
facet normal 0 0 0
 outer loop
 vertex 0.209 -0.0196693 -0.023441
 vertex 0.209 -0.023441 -0.0196693
 vertex -0.133 -0.023441 -0.0196693
 endloop
endfacet
facet normal 0 0 0
 outer loop
 vertex 0.209 -0.0196693 -0.023441
 vertex -0.133 -0.023441 -0.0196693
 vertex -0.133 -0.0196693 -0.023441
 endloop
endfacet
facet normal 0 0 0
 outer loop
 vertex -0.133 -0.023824 -0.0199907
 vertex -0.133 -0.0269334 -0.01555
 vertex 0.209 -0.0269334 -0.01555
 endloop
endfacet
facet normal 0 0 0
 outer loop
 vertex -0.133 -0.023824 -0.0199907
 vertex 0.209 -0.0269334 -0.01555
 vertex 0.209 -0.023824 -0.0199907
 endloop
endfacet
facet normal 0 0 0
 outer loop
 vertex 0.209 -0.023441 -0.0196693
 vertex 0.209 -0.0265004 -0.0153
 vertex -0.133 -0.0265004 -0.0153
 endloop
endfacet
facet normal 0 0 0
 outer loop
 vertex 0.209 -0.023441 -0.0196693
 vertex -0.133 -0.0265004 -0.0153
 vertex -0.133 -0.023441 -0.0196693
 endloop
endfacet
facet normal 0 0 0
 outer loop
 vertex -0.133 -0.0269334 -0.01555
 vertex -0.133 -0.0292244 -0.0106368
 vertex 0.209 -0.0292244 -0.0106368
 endloop
endfacet
facet normal 0 0 0
 outer loop
 vertex -0.133 -0.0269334 -0.01555
 vertex 0.209 -0.0292244 -0.0106368
 vertex 0.209 -0.0269334 -0.01555
 endloop
endfacet
facet normal 0 0 0
 outer loop
 vertex 0.209 -0.0265004 -0.0153
 vertex 0.209 -0.0287546 -0.0104658
 vertex -0.133 -0.0287546 -0.0104658
 endloop
endfacet
facet normal 0 0 0
 outer loop
 vertex 0.209 -0.0265004 -0.0153
 vertex -0.133 -0.0287546 -0.0104658
 vertex -0.133 -0.0265004 -0.0153
 endloop
endfacet
facet normal 0 0 0
 outer loop
 vertex -0.133 -0.0292244 -0.0106368
 vertex -0.133 -0.0306275 -0.00540046
 vertex 0.209 -0.0306275 -0.00540046
 endloop
endfacet
facet normal 0 0 0
 outer loop
 vertex -0.133 -0.0292244 -0.0106368
 vertex 0.209 -0.0306275 -0.00540046
 vertex 0.209 -0.0292244 -0.0106368
 endloop
endfacet
facet normal 0 0 0
 outer loop
 vertex 0.209 -0.0287546 -0.0104658
 vertex 0.209 -0.0301351 -0.00531363
 vertex -0.133 -0.0301351 -0.00531363
 endloop
endfacet
facet normal 0 0 0
 outer loop
 vertex 0.209 -0.0287546 -0.0104658
 vertex -0.133 -0.0301351 -0.00531363
 vertex -0.133 -0.0287546 -0.0104658
 endloop
endfacet
facet normal 0 0 0
 outer loop
 vertex -0.133 -0.0306275 -0.00540046
 vertex -0.133 -0.0311 3.70864e-10
 vertex 0.209 -0.0311 3.70864e-10
 endloop
endfacet
facet normal 0 0 0
 outer loop
 vertex -0.133 -0.0306275 -0.00540046
 vertex 0.209 -0.0311 3.70864e-10
 vertex 0.209 -0.0306275 -0.00540046
 endloop
endfacet
facet normal 0 0 0
 outer loop
 vertex 0.209 -0.0301351 -0.00531363
 vertex 0.209 -0.0306 3.64901e-10
 vertex -0.133 -0.0306 3.64901e-10
 endloop
endfacet
facet normal 0 0 0
 outer loop
 vertex 0.209 -0.0301351 -0.00531363
 vertex -0.133 -0.0306 3.64901e-10
 vertex -0.133 -0.0301351 -0.00531363
 endloop
endfacet
facet normal 0 0 0
 outer loop
 vertex -0.133 -0.0311 3.70864e-10
 vertex -0.133 -0.0306275 0.00540046
 vertex 0.209 -0.0306275 0.00540046
 endloop
endfacet
facet normal 0 0 0
 outer loop
 vertex -0.133 -0.0311 3.70864e-10
 vertex 0.209 -0.0306275 0.00540046
 vertex 0.209 -0.0311 3.70864e-10
 endloop
endfacet
facet normal 0 0 0
 outer loop
 vertex 0.209 -0.0306 3.64901e-10
 vertex 0.209 -0.0301351 0.00531363
 vertex -0.133 -0.0301351 0.00531363
 endloop
endfacet
facet normal 0 0 0
 outer loop
 vertex 0.209 -0.0306 3.64901e-10
 vertex -0.133 -0.0301351 0.00531363
 vertex -0.133 -0.0306 3.64901e-10
 endloop
endfacet
facet normal 0 0 0
 outer loop
 vertex -0.133 -0.0306275 0.00540046
 vertex -0.133 -0.0292244 0.0106368
 vertex 0.209 -0.0292244 0.0106368
 endloop
endfacet
facet normal 0 0 0
 outer loop
 vertex -0.133 -0.0306275 0.00540046
 vertex 0.209 -0.0292244 0.0106368
 vertex 0.209 -0.0306275 0.00540046
 endloop
endfacet
facet normal 0 0 0
 outer loop
 vertex 0.209 -0.0301351 0.00531363
 vertex 0.209 -0.0287546 0.0104658
 vertex -0.133 -0.0287546 0.0104658
 endloop
endfacet
facet normal 0 0 0
 outer loop
 vertex 0.209 -0.0301351 0.00531363
 vertex -0.133 -0.0287546 0.0104658
 vertex -0.133 -0.0301351 0.00531363
 endloop
endfacet
facet normal 0 0 0
 outer loop
 vertex -0.133 -0.0292244 0.0106368
 vertex -0.133 -0.0269334 0.01555
 vertex 0.209 -0.0269334 0.01555
 endloop
endfacet
facet normal 0 0 0
 outer loop
 vertex -0.133 -0.0292244 0.0106368
 vertex 0.209 -0.0269334 0.01555
 vertex 0.209 -0.0292244 0.0106368
 endloop
endfacet
facet normal 0 0 0
 outer loop
 vertex 0.209 -0.0287546 0.0104658
 vertex 0.209 -0.0265004 0.0153
 vertex -0.133 -0.0265004 0.0153
 endloop
endfacet
facet normal 0 0 0
 outer loop
 vertex 0.209 -0.0287546 0.0104658
 vertex -0.133 -0.0265004 0.0153
 vertex -0.133 -0.0287546 0.0104658
 endloop
endfacet
facet normal 0 0 0
 outer loop
 vertex -0.133 -0.0269334 0.01555
 vertex -0.133 -0.023824 0.0199907
 vertex 0.209 -0.023824 0.0199907
 endloop
endfacet
facet normal 0 0 0
 outer loop
 vertex -0.133 -0.0269334 0.01555
 vertex 0.209 -0.023824 0.0199907
 vertex 0.209 -0.0269334 0.01555
 endloop
endfacet
facet normal 0 0 0
 outer loop
 vertex 0.209 -0.0265004 0.0153
 vertex 0.209 -0.023441 0.0196693
 vertex -0.133 -0.023441 0.0196693
 endloop
endfacet
facet normal 0 0 0
 outer loop
 vertex 0.209 -0.0265004 0.0153
 vertex -0.133 -0.023441 0.0196693
 vertex -0.133 -0.0265004 0.0153
 endloop
endfacet
facet normal 0 0 0
 outer loop
 vertex -0.133 -0.023824 0.0199907
 vertex -0.133 -0.0199907 0.023824
 vertex 0.209 -0.0199907 0.023824
 endloop
endfacet
facet normal 0 0 0
 outer loop
 vertex -0.133 -0.023824 0.0199907
 vertex 0.209 -0.0199907 0.023824
 vertex 0.209 -0.023824 0.0199907
 endloop
endfacet
facet normal 0 0 0
 outer loop
 vertex 0.209 -0.023441 0.0196693
 vertex 0.209 -0.0196693 0.023441
 vertex -0.133 -0.0196693 0.023441
 endloop
endfacet
facet normal 0 0 0
 outer loop
 vertex 0.209 -0.023441 0.0196693
 vertex -0.133 -0.0196693 0.023441
 vertex -0.133 -0.023441 0.0196693
 endloop
endfacet
facet normal 0 0 0
 outer loop
 vertex -0.133 -0.0199907 0.023824
 vertex -0.133 -0.01555 0.0269334
 vertex 0.209 -0.01555 0.0269334
 endloop
endfacet
facet normal 0 0 0
 outer loop
 vertex -0.133 -0.0199907 0.023824
 vertex 0.209 -0.01555 0.0269334
 vertex 0.209 -0.0199907 0.023824
 endloop
endfacet
facet normal 0 0 0
 outer loop
 vertex 0.209 -0.0196693 0.023441
 vertex 0.209 -0.0153 0.0265004
 vertex -0.133 -0.0153 0.0265004
 endloop
endfacet
facet normal 0 0 0
 outer loop
 vertex 0.209 -0.0196693 0.023441
 vertex -0.133 -0.0153 0.0265004
 vertex -0.133 -0.0196693 0.023441
 endloop
endfacet
facet normal 0 0 0
 outer loop
 vertex -0.133 -0.01555 0.0269334
 vertex -0.133 -0.0106368 0.0292244
 vertex 0.209 -0.0106368 0.0292244
 endloop
endfacet
facet normal 0 0 0
 outer loop
 vertex -0.133 -0.01555 0.0269334
 vertex 0.209 -0.0106368 0.0292244
 vertex 0.209 -0.01555 0.0269334
 endloop
endfacet
facet normal 0 0 0
 outer loop
 vertex 0.209 -0.0153 0.0265004
 vertex 0.209 -0.0104658 0.0287546
 vertex -0.133 -0.0104658 0.0287546
 endloop
endfacet
facet normal 0 0 0
 outer loop
 vertex 0.209 -0.0153 0.0265004
 vertex -0.133 -0.0104658 0.0287546
 vertex -0.133 -0.0153 0.0265004
 endloop
endfacet
facet normal 0 0 0
 outer loop
 vertex -0.133 -0.0106368 0.0292244
 vertex -0.133 -0.00540045 0.0306275
 vertex 0.209 -0.00540045 0.0306275
 endloop
endfacet
facet normal 0 0 0
 outer loop
 vertex -0.133 -0.0106368 0.0292244
 vertex 0.209 -0.00540045 0.0306275
 vertex 0.209 -0.0106368 0.0292244
 endloop
endfacet
facet normal 0 0 0
 outer loop
 vertex 0.209 -0.0104658 0.0287546
 vertex 0.209 -0.00531363 0.0301351
 vertex -0.133 -0.00531363 0.0301351
 endloop
endfacet
facet normal 0 0 0
 outer loop
 vertex 0.209 -0.0104658 0.0287546
 vertex -0.133 -0.00531363 0.0301351
 vertex -0.133 -0.0104658 0.0287546
 endloop
endfacet
facet normal 0 0 0
 outer loop
 vertex -0.133 -0.00540045 0.0306275
 vertex -0.133 5.4377e-09 0.0311
 vertex 0.209 5.4377e-09 0.0311
 endloop
endfacet
facet normal 0 0 0
 outer loop
 vertex -0.133 -0.00540045 0.0306275
 vertex 0.209 5.4377e-09 0.0311
 vertex 0.209 -0.00540045 0.0306275
 endloop
endfacet
facet normal 0 0 0
 outer loop
 vertex 0.209 -0.00531363 0.0301351
 vertex 0.209 5.35027e-09 0.0306
 vertex -0.133 5.35027e-09 0.0306
 endloop
endfacet
facet normal 0 0 0
 outer loop
 vertex 0.209 -0.00531363 0.0301351
 vertex -0.133 5.35027e-09 0.0306
 vertex -0.133 -0.00531363 0.0301351
 endloop
endfacet
facet normal 0 0 0
 outer loop
 vertex -0.133 0 0.0306
 vertex -0.133 0.00531363 0.0301351
 vertex -0.133 0.00540046 0.0306275
 endloop
endfacet
facet normal 0 0 0
 outer loop
 vertex -0.133 0 0.0306
 vertex -0.133 0.00540046 0.0306275
 vertex -0.133 0 0.0311
 endloop
endfacet
facet normal 0 0 0
 outer loop
 vertex 0.209 0 0.0306
 vertex 0.209 0 0.0311
 vertex 0.209 0.00540046 0.0306275
 endloop
endfacet
facet normal 0 0 0
 outer loop
 vertex 0.209 0 0.0306
 vertex 0.209 0.00540046 0.0306275
 vertex 0.209 0.00531363 0.0301351
 endloop
endfacet
facet normal 0 0 0
 outer loop
 vertex -0.133 0.00531363 0.0301351
 vertex -0.133 0.0104658 0.0287546
 vertex -0.133 0.0106368 0.0292244
 endloop
endfacet
facet normal 0 0 0
 outer loop
 vertex -0.133 0.00531363 0.0301351
 vertex -0.133 0.0106368 0.0292244
 vertex -0.133 0.00540046 0.0306275
 endloop
endfacet
facet normal 0 0 0
 outer loop
 vertex 0.209 0.00531363 0.0301351
 vertex 0.209 0.00540046 0.0306275
 vertex 0.209 0.0106368 0.0292244
 endloop
endfacet
facet normal 0 0 0
 outer loop
 vertex 0.209 0.00531363 0.0301351
 vertex 0.209 0.0106368 0.0292244
 vertex 0.209 0.0104658 0.0287546
 endloop
endfacet
facet normal 0 0 0
 outer loop
 vertex -0.133 0.0104658 0.0287546
 vertex -0.133 0.0153 0.0265004
 vertex -0.133 0.01555 0.0269334
 endloop
endfacet
facet normal 0 0 0
 outer loop
 vertex -0.133 0.0104658 0.0287546
 vertex -0.133 0.01555 0.0269334
 vertex -0.133 0.0106368 0.0292244
 endloop
endfacet
facet normal 0 0 0
 outer loop
 vertex 0.209 0.0104658 0.0287546
 vertex 0.209 0.0106368 0.0292244
 vertex 0.209 0.01555 0.0269334
 endloop
endfacet
facet normal 0 0 0
 outer loop
 vertex 0.209 0.0104658 0.0287546
 vertex 0.209 0.01555 0.0269334
 vertex 0.209 0.0153 0.0265004
 endloop
endfacet
facet normal 0 0 0
 outer loop
 vertex -0.133 0.0153 0.0265004
 vertex -0.133 0.0196693 0.023441
 vertex -0.133 0.0199907 0.023824
 endloop
endfacet
facet normal 0 0 0
 outer loop
 vertex -0.133 0.0153 0.0265004
 vertex -0.133 0.0199907 0.023824
 vertex -0.133 0.01555 0.0269334
 endloop
endfacet
facet normal 0 0 0
 outer loop
 vertex 0.209 0.0153 0.0265004
 vertex 0.209 0.01555 0.0269334
 vertex 0.209 0.0199907 0.023824
 endloop
endfacet
facet normal 0 0 0
 outer loop
 vertex 0.209 0.0153 0.0265004
 vertex 0.209 0.0199907 0.023824
 vertex 0.209 0.0196693 0.023441
 endloop
endfacet
facet normal 0 0 0
 outer loop
 vertex -0.133 0.0196693 0.023441
 vertex -0.133 0.023441 0.0196693
 vertex -0.133 0.023824 0.0199907
 endloop
endfacet
facet normal 0 0 0
 outer loop
 vertex -0.133 0.0196693 0.023441
 vertex -0.133 0.023824 0.0199907
 vertex -0.133 0.0199907 0.023824
 endloop
endfacet
facet normal 0 0 0
 outer loop
 vertex 0.209 0.0196693 0.023441
 vertex 0.209 0.0199907 0.023824
 vertex 0.209 0.023824 0.0199907
 endloop
endfacet
facet normal 0 0 0
 outer loop
 vertex 0.209 0.0196693 0.023441
 vertex 0.209 0.023824 0.0199907
 vertex 0.209 0.023441 0.0196693
 endloop
endfacet
facet normal 0 0 0
 outer loop
 vertex -0.133 0.023441 0.0196693
 vertex -0.133 0.0265004 0.0153
 vertex -0.133 0.0269334 0.01555
 endloop
endfacet
facet normal 0 0 0
 outer loop
 vertex -0.133 0.023441 0.0196693
 vertex -0.133 0.0269334 0.01555
 vertex -0.133 0.023824 0.0199907
 endloop
endfacet
facet normal 0 0 0
 outer loop
 vertex 0.209 0.023441 0.0196693
 vertex 0.209 0.023824 0.0199907
 vertex 0.209 0.0269334 0.01555
 endloop
endfacet
facet normal 0 0 0
 outer loop
 vertex 0.209 0.023441 0.0196693
 vertex 0.209 0.0269334 0.01555
 vertex 0.209 0.0265004 0.0153
 endloop
endfacet
facet normal 0 0 0
 outer loop
 vertex -0.133 0.0265004 0.0153
 vertex -0.133 0.0287546 0.0104658
 vertex -0.133 0.0292244 0.0106368
 endloop
endfacet
facet normal 0 0 0
 outer loop
 vertex -0.133 0.0265004 0.0153
 vertex -0.133 0.0292244 0.0106368
 vertex -0.133 0.0269334 0.01555
 endloop
endfacet
facet normal 0 0 0
 outer loop
 vertex 0.209 0.0265004 0.0153
 vertex 0.209 0.0269334 0.01555
 vertex 0.209 0.0292244 0.0106368
 endloop
endfacet
facet normal 0 0 0
 outer loop
 vertex 0.209 0.0265004 0.0153
 vertex 0.209 0.0292244 0.0106368
 vertex 0.209 0.0287546 0.0104658
 endloop
endfacet
facet normal 0 0 0
 outer loop
 vertex -0.133 0.0287546 0.0104658
 vertex -0.133 0.0301351 0.00531364
 vertex -0.133 0.0306275 0.00540046
 endloop
endfacet
facet normal 0 0 0
 outer loop
 vertex -0.133 0.0287546 0.0104658
 vertex -0.133 0.0306275 0.00540046
 vertex -0.133 0.0292244 0.0106368
 endloop
endfacet
facet normal 0 0 0
 outer loop
 vertex 0.209 0.0287546 0.0104658
 vertex 0.209 0.0292244 0.0106368
 vertex 0.209 0.0306275 0.00540046
 endloop
endfacet
facet normal 0 0 0
 outer loop
 vertex 0.209 0.0287546 0.0104658
 vertex 0.209 0.0306275 0.00540046
 vertex 0.209 0.0301351 0.00531364
 endloop
endfacet
facet normal 0 0 0
 outer loop
 vertex -0.133 0.0301351 0.00531364
 vertex -0.133 0.0306 -1.33757e-09
 vertex -0.133 0.0311 -1.35942e-09
 endloop
endfacet
facet normal 0 0 0
 outer loop
 vertex -0.133 0.0301351 0.00531364
 vertex -0.133 0.0311 -1.35942e-09
 vertex -0.133 0.0306275 0.00540046
 endloop
endfacet
facet normal 0 0 0
 outer loop
 vertex 0.209 0.0301351 0.00531364
 vertex 0.209 0.0306275 0.00540046
 vertex 0.209 0.0311 -1.35942e-09
 endloop
endfacet
facet normal 0 0 0
 outer loop
 vertex 0.209 0.0301351 0.00531364
 vertex 0.209 0.0311 -1.35942e-09
 vertex 0.209 0.0306 -1.33757e-09
 endloop
endfacet
facet normal 0 0 0
 outer loop
 vertex -0.133 0.0306 -1.33757e-09
 vertex -0.133 0.0301351 -0.00531363
 vertex -0.133 0.0306275 -0.00540046
 endloop
endfacet
facet normal 0 0 0
 outer loop
 vertex -0.133 0.0306 -1.33757e-09
 vertex -0.133 0.0306275 -0.00540046
 vertex -0.133 0.0311 -1.35942e-09
 endloop
endfacet
facet normal 0 0 0
 outer loop
 vertex 0.209 0.0306 -1.33757e-09
 vertex 0.209 0.0311 -1.35942e-09
 vertex 0.209 0.0306275 -0.00540046
 endloop
endfacet
facet normal 0 0 0
 outer loop
 vertex 0.209 0.0306 -1.33757e-09
 vertex 0.209 0.0306275 -0.00540046
 vertex 0.209 0.0301351 -0.00531363
 endloop
endfacet
facet normal 0 0 0
 outer loop
 vertex -0.133 0.0301351 -0.00531363
 vertex -0.133 0.0287546 -0.0104658
 vertex -0.133 0.0292244 -0.0106368
 endloop
endfacet
facet normal 0 0 0
 outer loop
 vertex -0.133 0.0301351 -0.00531363
 vertex -0.133 0.0292244 -0.0106368
 vertex -0.133 0.0306275 -0.00540046
 endloop
endfacet
facet normal 0 0 0
 outer loop
 vertex 0.209 0.0301351 -0.00531363
 vertex 0.209 0.0306275 -0.00540046
 vertex 0.209 0.0292244 -0.0106368
 endloop
endfacet
facet normal 0 0 0
 outer loop
 vertex 0.209 0.0301351 -0.00531363
 vertex 0.209 0.0292244 -0.0106368
 vertex 0.209 0.0287546 -0.0104658
 endloop
endfacet
facet normal 0 0 0
 outer loop
 vertex -0.133 0.0287546 -0.0104658
 vertex -0.133 0.0265004 -0.0153
 vertex -0.133 0.0269334 -0.01555
 endloop
endfacet
facet normal 0 0 0
 outer loop
 vertex -0.133 0.0287546 -0.0104658
 vertex -0.133 0.0269334 -0.01555
 vertex -0.133 0.0292244 -0.0106368
 endloop
endfacet
facet normal 0 0 0
 outer loop
 vertex 0.209 0.0287546 -0.0104658
 vertex 0.209 0.0292244 -0.0106368
 vertex 0.209 0.0269334 -0.01555
 endloop
endfacet
facet normal 0 0 0
 outer loop
 vertex 0.209 0.0287546 -0.0104658
 vertex 0.209 0.0269334 -0.01555
 vertex 0.209 0.0265004 -0.0153
 endloop
endfacet
facet normal 0 0 0
 outer loop
 vertex -0.133 0.0265004 -0.0153
 vertex -0.133 0.023441 -0.0196693
 vertex -0.133 0.023824 -0.0199907
 endloop
endfacet
facet normal 0 0 0
 outer loop
 vertex -0.133 0.0265004 -0.0153
 vertex -0.133 0.023824 -0.0199907
 vertex -0.133 0.0269334 -0.01555
 endloop
endfacet
facet normal 0 0 0
 outer loop
 vertex 0.209 0.0265004 -0.0153
 vertex 0.209 0.0269334 -0.01555
 vertex 0.209 0.023824 -0.0199907
 endloop
endfacet
facet normal 0 0 0
 outer loop
 vertex 0.209 0.0265004 -0.0153
 vertex 0.209 0.023824 -0.0199907
 vertex 0.209 0.023441 -0.0196693
 endloop
endfacet
facet normal 0 0 0
 outer loop
 vertex -0.133 0.023441 -0.0196693
 vertex -0.133 0.0196693 -0.023441
 vertex -0.133 0.0199907 -0.023824
 endloop
endfacet
facet normal 0 0 0
 outer loop
 vertex -0.133 0.023441 -0.0196693
 vertex -0.133 0.0199907 -0.023824
 vertex -0.133 0.023824 -0.0199907
 endloop
endfacet
facet normal 0 0 0
 outer loop
 vertex 0.209 0.023441 -0.0196693
 vertex 0.209 0.023824 -0.0199907
 vertex 0.209 0.0199907 -0.023824
 endloop
endfacet
facet normal 0 0 0
 outer loop
 vertex 0.209 0.023441 -0.0196693
 vertex 0.209 0.0199907 -0.023824
 vertex 0.209 0.0196693 -0.023441
 endloop
endfacet
facet normal 0 0 0
 outer loop
 vertex -0.133 0.0196693 -0.023441
 vertex -0.133 0.0153 -0.0265004
 vertex -0.133 0.01555 -0.0269334
 endloop
endfacet
facet normal 0 0 0
 outer loop
 vertex -0.133 0.0196693 -0.023441
 vertex -0.133 0.01555 -0.0269334
 vertex -0.133 0.0199907 -0.023824
 endloop
endfacet
facet normal 0 0 0
 outer loop
 vertex 0.209 0.0196693 -0.023441
 vertex 0.209 0.0199907 -0.023824
 vertex 0.209 0.01555 -0.0269334
 endloop
endfacet
facet normal 0 0 0
 outer loop
 vertex 0.209 0.0196693 -0.023441
 vertex 0.209 0.01555 -0.0269334
 vertex 0.209 0.0153 -0.0265004
 endloop
endfacet
facet normal 0 0 0
 outer loop
 vertex -0.133 0.0153 -0.0265004
 vertex -0.133 0.0104658 -0.0287546
 vertex -0.133 0.0106368 -0.0292244
 endloop
endfacet
facet normal 0 0 0
 outer loop
 vertex -0.133 0.0153 -0.0265004
 vertex -0.133 0.0106368 -0.0292244
 vertex -0.133 0.01555 -0.0269334
 endloop
endfacet
facet normal 0 0 0
 outer loop
 vertex 0.209 0.0153 -0.0265004
 vertex 0.209 0.01555 -0.0269334
 vertex 0.209 0.0106368 -0.0292244
 endloop
endfacet
facet normal 0 0 0
 outer loop
 vertex 0.209 0.0153 -0.0265004
 vertex 0.209 0.0106368 -0.0292244
 vertex 0.209 0.0104658 -0.0287546
 endloop
endfacet
facet normal 0 0 0
 outer loop
 vertex -0.133 0.0104658 -0.0287546
 vertex -0.133 0.00531364 -0.0301351
 vertex -0.133 0.00540046 -0.0306275
 endloop
endfacet
facet normal 0 0 0
 outer loop
 vertex -0.133 0.0104658 -0.0287546
 vertex -0.133 0.00540046 -0.0306275
 vertex -0.133 0.0106368 -0.0292244
 endloop
endfacet
facet normal 0 0 0
 outer loop
 vertex 0.209 0.0104658 -0.0287546
 vertex 0.209 0.0106368 -0.0292244
 vertex 0.209 0.00540046 -0.0306275
 endloop
endfacet
facet normal 0 0 0
 outer loop
 vertex 0.209 0.0104658 -0.0287546
 vertex 0.209 0.00540046 -0.0306275
 vertex 0.209 0.00531364 -0.0301351
 endloop
endfacet
facet normal 0 0 0
 outer loop
 vertex -0.133 0.00531364 -0.0301351
 vertex -0.133 -2.67514e-09 -0.0306
 vertex -0.133 -2.71885e-09 -0.0311
 endloop
endfacet
facet normal 0 0 0
 outer loop
 vertex -0.133 0.00531364 -0.0301351
 vertex -0.133 -2.71885e-09 -0.0311
 vertex -0.133 0.00540046 -0.0306275
 endloop
endfacet
facet normal 0 0 0
 outer loop
 vertex 0.209 0.00531364 -0.0301351
 vertex 0.209 0.00540046 -0.0306275
 vertex 0.209 -2.71885e-09 -0.0311
 endloop
endfacet
facet normal 0 0 0
 outer loop
 vertex 0.209 0.00531364 -0.0301351
 vertex 0.209 -2.71885e-09 -0.0311
 vertex 0.209 -2.67514e-09 -0.0306
 endloop
endfacet
facet normal 0 0 0
 outer loop
 vertex -0.133 -2.67514e-09 -0.0306
 vertex -0.133 -0.00531364 -0.0301351
 vertex -0.133 -0.00540046 -0.0306275
 endloop
endfacet
facet normal 0 0 0
 outer loop
 vertex -0.133 -2.67514e-09 -0.0306
 vertex -0.133 -0.00540046 -0.0306275
 vertex -0.133 -2.71885e-09 -0.0311
 endloop
endfacet
facet normal 0 0 0
 outer loop
 vertex 0.209 -2.67514e-09 -0.0306
 vertex 0.209 -2.71885e-09 -0.0311
 vertex 0.209 -0.00540046 -0.0306275
 endloop
endfacet
facet normal 0 0 0
 outer loop
 vertex 0.209 -2.67514e-09 -0.0306
 vertex 0.209 -0.00540046 -0.0306275
 vertex 0.209 -0.00531364 -0.0301351
 endloop
endfacet
facet normal 0 0 0
 outer loop
 vertex -0.133 -0.00531364 -0.0301351
 vertex -0.133 -0.0104658 -0.0287546
 vertex -0.133 -0.0106368 -0.0292244
 endloop
endfacet
facet normal 0 0 0
 outer loop
 vertex -0.133 -0.00531364 -0.0301351
 vertex -0.133 -0.0106368 -0.0292244
 vertex -0.133 -0.00540046 -0.0306275
 endloop
endfacet
facet normal 0 0 0
 outer loop
 vertex 0.209 -0.00531364 -0.0301351
 vertex 0.209 -0.00540046 -0.0306275
 vertex 0.209 -0.0106368 -0.0292244
 endloop
endfacet
facet normal 0 0 0
 outer loop
 vertex 0.209 -0.00531364 -0.0301351
 vertex 0.209 -0.0106368 -0.0292244
 vertex 0.209 -0.0104658 -0.0287546
 endloop
endfacet
facet normal 0 0 0
 outer loop
 vertex -0.133 -0.0104658 -0.0287546
 vertex -0.133 -0.0153 -0.0265004
 vertex -0.133 -0.01555 -0.0269334
 endloop
endfacet
facet normal 0 0 0
 outer loop
 vertex -0.133 -0.0104658 -0.0287546
 vertex -0.133 -0.01555 -0.0269334
 vertex -0.133 -0.0106368 -0.0292244
 endloop
endfacet
facet normal 0 0 0
 outer loop
 vertex 0.209 -0.0104658 -0.0287546
 vertex 0.209 -0.0106368 -0.0292244
 vertex 0.209 -0.01555 -0.0269334
 endloop
endfacet
facet normal 0 0 0
 outer loop
 vertex 0.209 -0.0104658 -0.0287546
 vertex 0.209 -0.01555 -0.0269334
 vertex 0.209 -0.0153 -0.0265004
 endloop
endfacet
facet normal 0 0 0
 outer loop
 vertex -0.133 -0.0153 -0.0265004
 vertex -0.133 -0.0196693 -0.023441
 vertex -0.133 -0.0199907 -0.023824
 endloop
endfacet
facet normal 0 0 0
 outer loop
 vertex -0.133 -0.0153 -0.0265004
 vertex -0.133 -0.0199907 -0.023824
 vertex -0.133 -0.01555 -0.0269334
 endloop
endfacet
facet normal 0 0 0
 outer loop
 vertex 0.209 -0.0153 -0.0265004
 vertex 0.209 -0.01555 -0.0269334
 vertex 0.209 -0.0199907 -0.023824
 endloop
endfacet
facet normal 0 0 0
 outer loop
 vertex 0.209 -0.0153 -0.0265004
 vertex 0.209 -0.0199907 -0.023824
 vertex 0.209 -0.0196693 -0.023441
 endloop
endfacet
facet normal 0 0 0
 outer loop
 vertex -0.133 -0.0196693 -0.023441
 vertex -0.133 -0.023441 -0.0196693
 vertex -0.133 -0.023824 -0.0199907
 endloop
endfacet
facet normal 0 0 0
 outer loop
 vertex -0.133 -0.0196693 -0.023441
 vertex -0.133 -0.023824 -0.0199907
 vertex -0.133 -0.0199907 -0.023824
 endloop
endfacet
facet normal 0 0 0
 outer loop
 vertex 0.209 -0.0196693 -0.023441
 vertex 0.209 -0.0199907 -0.023824
 vertex 0.209 -0.023824 -0.0199907
 endloop
endfacet
facet normal 0 0 0
 outer loop
 vertex 0.209 -0.0196693 -0.023441
 vertex 0.209 -0.023824 -0.0199907
 vertex 0.209 -0.023441 -0.0196693
 endloop
endfacet
facet normal 0 0 0
 outer loop
 vertex -0.133 -0.023441 -0.0196693
 vertex -0.133 -0.0265004 -0.0153
 vertex -0.133 -0.0269334 -0.01555
 endloop
endfacet
facet normal 0 0 0
 outer loop
 vertex -0.133 -0.023441 -0.0196693
 vertex -0.133 -0.0269334 -0.01555
 vertex -0.133 -0.023824 -0.0199907
 endloop
endfacet
facet normal 0 0 0
 outer loop
 vertex 0.209 -0.023441 -0.0196693
 vertex 0.209 -0.023824 -0.0199907
 vertex 0.209 -0.0269334 -0.01555
 endloop
endfacet
facet normal 0 0 0
 outer loop
 vertex 0.209 -0.023441 -0.0196693
 vertex 0.209 -0.0269334 -0.01555
 vertex 0.209 -0.0265004 -0.0153
 endloop
endfacet
facet normal 0 0 0
 outer loop
 vertex -0.133 -0.0265004 -0.0153
 vertex -0.133 -0.0287546 -0.0104658
 vertex -0.133 -0.0292244 -0.0106368
 endloop
endfacet
facet normal 0 0 0
 outer loop
 vertex -0.133 -0.0265004 -0.0153
 vertex -0.133 -0.0292244 -0.0106368
 vertex -0.133 -0.0269334 -0.01555
 endloop
endfacet
facet normal 0 0 0
 outer loop
 vertex 0.209 -0.0265004 -0.0153
 vertex 0.209 -0.0269334 -0.01555
 vertex 0.209 -0.0292244 -0.0106368
 endloop
endfacet
facet normal 0 0 0
 outer loop
 vertex 0.209 -0.0265004 -0.0153
 vertex 0.209 -0.0292244 -0.0106368
 vertex 0.209 -0.0287546 -0.0104658
 endloop
endfacet
facet normal 0 0 0
 outer loop
 vertex -0.133 -0.0287546 -0.0104658
 vertex -0.133 -0.0301351 -0.00531363
 vertex -0.133 -0.0306275 -0.00540046
 endloop
endfacet
facet normal 0 0 0
 outer loop
 vertex -0.133 -0.0287546 -0.0104658
 vertex -0.133 -0.0306275 -0.00540046
 vertex -0.133 -0.0292244 -0.0106368
 endloop
endfacet
facet normal 0 0 0
 outer loop
 vertex 0.209 -0.0287546 -0.0104658
 vertex 0.209 -0.0292244 -0.0106368
 vertex 0.209 -0.0306275 -0.00540046
 endloop
endfacet
facet normal 0 0 0
 outer loop
 vertex 0.209 -0.0287546 -0.0104658
 vertex 0.209 -0.0306275 -0.00540046
 vertex 0.209 -0.0301351 -0.00531363
 endloop
endfacet
facet normal 0 0 0
 outer loop
 vertex -0.133 -0.0301351 -0.00531363
 vertex -0.133 -0.0306 3.64901e-10
 vertex -0.133 -0.0311 3.70864e-10
 endloop
endfacet
facet normal 0 0 0
 outer loop
 vertex -0.133 -0.0301351 -0.00531363
 vertex -0.133 -0.0311 3.70864e-10
 vertex -0.133 -0.0306275 -0.00540046
 endloop
endfacet
facet normal 0 0 0
 outer loop
 vertex 0.209 -0.0301351 -0.00531363
 vertex 0.209 -0.0306275 -0.00540046
 vertex 0.209 -0.0311 3.70864e-10
 endloop
endfacet
facet normal 0 0 0
 outer loop
 vertex 0.209 -0.0301351 -0.00531363
 vertex 0.209 -0.0311 3.70864e-10
 vertex 0.209 -0.0306 3.64901e-10
 endloop
endfacet
facet normal 0 0 0
 outer loop
 vertex -0.133 -0.0306 3.64901e-10
 vertex -0.133 -0.0301351 0.00531363
 vertex -0.133 -0.0306275 0.00540046
 endloop
endfacet
facet normal 0 0 0
 outer loop
 vertex -0.133 -0.0306 3.64901e-10
 vertex -0.133 -0.0306275 0.00540046
 vertex -0.133 -0.0311 3.70864e-10
 endloop
endfacet
facet normal 0 0 0
 outer loop
 vertex 0.209 -0.0306 3.64901e-10
 vertex 0.209 -0.0311 3.70864e-10
 vertex 0.209 -0.0306275 0.00540046
 endloop
endfacet
facet normal 0 0 0
 outer loop
 vertex 0.209 -0.0306 3.64901e-10
 vertex 0.209 -0.0306275 0.00540046
 vertex 0.209 -0.0301351 0.00531363
 endloop
endfacet
facet normal 0 0 0
 outer loop
 vertex -0.133 -0.0301351 0.00531363
 vertex -0.133 -0.0287546 0.0104658
 vertex -0.133 -0.0292244 0.0106368
 endloop
endfacet
facet normal 0 0 0
 outer loop
 vertex -0.133 -0.0301351 0.00531363
 vertex -0.133 -0.0292244 0.0106368
 vertex -0.133 -0.0306275 0.00540046
 endloop
endfacet
facet normal 0 0 0
 outer loop
 vertex 0.209 -0.0301351 0.00531363
 vertex 0.209 -0.0306275 0.00540046
 vertex 0.209 -0.0292244 0.0106368
 endloop
endfacet
facet normal 0 0 0
 outer loop
 vertex 0.209 -0.0301351 0.00531363
 vertex 0.209 -0.0292244 0.0106368
 vertex 0.209 -0.0287546 0.0104658
 endloop
endfacet
facet normal 0 0 0
 outer loop
 vertex -0.133 -0.0287546 0.0104658
 vertex -0.133 -0.0265004 0.0153
 vertex -0.133 -0.0269334 0.01555
 endloop
endfacet
facet normal 0 0 0
 outer loop
 vertex -0.133 -0.0287546 0.0104658
 vertex -0.133 -0.0269334 0.01555
 vertex -0.133 -0.0292244 0.0106368
 endloop
endfacet
facet normal 0 0 0
 outer loop
 vertex 0.209 -0.0287546 0.0104658
 vertex 0.209 -0.0292244 0.0106368
 vertex 0.209 -0.0269334 0.01555
 endloop
endfacet
facet normal 0 0 0
 outer loop
 vertex 0.209 -0.0287546 0.0104658
 vertex 0.209 -0.0269334 0.01555
 vertex 0.209 -0.0265004 0.0153
 endloop
endfacet
facet normal 0 0 0
 outer loop
 vertex -0.133 -0.0265004 0.0153
 vertex -0.133 -0.023441 0.0196693
 vertex -0.133 -0.023824 0.0199907
 endloop
endfacet
facet normal 0 0 0
 outer loop
 vertex -0.133 -0.0265004 0.0153
 vertex -0.133 -0.023824 0.0199907
 vertex -0.133 -0.0269334 0.01555
 endloop
endfacet
facet normal 0 0 0
 outer loop
 vertex 0.209 -0.0265004 0.0153
 vertex 0.209 -0.0269334 0.01555
 vertex 0.209 -0.023824 0.0199907
 endloop
endfacet
facet normal 0 0 0
 outer loop
 vertex 0.209 -0.0265004 0.0153
 vertex 0.209 -0.023824 0.0199907
 vertex 0.209 -0.023441 0.0196693
 endloop
endfacet
facet normal 0 0 0
 outer loop
 vertex -0.133 -0.023441 0.0196693
 vertex -0.133 -0.0196693 0.023441
 vertex -0.133 -0.0199907 0.023824
 endloop
endfacet
facet normal 0 0 0
 outer loop
 vertex -0.133 -0.023441 0.0196693
 vertex -0.133 -0.0199907 0.023824
 vertex -0.133 -0.023824 0.0199907
 endloop
endfacet
facet normal 0 0 0
 outer loop
 vertex 0.209 -0.023441 0.0196693
 vertex 0.209 -0.023824 0.0199907
 vertex 0.209 -0.0199907 0.023824
 endloop
endfacet
facet normal 0 0 0
 outer loop
 vertex 0.209 -0.023441 0.0196693
 vertex 0.209 -0.0199907 0.023824
 vertex 0.209 -0.0196693 0.023441
 endloop
endfacet
facet normal 0 0 0
 outer loop
 vertex -0.133 -0.0196693 0.023441
 vertex -0.133 -0.0153 0.0265004
 vertex -0.133 -0.01555 0.0269334
 endloop
endfacet
facet normal 0 0 0
 outer loop
 vertex -0.133 -0.0196693 0.023441
 vertex -0.133 -0.01555 0.0269334
 vertex -0.133 -0.0199907 0.023824
 endloop
endfacet
facet normal 0 0 0
 outer loop
 vertex 0.209 -0.0196693 0.023441
 vertex 0.209 -0.0199907 0.023824
 vertex 0.209 -0.01555 0.0269334
 endloop
endfacet
facet normal 0 0 0
 outer loop
 vertex 0.209 -0.0196693 0.023441
 vertex 0.209 -0.01555 0.0269334
 vertex 0.209 -0.0153 0.0265004
 endloop
endfacet
facet normal 0 0 0
 outer loop
 vertex -0.133 -0.0153 0.0265004
 vertex -0.133 -0.0104658 0.0287546
 vertex -0.133 -0.0106368 0.0292244
 endloop
endfacet
facet normal 0 0 0
 outer loop
 vertex -0.133 -0.0153 0.0265004
 vertex -0.133 -0.0106368 0.0292244
 vertex -0.133 -0.01555 0.0269334
 endloop
endfacet
facet normal 0 0 0
 outer loop
 vertex 0.209 -0.0153 0.0265004
 vertex 0.209 -0.01555 0.0269334
 vertex 0.209 -0.0106368 0.0292244
 endloop
endfacet
facet normal 0 0 0
 outer loop
 vertex 0.209 -0.0153 0.0265004
 vertex 0.209 -0.0106368 0.0292244
 vertex 0.209 -0.0104658 0.0287546
 endloop
endfacet
facet normal 0 0 0
 outer loop
 vertex -0.133 -0.0104658 0.0287546
 vertex -0.133 -0.00531363 0.0301351
 vertex -0.133 -0.00540045 0.0306275
 endloop
endfacet
facet normal 0 0 0
 outer loop
 vertex -0.133 -0.0104658 0.0287546
 vertex -0.133 -0.00540045 0.0306275
 vertex -0.133 -0.0106368 0.0292244
 endloop
endfacet
facet normal 0 0 0
 outer loop
 vertex 0.209 -0.0104658 0.0287546
 vertex 0.209 -0.0106368 0.0292244
 vertex 0.209 -0.00540045 0.0306275
 endloop
endfacet
facet normal 0 0 0
 outer loop
 vertex 0.209 -0.0104658 0.0287546
 vertex 0.209 -0.00540045 0.0306275
 vertex 0.209 -0.00531363 0.0301351
 endloop
endfacet
facet normal 0 0 0
 outer loop
 vertex -0.133 -0.00531363 0.0301351
 vertex -0.133 5.35027e-09 0.0306
 vertex -0.133 5.4377e-09 0.0311
 endloop
endfacet
facet normal 0 0 0
 outer loop
 vertex -0.133 -0.00531363 0.0301351
 vertex -0.133 5.4377e-09 0.0311
 vertex -0.133 -0.00540045 0.0306275
 endloop
endfacet
facet normal 0 0 0
 outer loop
 vertex 0.209 -0.00531363 0.0301351
 vertex 0.209 -0.00540045 0.0306275
 vertex 0.209 5.4377e-09 0.0311
 endloop
endfacet
facet normal 0 0 0
 outer loop
 vertex 0.209 -0.00531363 0.0301351
 vertex 0.209 5.4377e-09 0.0311
 vertex 0.209 5.35027e-09 0.0306
 endloop
endfacet
facet normal 0 0 0
 outer loop
 vertex -0.133 0 0.0314
 vertex -0.133 0.00545255 0.030923
 vertex 0.209 0.00545255 0.030923
 endloop
endfacet
facet normal 0 0 0
 outer loop
 vertex -0.133 0 0.0314
 vertex 0.209 0.00545255 0.030923
 vertex 0.209 0 0.0314
 endloop
endfacet
facet normal 0 0 0
 outer loop
 vertex 0.209 0 0.0309
 vertex 0.209 0.00536573 0.0304306
 vertex -0.133 0.00536573 0.0304306
 endloop
endfacet
facet normal 0 0 0
 outer loop
 vertex 0.209 0 0.0309
 vertex -0.133 0.00536573 0.0304306
 vertex -0.133 0 0.0309
 endloop
endfacet
facet normal 0 0 0
 outer loop
 vertex -0.133 0.00545255 0.030923
 vertex -0.133 0.0107394 0.0295063
 vertex 0.209 0.0107394 0.0295063
 endloop
endfacet
facet normal 0 0 0
 outer loop
 vertex -0.133 0.00545255 0.030923
 vertex 0.209 0.0107394 0.0295063
 vertex 0.209 0.00545255 0.030923
 endloop
endfacet
facet normal 0 0 0
 outer loop
 vertex 0.209 0.00536573 0.0304306
 vertex 0.209 0.0105684 0.0290365
 vertex -0.133 0.0105684 0.0290365
 endloop
endfacet
facet normal 0 0 0
 outer loop
 vertex 0.209 0.00536573 0.0304306
 vertex -0.133 0.0105684 0.0290365
 vertex -0.133 0.00536573 0.0304306
 endloop
endfacet
facet normal 0 0 0
 outer loop
 vertex -0.133 0.0107394 0.0295063
 vertex -0.133 0.0157 0.0271932
 vertex 0.209 0.0157 0.0271932
 endloop
endfacet
facet normal 0 0 0
 outer loop
 vertex -0.133 0.0107394 0.0295063
 vertex 0.209 0.0157 0.0271932
 vertex 0.209 0.0107394 0.0295063
 endloop
endfacet
facet normal 0 0 0
 outer loop
 vertex 0.209 0.0105684 0.0290365
 vertex 0.209 0.01545 0.0267602
 vertex -0.133 0.01545 0.0267602
 endloop
endfacet
facet normal 0 0 0
 outer loop
 vertex 0.209 0.0105684 0.0290365
 vertex -0.133 0.01545 0.0267602
 vertex -0.133 0.0105684 0.0290365
 endloop
endfacet
facet normal 0 0 0
 outer loop
 vertex -0.133 0.0157 0.0271932
 vertex -0.133 0.0201835 0.0240538
 vertex 0.209 0.0201835 0.0240538
 endloop
endfacet
facet normal 0 0 0
 outer loop
 vertex -0.133 0.0157 0.0271932
 vertex 0.209 0.0201835 0.0240538
 vertex 0.209 0.0157 0.0271932
 endloop
endfacet
facet normal 0 0 0
 outer loop
 vertex 0.209 0.01545 0.0267602
 vertex 0.209 0.0198621 0.0236708
 vertex -0.133 0.0198621 0.0236708
 endloop
endfacet
facet normal 0 0 0
 outer loop
 vertex 0.209 0.01545 0.0267602
 vertex -0.133 0.0198621 0.0236708
 vertex -0.133 0.01545 0.0267602
 endloop
endfacet
facet normal 0 0 0
 outer loop
 vertex -0.133 0.0201835 0.0240538
 vertex -0.133 0.0240538 0.0201835
 vertex 0.209 0.0240538 0.0201835
 endloop
endfacet
facet normal 0 0 0
 outer loop
 vertex -0.133 0.0201835 0.0240538
 vertex 0.209 0.0240538 0.0201835
 vertex 0.209 0.0201835 0.0240538
 endloop
endfacet
facet normal 0 0 0
 outer loop
 vertex 0.209 0.0198621 0.0236708
 vertex 0.209 0.0236708 0.0198621
 vertex -0.133 0.0236708 0.0198621
 endloop
endfacet
facet normal 0 0 0
 outer loop
 vertex 0.209 0.0198621 0.0236708
 vertex -0.133 0.0236708 0.0198621
 vertex -0.133 0.0198621 0.0236708
 endloop
endfacet
facet normal 0 0 0
 outer loop
 vertex -0.133 0.0240538 0.0201835
 vertex -0.133 0.0271932 0.0157
 vertex 0.209 0.0271932 0.0157
 endloop
endfacet
facet normal 0 0 0
 outer loop
 vertex -0.133 0.0240538 0.0201835
 vertex 0.209 0.0271932 0.0157
 vertex 0.209 0.0240538 0.0201835
 endloop
endfacet
facet normal 0 0 0
 outer loop
 vertex 0.209 0.0236708 0.0198621
 vertex 0.209 0.0267602 0.01545
 vertex -0.133 0.0267602 0.01545
 endloop
endfacet
facet normal 0 0 0
 outer loop
 vertex 0.209 0.0236708 0.0198621
 vertex -0.133 0.0267602 0.01545
 vertex -0.133 0.0236708 0.0198621
 endloop
endfacet
facet normal 0 0 0
 outer loop
 vertex -0.133 0.0271932 0.0157
 vertex -0.133 0.0295063 0.0107394
 vertex 0.209 0.0295063 0.0107394
 endloop
endfacet
facet normal 0 0 0
 outer loop
 vertex -0.133 0.0271932 0.0157
 vertex 0.209 0.0295063 0.0107394
 vertex 0.209 0.0271932 0.0157
 endloop
endfacet
facet normal 0 0 0
 outer loop
 vertex 0.209 0.0267602 0.01545
 vertex 0.209 0.0290365 0.0105684
 vertex -0.133 0.0290365 0.0105684
 endloop
endfacet
facet normal 0 0 0
 outer loop
 vertex 0.209 0.0267602 0.01545
 vertex -0.133 0.0290365 0.0105684
 vertex -0.133 0.0267602 0.01545
 endloop
endfacet
facet normal 0 0 0
 outer loop
 vertex -0.133 0.0295063 0.0107394
 vertex -0.133 0.030923 0.00545255
 vertex 0.209 0.030923 0.00545255
 endloop
endfacet
facet normal 0 0 0
 outer loop
 vertex -0.133 0.0295063 0.0107394
 vertex 0.209 0.030923 0.00545255
 vertex 0.209 0.0295063 0.0107394
 endloop
endfacet
facet normal 0 0 0
 outer loop
 vertex 0.209 0.0290365 0.0105684
 vertex 0.209 0.0304306 0.00536573
 vertex -0.133 0.0304306 0.00536573
 endloop
endfacet
facet normal 0 0 0
 outer loop
 vertex 0.209 0.0290365 0.0105684
 vertex -0.133 0.0304306 0.00536573
 vertex -0.133 0.0290365 0.0105684
 endloop
endfacet
facet normal 0 0 0
 outer loop
 vertex -0.133 0.030923 0.00545255
 vertex -0.133 0.0314 -1.37254e-09
 vertex 0.209 0.0314 -1.37254e-09
 endloop
endfacet
facet normal 0 0 0
 outer loop
 vertex -0.133 0.030923 0.00545255
 vertex 0.209 0.0314 -1.37254e-09
 vertex 0.209 0.030923 0.00545255
 endloop
endfacet
facet normal 0 0 0
 outer loop
 vertex 0.209 0.0304306 0.00536573
 vertex 0.209 0.0309 -1.35068e-09
 vertex -0.133 0.0309 -1.35068e-09
 endloop
endfacet
facet normal 0 0 0
 outer loop
 vertex 0.209 0.0304306 0.00536573
 vertex -0.133 0.0309 -1.35068e-09
 vertex -0.133 0.0304306 0.00536573
 endloop
endfacet
facet normal 0 0 0
 outer loop
 vertex -0.133 0.0314 -1.37254e-09
 vertex -0.133 0.030923 -0.00545255
 vertex 0.209 0.030923 -0.00545255
 endloop
endfacet
facet normal 0 0 0
 outer loop
 vertex -0.133 0.0314 -1.37254e-09
 vertex 0.209 0.030923 -0.00545255
 vertex 0.209 0.0314 -1.37254e-09
 endloop
endfacet
facet normal 0 0 0
 outer loop
 vertex 0.209 0.0309 -1.35068e-09
 vertex 0.209 0.0304306 -0.00536573
 vertex -0.133 0.0304306 -0.00536573
 endloop
endfacet
facet normal 0 0 0
 outer loop
 vertex 0.209 0.0309 -1.35068e-09
 vertex -0.133 0.0304306 -0.00536573
 vertex -0.133 0.0309 -1.35068e-09
 endloop
endfacet
facet normal 0 0 0
 outer loop
 vertex -0.133 0.030923 -0.00545255
 vertex -0.133 0.0295063 -0.0107394
 vertex 0.209 0.0295063 -0.0107394
 endloop
endfacet
facet normal 0 0 0
 outer loop
 vertex -0.133 0.030923 -0.00545255
 vertex 0.209 0.0295063 -0.0107394
 vertex 0.209 0.030923 -0.00545255
 endloop
endfacet
facet normal 0 0 0
 outer loop
 vertex 0.209 0.0304306 -0.00536573
 vertex 0.209 0.0290365 -0.0105684
 vertex -0.133 0.0290365 -0.0105684
 endloop
endfacet
facet normal 0 0 0
 outer loop
 vertex 0.209 0.0304306 -0.00536573
 vertex -0.133 0.0290365 -0.0105684
 vertex -0.133 0.0304306 -0.00536573
 endloop
endfacet
facet normal 0 0 0
 outer loop
 vertex -0.133 0.0295063 -0.0107394
 vertex -0.133 0.0271932 -0.0157
 vertex 0.209 0.0271932 -0.0157
 endloop
endfacet
facet normal 0 0 0
 outer loop
 vertex -0.133 0.0295063 -0.0107394
 vertex 0.209 0.0271932 -0.0157
 vertex 0.209 0.0295063 -0.0107394
 endloop
endfacet
facet normal 0 0 0
 outer loop
 vertex 0.209 0.0290365 -0.0105684
 vertex 0.209 0.0267602 -0.01545
 vertex -0.133 0.0267602 -0.01545
 endloop
endfacet
facet normal 0 0 0
 outer loop
 vertex 0.209 0.0290365 -0.0105684
 vertex -0.133 0.0267602 -0.01545
 vertex -0.133 0.0290365 -0.0105684
 endloop
endfacet
facet normal 0 0 0
 outer loop
 vertex -0.133 0.0271932 -0.0157
 vertex -0.133 0.0240538 -0.0201835
 vertex 0.209 0.0240538 -0.0201835
 endloop
endfacet
facet normal 0 0 0
 outer loop
 vertex -0.133 0.0271932 -0.0157
 vertex 0.209 0.0240538 -0.0201835
 vertex 0.209 0.0271932 -0.0157
 endloop
endfacet
facet normal 0 0 0
 outer loop
 vertex 0.209 0.0267602 -0.01545
 vertex 0.209 0.0236708 -0.0198621
 vertex -0.133 0.0236708 -0.0198621
 endloop
endfacet
facet normal 0 0 0
 outer loop
 vertex 0.209 0.0267602 -0.01545
 vertex -0.133 0.0236708 -0.0198621
 vertex -0.133 0.0267602 -0.01545
 endloop
endfacet
facet normal 0 0 0
 outer loop
 vertex -0.133 0.0240538 -0.0201835
 vertex -0.133 0.0201835 -0.0240538
 vertex 0.209 0.0201835 -0.0240538
 endloop
endfacet
facet normal 0 0 0
 outer loop
 vertex -0.133 0.0240538 -0.0201835
 vertex 0.209 0.0201835 -0.0240538
 vertex 0.209 0.0240538 -0.0201835
 endloop
endfacet
facet normal 0 0 0
 outer loop
 vertex 0.209 0.0236708 -0.0198621
 vertex 0.209 0.0198621 -0.0236708
 vertex -0.133 0.0198621 -0.0236708
 endloop
endfacet
facet normal 0 0 0
 outer loop
 vertex 0.209 0.0236708 -0.0198621
 vertex -0.133 0.0198621 -0.0236708
 vertex -0.133 0.0236708 -0.0198621
 endloop
endfacet
facet normal 0 0 0
 outer loop
 vertex -0.133 0.0201835 -0.0240538
 vertex -0.133 0.0157 -0.0271932
 vertex 0.209 0.0157 -0.0271932
 endloop
endfacet
facet normal 0 0 0
 outer loop
 vertex -0.133 0.0201835 -0.0240538
 vertex 0.209 0.0157 -0.0271932
 vertex 0.209 0.0201835 -0.0240538
 endloop
endfacet
facet normal 0 0 0
 outer loop
 vertex 0.209 0.0198621 -0.0236708
 vertex 0.209 0.01545 -0.0267602
 vertex -0.133 0.01545 -0.0267602
 endloop
endfacet
facet normal 0 0 0
 outer loop
 vertex 0.209 0.0198621 -0.0236708
 vertex -0.133 0.01545 -0.0267602
 vertex -0.133 0.0198621 -0.0236708
 endloop
endfacet
facet normal 0 0 0
 outer loop
 vertex -0.133 0.0157 -0.0271932
 vertex -0.133 0.0107394 -0.0295063
 vertex 0.209 0.0107394 -0.0295063
 endloop
endfacet
facet normal 0 0 0
 outer loop
 vertex -0.133 0.0157 -0.0271932
 vertex 0.209 0.0107394 -0.0295063
 vertex 0.209 0.0157 -0.0271932
 endloop
endfacet
facet normal 0 0 0
 outer loop
 vertex 0.209 0.01545 -0.0267602
 vertex 0.209 0.0105684 -0.0290365
 vertex -0.133 0.0105684 -0.0290365
 endloop
endfacet
facet normal 0 0 0
 outer loop
 vertex 0.209 0.01545 -0.0267602
 vertex -0.133 0.0105684 -0.0290365
 vertex -0.133 0.01545 -0.0267602
 endloop
endfacet
facet normal 0 0 0
 outer loop
 vertex -0.133 0.0107394 -0.0295063
 vertex -0.133 0.00545256 -0.030923
 vertex 0.209 0.00545256 -0.030923
 endloop
endfacet
facet normal 0 0 0
 outer loop
 vertex -0.133 0.0107394 -0.0295063
 vertex 0.209 0.00545256 -0.030923
 vertex 0.209 0.0107394 -0.0295063
 endloop
endfacet
facet normal 0 0 0
 outer loop
 vertex 0.209 0.0105684 -0.0290365
 vertex 0.209 0.00536573 -0.0304306
 vertex -0.133 0.00536573 -0.0304306
 endloop
endfacet
facet normal 0 0 0
 outer loop
 vertex 0.209 0.0105684 -0.0290365
 vertex -0.133 0.00536573 -0.0304306
 vertex -0.133 0.0105684 -0.0290365
 endloop
endfacet
facet normal 0 0 0
 outer loop
 vertex -0.133 0.00545256 -0.030923
 vertex -0.133 -2.74508e-09 -0.0314
 vertex 0.209 -2.74508e-09 -0.0314
 endloop
endfacet
facet normal 0 0 0
 outer loop
 vertex -0.133 0.00545256 -0.030923
 vertex 0.209 -2.74508e-09 -0.0314
 vertex 0.209 0.00545256 -0.030923
 endloop
endfacet
facet normal 0 0 0
 outer loop
 vertex 0.209 0.00536573 -0.0304306
 vertex 0.209 -2.70136e-09 -0.0309
 vertex -0.133 -2.70136e-09 -0.0309
 endloop
endfacet
facet normal 0 0 0
 outer loop
 vertex 0.209 0.00536573 -0.0304306
 vertex -0.133 -2.70136e-09 -0.0309
 vertex -0.133 0.00536573 -0.0304306
 endloop
endfacet
facet normal 0 0 0
 outer loop
 vertex -0.133 -2.74508e-09 -0.0314
 vertex -0.133 -0.00545255 -0.030923
 vertex 0.209 -0.00545255 -0.030923
 endloop
endfacet
facet normal 0 0 0
 outer loop
 vertex -0.133 -2.74508e-09 -0.0314
 vertex 0.209 -0.00545255 -0.030923
 vertex 0.209 -2.74508e-09 -0.0314
 endloop
endfacet
facet normal 0 0 0
 outer loop
 vertex 0.209 -2.70136e-09 -0.0309
 vertex 0.209 -0.00536573 -0.0304306
 vertex -0.133 -0.00536573 -0.0304306
 endloop
endfacet
facet normal 0 0 0
 outer loop
 vertex 0.209 -2.70136e-09 -0.0309
 vertex -0.133 -0.00536573 -0.0304306
 vertex -0.133 -2.70136e-09 -0.0309
 endloop
endfacet
facet normal 0 0 0
 outer loop
 vertex -0.133 -0.00545255 -0.030923
 vertex -0.133 -0.0107394 -0.0295063
 vertex 0.209 -0.0107394 -0.0295063
 endloop
endfacet
facet normal 0 0 0
 outer loop
 vertex -0.133 -0.00545255 -0.030923
 vertex 0.209 -0.0107394 -0.0295063
 vertex 0.209 -0.00545255 -0.030923
 endloop
endfacet
facet normal 0 0 0
 outer loop
 vertex 0.209 -0.00536573 -0.0304306
 vertex 0.209 -0.0105684 -0.0290365
 vertex -0.133 -0.0105684 -0.0290365
 endloop
endfacet
facet normal 0 0 0
 outer loop
 vertex 0.209 -0.00536573 -0.0304306
 vertex -0.133 -0.0105684 -0.0290365
 vertex -0.133 -0.00536573 -0.0304306
 endloop
endfacet
facet normal 0 0 0
 outer loop
 vertex -0.133 -0.0107394 -0.0295063
 vertex -0.133 -0.0157 -0.0271932
 vertex 0.209 -0.0157 -0.0271932
 endloop
endfacet
facet normal 0 0 0
 outer loop
 vertex -0.133 -0.0107394 -0.0295063
 vertex 0.209 -0.0157 -0.0271932
 vertex 0.209 -0.0107394 -0.0295063
 endloop
endfacet
facet normal 0 0 0
 outer loop
 vertex 0.209 -0.0105684 -0.0290365
 vertex 0.209 -0.01545 -0.0267602
 vertex -0.133 -0.01545 -0.0267602
 endloop
endfacet
facet normal 0 0 0
 outer loop
 vertex 0.209 -0.0105684 -0.0290365
 vertex -0.133 -0.01545 -0.0267602
 vertex -0.133 -0.0105684 -0.0290365
 endloop
endfacet
facet normal 0 0 0
 outer loop
 vertex -0.133 -0.0157 -0.0271932
 vertex -0.133 -0.0201835 -0.0240538
 vertex 0.209 -0.0201835 -0.0240538
 endloop
endfacet
facet normal 0 0 0
 outer loop
 vertex -0.133 -0.0157 -0.0271932
 vertex 0.209 -0.0201835 -0.0240538
 vertex 0.209 -0.0157 -0.0271932
 endloop
endfacet
facet normal 0 0 0
 outer loop
 vertex 0.209 -0.01545 -0.0267602
 vertex 0.209 -0.0198621 -0.0236708
 vertex -0.133 -0.0198621 -0.0236708
 endloop
endfacet
facet normal 0 0 0
 outer loop
 vertex 0.209 -0.01545 -0.0267602
 vertex -0.133 -0.0198621 -0.0236708
 vertex -0.133 -0.01545 -0.0267602
 endloop
endfacet
facet normal 0 0 0
 outer loop
 vertex -0.133 -0.0201835 -0.0240538
 vertex -0.133 -0.0240538 -0.0201835
 vertex 0.209 -0.0240538 -0.0201835
 endloop
endfacet
facet normal 0 0 0
 outer loop
 vertex -0.133 -0.0201835 -0.0240538
 vertex 0.209 -0.0240538 -0.0201835
 vertex 0.209 -0.0201835 -0.0240538
 endloop
endfacet
facet normal 0 0 0
 outer loop
 vertex 0.209 -0.0198621 -0.0236708
 vertex 0.209 -0.0236708 -0.0198621
 vertex -0.133 -0.0236708 -0.0198621
 endloop
endfacet
facet normal 0 0 0
 outer loop
 vertex 0.209 -0.0198621 -0.0236708
 vertex -0.133 -0.0236708 -0.0198621
 vertex -0.133 -0.0198621 -0.0236708
 endloop
endfacet
facet normal 0 0 0
 outer loop
 vertex -0.133 -0.0240538 -0.0201835
 vertex -0.133 -0.0271932 -0.0157
 vertex 0.209 -0.0271932 -0.0157
 endloop
endfacet
facet normal 0 0 0
 outer loop
 vertex -0.133 -0.0240538 -0.0201835
 vertex 0.209 -0.0271932 -0.0157
 vertex 0.209 -0.0240538 -0.0201835
 endloop
endfacet
facet normal 0 0 0
 outer loop
 vertex 0.209 -0.0236708 -0.0198621
 vertex 0.209 -0.0267602 -0.01545
 vertex -0.133 -0.0267602 -0.01545
 endloop
endfacet
facet normal 0 0 0
 outer loop
 vertex 0.209 -0.0236708 -0.0198621
 vertex -0.133 -0.0267602 -0.01545
 vertex -0.133 -0.0236708 -0.0198621
 endloop
endfacet
facet normal 0 0 0
 outer loop
 vertex -0.133 -0.0271932 -0.0157
 vertex -0.133 -0.0295063 -0.0107394
 vertex 0.209 -0.0295063 -0.0107394
 endloop
endfacet
facet normal 0 0 0
 outer loop
 vertex -0.133 -0.0271932 -0.0157
 vertex 0.209 -0.0295063 -0.0107394
 vertex 0.209 -0.0271932 -0.0157
 endloop
endfacet
facet normal 0 0 0
 outer loop
 vertex 0.209 -0.0267602 -0.01545
 vertex 0.209 -0.0290365 -0.0105684
 vertex -0.133 -0.0290365 -0.0105684
 endloop
endfacet
facet normal 0 0 0
 outer loop
 vertex 0.209 -0.0267602 -0.01545
 vertex -0.133 -0.0290365 -0.0105684
 vertex -0.133 -0.0267602 -0.01545
 endloop
endfacet
facet normal 0 0 0
 outer loop
 vertex -0.133 -0.0295063 -0.0107394
 vertex -0.133 -0.030923 -0.00545255
 vertex 0.209 -0.030923 -0.00545255
 endloop
endfacet
facet normal 0 0 0
 outer loop
 vertex -0.133 -0.0295063 -0.0107394
 vertex 0.209 -0.030923 -0.00545255
 vertex 0.209 -0.0295063 -0.0107394
 endloop
endfacet
facet normal 0 0 0
 outer loop
 vertex 0.209 -0.0290365 -0.0105684
 vertex 0.209 -0.0304306 -0.00536573
 vertex -0.133 -0.0304306 -0.00536573
 endloop
endfacet
facet normal 0 0 0
 outer loop
 vertex 0.209 -0.0290365 -0.0105684
 vertex -0.133 -0.0304306 -0.00536573
 vertex -0.133 -0.0290365 -0.0105684
 endloop
endfacet
facet normal 0 0 0
 outer loop
 vertex -0.133 -0.030923 -0.00545255
 vertex -0.133 -0.0314 3.74441e-10
 vertex 0.209 -0.0314 3.74441e-10
 endloop
endfacet
facet normal 0 0 0
 outer loop
 vertex -0.133 -0.030923 -0.00545255
 vertex 0.209 -0.0314 3.74441e-10
 vertex 0.209 -0.030923 -0.00545255
 endloop
endfacet
facet normal 0 0 0
 outer loop
 vertex 0.209 -0.0304306 -0.00536573
 vertex 0.209 -0.0309 3.68479e-10
 vertex -0.133 -0.0309 3.68479e-10
 endloop
endfacet
facet normal 0 0 0
 outer loop
 vertex 0.209 -0.0304306 -0.00536573
 vertex -0.133 -0.0309 3.68479e-10
 vertex -0.133 -0.0304306 -0.00536573
 endloop
endfacet
facet normal 0 0 0
 outer loop
 vertex -0.133 -0.0314 3.74441e-10
 vertex -0.133 -0.030923 0.00545255
 vertex 0.209 -0.030923 0.00545255
 endloop
endfacet
facet normal 0 0 0
 outer loop
 vertex -0.133 -0.0314 3.74441e-10
 vertex 0.209 -0.030923 0.00545255
 vertex 0.209 -0.0314 3.74441e-10
 endloop
endfacet
facet normal 0 0 0
 outer loop
 vertex 0.209 -0.0309 3.68479e-10
 vertex 0.209 -0.0304306 0.00536573
 vertex -0.133 -0.0304306 0.00536573
 endloop
endfacet
facet normal 0 0 0
 outer loop
 vertex 0.209 -0.0309 3.68479e-10
 vertex -0.133 -0.0304306 0.00536573
 vertex -0.133 -0.0309 3.68479e-10
 endloop
endfacet
facet normal 0 0 0
 outer loop
 vertex -0.133 -0.030923 0.00545255
 vertex -0.133 -0.0295063 0.0107394
 vertex 0.209 -0.0295063 0.0107394
 endloop
endfacet
facet normal 0 0 0
 outer loop
 vertex -0.133 -0.030923 0.00545255
 vertex 0.209 -0.0295063 0.0107394
 vertex 0.209 -0.030923 0.00545255
 endloop
endfacet
facet normal 0 0 0
 outer loop
 vertex 0.209 -0.0304306 0.00536573
 vertex 0.209 -0.0290365 0.0105684
 vertex -0.133 -0.0290365 0.0105684
 endloop
endfacet
facet normal 0 0 0
 outer loop
 vertex 0.209 -0.0304306 0.00536573
 vertex -0.133 -0.0290365 0.0105684
 vertex -0.133 -0.0304306 0.00536573
 endloop
endfacet
facet normal 0 0 0
 outer loop
 vertex -0.133 -0.0295063 0.0107394
 vertex -0.133 -0.0271932 0.0157
 vertex 0.209 -0.0271932 0.0157
 endloop
endfacet
facet normal 0 0 0
 outer loop
 vertex -0.133 -0.0295063 0.0107394
 vertex 0.209 -0.0271932 0.0157
 vertex 0.209 -0.0295063 0.0107394
 endloop
endfacet
facet normal 0 0 0
 outer loop
 vertex 0.209 -0.0290365 0.0105684
 vertex 0.209 -0.0267602 0.01545
 vertex -0.133 -0.0267602 0.01545
 endloop
endfacet
facet normal 0 0 0
 outer loop
 vertex 0.209 -0.0290365 0.0105684
 vertex -0.133 -0.0267602 0.01545
 vertex -0.133 -0.0290365 0.0105684
 endloop
endfacet
facet normal 0 0 0
 outer loop
 vertex -0.133 -0.0271932 0.0157
 vertex -0.133 -0.0240538 0.0201835
 vertex 0.209 -0.0240538 0.0201835
 endloop
endfacet
facet normal 0 0 0
 outer loop
 vertex -0.133 -0.0271932 0.0157
 vertex 0.209 -0.0240538 0.0201835
 vertex 0.209 -0.0271932 0.0157
 endloop
endfacet
facet normal 0 0 0
 outer loop
 vertex 0.209 -0.0267602 0.01545
 vertex 0.209 -0.0236708 0.0198621
 vertex -0.133 -0.0236708 0.0198621
 endloop
endfacet
facet normal 0 0 0
 outer loop
 vertex 0.209 -0.0267602 0.01545
 vertex -0.133 -0.0236708 0.0198621
 vertex -0.133 -0.0267602 0.01545
 endloop
endfacet
facet normal 0 0 0
 outer loop
 vertex -0.133 -0.0240538 0.0201835
 vertex -0.133 -0.0201835 0.0240538
 vertex 0.209 -0.0201835 0.0240538
 endloop
endfacet
facet normal 0 0 0
 outer loop
 vertex -0.133 -0.0240538 0.0201835
 vertex 0.209 -0.0201835 0.0240538
 vertex 0.209 -0.0240538 0.0201835
 endloop
endfacet
facet normal 0 0 0
 outer loop
 vertex 0.209 -0.0236708 0.0198621
 vertex 0.209 -0.0198621 0.0236708
 vertex -0.133 -0.0198621 0.0236708
 endloop
endfacet
facet normal 0 0 0
 outer loop
 vertex 0.209 -0.0236708 0.0198621
 vertex -0.133 -0.0198621 0.0236708
 vertex -0.133 -0.0236708 0.0198621
 endloop
endfacet
facet normal 0 0 0
 outer loop
 vertex -0.133 -0.0201835 0.0240538
 vertex -0.133 -0.0157 0.0271932
 vertex 0.209 -0.0157 0.0271932
 endloop
endfacet
facet normal 0 0 0
 outer loop
 vertex -0.133 -0.0201835 0.0240538
 vertex 0.209 -0.0157 0.0271932
 vertex 0.209 -0.0201835 0.0240538
 endloop
endfacet
facet normal 0 0 0
 outer loop
 vertex 0.209 -0.0198621 0.0236708
 vertex 0.209 -0.01545 0.0267602
 vertex -0.133 -0.01545 0.0267602
 endloop
endfacet
facet normal 0 0 0
 outer loop
 vertex 0.209 -0.0198621 0.0236708
 vertex -0.133 -0.01545 0.0267602
 vertex -0.133 -0.0198621 0.0236708
 endloop
endfacet
facet normal 0 0 0
 outer loop
 vertex -0.133 -0.0157 0.0271932
 vertex -0.133 -0.0107394 0.0295063
 vertex 0.209 -0.0107394 0.0295063
 endloop
endfacet
facet normal 0 0 0
 outer loop
 vertex -0.133 -0.0157 0.0271932
 vertex 0.209 -0.0107394 0.0295063
 vertex 0.209 -0.0157 0.0271932
 endloop
endfacet
facet normal 0 0 0
 outer loop
 vertex 0.209 -0.01545 0.0267602
 vertex 0.209 -0.0105684 0.0290365
 vertex -0.133 -0.0105684 0.0290365
 endloop
endfacet
facet normal 0 0 0
 outer loop
 vertex 0.209 -0.01545 0.0267602
 vertex -0.133 -0.0105684 0.0290365
 vertex -0.133 -0.01545 0.0267602
 endloop
endfacet
facet normal 0 0 0
 outer loop
 vertex -0.133 -0.0107394 0.0295063
 vertex -0.133 -0.00545255 0.030923
 vertex 0.209 -0.00545255 0.030923
 endloop
endfacet
facet normal 0 0 0
 outer loop
 vertex -0.133 -0.0107394 0.0295063
 vertex 0.209 -0.00545255 0.030923
 vertex 0.209 -0.0107394 0.0295063
 endloop
endfacet
facet normal 0 0 0
 outer loop
 vertex 0.209 -0.0105684 0.0290365
 vertex 0.209 -0.00536572 0.0304306
 vertex -0.133 -0.00536572 0.0304306
 endloop
endfacet
facet normal 0 0 0
 outer loop
 vertex 0.209 -0.0105684 0.0290365
 vertex -0.133 -0.00536572 0.0304306
 vertex -0.133 -0.0105684 0.0290365
 endloop
endfacet
facet normal 0 0 0
 outer loop
 vertex -0.133 -0.00545255 0.030923
 vertex -0.133 5.49015e-09 0.0314
 vertex 0.209 5.49015e-09 0.0314
 endloop
endfacet
facet normal 0 0 0
 outer loop
 vertex -0.133 -0.00545255 0.030923
 vertex 0.209 5.49015e-09 0.0314
 vertex 0.209 -0.00545255 0.030923
 endloop
endfacet
facet normal 0 0 0
 outer loop
 vertex 0.209 -0.00536572 0.0304306
 vertex 0.209 5.40273e-09 0.0309
 vertex -0.133 5.40273e-09 0.0309
 endloop
endfacet
facet normal 0 0 0
 outer loop
 vertex 0.209 -0.00536572 0.0304306
 vertex -0.133 5.40273e-09 0.0309
 vertex -0.133 -0.00536572 0.0304306
 endloop
endfacet
facet normal 0 0 0
 outer loop
 vertex -0.133 0 0.0309
 vertex -0.133 0.00536573 0.0304306
 vertex -0.133 0.00545255 0.030923
 endloop
endfacet
facet normal 0 0 0
 outer loop
 vertex -0.133 0 0.0309
 vertex -0.133 0.00545255 0.030923
 vertex -0.133 0 0.0314
 endloop
endfacet
facet normal 0 0 0
 outer loop
 vertex 0.209 0 0.0309
 vertex 0.209 0 0.0314
 vertex 0.209 0.00545255 0.030923
 endloop
endfacet
facet normal 0 0 0
 outer loop
 vertex 0.209 0 0.0309
 vertex 0.209 0.00545255 0.030923
 vertex 0.209 0.00536573 0.0304306
 endloop
endfacet
facet normal 0 0 0
 outer loop
 vertex -0.133 0.00536573 0.0304306
 vertex -0.133 0.0105684 0.0290365
 vertex -0.133 0.0107394 0.0295063
 endloop
endfacet
facet normal 0 0 0
 outer loop
 vertex -0.133 0.00536573 0.0304306
 vertex -0.133 0.0107394 0.0295063
 vertex -0.133 0.00545255 0.030923
 endloop
endfacet
facet normal 0 0 0
 outer loop
 vertex 0.209 0.00536573 0.0304306
 vertex 0.209 0.00545255 0.030923
 vertex 0.209 0.0107394 0.0295063
 endloop
endfacet
facet normal 0 0 0
 outer loop
 vertex 0.209 0.00536573 0.0304306
 vertex 0.209 0.0107394 0.0295063
 vertex 0.209 0.0105684 0.0290365
 endloop
endfacet
facet normal 0 0 0
 outer loop
 vertex -0.133 0.0105684 0.0290365
 vertex -0.133 0.01545 0.0267602
 vertex -0.133 0.0157 0.0271932
 endloop
endfacet
facet normal 0 0 0
 outer loop
 vertex -0.133 0.0105684 0.0290365
 vertex -0.133 0.0157 0.0271932
 vertex -0.133 0.0107394 0.0295063
 endloop
endfacet
facet normal 0 0 0
 outer loop
 vertex 0.209 0.0105684 0.0290365
 vertex 0.209 0.0107394 0.0295063
 vertex 0.209 0.0157 0.0271932
 endloop
endfacet
facet normal 0 0 0
 outer loop
 vertex 0.209 0.0105684 0.0290365
 vertex 0.209 0.0157 0.0271932
 vertex 0.209 0.01545 0.0267602
 endloop
endfacet
facet normal 0 0 0
 outer loop
 vertex -0.133 0.01545 0.0267602
 vertex -0.133 0.0198621 0.0236708
 vertex -0.133 0.0201835 0.0240538
 endloop
endfacet
facet normal 0 0 0
 outer loop
 vertex -0.133 0.01545 0.0267602
 vertex -0.133 0.0201835 0.0240538
 vertex -0.133 0.0157 0.0271932
 endloop
endfacet
facet normal 0 0 0
 outer loop
 vertex 0.209 0.01545 0.0267602
 vertex 0.209 0.0157 0.0271932
 vertex 0.209 0.0201835 0.0240538
 endloop
endfacet
facet normal 0 0 0
 outer loop
 vertex 0.209 0.01545 0.0267602
 vertex 0.209 0.0201835 0.0240538
 vertex 0.209 0.0198621 0.0236708
 endloop
endfacet
facet normal 0 0 0
 outer loop
 vertex -0.133 0.0198621 0.0236708
 vertex -0.133 0.0236708 0.0198621
 vertex -0.133 0.0240538 0.0201835
 endloop
endfacet
facet normal 0 0 0
 outer loop
 vertex -0.133 0.0198621 0.0236708
 vertex -0.133 0.0240538 0.0201835
 vertex -0.133 0.0201835 0.0240538
 endloop
endfacet
facet normal 0 0 0
 outer loop
 vertex 0.209 0.0198621 0.0236708
 vertex 0.209 0.0201835 0.0240538
 vertex 0.209 0.0240538 0.0201835
 endloop
endfacet
facet normal 0 0 0
 outer loop
 vertex 0.209 0.0198621 0.0236708
 vertex 0.209 0.0240538 0.0201835
 vertex 0.209 0.0236708 0.0198621
 endloop
endfacet
facet normal 0 0 0
 outer loop
 vertex -0.133 0.0236708 0.0198621
 vertex -0.133 0.0267602 0.01545
 vertex -0.133 0.0271932 0.0157
 endloop
endfacet
facet normal 0 0 0
 outer loop
 vertex -0.133 0.0236708 0.0198621
 vertex -0.133 0.0271932 0.0157
 vertex -0.133 0.0240538 0.0201835
 endloop
endfacet
facet normal 0 0 0
 outer loop
 vertex 0.209 0.0236708 0.0198621
 vertex 0.209 0.0240538 0.0201835
 vertex 0.209 0.0271932 0.0157
 endloop
endfacet
facet normal 0 0 0
 outer loop
 vertex 0.209 0.0236708 0.0198621
 vertex 0.209 0.0271932 0.0157
 vertex 0.209 0.0267602 0.01545
 endloop
endfacet
facet normal 0 0 0
 outer loop
 vertex -0.133 0.0267602 0.01545
 vertex -0.133 0.0290365 0.0105684
 vertex -0.133 0.0295063 0.0107394
 endloop
endfacet
facet normal 0 0 0
 outer loop
 vertex -0.133 0.0267602 0.01545
 vertex -0.133 0.0295063 0.0107394
 vertex -0.133 0.0271932 0.0157
 endloop
endfacet
facet normal 0 0 0
 outer loop
 vertex 0.209 0.0267602 0.01545
 vertex 0.209 0.0271932 0.0157
 vertex 0.209 0.0295063 0.0107394
 endloop
endfacet
facet normal 0 0 0
 outer loop
 vertex 0.209 0.0267602 0.01545
 vertex 0.209 0.0295063 0.0107394
 vertex 0.209 0.0290365 0.0105684
 endloop
endfacet
facet normal 0 0 0
 outer loop
 vertex -0.133 0.0290365 0.0105684
 vertex -0.133 0.0304306 0.00536573
 vertex -0.133 0.030923 0.00545255
 endloop
endfacet
facet normal 0 0 0
 outer loop
 vertex -0.133 0.0290365 0.0105684
 vertex -0.133 0.030923 0.00545255
 vertex -0.133 0.0295063 0.0107394
 endloop
endfacet
facet normal 0 0 0
 outer loop
 vertex 0.209 0.0290365 0.0105684
 vertex 0.209 0.0295063 0.0107394
 vertex 0.209 0.030923 0.00545255
 endloop
endfacet
facet normal 0 0 0
 outer loop
 vertex 0.209 0.0290365 0.0105684
 vertex 0.209 0.030923 0.00545255
 vertex 0.209 0.0304306 0.00536573
 endloop
endfacet
facet normal 0 0 0
 outer loop
 vertex -0.133 0.0304306 0.00536573
 vertex -0.133 0.0309 -1.35068e-09
 vertex -0.133 0.0314 -1.37254e-09
 endloop
endfacet
facet normal 0 0 0
 outer loop
 vertex -0.133 0.0304306 0.00536573
 vertex -0.133 0.0314 -1.37254e-09
 vertex -0.133 0.030923 0.00545255
 endloop
endfacet
facet normal 0 0 0
 outer loop
 vertex 0.209 0.0304306 0.00536573
 vertex 0.209 0.030923 0.00545255
 vertex 0.209 0.0314 -1.37254e-09
 endloop
endfacet
facet normal 0 0 0
 outer loop
 vertex 0.209 0.0304306 0.00536573
 vertex 0.209 0.0314 -1.37254e-09
 vertex 0.209 0.0309 -1.35068e-09
 endloop
endfacet
facet normal 0 0 0
 outer loop
 vertex -0.133 0.0309 -1.35068e-09
 vertex -0.133 0.0304306 -0.00536573
 vertex -0.133 0.030923 -0.00545255
 endloop
endfacet
facet normal 0 0 0
 outer loop
 vertex -0.133 0.0309 -1.35068e-09
 vertex -0.133 0.030923 -0.00545255
 vertex -0.133 0.0314 -1.37254e-09
 endloop
endfacet
facet normal 0 0 0
 outer loop
 vertex 0.209 0.0309 -1.35068e-09
 vertex 0.209 0.0314 -1.37254e-09
 vertex 0.209 0.030923 -0.00545255
 endloop
endfacet
facet normal 0 0 0
 outer loop
 vertex 0.209 0.0309 -1.35068e-09
 vertex 0.209 0.030923 -0.00545255
 vertex 0.209 0.0304306 -0.00536573
 endloop
endfacet
facet normal 0 0 0
 outer loop
 vertex -0.133 0.0304306 -0.00536573
 vertex -0.133 0.0290365 -0.0105684
 vertex -0.133 0.0295063 -0.0107394
 endloop
endfacet
facet normal 0 0 0
 outer loop
 vertex -0.133 0.0304306 -0.00536573
 vertex -0.133 0.0295063 -0.0107394
 vertex -0.133 0.030923 -0.00545255
 endloop
endfacet
facet normal 0 0 0
 outer loop
 vertex 0.209 0.0304306 -0.00536573
 vertex 0.209 0.030923 -0.00545255
 vertex 0.209 0.0295063 -0.0107394
 endloop
endfacet
facet normal 0 0 0
 outer loop
 vertex 0.209 0.0304306 -0.00536573
 vertex 0.209 0.0295063 -0.0107394
 vertex 0.209 0.0290365 -0.0105684
 endloop
endfacet
facet normal 0 0 0
 outer loop
 vertex -0.133 0.0290365 -0.0105684
 vertex -0.133 0.0267602 -0.01545
 vertex -0.133 0.0271932 -0.0157
 endloop
endfacet
facet normal 0 0 0
 outer loop
 vertex -0.133 0.0290365 -0.0105684
 vertex -0.133 0.0271932 -0.0157
 vertex -0.133 0.0295063 -0.0107394
 endloop
endfacet
facet normal 0 0 0
 outer loop
 vertex 0.209 0.0290365 -0.0105684
 vertex 0.209 0.0295063 -0.0107394
 vertex 0.209 0.0271932 -0.0157
 endloop
endfacet
facet normal 0 0 0
 outer loop
 vertex 0.209 0.0290365 -0.0105684
 vertex 0.209 0.0271932 -0.0157
 vertex 0.209 0.0267602 -0.01545
 endloop
endfacet
facet normal 0 0 0
 outer loop
 vertex -0.133 0.0267602 -0.01545
 vertex -0.133 0.0236708 -0.0198621
 vertex -0.133 0.0240538 -0.0201835
 endloop
endfacet
facet normal 0 0 0
 outer loop
 vertex -0.133 0.0267602 -0.01545
 vertex -0.133 0.0240538 -0.0201835
 vertex -0.133 0.0271932 -0.0157
 endloop
endfacet
facet normal 0 0 0
 outer loop
 vertex 0.209 0.0267602 -0.01545
 vertex 0.209 0.0271932 -0.0157
 vertex 0.209 0.0240538 -0.0201835
 endloop
endfacet
facet normal 0 0 0
 outer loop
 vertex 0.209 0.0267602 -0.01545
 vertex 0.209 0.0240538 -0.0201835
 vertex 0.209 0.0236708 -0.0198621
 endloop
endfacet
facet normal 0 0 0
 outer loop
 vertex -0.133 0.0236708 -0.0198621
 vertex -0.133 0.0198621 -0.0236708
 vertex -0.133 0.0201835 -0.0240538
 endloop
endfacet
facet normal 0 0 0
 outer loop
 vertex -0.133 0.0236708 -0.0198621
 vertex -0.133 0.0201835 -0.0240538
 vertex -0.133 0.0240538 -0.0201835
 endloop
endfacet
facet normal 0 0 0
 outer loop
 vertex 0.209 0.0236708 -0.0198621
 vertex 0.209 0.0240538 -0.0201835
 vertex 0.209 0.0201835 -0.0240538
 endloop
endfacet
facet normal 0 0 0
 outer loop
 vertex 0.209 0.0236708 -0.0198621
 vertex 0.209 0.0201835 -0.0240538
 vertex 0.209 0.0198621 -0.0236708
 endloop
endfacet
facet normal 0 0 0
 outer loop
 vertex -0.133 0.0198621 -0.0236708
 vertex -0.133 0.01545 -0.0267602
 vertex -0.133 0.0157 -0.0271932
 endloop
endfacet
facet normal 0 0 0
 outer loop
 vertex -0.133 0.0198621 -0.0236708
 vertex -0.133 0.0157 -0.0271932
 vertex -0.133 0.0201835 -0.0240538
 endloop
endfacet
facet normal 0 0 0
 outer loop
 vertex 0.209 0.0198621 -0.0236708
 vertex 0.209 0.0201835 -0.0240538
 vertex 0.209 0.0157 -0.0271932
 endloop
endfacet
facet normal 0 0 0
 outer loop
 vertex 0.209 0.0198621 -0.0236708
 vertex 0.209 0.0157 -0.0271932
 vertex 0.209 0.01545 -0.0267602
 endloop
endfacet
facet normal 0 0 0
 outer loop
 vertex -0.133 0.01545 -0.0267602
 vertex -0.133 0.0105684 -0.0290365
 vertex -0.133 0.0107394 -0.0295063
 endloop
endfacet
facet normal 0 0 0
 outer loop
 vertex -0.133 0.01545 -0.0267602
 vertex -0.133 0.0107394 -0.0295063
 vertex -0.133 0.0157 -0.0271932
 endloop
endfacet
facet normal 0 0 0
 outer loop
 vertex 0.209 0.01545 -0.0267602
 vertex 0.209 0.0157 -0.0271932
 vertex 0.209 0.0107394 -0.0295063
 endloop
endfacet
facet normal 0 0 0
 outer loop
 vertex 0.209 0.01545 -0.0267602
 vertex 0.209 0.0107394 -0.0295063
 vertex 0.209 0.0105684 -0.0290365
 endloop
endfacet
facet normal 0 0 0
 outer loop
 vertex -0.133 0.0105684 -0.0290365
 vertex -0.133 0.00536573 -0.0304306
 vertex -0.133 0.00545256 -0.030923
 endloop
endfacet
facet normal 0 0 0
 outer loop
 vertex -0.133 0.0105684 -0.0290365
 vertex -0.133 0.00545256 -0.030923
 vertex -0.133 0.0107394 -0.0295063
 endloop
endfacet
facet normal 0 0 0
 outer loop
 vertex 0.209 0.0105684 -0.0290365
 vertex 0.209 0.0107394 -0.0295063
 vertex 0.209 0.00545256 -0.030923
 endloop
endfacet
facet normal 0 0 0
 outer loop
 vertex 0.209 0.0105684 -0.0290365
 vertex 0.209 0.00545256 -0.030923
 vertex 0.209 0.00536573 -0.0304306
 endloop
endfacet
facet normal 0 0 0
 outer loop
 vertex -0.133 0.00536573 -0.0304306
 vertex -0.133 -2.70136e-09 -0.0309
 vertex -0.133 -2.74508e-09 -0.0314
 endloop
endfacet
facet normal 0 0 0
 outer loop
 vertex -0.133 0.00536573 -0.0304306
 vertex -0.133 -2.74508e-09 -0.0314
 vertex -0.133 0.00545256 -0.030923
 endloop
endfacet
facet normal 0 0 0
 outer loop
 vertex 0.209 0.00536573 -0.0304306
 vertex 0.209 0.00545256 -0.030923
 vertex 0.209 -2.74508e-09 -0.0314
 endloop
endfacet
facet normal 0 0 0
 outer loop
 vertex 0.209 0.00536573 -0.0304306
 vertex 0.209 -2.74508e-09 -0.0314
 vertex 0.209 -2.70136e-09 -0.0309
 endloop
endfacet
facet normal 0 0 0
 outer loop
 vertex -0.133 -2.70136e-09 -0.0309
 vertex -0.133 -0.00536573 -0.0304306
 vertex -0.133 -0.00545255 -0.030923
 endloop
endfacet
facet normal 0 0 0
 outer loop
 vertex -0.133 -2.70136e-09 -0.0309
 vertex -0.133 -0.00545255 -0.030923
 vertex -0.133 -2.74508e-09 -0.0314
 endloop
endfacet
facet normal 0 0 0
 outer loop
 vertex 0.209 -2.70136e-09 -0.0309
 vertex 0.209 -2.74508e-09 -0.0314
 vertex 0.209 -0.00545255 -0.030923
 endloop
endfacet
facet normal 0 0 0
 outer loop
 vertex 0.209 -2.70136e-09 -0.0309
 vertex 0.209 -0.00545255 -0.030923
 vertex 0.209 -0.00536573 -0.0304306
 endloop
endfacet
facet normal 0 0 0
 outer loop
 vertex -0.133 -0.00536573 -0.0304306
 vertex -0.133 -0.0105684 -0.0290365
 vertex -0.133 -0.0107394 -0.0295063
 endloop
endfacet
facet normal 0 0 0
 outer loop
 vertex -0.133 -0.00536573 -0.0304306
 vertex -0.133 -0.0107394 -0.0295063
 vertex -0.133 -0.00545255 -0.030923
 endloop
endfacet
facet normal 0 0 0
 outer loop
 vertex 0.209 -0.00536573 -0.0304306
 vertex 0.209 -0.00545255 -0.030923
 vertex 0.209 -0.0107394 -0.0295063
 endloop
endfacet
facet normal 0 0 0
 outer loop
 vertex 0.209 -0.00536573 -0.0304306
 vertex 0.209 -0.0107394 -0.0295063
 vertex 0.209 -0.0105684 -0.0290365
 endloop
endfacet
facet normal 0 0 0
 outer loop
 vertex -0.133 -0.0105684 -0.0290365
 vertex -0.133 -0.01545 -0.0267602
 vertex -0.133 -0.0157 -0.0271932
 endloop
endfacet
facet normal 0 0 0
 outer loop
 vertex -0.133 -0.0105684 -0.0290365
 vertex -0.133 -0.0157 -0.0271932
 vertex -0.133 -0.0107394 -0.0295063
 endloop
endfacet
facet normal 0 0 0
 outer loop
 vertex 0.209 -0.0105684 -0.0290365
 vertex 0.209 -0.0107394 -0.0295063
 vertex 0.209 -0.0157 -0.0271932
 endloop
endfacet
facet normal 0 0 0
 outer loop
 vertex 0.209 -0.0105684 -0.0290365
 vertex 0.209 -0.0157 -0.0271932
 vertex 0.209 -0.01545 -0.0267602
 endloop
endfacet
facet normal 0 0 0
 outer loop
 vertex -0.133 -0.01545 -0.0267602
 vertex -0.133 -0.0198621 -0.0236708
 vertex -0.133 -0.0201835 -0.0240538
 endloop
endfacet
facet normal 0 0 0
 outer loop
 vertex -0.133 -0.01545 -0.0267602
 vertex -0.133 -0.0201835 -0.0240538
 vertex -0.133 -0.0157 -0.0271932
 endloop
endfacet
facet normal 0 0 0
 outer loop
 vertex 0.209 -0.01545 -0.0267602
 vertex 0.209 -0.0157 -0.0271932
 vertex 0.209 -0.0201835 -0.0240538
 endloop
endfacet
facet normal 0 0 0
 outer loop
 vertex 0.209 -0.01545 -0.0267602
 vertex 0.209 -0.0201835 -0.0240538
 vertex 0.209 -0.0198621 -0.0236708
 endloop
endfacet
facet normal 0 0 0
 outer loop
 vertex -0.133 -0.0198621 -0.0236708
 vertex -0.133 -0.0236708 -0.0198621
 vertex -0.133 -0.0240538 -0.0201835
 endloop
endfacet
facet normal 0 0 0
 outer loop
 vertex -0.133 -0.0198621 -0.0236708
 vertex -0.133 -0.0240538 -0.0201835
 vertex -0.133 -0.0201835 -0.0240538
 endloop
endfacet
facet normal 0 0 0
 outer loop
 vertex 0.209 -0.0198621 -0.0236708
 vertex 0.209 -0.0201835 -0.0240538
 vertex 0.209 -0.0240538 -0.0201835
 endloop
endfacet
facet normal 0 0 0
 outer loop
 vertex 0.209 -0.0198621 -0.0236708
 vertex 0.209 -0.0240538 -0.0201835
 vertex 0.209 -0.0236708 -0.0198621
 endloop
endfacet
facet normal 0 0 0
 outer loop
 vertex -0.133 -0.0236708 -0.0198621
 vertex -0.133 -0.0267602 -0.01545
 vertex -0.133 -0.0271932 -0.0157
 endloop
endfacet
facet normal 0 0 0
 outer loop
 vertex -0.133 -0.0236708 -0.0198621
 vertex -0.133 -0.0271932 -0.0157
 vertex -0.133 -0.0240538 -0.0201835
 endloop
endfacet
facet normal 0 0 0
 outer loop
 vertex 0.209 -0.0236708 -0.0198621
 vertex 0.209 -0.0240538 -0.0201835
 vertex 0.209 -0.0271932 -0.0157
 endloop
endfacet
facet normal 0 0 0
 outer loop
 vertex 0.209 -0.0236708 -0.0198621
 vertex 0.209 -0.0271932 -0.0157
 vertex 0.209 -0.0267602 -0.01545
 endloop
endfacet
facet normal 0 0 0
 outer loop
 vertex -0.133 -0.0267602 -0.01545
 vertex -0.133 -0.0290365 -0.0105684
 vertex -0.133 -0.0295063 -0.0107394
 endloop
endfacet
facet normal 0 0 0
 outer loop
 vertex -0.133 -0.0267602 -0.01545
 vertex -0.133 -0.0295063 -0.0107394
 vertex -0.133 -0.0271932 -0.0157
 endloop
endfacet
facet normal 0 0 0
 outer loop
 vertex 0.209 -0.0267602 -0.01545
 vertex 0.209 -0.0271932 -0.0157
 vertex 0.209 -0.0295063 -0.0107394
 endloop
endfacet
facet normal 0 0 0
 outer loop
 vertex 0.209 -0.0267602 -0.01545
 vertex 0.209 -0.0295063 -0.0107394
 vertex 0.209 -0.0290365 -0.0105684
 endloop
endfacet
facet normal 0 0 0
 outer loop
 vertex -0.133 -0.0290365 -0.0105684
 vertex -0.133 -0.0304306 -0.00536573
 vertex -0.133 -0.030923 -0.00545255
 endloop
endfacet
facet normal 0 0 0
 outer loop
 vertex -0.133 -0.0290365 -0.0105684
 vertex -0.133 -0.030923 -0.00545255
 vertex -0.133 -0.0295063 -0.0107394
 endloop
endfacet
facet normal 0 0 0
 outer loop
 vertex 0.209 -0.0290365 -0.0105684
 vertex 0.209 -0.0295063 -0.0107394
 vertex 0.209 -0.030923 -0.00545255
 endloop
endfacet
facet normal 0 0 0
 outer loop
 vertex 0.209 -0.0290365 -0.0105684
 vertex 0.209 -0.030923 -0.00545255
 vertex 0.209 -0.0304306 -0.00536573
 endloop
endfacet
facet normal 0 0 0
 outer loop
 vertex -0.133 -0.0304306 -0.00536573
 vertex -0.133 -0.0309 3.68479e-10
 vertex -0.133 -0.0314 3.74441e-10
 endloop
endfacet
facet normal 0 0 0
 outer loop
 vertex -0.133 -0.0304306 -0.00536573
 vertex -0.133 -0.0314 3.74441e-10
 vertex -0.133 -0.030923 -0.00545255
 endloop
endfacet
facet normal 0 0 0
 outer loop
 vertex 0.209 -0.0304306 -0.00536573
 vertex 0.209 -0.030923 -0.00545255
 vertex 0.209 -0.0314 3.74441e-10
 endloop
endfacet
facet normal 0 0 0
 outer loop
 vertex 0.209 -0.0304306 -0.00536573
 vertex 0.209 -0.0314 3.74441e-10
 vertex 0.209 -0.0309 3.68479e-10
 endloop
endfacet
facet normal 0 0 0
 outer loop
 vertex -0.133 -0.0309 3.68479e-10
 vertex -0.133 -0.0304306 0.00536573
 vertex -0.133 -0.030923 0.00545255
 endloop
endfacet
facet normal 0 0 0
 outer loop
 vertex -0.133 -0.0309 3.68479e-10
 vertex -0.133 -0.030923 0.00545255
 vertex -0.133 -0.0314 3.74441e-10
 endloop
endfacet
facet normal 0 0 0
 outer loop
 vertex 0.209 -0.0309 3.68479e-10
 vertex 0.209 -0.0314 3.74441e-10
 vertex 0.209 -0.030923 0.00545255
 endloop
endfacet
facet normal 0 0 0
 outer loop
 vertex 0.209 -0.0309 3.68479e-10
 vertex 0.209 -0.030923 0.00545255
 vertex 0.209 -0.0304306 0.00536573
 endloop
endfacet
facet normal 0 0 0
 outer loop
 vertex -0.133 -0.0304306 0.00536573
 vertex -0.133 -0.0290365 0.0105684
 vertex -0.133 -0.0295063 0.0107394
 endloop
endfacet
facet normal 0 0 0
 outer loop
 vertex -0.133 -0.0304306 0.00536573
 vertex -0.133 -0.0295063 0.0107394
 vertex -0.133 -0.030923 0.00545255
 endloop
endfacet
facet normal 0 0 0
 outer loop
 vertex 0.209 -0.0304306 0.00536573
 vertex 0.209 -0.030923 0.00545255
 vertex 0.209 -0.0295063 0.0107394
 endloop
endfacet
facet normal 0 0 0
 outer loop
 vertex 0.209 -0.0304306 0.00536573
 vertex 0.209 -0.0295063 0.0107394
 vertex 0.209 -0.0290365 0.0105684
 endloop
endfacet
facet normal 0 0 0
 outer loop
 vertex -0.133 -0.0290365 0.0105684
 vertex -0.133 -0.0267602 0.01545
 vertex -0.133 -0.0271932 0.0157
 endloop
endfacet
facet normal 0 0 0
 outer loop
 vertex -0.133 -0.0290365 0.0105684
 vertex -0.133 -0.0271932 0.0157
 vertex -0.133 -0.0295063 0.0107394
 endloop
endfacet
facet normal 0 0 0
 outer loop
 vertex 0.209 -0.0290365 0.0105684
 vertex 0.209 -0.0295063 0.0107394
 vertex 0.209 -0.0271932 0.0157
 endloop
endfacet
facet normal 0 0 0
 outer loop
 vertex 0.209 -0.0290365 0.0105684
 vertex 0.209 -0.0271932 0.0157
 vertex 0.209 -0.0267602 0.01545
 endloop
endfacet
facet normal 0 0 0
 outer loop
 vertex -0.133 -0.0267602 0.01545
 vertex -0.133 -0.0236708 0.0198621
 vertex -0.133 -0.0240538 0.0201835
 endloop
endfacet
facet normal 0 0 0
 outer loop
 vertex -0.133 -0.0267602 0.01545
 vertex -0.133 -0.0240538 0.0201835
 vertex -0.133 -0.0271932 0.0157
 endloop
endfacet
facet normal 0 0 0
 outer loop
 vertex 0.209 -0.0267602 0.01545
 vertex 0.209 -0.0271932 0.0157
 vertex 0.209 -0.0240538 0.0201835
 endloop
endfacet
facet normal 0 0 0
 outer loop
 vertex 0.209 -0.0267602 0.01545
 vertex 0.209 -0.0240538 0.0201835
 vertex 0.209 -0.0236708 0.0198621
 endloop
endfacet
facet normal 0 0 0
 outer loop
 vertex -0.133 -0.0236708 0.0198621
 vertex -0.133 -0.0198621 0.0236708
 vertex -0.133 -0.0201835 0.0240538
 endloop
endfacet
facet normal 0 0 0
 outer loop
 vertex -0.133 -0.0236708 0.0198621
 vertex -0.133 -0.0201835 0.0240538
 vertex -0.133 -0.0240538 0.0201835
 endloop
endfacet
facet normal 0 0 0
 outer loop
 vertex 0.209 -0.0236708 0.0198621
 vertex 0.209 -0.0240538 0.0201835
 vertex 0.209 -0.0201835 0.0240538
 endloop
endfacet
facet normal 0 0 0
 outer loop
 vertex 0.209 -0.0236708 0.0198621
 vertex 0.209 -0.0201835 0.0240538
 vertex 0.209 -0.0198621 0.0236708
 endloop
endfacet
facet normal 0 0 0
 outer loop
 vertex -0.133 -0.0198621 0.0236708
 vertex -0.133 -0.01545 0.0267602
 vertex -0.133 -0.0157 0.0271932
 endloop
endfacet
facet normal 0 0 0
 outer loop
 vertex -0.133 -0.0198621 0.0236708
 vertex -0.133 -0.0157 0.0271932
 vertex -0.133 -0.0201835 0.0240538
 endloop
endfacet
facet normal 0 0 0
 outer loop
 vertex 0.209 -0.0198621 0.0236708
 vertex 0.209 -0.0201835 0.0240538
 vertex 0.209 -0.0157 0.0271932
 endloop
endfacet
facet normal 0 0 0
 outer loop
 vertex 0.209 -0.0198621 0.0236708
 vertex 0.209 -0.0157 0.0271932
 vertex 0.209 -0.01545 0.0267602
 endloop
endfacet
facet normal 0 0 0
 outer loop
 vertex -0.133 -0.01545 0.0267602
 vertex -0.133 -0.0105684 0.0290365
 vertex -0.133 -0.0107394 0.0295063
 endloop
endfacet
facet normal 0 0 0
 outer loop
 vertex -0.133 -0.01545 0.0267602
 vertex -0.133 -0.0107394 0.0295063
 vertex -0.133 -0.0157 0.0271932
 endloop
endfacet
facet normal 0 0 0
 outer loop
 vertex 0.209 -0.01545 0.0267602
 vertex 0.209 -0.0157 0.0271932
 vertex 0.209 -0.0107394 0.0295063
 endloop
endfacet
facet normal 0 0 0
 outer loop
 vertex 0.209 -0.01545 0.0267602
 vertex 0.209 -0.0107394 0.0295063
 vertex 0.209 -0.0105684 0.0290365
 endloop
endfacet
facet normal 0 0 0
 outer loop
 vertex -0.133 -0.0105684 0.0290365
 vertex -0.133 -0.00536572 0.0304306
 vertex -0.133 -0.00545255 0.030923
 endloop
endfacet
facet normal 0 0 0
 outer loop
 vertex -0.133 -0.0105684 0.0290365
 vertex -0.133 -0.00545255 0.030923
 vertex -0.133 -0.0107394 0.0295063
 endloop
endfacet
facet normal 0 0 0
 outer loop
 vertex 0.209 -0.0105684 0.0290365
 vertex 0.209 -0.0107394 0.0295063
 vertex 0.209 -0.00545255 0.030923
 endloop
endfacet
facet normal 0 0 0
 outer loop
 vertex 0.209 -0.0105684 0.0290365
 vertex 0.209 -0.00545255 0.030923
 vertex 0.209 -0.00536572 0.0304306
 endloop
endfacet
facet normal 0 0 0
 outer loop
 vertex -0.133 -0.00536572 0.0304306
 vertex -0.133 5.40273e-09 0.0309
 vertex -0.133 5.49015e-09 0.0314
 endloop
endfacet
facet normal 0 0 0
 outer loop
 vertex -0.133 -0.00536572 0.0304306
 vertex -0.133 5.49015e-09 0.0314
 vertex -0.133 -0.00545255 0.030923
 endloop
endfacet
facet normal 0 0 0
 outer loop
 vertex 0.209 -0.00536572 0.0304306
 vertex 0.209 -0.00545255 0.030923
 vertex 0.209 5.49015e-09 0.0314
 endloop
endfacet
facet normal 0 0 0
 outer loop
 vertex 0.209 -0.00536572 0.0304306
 vertex 0.209 5.49015e-09 0.0314
 vertex 0.209 5.40273e-09 0.0309
 endloop
endfacet
facet normal 0 0 0
 outer loop
 vertex -0.133 0 0.0317
 vertex -0.133 0.00550465 0.0312184
 vertex 0.209 0.00550465 0.0312184
 endloop
endfacet
facet normal 0 0 0
 outer loop
 vertex -0.133 0 0.0317
 vertex 0.209 0.00550465 0.0312184
 vertex 0.209 0 0.0317
 endloop
endfacet
facet normal 0 0 0
 outer loop
 vertex 0.209 0 0.0312
 vertex 0.209 0.00541782 0.030726
 vertex -0.133 0.00541782 0.030726
 endloop
endfacet
facet normal 0 0 0
 outer loop
 vertex 0.209 0 0.0312
 vertex -0.133 0.00541782 0.030726
 vertex -0.133 0 0.0312
 endloop
endfacet
facet normal 0 0 0
 outer loop
 vertex -0.133 0.00550465 0.0312184
 vertex -0.133 0.010842 0.0297883
 vertex 0.209 0.010842 0.0297883
 endloop
endfacet
facet normal 0 0 0
 outer loop
 vertex -0.133 0.00550465 0.0312184
 vertex 0.209 0.010842 0.0297883
 vertex 0.209 0.00550465 0.0312184
 endloop
endfacet
facet normal 0 0 0
 outer loop
 vertex 0.209 0.00541782 0.030726
 vertex 0.209 0.010671 0.0293184
 vertex -0.133 0.010671 0.0293184
 endloop
endfacet
facet normal 0 0 0
 outer loop
 vertex 0.209 0.00541782 0.030726
 vertex -0.133 0.010671 0.0293184
 vertex -0.133 0.00541782 0.030726
 endloop
endfacet
facet normal 0 0 0
 outer loop
 vertex -0.133 0.010842 0.0297883
 vertex -0.133 0.01585 0.027453
 vertex 0.209 0.01585 0.027453
 endloop
endfacet
facet normal 0 0 0
 outer loop
 vertex -0.133 0.010842 0.0297883
 vertex 0.209 0.01585 0.027453
 vertex 0.209 0.010842 0.0297883
 endloop
endfacet
facet normal 0 0 0
 outer loop
 vertex 0.209 0.010671 0.0293184
 vertex 0.209 0.0156 0.02702
 vertex -0.133 0.0156 0.02702
 endloop
endfacet
facet normal 0 0 0
 outer loop
 vertex 0.209 0.010671 0.0293184
 vertex -0.133 0.0156 0.02702
 vertex -0.133 0.010671 0.0293184
 endloop
endfacet
facet normal 0 0 0
 outer loop
 vertex -0.133 0.01585 0.027453
 vertex -0.133 0.0203764 0.0242836
 vertex 0.209 0.0203764 0.0242836
 endloop
endfacet
facet normal 0 0 0
 outer loop
 vertex -0.133 0.01585 0.027453
 vertex 0.209 0.0203764 0.0242836
 vertex 0.209 0.01585 0.027453
 endloop
endfacet
facet normal 0 0 0
 outer loop
 vertex 0.209 0.0156 0.02702
 vertex 0.209 0.020055 0.0239006
 vertex -0.133 0.020055 0.0239006
 endloop
endfacet
facet normal 0 0 0
 outer loop
 vertex 0.209 0.0156 0.02702
 vertex -0.133 0.020055 0.0239006
 vertex -0.133 0.0156 0.02702
 endloop
endfacet
facet normal 0 0 0
 outer loop
 vertex -0.133 0.0203764 0.0242836
 vertex -0.133 0.0242836 0.0203764
 vertex 0.209 0.0242836 0.0203764
 endloop
endfacet
facet normal 0 0 0
 outer loop
 vertex -0.133 0.0203764 0.0242836
 vertex 0.209 0.0242836 0.0203764
 vertex 0.209 0.0203764 0.0242836
 endloop
endfacet
facet normal 0 0 0
 outer loop
 vertex 0.209 0.020055 0.0239006
 vertex 0.209 0.0239006 0.020055
 vertex -0.133 0.0239006 0.020055
 endloop
endfacet
facet normal 0 0 0
 outer loop
 vertex 0.209 0.020055 0.0239006
 vertex -0.133 0.0239006 0.020055
 vertex -0.133 0.020055 0.0239006
 endloop
endfacet
facet normal 0 0 0
 outer loop
 vertex -0.133 0.0242836 0.0203764
 vertex -0.133 0.027453 0.01585
 vertex 0.209 0.027453 0.01585
 endloop
endfacet
facet normal 0 0 0
 outer loop
 vertex -0.133 0.0242836 0.0203764
 vertex 0.209 0.027453 0.01585
 vertex 0.209 0.0242836 0.0203764
 endloop
endfacet
facet normal 0 0 0
 outer loop
 vertex 0.209 0.0239006 0.020055
 vertex 0.209 0.02702 0.0156
 vertex -0.133 0.02702 0.0156
 endloop
endfacet
facet normal 0 0 0
 outer loop
 vertex 0.209 0.0239006 0.020055
 vertex -0.133 0.02702 0.0156
 vertex -0.133 0.0239006 0.020055
 endloop
endfacet
facet normal 0 0 0
 outer loop
 vertex -0.133 0.027453 0.01585
 vertex -0.133 0.0297883 0.010842
 vertex 0.209 0.0297883 0.010842
 endloop
endfacet
facet normal 0 0 0
 outer loop
 vertex -0.133 0.027453 0.01585
 vertex 0.209 0.0297883 0.010842
 vertex 0.209 0.027453 0.01585
 endloop
endfacet
facet normal 0 0 0
 outer loop
 vertex 0.209 0.02702 0.0156
 vertex 0.209 0.0293184 0.010671
 vertex -0.133 0.0293184 0.010671
 endloop
endfacet
facet normal 0 0 0
 outer loop
 vertex 0.209 0.02702 0.0156
 vertex -0.133 0.0293184 0.010671
 vertex -0.133 0.02702 0.0156
 endloop
endfacet
facet normal 0 0 0
 outer loop
 vertex -0.133 0.0297883 0.010842
 vertex -0.133 0.0312184 0.00550465
 vertex 0.209 0.0312184 0.00550465
 endloop
endfacet
facet normal 0 0 0
 outer loop
 vertex -0.133 0.0297883 0.010842
 vertex 0.209 0.0312184 0.00550465
 vertex 0.209 0.0297883 0.010842
 endloop
endfacet
facet normal 0 0 0
 outer loop
 vertex 0.209 0.0293184 0.010671
 vertex 0.209 0.030726 0.00541782
 vertex -0.133 0.030726 0.00541782
 endloop
endfacet
facet normal 0 0 0
 outer loop
 vertex 0.209 0.0293184 0.010671
 vertex -0.133 0.030726 0.00541782
 vertex -0.133 0.0293184 0.010671
 endloop
endfacet
facet normal 0 0 0
 outer loop
 vertex -0.133 0.0312184 0.00550465
 vertex -0.133 0.0317 -1.38565e-09
 vertex 0.209 0.0317 -1.38565e-09
 endloop
endfacet
facet normal 0 0 0
 outer loop
 vertex -0.133 0.0312184 0.00550465
 vertex 0.209 0.0317 -1.38565e-09
 vertex 0.209 0.0312184 0.00550465
 endloop
endfacet
facet normal 0 0 0
 outer loop
 vertex 0.209 0.030726 0.00541782
 vertex 0.209 0.0312 -1.3638e-09
 vertex -0.133 0.0312 -1.3638e-09
 endloop
endfacet
facet normal 0 0 0
 outer loop
 vertex 0.209 0.030726 0.00541782
 vertex -0.133 0.0312 -1.3638e-09
 vertex -0.133 0.030726 0.00541782
 endloop
endfacet
facet normal 0 0 0
 outer loop
 vertex -0.133 0.0317 -1.38565e-09
 vertex -0.133 0.0312184 -0.00550465
 vertex 0.209 0.0312184 -0.00550465
 endloop
endfacet
facet normal 0 0 0
 outer loop
 vertex -0.133 0.0317 -1.38565e-09
 vertex 0.209 0.0312184 -0.00550465
 vertex 0.209 0.0317 -1.38565e-09
 endloop
endfacet
facet normal 0 0 0
 outer loop
 vertex 0.209 0.0312 -1.3638e-09
 vertex 0.209 0.030726 -0.00541782
 vertex -0.133 0.030726 -0.00541782
 endloop
endfacet
facet normal 0 0 0
 outer loop
 vertex 0.209 0.0312 -1.3638e-09
 vertex -0.133 0.030726 -0.00541782
 vertex -0.133 0.0312 -1.3638e-09
 endloop
endfacet
facet normal 0 0 0
 outer loop
 vertex -0.133 0.0312184 -0.00550465
 vertex -0.133 0.0297883 -0.010842
 vertex 0.209 0.0297883 -0.010842
 endloop
endfacet
facet normal 0 0 0
 outer loop
 vertex -0.133 0.0312184 -0.00550465
 vertex 0.209 0.0297883 -0.010842
 vertex 0.209 0.0312184 -0.00550465
 endloop
endfacet
facet normal 0 0 0
 outer loop
 vertex 0.209 0.030726 -0.00541782
 vertex 0.209 0.0293184 -0.010671
 vertex -0.133 0.0293184 -0.010671
 endloop
endfacet
facet normal 0 0 0
 outer loop
 vertex 0.209 0.030726 -0.00541782
 vertex -0.133 0.0293184 -0.010671
 vertex -0.133 0.030726 -0.00541782
 endloop
endfacet
facet normal 0 0 0
 outer loop
 vertex -0.133 0.0297883 -0.010842
 vertex -0.133 0.027453 -0.01585
 vertex 0.209 0.027453 -0.01585
 endloop
endfacet
facet normal 0 0 0
 outer loop
 vertex -0.133 0.0297883 -0.010842
 vertex 0.209 0.027453 -0.01585
 vertex 0.209 0.0297883 -0.010842
 endloop
endfacet
facet normal 0 0 0
 outer loop
 vertex 0.209 0.0293184 -0.010671
 vertex 0.209 0.02702 -0.0156
 vertex -0.133 0.02702 -0.0156
 endloop
endfacet
facet normal 0 0 0
 outer loop
 vertex 0.209 0.0293184 -0.010671
 vertex -0.133 0.02702 -0.0156
 vertex -0.133 0.0293184 -0.010671
 endloop
endfacet
facet normal 0 0 0
 outer loop
 vertex -0.133 0.027453 -0.01585
 vertex -0.133 0.0242836 -0.0203764
 vertex 0.209 0.0242836 -0.0203764
 endloop
endfacet
facet normal 0 0 0
 outer loop
 vertex -0.133 0.027453 -0.01585
 vertex 0.209 0.0242836 -0.0203764
 vertex 0.209 0.027453 -0.01585
 endloop
endfacet
facet normal 0 0 0
 outer loop
 vertex 0.209 0.02702 -0.0156
 vertex 0.209 0.0239006 -0.020055
 vertex -0.133 0.0239006 -0.020055
 endloop
endfacet
facet normal 0 0 0
 outer loop
 vertex 0.209 0.02702 -0.0156
 vertex -0.133 0.0239006 -0.020055
 vertex -0.133 0.02702 -0.0156
 endloop
endfacet
facet normal 0 0 0
 outer loop
 vertex -0.133 0.0242836 -0.0203764
 vertex -0.133 0.0203764 -0.0242836
 vertex 0.209 0.0203764 -0.0242836
 endloop
endfacet
facet normal 0 0 0
 outer loop
 vertex -0.133 0.0242836 -0.0203764
 vertex 0.209 0.0203764 -0.0242836
 vertex 0.209 0.0242836 -0.0203764
 endloop
endfacet
facet normal 0 0 0
 outer loop
 vertex 0.209 0.0239006 -0.020055
 vertex 0.209 0.020055 -0.0239006
 vertex -0.133 0.020055 -0.0239006
 endloop
endfacet
facet normal 0 0 0
 outer loop
 vertex 0.209 0.0239006 -0.020055
 vertex -0.133 0.020055 -0.0239006
 vertex -0.133 0.0239006 -0.020055
 endloop
endfacet
facet normal 0 0 0
 outer loop
 vertex -0.133 0.0203764 -0.0242836
 vertex -0.133 0.01585 -0.027453
 vertex 0.209 0.01585 -0.027453
 endloop
endfacet
facet normal 0 0 0
 outer loop
 vertex -0.133 0.0203764 -0.0242836
 vertex 0.209 0.01585 -0.027453
 vertex 0.209 0.0203764 -0.0242836
 endloop
endfacet
facet normal 0 0 0
 outer loop
 vertex 0.209 0.020055 -0.0239006
 vertex 0.209 0.0156 -0.02702
 vertex -0.133 0.0156 -0.02702
 endloop
endfacet
facet normal 0 0 0
 outer loop
 vertex 0.209 0.020055 -0.0239006
 vertex -0.133 0.0156 -0.02702
 vertex -0.133 0.020055 -0.0239006
 endloop
endfacet
facet normal 0 0 0
 outer loop
 vertex -0.133 0.01585 -0.027453
 vertex -0.133 0.010842 -0.0297883
 vertex 0.209 0.010842 -0.0297883
 endloop
endfacet
facet normal 0 0 0
 outer loop
 vertex -0.133 0.01585 -0.027453
 vertex 0.209 0.010842 -0.0297883
 vertex 0.209 0.01585 -0.027453
 endloop
endfacet
facet normal 0 0 0
 outer loop
 vertex 0.209 0.0156 -0.02702
 vertex 0.209 0.010671 -0.0293184
 vertex -0.133 0.010671 -0.0293184
 endloop
endfacet
facet normal 0 0 0
 outer loop
 vertex 0.209 0.0156 -0.02702
 vertex -0.133 0.010671 -0.0293184
 vertex -0.133 0.0156 -0.02702
 endloop
endfacet
facet normal 0 0 0
 outer loop
 vertex -0.133 0.010842 -0.0297883
 vertex -0.133 0.00550465 -0.0312184
 vertex 0.209 0.00550465 -0.0312184
 endloop
endfacet
facet normal 0 0 0
 outer loop
 vertex -0.133 0.010842 -0.0297883
 vertex 0.209 0.00550465 -0.0312184
 vertex 0.209 0.010842 -0.0297883
 endloop
endfacet
facet normal 0 0 0
 outer loop
 vertex 0.209 0.010671 -0.0293184
 vertex 0.209 0.00541783 -0.030726
 vertex -0.133 0.00541783 -0.030726
 endloop
endfacet
facet normal 0 0 0
 outer loop
 vertex 0.209 0.010671 -0.0293184
 vertex -0.133 0.00541783 -0.030726
 vertex -0.133 0.010671 -0.0293184
 endloop
endfacet
facet normal 0 0 0
 outer loop
 vertex -0.133 0.00550465 -0.0312184
 vertex -0.133 -2.7713e-09 -0.0317
 vertex 0.209 -2.7713e-09 -0.0317
 endloop
endfacet
facet normal 0 0 0
 outer loop
 vertex -0.133 0.00550465 -0.0312184
 vertex 0.209 -2.7713e-09 -0.0317
 vertex 0.209 0.00550465 -0.0312184
 endloop
endfacet
facet normal 0 0 0
 outer loop
 vertex 0.209 0.00541783 -0.030726
 vertex 0.209 -2.72759e-09 -0.0312
 vertex -0.133 -2.72759e-09 -0.0312
 endloop
endfacet
facet normal 0 0 0
 outer loop
 vertex 0.209 0.00541783 -0.030726
 vertex -0.133 -2.72759e-09 -0.0312
 vertex -0.133 0.00541783 -0.030726
 endloop
endfacet
facet normal 0 0 0
 outer loop
 vertex -0.133 -2.7713e-09 -0.0317
 vertex -0.133 -0.00550465 -0.0312184
 vertex 0.209 -0.00550465 -0.0312184
 endloop
endfacet
facet normal 0 0 0
 outer loop
 vertex -0.133 -2.7713e-09 -0.0317
 vertex 0.209 -0.00550465 -0.0312184
 vertex 0.209 -2.7713e-09 -0.0317
 endloop
endfacet
facet normal 0 0 0
 outer loop
 vertex 0.209 -2.72759e-09 -0.0312
 vertex 0.209 -0.00541782 -0.030726
 vertex -0.133 -0.00541782 -0.030726
 endloop
endfacet
facet normal 0 0 0
 outer loop
 vertex 0.209 -2.72759e-09 -0.0312
 vertex -0.133 -0.00541782 -0.030726
 vertex -0.133 -2.72759e-09 -0.0312
 endloop
endfacet
facet normal 0 0 0
 outer loop
 vertex -0.133 -0.00550465 -0.0312184
 vertex -0.133 -0.010842 -0.0297883
 vertex 0.209 -0.010842 -0.0297883
 endloop
endfacet
facet normal 0 0 0
 outer loop
 vertex -0.133 -0.00550465 -0.0312184
 vertex 0.209 -0.010842 -0.0297883
 vertex 0.209 -0.00550465 -0.0312184
 endloop
endfacet
facet normal 0 0 0
 outer loop
 vertex 0.209 -0.00541782 -0.030726
 vertex 0.209 -0.010671 -0.0293184
 vertex -0.133 -0.010671 -0.0293184
 endloop
endfacet
facet normal 0 0 0
 outer loop
 vertex 0.209 -0.00541782 -0.030726
 vertex -0.133 -0.010671 -0.0293184
 vertex -0.133 -0.00541782 -0.030726
 endloop
endfacet
facet normal 0 0 0
 outer loop
 vertex -0.133 -0.010842 -0.0297883
 vertex -0.133 -0.01585 -0.027453
 vertex 0.209 -0.01585 -0.027453
 endloop
endfacet
facet normal 0 0 0
 outer loop
 vertex -0.133 -0.010842 -0.0297883
 vertex 0.209 -0.01585 -0.027453
 vertex 0.209 -0.010842 -0.0297883
 endloop
endfacet
facet normal 0 0 0
 outer loop
 vertex 0.209 -0.010671 -0.0293184
 vertex 0.209 -0.0156 -0.02702
 vertex -0.133 -0.0156 -0.02702
 endloop
endfacet
facet normal 0 0 0
 outer loop
 vertex 0.209 -0.010671 -0.0293184
 vertex -0.133 -0.0156 -0.02702
 vertex -0.133 -0.010671 -0.0293184
 endloop
endfacet
facet normal 0 0 0
 outer loop
 vertex -0.133 -0.01585 -0.027453
 vertex -0.133 -0.0203764 -0.0242836
 vertex 0.209 -0.0203764 -0.0242836
 endloop
endfacet
facet normal 0 0 0
 outer loop
 vertex -0.133 -0.01585 -0.027453
 vertex 0.209 -0.0203764 -0.0242836
 vertex 0.209 -0.01585 -0.027453
 endloop
endfacet
facet normal 0 0 0
 outer loop
 vertex 0.209 -0.0156 -0.02702
 vertex 0.209 -0.020055 -0.0239006
 vertex -0.133 -0.020055 -0.0239006
 endloop
endfacet
facet normal 0 0 0
 outer loop
 vertex 0.209 -0.0156 -0.02702
 vertex -0.133 -0.020055 -0.0239006
 vertex -0.133 -0.0156 -0.02702
 endloop
endfacet
facet normal 0 0 0
 outer loop
 vertex -0.133 -0.0203764 -0.0242836
 vertex -0.133 -0.0242836 -0.0203764
 vertex 0.209 -0.0242836 -0.0203764
 endloop
endfacet
facet normal 0 0 0
 outer loop
 vertex -0.133 -0.0203764 -0.0242836
 vertex 0.209 -0.0242836 -0.0203764
 vertex 0.209 -0.0203764 -0.0242836
 endloop
endfacet
facet normal 0 0 0
 outer loop
 vertex 0.209 -0.020055 -0.0239006
 vertex 0.209 -0.0239006 -0.020055
 vertex -0.133 -0.0239006 -0.020055
 endloop
endfacet
facet normal 0 0 0
 outer loop
 vertex 0.209 -0.020055 -0.0239006
 vertex -0.133 -0.0239006 -0.020055
 vertex -0.133 -0.020055 -0.0239006
 endloop
endfacet
facet normal 0 0 0
 outer loop
 vertex -0.133 -0.0242836 -0.0203764
 vertex -0.133 -0.027453 -0.01585
 vertex 0.209 -0.027453 -0.01585
 endloop
endfacet
facet normal 0 0 0
 outer loop
 vertex -0.133 -0.0242836 -0.0203764
 vertex 0.209 -0.027453 -0.01585
 vertex 0.209 -0.0242836 -0.0203764
 endloop
endfacet
facet normal 0 0 0
 outer loop
 vertex 0.209 -0.0239006 -0.020055
 vertex 0.209 -0.02702 -0.0156
 vertex -0.133 -0.02702 -0.0156
 endloop
endfacet
facet normal 0 0 0
 outer loop
 vertex 0.209 -0.0239006 -0.020055
 vertex -0.133 -0.02702 -0.0156
 vertex -0.133 -0.0239006 -0.020055
 endloop
endfacet
facet normal 0 0 0
 outer loop
 vertex -0.133 -0.027453 -0.01585
 vertex -0.133 -0.0297883 -0.010842
 vertex 0.209 -0.0297883 -0.010842
 endloop
endfacet
facet normal 0 0 0
 outer loop
 vertex -0.133 -0.027453 -0.01585
 vertex 0.209 -0.0297883 -0.010842
 vertex 0.209 -0.027453 -0.01585
 endloop
endfacet
facet normal 0 0 0
 outer loop
 vertex 0.209 -0.02702 -0.0156
 vertex 0.209 -0.0293184 -0.010671
 vertex -0.133 -0.0293184 -0.010671
 endloop
endfacet
facet normal 0 0 0
 outer loop
 vertex 0.209 -0.02702 -0.0156
 vertex -0.133 -0.0293184 -0.010671
 vertex -0.133 -0.02702 -0.0156
 endloop
endfacet
facet normal 0 0 0
 outer loop
 vertex -0.133 -0.0297883 -0.010842
 vertex -0.133 -0.0312184 -0.00550465
 vertex 0.209 -0.0312184 -0.00550465
 endloop
endfacet
facet normal 0 0 0
 outer loop
 vertex -0.133 -0.0297883 -0.010842
 vertex 0.209 -0.0312184 -0.00550465
 vertex 0.209 -0.0297883 -0.010842
 endloop
endfacet
facet normal 0 0 0
 outer loop
 vertex 0.209 -0.0293184 -0.010671
 vertex 0.209 -0.030726 -0.00541782
 vertex -0.133 -0.030726 -0.00541782
 endloop
endfacet
facet normal 0 0 0
 outer loop
 vertex 0.209 -0.0293184 -0.010671
 vertex -0.133 -0.030726 -0.00541782
 vertex -0.133 -0.0293184 -0.010671
 endloop
endfacet
facet normal 0 0 0
 outer loop
 vertex -0.133 -0.0312184 -0.00550465
 vertex -0.133 -0.0317 3.78019e-10
 vertex 0.209 -0.0317 3.78019e-10
 endloop
endfacet
facet normal 0 0 0
 outer loop
 vertex -0.133 -0.0312184 -0.00550465
 vertex 0.209 -0.0317 3.78019e-10
 vertex 0.209 -0.0312184 -0.00550465
 endloop
endfacet
facet normal 0 0 0
 outer loop
 vertex 0.209 -0.030726 -0.00541782
 vertex 0.209 -0.0312 3.72056e-10
 vertex -0.133 -0.0312 3.72056e-10
 endloop
endfacet
facet normal 0 0 0
 outer loop
 vertex 0.209 -0.030726 -0.00541782
 vertex -0.133 -0.0312 3.72056e-10
 vertex -0.133 -0.030726 -0.00541782
 endloop
endfacet
facet normal 0 0 0
 outer loop
 vertex -0.133 -0.0317 3.78019e-10
 vertex -0.133 -0.0312184 0.00550465
 vertex 0.209 -0.0312184 0.00550465
 endloop
endfacet
facet normal 0 0 0
 outer loop
 vertex -0.133 -0.0317 3.78019e-10
 vertex 0.209 -0.0312184 0.00550465
 vertex 0.209 -0.0317 3.78019e-10
 endloop
endfacet
facet normal 0 0 0
 outer loop
 vertex 0.209 -0.0312 3.72056e-10
 vertex 0.209 -0.030726 0.00541782
 vertex -0.133 -0.030726 0.00541782
 endloop
endfacet
facet normal 0 0 0
 outer loop
 vertex 0.209 -0.0312 3.72056e-10
 vertex -0.133 -0.030726 0.00541782
 vertex -0.133 -0.0312 3.72056e-10
 endloop
endfacet
facet normal 0 0 0
 outer loop
 vertex -0.133 -0.0312184 0.00550465
 vertex -0.133 -0.0297883 0.010842
 vertex 0.209 -0.0297883 0.010842
 endloop
endfacet
facet normal 0 0 0
 outer loop
 vertex -0.133 -0.0312184 0.00550465
 vertex 0.209 -0.0297883 0.010842
 vertex 0.209 -0.0312184 0.00550465
 endloop
endfacet
facet normal 0 0 0
 outer loop
 vertex 0.209 -0.030726 0.00541782
 vertex 0.209 -0.0293184 0.010671
 vertex -0.133 -0.0293184 0.010671
 endloop
endfacet
facet normal 0 0 0
 outer loop
 vertex 0.209 -0.030726 0.00541782
 vertex -0.133 -0.0293184 0.010671
 vertex -0.133 -0.030726 0.00541782
 endloop
endfacet
facet normal 0 0 0
 outer loop
 vertex -0.133 -0.0297883 0.010842
 vertex -0.133 -0.027453 0.01585
 vertex 0.209 -0.027453 0.01585
 endloop
endfacet
facet normal 0 0 0
 outer loop
 vertex -0.133 -0.0297883 0.010842
 vertex 0.209 -0.027453 0.01585
 vertex 0.209 -0.0297883 0.010842
 endloop
endfacet
facet normal 0 0 0
 outer loop
 vertex 0.209 -0.0293184 0.010671
 vertex 0.209 -0.02702 0.0156
 vertex -0.133 -0.02702 0.0156
 endloop
endfacet
facet normal 0 0 0
 outer loop
 vertex 0.209 -0.0293184 0.010671
 vertex -0.133 -0.02702 0.0156
 vertex -0.133 -0.0293184 0.010671
 endloop
endfacet
facet normal 0 0 0
 outer loop
 vertex -0.133 -0.027453 0.01585
 vertex -0.133 -0.0242836 0.0203764
 vertex 0.209 -0.0242836 0.0203764
 endloop
endfacet
facet normal 0 0 0
 outer loop
 vertex -0.133 -0.027453 0.01585
 vertex 0.209 -0.0242836 0.0203764
 vertex 0.209 -0.027453 0.01585
 endloop
endfacet
facet normal 0 0 0
 outer loop
 vertex 0.209 -0.02702 0.0156
 vertex 0.209 -0.0239006 0.020055
 vertex -0.133 -0.0239006 0.020055
 endloop
endfacet
facet normal 0 0 0
 outer loop
 vertex 0.209 -0.02702 0.0156
 vertex -0.133 -0.0239006 0.020055
 vertex -0.133 -0.02702 0.0156
 endloop
endfacet
facet normal 0 0 0
 outer loop
 vertex -0.133 -0.0242836 0.0203764
 vertex -0.133 -0.0203764 0.0242836
 vertex 0.209 -0.0203764 0.0242836
 endloop
endfacet
facet normal 0 0 0
 outer loop
 vertex -0.133 -0.0242836 0.0203764
 vertex 0.209 -0.0203764 0.0242836
 vertex 0.209 -0.0242836 0.0203764
 endloop
endfacet
facet normal 0 0 0
 outer loop
 vertex 0.209 -0.0239006 0.020055
 vertex 0.209 -0.020055 0.0239006
 vertex -0.133 -0.020055 0.0239006
 endloop
endfacet
facet normal 0 0 0
 outer loop
 vertex 0.209 -0.0239006 0.020055
 vertex -0.133 -0.020055 0.0239006
 vertex -0.133 -0.0239006 0.020055
 endloop
endfacet
facet normal 0 0 0
 outer loop
 vertex -0.133 -0.0203764 0.0242836
 vertex -0.133 -0.01585 0.027453
 vertex 0.209 -0.01585 0.027453
 endloop
endfacet
facet normal 0 0 0
 outer loop
 vertex -0.133 -0.0203764 0.0242836
 vertex 0.209 -0.01585 0.027453
 vertex 0.209 -0.0203764 0.0242836
 endloop
endfacet
facet normal 0 0 0
 outer loop
 vertex 0.209 -0.020055 0.0239006
 vertex 0.209 -0.0156 0.02702
 vertex -0.133 -0.0156 0.02702
 endloop
endfacet
facet normal 0 0 0
 outer loop
 vertex 0.209 -0.020055 0.0239006
 vertex -0.133 -0.0156 0.02702
 vertex -0.133 -0.020055 0.0239006
 endloop
endfacet
facet normal 0 0 0
 outer loop
 vertex -0.133 -0.01585 0.027453
 vertex -0.133 -0.010842 0.0297883
 vertex 0.209 -0.010842 0.0297883
 endloop
endfacet
facet normal 0 0 0
 outer loop
 vertex -0.133 -0.01585 0.027453
 vertex 0.209 -0.010842 0.0297883
 vertex 0.209 -0.01585 0.027453
 endloop
endfacet
facet normal 0 0 0
 outer loop
 vertex 0.209 -0.0156 0.02702
 vertex 0.209 -0.010671 0.0293184
 vertex -0.133 -0.010671 0.0293184
 endloop
endfacet
facet normal 0 0 0
 outer loop
 vertex 0.209 -0.0156 0.02702
 vertex -0.133 -0.010671 0.0293184
 vertex -0.133 -0.0156 0.02702
 endloop
endfacet
facet normal 0 0 0
 outer loop
 vertex -0.133 -0.010842 0.0297883
 vertex -0.133 -0.00550464 0.0312184
 vertex 0.209 -0.00550464 0.0312184
 endloop
endfacet
facet normal 0 0 0
 outer loop
 vertex -0.133 -0.010842 0.0297883
 vertex 0.209 -0.00550464 0.0312184
 vertex 0.209 -0.010842 0.0297883
 endloop
endfacet
facet normal 0 0 0
 outer loop
 vertex 0.209 -0.010671 0.0293184
 vertex 0.209 -0.00541782 0.030726
 vertex -0.133 -0.00541782 0.030726
 endloop
endfacet
facet normal 0 0 0
 outer loop
 vertex 0.209 -0.010671 0.0293184
 vertex -0.133 -0.00541782 0.030726
 vertex -0.133 -0.010671 0.0293184
 endloop
endfacet
facet normal 0 0 0
 outer loop
 vertex -0.133 -0.00550464 0.0312184
 vertex -0.133 5.5426e-09 0.0317
 vertex 0.209 5.5426e-09 0.0317
 endloop
endfacet
facet normal 0 0 0
 outer loop
 vertex -0.133 -0.00550464 0.0312184
 vertex 0.209 5.5426e-09 0.0317
 vertex 0.209 -0.00550464 0.0312184
 endloop
endfacet
facet normal 0 0 0
 outer loop
 vertex 0.209 -0.00541782 0.030726
 vertex 0.209 5.45518e-09 0.0312
 vertex -0.133 5.45518e-09 0.0312
 endloop
endfacet
facet normal 0 0 0
 outer loop
 vertex 0.209 -0.00541782 0.030726
 vertex -0.133 5.45518e-09 0.0312
 vertex -0.133 -0.00541782 0.030726
 endloop
endfacet
facet normal 0 0 0
 outer loop
 vertex -0.133 0 0.0312
 vertex -0.133 0.00541782 0.030726
 vertex -0.133 0.00550465 0.0312184
 endloop
endfacet
facet normal 0 0 0
 outer loop
 vertex -0.133 0 0.0312
 vertex -0.133 0.00550465 0.0312184
 vertex -0.133 0 0.0317
 endloop
endfacet
facet normal 0 0 0
 outer loop
 vertex 0.209 0 0.0312
 vertex 0.209 0 0.0317
 vertex 0.209 0.00550465 0.0312184
 endloop
endfacet
facet normal 0 0 0
 outer loop
 vertex 0.209 0 0.0312
 vertex 0.209 0.00550465 0.0312184
 vertex 0.209 0.00541782 0.030726
 endloop
endfacet
facet normal 0 0 0
 outer loop
 vertex -0.133 0.00541782 0.030726
 vertex -0.133 0.010671 0.0293184
 vertex -0.133 0.010842 0.0297883
 endloop
endfacet
facet normal 0 0 0
 outer loop
 vertex -0.133 0.00541782 0.030726
 vertex -0.133 0.010842 0.0297883
 vertex -0.133 0.00550465 0.0312184
 endloop
endfacet
facet normal 0 0 0
 outer loop
 vertex 0.209 0.00541782 0.030726
 vertex 0.209 0.00550465 0.0312184
 vertex 0.209 0.010842 0.0297883
 endloop
endfacet
facet normal 0 0 0
 outer loop
 vertex 0.209 0.00541782 0.030726
 vertex 0.209 0.010842 0.0297883
 vertex 0.209 0.010671 0.0293184
 endloop
endfacet
facet normal 0 0 0
 outer loop
 vertex -0.133 0.010671 0.0293184
 vertex -0.133 0.0156 0.02702
 vertex -0.133 0.01585 0.027453
 endloop
endfacet
facet normal 0 0 0
 outer loop
 vertex -0.133 0.010671 0.0293184
 vertex -0.133 0.01585 0.027453
 vertex -0.133 0.010842 0.0297883
 endloop
endfacet
facet normal 0 0 0
 outer loop
 vertex 0.209 0.010671 0.0293184
 vertex 0.209 0.010842 0.0297883
 vertex 0.209 0.01585 0.027453
 endloop
endfacet
facet normal 0 0 0
 outer loop
 vertex 0.209 0.010671 0.0293184
 vertex 0.209 0.01585 0.027453
 vertex 0.209 0.0156 0.02702
 endloop
endfacet
facet normal 0 0 0
 outer loop
 vertex -0.133 0.0156 0.02702
 vertex -0.133 0.020055 0.0239006
 vertex -0.133 0.0203764 0.0242836
 endloop
endfacet
facet normal 0 0 0
 outer loop
 vertex -0.133 0.0156 0.02702
 vertex -0.133 0.0203764 0.0242836
 vertex -0.133 0.01585 0.027453
 endloop
endfacet
facet normal 0 0 0
 outer loop
 vertex 0.209 0.0156 0.02702
 vertex 0.209 0.01585 0.027453
 vertex 0.209 0.0203764 0.0242836
 endloop
endfacet
facet normal 0 0 0
 outer loop
 vertex 0.209 0.0156 0.02702
 vertex 0.209 0.0203764 0.0242836
 vertex 0.209 0.020055 0.0239006
 endloop
endfacet
facet normal 0 0 0
 outer loop
 vertex -0.133 0.020055 0.0239006
 vertex -0.133 0.0239006 0.020055
 vertex -0.133 0.0242836 0.0203764
 endloop
endfacet
facet normal 0 0 0
 outer loop
 vertex -0.133 0.020055 0.0239006
 vertex -0.133 0.0242836 0.0203764
 vertex -0.133 0.0203764 0.0242836
 endloop
endfacet
facet normal 0 0 0
 outer loop
 vertex 0.209 0.020055 0.0239006
 vertex 0.209 0.0203764 0.0242836
 vertex 0.209 0.0242836 0.0203764
 endloop
endfacet
facet normal 0 0 0
 outer loop
 vertex 0.209 0.020055 0.0239006
 vertex 0.209 0.0242836 0.0203764
 vertex 0.209 0.0239006 0.020055
 endloop
endfacet
facet normal 0 0 0
 outer loop
 vertex -0.133 0.0239006 0.020055
 vertex -0.133 0.02702 0.0156
 vertex -0.133 0.027453 0.01585
 endloop
endfacet
facet normal 0 0 0
 outer loop
 vertex -0.133 0.0239006 0.020055
 vertex -0.133 0.027453 0.01585
 vertex -0.133 0.0242836 0.0203764
 endloop
endfacet
facet normal 0 0 0
 outer loop
 vertex 0.209 0.0239006 0.020055
 vertex 0.209 0.0242836 0.0203764
 vertex 0.209 0.027453 0.01585
 endloop
endfacet
facet normal 0 0 0
 outer loop
 vertex 0.209 0.0239006 0.020055
 vertex 0.209 0.027453 0.01585
 vertex 0.209 0.02702 0.0156
 endloop
endfacet
facet normal 0 0 0
 outer loop
 vertex -0.133 0.02702 0.0156
 vertex -0.133 0.0293184 0.010671
 vertex -0.133 0.0297883 0.010842
 endloop
endfacet
facet normal 0 0 0
 outer loop
 vertex -0.133 0.02702 0.0156
 vertex -0.133 0.0297883 0.010842
 vertex -0.133 0.027453 0.01585
 endloop
endfacet
facet normal 0 0 0
 outer loop
 vertex 0.209 0.02702 0.0156
 vertex 0.209 0.027453 0.01585
 vertex 0.209 0.0297883 0.010842
 endloop
endfacet
facet normal 0 0 0
 outer loop
 vertex 0.209 0.02702 0.0156
 vertex 0.209 0.0297883 0.010842
 vertex 0.209 0.0293184 0.010671
 endloop
endfacet
facet normal 0 0 0
 outer loop
 vertex -0.133 0.0293184 0.010671
 vertex -0.133 0.030726 0.00541782
 vertex -0.133 0.0312184 0.00550465
 endloop
endfacet
facet normal 0 0 0
 outer loop
 vertex -0.133 0.0293184 0.010671
 vertex -0.133 0.0312184 0.00550465
 vertex -0.133 0.0297883 0.010842
 endloop
endfacet
facet normal 0 0 0
 outer loop
 vertex 0.209 0.0293184 0.010671
 vertex 0.209 0.0297883 0.010842
 vertex 0.209 0.0312184 0.00550465
 endloop
endfacet
facet normal 0 0 0
 outer loop
 vertex 0.209 0.0293184 0.010671
 vertex 0.209 0.0312184 0.00550465
 vertex 0.209 0.030726 0.00541782
 endloop
endfacet
facet normal 0 0 0
 outer loop
 vertex -0.133 0.030726 0.00541782
 vertex -0.133 0.0312 -1.3638e-09
 vertex -0.133 0.0317 -1.38565e-09
 endloop
endfacet
facet normal 0 0 0
 outer loop
 vertex -0.133 0.030726 0.00541782
 vertex -0.133 0.0317 -1.38565e-09
 vertex -0.133 0.0312184 0.00550465
 endloop
endfacet
facet normal 0 0 0
 outer loop
 vertex 0.209 0.030726 0.00541782
 vertex 0.209 0.0312184 0.00550465
 vertex 0.209 0.0317 -1.38565e-09
 endloop
endfacet
facet normal 0 0 0
 outer loop
 vertex 0.209 0.030726 0.00541782
 vertex 0.209 0.0317 -1.38565e-09
 vertex 0.209 0.0312 -1.3638e-09
 endloop
endfacet
facet normal 0 0 0
 outer loop
 vertex -0.133 0.0312 -1.3638e-09
 vertex -0.133 0.030726 -0.00541782
 vertex -0.133 0.0312184 -0.00550465
 endloop
endfacet
facet normal 0 0 0
 outer loop
 vertex -0.133 0.0312 -1.3638e-09
 vertex -0.133 0.0312184 -0.00550465
 vertex -0.133 0.0317 -1.38565e-09
 endloop
endfacet
facet normal 0 0 0
 outer loop
 vertex 0.209 0.0312 -1.3638e-09
 vertex 0.209 0.0317 -1.38565e-09
 vertex 0.209 0.0312184 -0.00550465
 endloop
endfacet
facet normal 0 0 0
 outer loop
 vertex 0.209 0.0312 -1.3638e-09
 vertex 0.209 0.0312184 -0.00550465
 vertex 0.209 0.030726 -0.00541782
 endloop
endfacet
facet normal 0 0 0
 outer loop
 vertex -0.133 0.030726 -0.00541782
 vertex -0.133 0.0293184 -0.010671
 vertex -0.133 0.0297883 -0.010842
 endloop
endfacet
facet normal 0 0 0
 outer loop
 vertex -0.133 0.030726 -0.00541782
 vertex -0.133 0.0297883 -0.010842
 vertex -0.133 0.0312184 -0.00550465
 endloop
endfacet
facet normal 0 0 0
 outer loop
 vertex 0.209 0.030726 -0.00541782
 vertex 0.209 0.0312184 -0.00550465
 vertex 0.209 0.0297883 -0.010842
 endloop
endfacet
facet normal 0 0 0
 outer loop
 vertex 0.209 0.030726 -0.00541782
 vertex 0.209 0.0297883 -0.010842
 vertex 0.209 0.0293184 -0.010671
 endloop
endfacet
facet normal 0 0 0
 outer loop
 vertex -0.133 0.0293184 -0.010671
 vertex -0.133 0.02702 -0.0156
 vertex -0.133 0.027453 -0.01585
 endloop
endfacet
facet normal 0 0 0
 outer loop
 vertex -0.133 0.0293184 -0.010671
 vertex -0.133 0.027453 -0.01585
 vertex -0.133 0.0297883 -0.010842
 endloop
endfacet
facet normal 0 0 0
 outer loop
 vertex 0.209 0.0293184 -0.010671
 vertex 0.209 0.0297883 -0.010842
 vertex 0.209 0.027453 -0.01585
 endloop
endfacet
facet normal 0 0 0
 outer loop
 vertex 0.209 0.0293184 -0.010671
 vertex 0.209 0.027453 -0.01585
 vertex 0.209 0.02702 -0.0156
 endloop
endfacet
facet normal 0 0 0
 outer loop
 vertex -0.133 0.02702 -0.0156
 vertex -0.133 0.0239006 -0.020055
 vertex -0.133 0.0242836 -0.0203764
 endloop
endfacet
facet normal 0 0 0
 outer loop
 vertex -0.133 0.02702 -0.0156
 vertex -0.133 0.0242836 -0.0203764
 vertex -0.133 0.027453 -0.01585
 endloop
endfacet
facet normal 0 0 0
 outer loop
 vertex 0.209 0.02702 -0.0156
 vertex 0.209 0.027453 -0.01585
 vertex 0.209 0.0242836 -0.0203764
 endloop
endfacet
facet normal 0 0 0
 outer loop
 vertex 0.209 0.02702 -0.0156
 vertex 0.209 0.0242836 -0.0203764
 vertex 0.209 0.0239006 -0.020055
 endloop
endfacet
facet normal 0 0 0
 outer loop
 vertex -0.133 0.0239006 -0.020055
 vertex -0.133 0.020055 -0.0239006
 vertex -0.133 0.0203764 -0.0242836
 endloop
endfacet
facet normal 0 0 0
 outer loop
 vertex -0.133 0.0239006 -0.020055
 vertex -0.133 0.0203764 -0.0242836
 vertex -0.133 0.0242836 -0.0203764
 endloop
endfacet
facet normal 0 0 0
 outer loop
 vertex 0.209 0.0239006 -0.020055
 vertex 0.209 0.0242836 -0.0203764
 vertex 0.209 0.0203764 -0.0242836
 endloop
endfacet
facet normal 0 0 0
 outer loop
 vertex 0.209 0.0239006 -0.020055
 vertex 0.209 0.0203764 -0.0242836
 vertex 0.209 0.020055 -0.0239006
 endloop
endfacet
facet normal 0 0 0
 outer loop
 vertex -0.133 0.020055 -0.0239006
 vertex -0.133 0.0156 -0.02702
 vertex -0.133 0.01585 -0.027453
 endloop
endfacet
facet normal 0 0 0
 outer loop
 vertex -0.133 0.020055 -0.0239006
 vertex -0.133 0.01585 -0.027453
 vertex -0.133 0.0203764 -0.0242836
 endloop
endfacet
facet normal 0 0 0
 outer loop
 vertex 0.209 0.020055 -0.0239006
 vertex 0.209 0.0203764 -0.0242836
 vertex 0.209 0.01585 -0.027453
 endloop
endfacet
facet normal 0 0 0
 outer loop
 vertex 0.209 0.020055 -0.0239006
 vertex 0.209 0.01585 -0.027453
 vertex 0.209 0.0156 -0.02702
 endloop
endfacet
facet normal 0 0 0
 outer loop
 vertex -0.133 0.0156 -0.02702
 vertex -0.133 0.010671 -0.0293184
 vertex -0.133 0.010842 -0.0297883
 endloop
endfacet
facet normal 0 0 0
 outer loop
 vertex -0.133 0.0156 -0.02702
 vertex -0.133 0.010842 -0.0297883
 vertex -0.133 0.01585 -0.027453
 endloop
endfacet
facet normal 0 0 0
 outer loop
 vertex 0.209 0.0156 -0.02702
 vertex 0.209 0.01585 -0.027453
 vertex 0.209 0.010842 -0.0297883
 endloop
endfacet
facet normal 0 0 0
 outer loop
 vertex 0.209 0.0156 -0.02702
 vertex 0.209 0.010842 -0.0297883
 vertex 0.209 0.010671 -0.0293184
 endloop
endfacet
facet normal 0 0 0
 outer loop
 vertex -0.133 0.010671 -0.0293184
 vertex -0.133 0.00541783 -0.030726
 vertex -0.133 0.00550465 -0.0312184
 endloop
endfacet
facet normal 0 0 0
 outer loop
 vertex -0.133 0.010671 -0.0293184
 vertex -0.133 0.00550465 -0.0312184
 vertex -0.133 0.010842 -0.0297883
 endloop
endfacet
facet normal 0 0 0
 outer loop
 vertex 0.209 0.010671 -0.0293184
 vertex 0.209 0.010842 -0.0297883
 vertex 0.209 0.00550465 -0.0312184
 endloop
endfacet
facet normal 0 0 0
 outer loop
 vertex 0.209 0.010671 -0.0293184
 vertex 0.209 0.00550465 -0.0312184
 vertex 0.209 0.00541783 -0.030726
 endloop
endfacet
facet normal 0 0 0
 outer loop
 vertex -0.133 0.00541783 -0.030726
 vertex -0.133 -2.72759e-09 -0.0312
 vertex -0.133 -2.7713e-09 -0.0317
 endloop
endfacet
facet normal 0 0 0
 outer loop
 vertex -0.133 0.00541783 -0.030726
 vertex -0.133 -2.7713e-09 -0.0317
 vertex -0.133 0.00550465 -0.0312184
 endloop
endfacet
facet normal 0 0 0
 outer loop
 vertex 0.209 0.00541783 -0.030726
 vertex 0.209 0.00550465 -0.0312184
 vertex 0.209 -2.7713e-09 -0.0317
 endloop
endfacet
facet normal 0 0 0
 outer loop
 vertex 0.209 0.00541783 -0.030726
 vertex 0.209 -2.7713e-09 -0.0317
 vertex 0.209 -2.72759e-09 -0.0312
 endloop
endfacet
facet normal 0 0 0
 outer loop
 vertex -0.133 -2.72759e-09 -0.0312
 vertex -0.133 -0.00541782 -0.030726
 vertex -0.133 -0.00550465 -0.0312184
 endloop
endfacet
facet normal 0 0 0
 outer loop
 vertex -0.133 -2.72759e-09 -0.0312
 vertex -0.133 -0.00550465 -0.0312184
 vertex -0.133 -2.7713e-09 -0.0317
 endloop
endfacet
facet normal 0 0 0
 outer loop
 vertex 0.209 -2.72759e-09 -0.0312
 vertex 0.209 -2.7713e-09 -0.0317
 vertex 0.209 -0.00550465 -0.0312184
 endloop
endfacet
facet normal 0 0 0
 outer loop
 vertex 0.209 -2.72759e-09 -0.0312
 vertex 0.209 -0.00550465 -0.0312184
 vertex 0.209 -0.00541782 -0.030726
 endloop
endfacet
facet normal 0 0 0
 outer loop
 vertex -0.133 -0.00541782 -0.030726
 vertex -0.133 -0.010671 -0.0293184
 vertex -0.133 -0.010842 -0.0297883
 endloop
endfacet
facet normal 0 0 0
 outer loop
 vertex -0.133 -0.00541782 -0.030726
 vertex -0.133 -0.010842 -0.0297883
 vertex -0.133 -0.00550465 -0.0312184
 endloop
endfacet
facet normal 0 0 0
 outer loop
 vertex 0.209 -0.00541782 -0.030726
 vertex 0.209 -0.00550465 -0.0312184
 vertex 0.209 -0.010842 -0.0297883
 endloop
endfacet
facet normal 0 0 0
 outer loop
 vertex 0.209 -0.00541782 -0.030726
 vertex 0.209 -0.010842 -0.0297883
 vertex 0.209 -0.010671 -0.0293184
 endloop
endfacet
facet normal 0 0 0
 outer loop
 vertex -0.133 -0.010671 -0.0293184
 vertex -0.133 -0.0156 -0.02702
 vertex -0.133 -0.01585 -0.027453
 endloop
endfacet
facet normal 0 0 0
 outer loop
 vertex -0.133 -0.010671 -0.0293184
 vertex -0.133 -0.01585 -0.027453
 vertex -0.133 -0.010842 -0.0297883
 endloop
endfacet
facet normal 0 0 0
 outer loop
 vertex 0.209 -0.010671 -0.0293184
 vertex 0.209 -0.010842 -0.0297883
 vertex 0.209 -0.01585 -0.027453
 endloop
endfacet
facet normal 0 0 0
 outer loop
 vertex 0.209 -0.010671 -0.0293184
 vertex 0.209 -0.01585 -0.027453
 vertex 0.209 -0.0156 -0.02702
 endloop
endfacet
facet normal 0 0 0
 outer loop
 vertex -0.133 -0.0156 -0.02702
 vertex -0.133 -0.020055 -0.0239006
 vertex -0.133 -0.0203764 -0.0242836
 endloop
endfacet
facet normal 0 0 0
 outer loop
 vertex -0.133 -0.0156 -0.02702
 vertex -0.133 -0.0203764 -0.0242836
 vertex -0.133 -0.01585 -0.027453
 endloop
endfacet
facet normal 0 0 0
 outer loop
 vertex 0.209 -0.0156 -0.02702
 vertex 0.209 -0.01585 -0.027453
 vertex 0.209 -0.0203764 -0.0242836
 endloop
endfacet
facet normal 0 0 0
 outer loop
 vertex 0.209 -0.0156 -0.02702
 vertex 0.209 -0.0203764 -0.0242836
 vertex 0.209 -0.020055 -0.0239006
 endloop
endfacet
facet normal 0 0 0
 outer loop
 vertex -0.133 -0.020055 -0.0239006
 vertex -0.133 -0.0239006 -0.020055
 vertex -0.133 -0.0242836 -0.0203764
 endloop
endfacet
facet normal 0 0 0
 outer loop
 vertex -0.133 -0.020055 -0.0239006
 vertex -0.133 -0.0242836 -0.0203764
 vertex -0.133 -0.0203764 -0.0242836
 endloop
endfacet
facet normal 0 0 0
 outer loop
 vertex 0.209 -0.020055 -0.0239006
 vertex 0.209 -0.0203764 -0.0242836
 vertex 0.209 -0.0242836 -0.0203764
 endloop
endfacet
facet normal 0 0 0
 outer loop
 vertex 0.209 -0.020055 -0.0239006
 vertex 0.209 -0.0242836 -0.0203764
 vertex 0.209 -0.0239006 -0.020055
 endloop
endfacet
facet normal 0 0 0
 outer loop
 vertex -0.133 -0.0239006 -0.020055
 vertex -0.133 -0.02702 -0.0156
 vertex -0.133 -0.027453 -0.01585
 endloop
endfacet
facet normal 0 0 0
 outer loop
 vertex -0.133 -0.0239006 -0.020055
 vertex -0.133 -0.027453 -0.01585
 vertex -0.133 -0.0242836 -0.0203764
 endloop
endfacet
facet normal 0 0 0
 outer loop
 vertex 0.209 -0.0239006 -0.020055
 vertex 0.209 -0.0242836 -0.0203764
 vertex 0.209 -0.027453 -0.01585
 endloop
endfacet
facet normal 0 0 0
 outer loop
 vertex 0.209 -0.0239006 -0.020055
 vertex 0.209 -0.027453 -0.01585
 vertex 0.209 -0.02702 -0.0156
 endloop
endfacet
facet normal 0 0 0
 outer loop
 vertex -0.133 -0.02702 -0.0156
 vertex -0.133 -0.0293184 -0.010671
 vertex -0.133 -0.0297883 -0.010842
 endloop
endfacet
facet normal 0 0 0
 outer loop
 vertex -0.133 -0.02702 -0.0156
 vertex -0.133 -0.0297883 -0.010842
 vertex -0.133 -0.027453 -0.01585
 endloop
endfacet
facet normal 0 0 0
 outer loop
 vertex 0.209 -0.02702 -0.0156
 vertex 0.209 -0.027453 -0.01585
 vertex 0.209 -0.0297883 -0.010842
 endloop
endfacet
facet normal 0 0 0
 outer loop
 vertex 0.209 -0.02702 -0.0156
 vertex 0.209 -0.0297883 -0.010842
 vertex 0.209 -0.0293184 -0.010671
 endloop
endfacet
facet normal 0 0 0
 outer loop
 vertex -0.133 -0.0293184 -0.010671
 vertex -0.133 -0.030726 -0.00541782
 vertex -0.133 -0.0312184 -0.00550465
 endloop
endfacet
facet normal 0 0 0
 outer loop
 vertex -0.133 -0.0293184 -0.010671
 vertex -0.133 -0.0312184 -0.00550465
 vertex -0.133 -0.0297883 -0.010842
 endloop
endfacet
facet normal 0 0 0
 outer loop
 vertex 0.209 -0.0293184 -0.010671
 vertex 0.209 -0.0297883 -0.010842
 vertex 0.209 -0.0312184 -0.00550465
 endloop
endfacet
facet normal 0 0 0
 outer loop
 vertex 0.209 -0.0293184 -0.010671
 vertex 0.209 -0.0312184 -0.00550465
 vertex 0.209 -0.030726 -0.00541782
 endloop
endfacet
facet normal 0 0 0
 outer loop
 vertex -0.133 -0.030726 -0.00541782
 vertex -0.133 -0.0312 3.72056e-10
 vertex -0.133 -0.0317 3.78019e-10
 endloop
endfacet
facet normal 0 0 0
 outer loop
 vertex -0.133 -0.030726 -0.00541782
 vertex -0.133 -0.0317 3.78019e-10
 vertex -0.133 -0.0312184 -0.00550465
 endloop
endfacet
facet normal 0 0 0
 outer loop
 vertex 0.209 -0.030726 -0.00541782
 vertex 0.209 -0.0312184 -0.00550465
 vertex 0.209 -0.0317 3.78019e-10
 endloop
endfacet
facet normal 0 0 0
 outer loop
 vertex 0.209 -0.030726 -0.00541782
 vertex 0.209 -0.0317 3.78019e-10
 vertex 0.209 -0.0312 3.72056e-10
 endloop
endfacet
facet normal 0 0 0
 outer loop
 vertex -0.133 -0.0312 3.72056e-10
 vertex -0.133 -0.030726 0.00541782
 vertex -0.133 -0.0312184 0.00550465
 endloop
endfacet
facet normal 0 0 0
 outer loop
 vertex -0.133 -0.0312 3.72056e-10
 vertex -0.133 -0.0312184 0.00550465
 vertex -0.133 -0.0317 3.78019e-10
 endloop
endfacet
facet normal 0 0 0
 outer loop
 vertex 0.209 -0.0312 3.72056e-10
 vertex 0.209 -0.0317 3.78019e-10
 vertex 0.209 -0.0312184 0.00550465
 endloop
endfacet
facet normal 0 0 0
 outer loop
 vertex 0.209 -0.0312 3.72056e-10
 vertex 0.209 -0.0312184 0.00550465
 vertex 0.209 -0.030726 0.00541782
 endloop
endfacet
facet normal 0 0 0
 outer loop
 vertex -0.133 -0.030726 0.00541782
 vertex -0.133 -0.0293184 0.010671
 vertex -0.133 -0.0297883 0.010842
 endloop
endfacet
facet normal 0 0 0
 outer loop
 vertex -0.133 -0.030726 0.00541782
 vertex -0.133 -0.0297883 0.010842
 vertex -0.133 -0.0312184 0.00550465
 endloop
endfacet
facet normal 0 0 0
 outer loop
 vertex 0.209 -0.030726 0.00541782
 vertex 0.209 -0.0312184 0.00550465
 vertex 0.209 -0.0297883 0.010842
 endloop
endfacet
facet normal 0 0 0
 outer loop
 vertex 0.209 -0.030726 0.00541782
 vertex 0.209 -0.0297883 0.010842
 vertex 0.209 -0.0293184 0.010671
 endloop
endfacet
facet normal 0 0 0
 outer loop
 vertex -0.133 -0.0293184 0.010671
 vertex -0.133 -0.02702 0.0156
 vertex -0.133 -0.027453 0.01585
 endloop
endfacet
facet normal 0 0 0
 outer loop
 vertex -0.133 -0.0293184 0.010671
 vertex -0.133 -0.027453 0.01585
 vertex -0.133 -0.0297883 0.010842
 endloop
endfacet
facet normal 0 0 0
 outer loop
 vertex 0.209 -0.0293184 0.010671
 vertex 0.209 -0.0297883 0.010842
 vertex 0.209 -0.027453 0.01585
 endloop
endfacet
facet normal 0 0 0
 outer loop
 vertex 0.209 -0.0293184 0.010671
 vertex 0.209 -0.027453 0.01585
 vertex 0.209 -0.02702 0.0156
 endloop
endfacet
facet normal 0 0 0
 outer loop
 vertex -0.133 -0.02702 0.0156
 vertex -0.133 -0.0239006 0.020055
 vertex -0.133 -0.0242836 0.0203764
 endloop
endfacet
facet normal 0 0 0
 outer loop
 vertex -0.133 -0.02702 0.0156
 vertex -0.133 -0.0242836 0.0203764
 vertex -0.133 -0.027453 0.01585
 endloop
endfacet
facet normal 0 0 0
 outer loop
 vertex 0.209 -0.02702 0.0156
 vertex 0.209 -0.027453 0.01585
 vertex 0.209 -0.0242836 0.0203764
 endloop
endfacet
facet normal 0 0 0
 outer loop
 vertex 0.209 -0.02702 0.0156
 vertex 0.209 -0.0242836 0.0203764
 vertex 0.209 -0.0239006 0.020055
 endloop
endfacet
facet normal 0 0 0
 outer loop
 vertex -0.133 -0.0239006 0.020055
 vertex -0.133 -0.020055 0.0239006
 vertex -0.133 -0.0203764 0.0242836
 endloop
endfacet
facet normal 0 0 0
 outer loop
 vertex -0.133 -0.0239006 0.020055
 vertex -0.133 -0.0203764 0.0242836
 vertex -0.133 -0.0242836 0.0203764
 endloop
endfacet
facet normal 0 0 0
 outer loop
 vertex 0.209 -0.0239006 0.020055
 vertex 0.209 -0.0242836 0.0203764
 vertex 0.209 -0.0203764 0.0242836
 endloop
endfacet
facet normal 0 0 0
 outer loop
 vertex 0.209 -0.0239006 0.020055
 vertex 0.209 -0.0203764 0.0242836
 vertex 0.209 -0.020055 0.0239006
 endloop
endfacet
facet normal 0 0 0
 outer loop
 vertex -0.133 -0.020055 0.0239006
 vertex -0.133 -0.0156 0.02702
 vertex -0.133 -0.01585 0.027453
 endloop
endfacet
facet normal 0 0 0
 outer loop
 vertex -0.133 -0.020055 0.0239006
 vertex -0.133 -0.01585 0.027453
 vertex -0.133 -0.0203764 0.0242836
 endloop
endfacet
facet normal 0 0 0
 outer loop
 vertex 0.209 -0.020055 0.0239006
 vertex 0.209 -0.0203764 0.0242836
 vertex 0.209 -0.01585 0.027453
 endloop
endfacet
facet normal 0 0 0
 outer loop
 vertex 0.209 -0.020055 0.0239006
 vertex 0.209 -0.01585 0.027453
 vertex 0.209 -0.0156 0.02702
 endloop
endfacet
facet normal 0 0 0
 outer loop
 vertex -0.133 -0.0156 0.02702
 vertex -0.133 -0.010671 0.0293184
 vertex -0.133 -0.010842 0.0297883
 endloop
endfacet
facet normal 0 0 0
 outer loop
 vertex -0.133 -0.0156 0.02702
 vertex -0.133 -0.010842 0.0297883
 vertex -0.133 -0.01585 0.027453
 endloop
endfacet
facet normal 0 0 0
 outer loop
 vertex 0.209 -0.0156 0.02702
 vertex 0.209 -0.01585 0.027453
 vertex 0.209 -0.010842 0.0297883
 endloop
endfacet
facet normal 0 0 0
 outer loop
 vertex 0.209 -0.0156 0.02702
 vertex 0.209 -0.010842 0.0297883
 vertex 0.209 -0.010671 0.0293184
 endloop
endfacet
facet normal 0 0 0
 outer loop
 vertex -0.133 -0.010671 0.0293184
 vertex -0.133 -0.00541782 0.030726
 vertex -0.133 -0.00550464 0.0312184
 endloop
endfacet
facet normal 0 0 0
 outer loop
 vertex -0.133 -0.010671 0.0293184
 vertex -0.133 -0.00550464 0.0312184
 vertex -0.133 -0.010842 0.0297883
 endloop
endfacet
facet normal 0 0 0
 outer loop
 vertex 0.209 -0.010671 0.0293184
 vertex 0.209 -0.010842 0.0297883
 vertex 0.209 -0.00550464 0.0312184
 endloop
endfacet
facet normal 0 0 0
 outer loop
 vertex 0.209 -0.010671 0.0293184
 vertex 0.209 -0.00550464 0.0312184
 vertex 0.209 -0.00541782 0.030726
 endloop
endfacet
facet normal 0 0 0
 outer loop
 vertex -0.133 -0.00541782 0.030726
 vertex -0.133 5.45518e-09 0.0312
 vertex -0.133 5.5426e-09 0.0317
 endloop
endfacet
facet normal 0 0 0
 outer loop
 vertex -0.133 -0.00541782 0.030726
 vertex -0.133 5.5426e-09 0.0317
 vertex -0.133 -0.00550464 0.0312184
 endloop
endfacet
facet normal 0 0 0
 outer loop
 vertex 0.209 -0.00541782 0.030726
 vertex 0.209 -0.00550464 0.0312184
 vertex 0.209 5.5426e-09 0.0317
 endloop
endfacet
facet normal 0 0 0
 outer loop
 vertex 0.209 -0.00541782 0.030726
 vertex 0.209 5.5426e-09 0.0317
 vertex 0.209 5.45518e-09 0.0312
 endloop
endfacet
facet normal 0 0 0
 outer loop
 vertex -0.133 0 0.032
 vertex -0.133 0.00555674 0.0315138
 vertex 0.209 0.00555674 0.0315138
 endloop
endfacet
facet normal 0 0 0
 outer loop
 vertex -0.133 0 0.032
 vertex 0.209 0.00555674 0.0315138
 vertex 0.209 0 0.032
 endloop
endfacet
facet normal 0 0 0
 outer loop
 vertex 0.209 0 0.0315
 vertex 0.209 0.00546992 0.0310214
 vertex -0.133 0.00546992 0.0310214
 endloop
endfacet
facet normal 0 0 0
 outer loop
 vertex 0.209 0 0.0315
 vertex -0.133 0.00546992 0.0310214
 vertex -0.133 0 0.0315
 endloop
endfacet
facet normal 0 0 0
 outer loop
 vertex -0.133 0.00555674 0.0315138
 vertex -0.133 0.0109446 0.0300702
 vertex 0.209 0.0109446 0.0300702
 endloop
endfacet
facet normal 0 0 0
 outer loop
 vertex -0.133 0.00555674 0.0315138
 vertex 0.209 0.0109446 0.0300702
 vertex 0.209 0.00555674 0.0315138
 endloop
endfacet
facet normal 0 0 0
 outer loop
 vertex 0.209 0.00546992 0.0310214
 vertex 0.209 0.0107736 0.0296003
 vertex -0.133 0.0107736 0.0296003
 endloop
endfacet
facet normal 0 0 0
 outer loop
 vertex 0.209 0.00546992 0.0310214
 vertex -0.133 0.0107736 0.0296003
 vertex -0.133 0.00546992 0.0310214
 endloop
endfacet
facet normal 0 0 0
 outer loop
 vertex -0.133 0.0109446 0.0300702
 vertex -0.133 0.016 0.0277128
 vertex 0.209 0.016 0.0277128
 endloop
endfacet
facet normal 0 0 0
 outer loop
 vertex -0.133 0.0109446 0.0300702
 vertex 0.209 0.016 0.0277128
 vertex 0.209 0.0109446 0.0300702
 endloop
endfacet
facet normal 0 0 0
 outer loop
 vertex 0.209 0.0107736 0.0296003
 vertex 0.209 0.01575 0.0272798
 vertex -0.133 0.01575 0.0272798
 endloop
endfacet
facet normal 0 0 0
 outer loop
 vertex 0.209 0.0107736 0.0296003
 vertex -0.133 0.01575 0.0272798
 vertex -0.133 0.0107736 0.0296003
 endloop
endfacet
facet normal 0 0 0
 outer loop
 vertex -0.133 0.016 0.0277128
 vertex -0.133 0.0205692 0.0245134
 vertex 0.209 0.0205692 0.0245134
 endloop
endfacet
facet normal 0 0 0
 outer loop
 vertex -0.133 0.016 0.0277128
 vertex 0.209 0.0205692 0.0245134
 vertex 0.209 0.016 0.0277128
 endloop
endfacet
facet normal 0 0 0
 outer loop
 vertex 0.209 0.01575 0.0272798
 vertex 0.209 0.0202478 0.0241304
 vertex -0.133 0.0202478 0.0241304
 endloop
endfacet
facet normal 0 0 0
 outer loop
 vertex 0.209 0.01575 0.0272798
 vertex -0.133 0.0202478 0.0241304
 vertex -0.133 0.01575 0.0272798
 endloop
endfacet
facet normal 0 0 0
 outer loop
 vertex -0.133 0.0205692 0.0245134
 vertex -0.133 0.0245134 0.0205692
 vertex 0.209 0.0245134 0.0205692
 endloop
endfacet
facet normal 0 0 0
 outer loop
 vertex -0.133 0.0205692 0.0245134
 vertex 0.209 0.0245134 0.0205692
 vertex 0.209 0.0205692 0.0245134
 endloop
endfacet
facet normal 0 0 0
 outer loop
 vertex 0.209 0.0202478 0.0241304
 vertex 0.209 0.0241304 0.0202478
 vertex -0.133 0.0241304 0.0202478
 endloop
endfacet
facet normal 0 0 0
 outer loop
 vertex 0.209 0.0202478 0.0241304
 vertex -0.133 0.0241304 0.0202478
 vertex -0.133 0.0202478 0.0241304
 endloop
endfacet
facet normal 0 0 0
 outer loop
 vertex -0.133 0.0245134 0.0205692
 vertex -0.133 0.0277128 0.016
 vertex 0.209 0.0277128 0.016
 endloop
endfacet
facet normal 0 0 0
 outer loop
 vertex -0.133 0.0245134 0.0205692
 vertex 0.209 0.0277128 0.016
 vertex 0.209 0.0245134 0.0205692
 endloop
endfacet
facet normal 0 0 0
 outer loop
 vertex 0.209 0.0241304 0.0202478
 vertex 0.209 0.0272798 0.01575
 vertex -0.133 0.0272798 0.01575
 endloop
endfacet
facet normal 0 0 0
 outer loop
 vertex 0.209 0.0241304 0.0202478
 vertex -0.133 0.0272798 0.01575
 vertex -0.133 0.0241304 0.0202478
 endloop
endfacet
facet normal 0 0 0
 outer loop
 vertex -0.133 0.0277128 0.016
 vertex -0.133 0.0300702 0.0109446
 vertex 0.209 0.0300702 0.0109446
 endloop
endfacet
facet normal 0 0 0
 outer loop
 vertex -0.133 0.0277128 0.016
 vertex 0.209 0.0300702 0.0109446
 vertex 0.209 0.0277128 0.016
 endloop
endfacet
facet normal 0 0 0
 outer loop
 vertex 0.209 0.0272798 0.01575
 vertex 0.209 0.0296003 0.0107736
 vertex -0.133 0.0296003 0.0107736
 endloop
endfacet
facet normal 0 0 0
 outer loop
 vertex 0.209 0.0272798 0.01575
 vertex -0.133 0.0296003 0.0107736
 vertex -0.133 0.0272798 0.01575
 endloop
endfacet
facet normal 0 0 0
 outer loop
 vertex -0.133 0.0300702 0.0109446
 vertex -0.133 0.0315138 0.00555674
 vertex 0.209 0.0315138 0.00555674
 endloop
endfacet
facet normal 0 0 0
 outer loop
 vertex -0.133 0.0300702 0.0109446
 vertex 0.209 0.0315138 0.00555674
 vertex 0.209 0.0300702 0.0109446
 endloop
endfacet
facet normal 0 0 0
 outer loop
 vertex 0.209 0.0296003 0.0107736
 vertex 0.209 0.0310214 0.00546992
 vertex -0.133 0.0310214 0.00546992
 endloop
endfacet
facet normal 0 0 0
 outer loop
 vertex 0.209 0.0296003 0.0107736
 vertex -0.133 0.0310214 0.00546992
 vertex -0.133 0.0296003 0.0107736
 endloop
endfacet
facet normal 0 0 0
 outer loop
 vertex -0.133 0.0315138 0.00555674
 vertex -0.133 0.032 -1.39876e-09
 vertex 0.209 0.032 -1.39876e-09
 endloop
endfacet
facet normal 0 0 0
 outer loop
 vertex -0.133 0.0315138 0.00555674
 vertex 0.209 0.032 -1.39876e-09
 vertex 0.209 0.0315138 0.00555674
 endloop
endfacet
facet normal 0 0 0
 outer loop
 vertex 0.209 0.0310214 0.00546992
 vertex 0.209 0.0315 -1.37691e-09
 vertex -0.133 0.0315 -1.37691e-09
 endloop
endfacet
facet normal 0 0 0
 outer loop
 vertex 0.209 0.0310214 0.00546992
 vertex -0.133 0.0315 -1.37691e-09
 vertex -0.133 0.0310214 0.00546992
 endloop
endfacet
facet normal 0 0 0
 outer loop
 vertex -0.133 0.032 -1.39876e-09
 vertex -0.133 0.0315138 -0.00555674
 vertex 0.209 0.0315138 -0.00555674
 endloop
endfacet
facet normal 0 0 0
 outer loop
 vertex -0.133 0.032 -1.39876e-09
 vertex 0.209 0.0315138 -0.00555674
 vertex 0.209 0.032 -1.39876e-09
 endloop
endfacet
facet normal 0 0 0
 outer loop
 vertex 0.209 0.0315 -1.37691e-09
 vertex 0.209 0.0310214 -0.00546992
 vertex -0.133 0.0310214 -0.00546992
 endloop
endfacet
facet normal 0 0 0
 outer loop
 vertex 0.209 0.0315 -1.37691e-09
 vertex -0.133 0.0310214 -0.00546992
 vertex -0.133 0.0315 -1.37691e-09
 endloop
endfacet
facet normal 0 0 0
 outer loop
 vertex -0.133 0.0315138 -0.00555674
 vertex -0.133 0.0300702 -0.0109446
 vertex 0.209 0.0300702 -0.0109446
 endloop
endfacet
facet normal 0 0 0
 outer loop
 vertex -0.133 0.0315138 -0.00555674
 vertex 0.209 0.0300702 -0.0109446
 vertex 0.209 0.0315138 -0.00555674
 endloop
endfacet
facet normal 0 0 0
 outer loop
 vertex 0.209 0.0310214 -0.00546992
 vertex 0.209 0.0296003 -0.0107736
 vertex -0.133 0.0296003 -0.0107736
 endloop
endfacet
facet normal 0 0 0
 outer loop
 vertex 0.209 0.0310214 -0.00546992
 vertex -0.133 0.0296003 -0.0107736
 vertex -0.133 0.0310214 -0.00546992
 endloop
endfacet
facet normal 0 0 0
 outer loop
 vertex -0.133 0.0300702 -0.0109446
 vertex -0.133 0.0277128 -0.016
 vertex 0.209 0.0277128 -0.016
 endloop
endfacet
facet normal 0 0 0
 outer loop
 vertex -0.133 0.0300702 -0.0109446
 vertex 0.209 0.0277128 -0.016
 vertex 0.209 0.0300702 -0.0109446
 endloop
endfacet
facet normal 0 0 0
 outer loop
 vertex 0.209 0.0296003 -0.0107736
 vertex 0.209 0.0272798 -0.01575
 vertex -0.133 0.0272798 -0.01575
 endloop
endfacet
facet normal 0 0 0
 outer loop
 vertex 0.209 0.0296003 -0.0107736
 vertex -0.133 0.0272798 -0.01575
 vertex -0.133 0.0296003 -0.0107736
 endloop
endfacet
facet normal 0 0 0
 outer loop
 vertex -0.133 0.0277128 -0.016
 vertex -0.133 0.0245134 -0.0205692
 vertex 0.209 0.0245134 -0.0205692
 endloop
endfacet
facet normal 0 0 0
 outer loop
 vertex -0.133 0.0277128 -0.016
 vertex 0.209 0.0245134 -0.0205692
 vertex 0.209 0.0277128 -0.016
 endloop
endfacet
facet normal 0 0 0
 outer loop
 vertex 0.209 0.0272798 -0.01575
 vertex 0.209 0.0241304 -0.0202478
 vertex -0.133 0.0241304 -0.0202478
 endloop
endfacet
facet normal 0 0 0
 outer loop
 vertex 0.209 0.0272798 -0.01575
 vertex -0.133 0.0241304 -0.0202478
 vertex -0.133 0.0272798 -0.01575
 endloop
endfacet
facet normal 0 0 0
 outer loop
 vertex -0.133 0.0245134 -0.0205692
 vertex -0.133 0.0205692 -0.0245134
 vertex 0.209 0.0205692 -0.0245134
 endloop
endfacet
facet normal 0 0 0
 outer loop
 vertex -0.133 0.0245134 -0.0205692
 vertex 0.209 0.0205692 -0.0245134
 vertex 0.209 0.0245134 -0.0205692
 endloop
endfacet
facet normal 0 0 0
 outer loop
 vertex 0.209 0.0241304 -0.0202478
 vertex 0.209 0.0202478 -0.0241304
 vertex -0.133 0.0202478 -0.0241304
 endloop
endfacet
facet normal 0 0 0
 outer loop
 vertex 0.209 0.0241304 -0.0202478
 vertex -0.133 0.0202478 -0.0241304
 vertex -0.133 0.0241304 -0.0202478
 endloop
endfacet
facet normal 0 0 0
 outer loop
 vertex -0.133 0.0205692 -0.0245134
 vertex -0.133 0.016 -0.0277128
 vertex 0.209 0.016 -0.0277128
 endloop
endfacet
facet normal 0 0 0
 outer loop
 vertex -0.133 0.0205692 -0.0245134
 vertex 0.209 0.016 -0.0277128
 vertex 0.209 0.0205692 -0.0245134
 endloop
endfacet
facet normal 0 0 0
 outer loop
 vertex 0.209 0.0202478 -0.0241304
 vertex 0.209 0.01575 -0.0272798
 vertex -0.133 0.01575 -0.0272798
 endloop
endfacet
facet normal 0 0 0
 outer loop
 vertex 0.209 0.0202478 -0.0241304
 vertex -0.133 0.01575 -0.0272798
 vertex -0.133 0.0202478 -0.0241304
 endloop
endfacet
facet normal 0 0 0
 outer loop
 vertex -0.133 0.016 -0.0277128
 vertex -0.133 0.0109446 -0.0300702
 vertex 0.209 0.0109446 -0.0300702
 endloop
endfacet
facet normal 0 0 0
 outer loop
 vertex -0.133 0.016 -0.0277128
 vertex 0.209 0.0109446 -0.0300702
 vertex 0.209 0.016 -0.0277128
 endloop
endfacet
facet normal 0 0 0
 outer loop
 vertex 0.209 0.01575 -0.0272798
 vertex 0.209 0.0107736 -0.0296003
 vertex -0.133 0.0107736 -0.0296003
 endloop
endfacet
facet normal 0 0 0
 outer loop
 vertex 0.209 0.01575 -0.0272798
 vertex -0.133 0.0107736 -0.0296003
 vertex -0.133 0.01575 -0.0272798
 endloop
endfacet
facet normal 0 0 0
 outer loop
 vertex -0.133 0.0109446 -0.0300702
 vertex -0.133 0.00555675 -0.0315138
 vertex 0.209 0.00555675 -0.0315138
 endloop
endfacet
facet normal 0 0 0
 outer loop
 vertex -0.133 0.0109446 -0.0300702
 vertex 0.209 0.00555675 -0.0315138
 vertex 0.209 0.0109446 -0.0300702
 endloop
endfacet
facet normal 0 0 0
 outer loop
 vertex 0.209 0.0107736 -0.0296003
 vertex 0.209 0.00546992 -0.0310214
 vertex -0.133 0.00546992 -0.0310214
 endloop
endfacet
facet normal 0 0 0
 outer loop
 vertex 0.209 0.0107736 -0.0296003
 vertex -0.133 0.00546992 -0.0310214
 vertex -0.133 0.0107736 -0.0296003
 endloop
endfacet
facet normal 0 0 0
 outer loop
 vertex -0.133 0.00555675 -0.0315138
 vertex -0.133 -2.79753e-09 -0.032
 vertex 0.209 -2.79753e-09 -0.032
 endloop
endfacet
facet normal 0 0 0
 outer loop
 vertex -0.133 0.00555675 -0.0315138
 vertex 0.209 -2.79753e-09 -0.032
 vertex 0.209 0.00555675 -0.0315138
 endloop
endfacet
facet normal 0 0 0
 outer loop
 vertex 0.209 0.00546992 -0.0310214
 vertex 0.209 -2.75382e-09 -0.0315
 vertex -0.133 -2.75382e-09 -0.0315
 endloop
endfacet
facet normal 0 0 0
 outer loop
 vertex 0.209 0.00546992 -0.0310214
 vertex -0.133 -2.75382e-09 -0.0315
 vertex -0.133 0.00546992 -0.0310214
 endloop
endfacet
facet normal 0 0 0
 outer loop
 vertex -0.133 -2.79753e-09 -0.032
 vertex -0.133 -0.00555674 -0.0315138
 vertex 0.209 -0.00555674 -0.0315138
 endloop
endfacet
facet normal 0 0 0
 outer loop
 vertex -0.133 -2.79753e-09 -0.032
 vertex 0.209 -0.00555674 -0.0315138
 vertex 0.209 -2.79753e-09 -0.032
 endloop
endfacet
facet normal 0 0 0
 outer loop
 vertex 0.209 -2.75382e-09 -0.0315
 vertex 0.209 -0.00546992 -0.0310214
 vertex -0.133 -0.00546992 -0.0310214
 endloop
endfacet
facet normal 0 0 0
 outer loop
 vertex 0.209 -2.75382e-09 -0.0315
 vertex -0.133 -0.00546992 -0.0310214
 vertex -0.133 -2.75382e-09 -0.0315
 endloop
endfacet
facet normal 0 0 0
 outer loop
 vertex -0.133 -0.00555674 -0.0315138
 vertex -0.133 -0.0109446 -0.0300702
 vertex 0.209 -0.0109446 -0.0300702
 endloop
endfacet
facet normal 0 0 0
 outer loop
 vertex -0.133 -0.00555674 -0.0315138
 vertex 0.209 -0.0109446 -0.0300702
 vertex 0.209 -0.00555674 -0.0315138
 endloop
endfacet
facet normal 0 0 0
 outer loop
 vertex 0.209 -0.00546992 -0.0310214
 vertex 0.209 -0.0107736 -0.0296003
 vertex -0.133 -0.0107736 -0.0296003
 endloop
endfacet
facet normal 0 0 0
 outer loop
 vertex 0.209 -0.00546992 -0.0310214
 vertex -0.133 -0.0107736 -0.0296003
 vertex -0.133 -0.00546992 -0.0310214
 endloop
endfacet
facet normal 0 0 0
 outer loop
 vertex -0.133 -0.0109446 -0.0300702
 vertex -0.133 -0.016 -0.0277128
 vertex 0.209 -0.016 -0.0277128
 endloop
endfacet
facet normal 0 0 0
 outer loop
 vertex -0.133 -0.0109446 -0.0300702
 vertex 0.209 -0.016 -0.0277128
 vertex 0.209 -0.0109446 -0.0300702
 endloop
endfacet
facet normal 0 0 0
 outer loop
 vertex 0.209 -0.0107736 -0.0296003
 vertex 0.209 -0.01575 -0.0272798
 vertex -0.133 -0.01575 -0.0272798
 endloop
endfacet
facet normal 0 0 0
 outer loop
 vertex 0.209 -0.0107736 -0.0296003
 vertex -0.133 -0.01575 -0.0272798
 vertex -0.133 -0.0107736 -0.0296003
 endloop
endfacet
facet normal 0 0 0
 outer loop
 vertex -0.133 -0.016 -0.0277128
 vertex -0.133 -0.0205692 -0.0245134
 vertex 0.209 -0.0205692 -0.0245134
 endloop
endfacet
facet normal 0 0 0
 outer loop
 vertex -0.133 -0.016 -0.0277128
 vertex 0.209 -0.0205692 -0.0245134
 vertex 0.209 -0.016 -0.0277128
 endloop
endfacet
facet normal 0 0 0
 outer loop
 vertex 0.209 -0.01575 -0.0272798
 vertex 0.209 -0.0202478 -0.0241304
 vertex -0.133 -0.0202478 -0.0241304
 endloop
endfacet
facet normal 0 0 0
 outer loop
 vertex 0.209 -0.01575 -0.0272798
 vertex -0.133 -0.0202478 -0.0241304
 vertex -0.133 -0.01575 -0.0272798
 endloop
endfacet
facet normal 0 0 0
 outer loop
 vertex -0.133 -0.0205692 -0.0245134
 vertex -0.133 -0.0245134 -0.0205692
 vertex 0.209 -0.0245134 -0.0205692
 endloop
endfacet
facet normal 0 0 0
 outer loop
 vertex -0.133 -0.0205692 -0.0245134
 vertex 0.209 -0.0245134 -0.0205692
 vertex 0.209 -0.0205692 -0.0245134
 endloop
endfacet
facet normal 0 0 0
 outer loop
 vertex 0.209 -0.0202478 -0.0241304
 vertex 0.209 -0.0241304 -0.0202478
 vertex -0.133 -0.0241304 -0.0202478
 endloop
endfacet
facet normal 0 0 0
 outer loop
 vertex 0.209 -0.0202478 -0.0241304
 vertex -0.133 -0.0241304 -0.0202478
 vertex -0.133 -0.0202478 -0.0241304
 endloop
endfacet
facet normal 0 0 0
 outer loop
 vertex -0.133 -0.0245134 -0.0205692
 vertex -0.133 -0.0277128 -0.016
 vertex 0.209 -0.0277128 -0.016
 endloop
endfacet
facet normal 0 0 0
 outer loop
 vertex -0.133 -0.0245134 -0.0205692
 vertex 0.209 -0.0277128 -0.016
 vertex 0.209 -0.0245134 -0.0205692
 endloop
endfacet
facet normal 0 0 0
 outer loop
 vertex 0.209 -0.0241304 -0.0202478
 vertex 0.209 -0.0272798 -0.01575
 vertex -0.133 -0.0272798 -0.01575
 endloop
endfacet
facet normal 0 0 0
 outer loop
 vertex 0.209 -0.0241304 -0.0202478
 vertex -0.133 -0.0272798 -0.01575
 vertex -0.133 -0.0241304 -0.0202478
 endloop
endfacet
facet normal 0 0 0
 outer loop
 vertex -0.133 -0.0277128 -0.016
 vertex -0.133 -0.0300702 -0.0109446
 vertex 0.209 -0.0300702 -0.0109446
 endloop
endfacet
facet normal 0 0 0
 outer loop
 vertex -0.133 -0.0277128 -0.016
 vertex 0.209 -0.0300702 -0.0109446
 vertex 0.209 -0.0277128 -0.016
 endloop
endfacet
facet normal 0 0 0
 outer loop
 vertex 0.209 -0.0272798 -0.01575
 vertex 0.209 -0.0296003 -0.0107736
 vertex -0.133 -0.0296003 -0.0107736
 endloop
endfacet
facet normal 0 0 0
 outer loop
 vertex 0.209 -0.0272798 -0.01575
 vertex -0.133 -0.0296003 -0.0107736
 vertex -0.133 -0.0272798 -0.01575
 endloop
endfacet
facet normal 0 0 0
 outer loop
 vertex -0.133 -0.0300702 -0.0109446
 vertex -0.133 -0.0315139 -0.00555674
 vertex 0.209 -0.0315139 -0.00555674
 endloop
endfacet
facet normal 0 0 0
 outer loop
 vertex -0.133 -0.0300702 -0.0109446
 vertex 0.209 -0.0315139 -0.00555674
 vertex 0.209 -0.0300702 -0.0109446
 endloop
endfacet
facet normal 0 0 0
 outer loop
 vertex 0.209 -0.0296003 -0.0107736
 vertex 0.209 -0.0310214 -0.00546992
 vertex -0.133 -0.0310214 -0.00546992
 endloop
endfacet
facet normal 0 0 0
 outer loop
 vertex 0.209 -0.0296003 -0.0107736
 vertex -0.133 -0.0310214 -0.00546992
 vertex -0.133 -0.0296003 -0.0107736
 endloop
endfacet
facet normal 0 0 0
 outer loop
 vertex -0.133 -0.0315139 -0.00555674
 vertex -0.133 -0.032 3.81596e-10
 vertex 0.209 -0.032 3.81596e-10
 endloop
endfacet
facet normal 0 0 0
 outer loop
 vertex -0.133 -0.0315139 -0.00555674
 vertex 0.209 -0.032 3.81596e-10
 vertex 0.209 -0.0315139 -0.00555674
 endloop
endfacet
facet normal 0 0 0
 outer loop
 vertex 0.209 -0.0310214 -0.00546992
 vertex 0.209 -0.0315 3.75634e-10
 vertex -0.133 -0.0315 3.75634e-10
 endloop
endfacet
facet normal 0 0 0
 outer loop
 vertex 0.209 -0.0310214 -0.00546992
 vertex -0.133 -0.0315 3.75634e-10
 vertex -0.133 -0.0310214 -0.00546992
 endloop
endfacet
facet normal 0 0 0
 outer loop
 vertex -0.133 -0.032 3.81596e-10
 vertex -0.133 -0.0315138 0.00555674
 vertex 0.209 -0.0315138 0.00555674
 endloop
endfacet
facet normal 0 0 0
 outer loop
 vertex -0.133 -0.032 3.81596e-10
 vertex 0.209 -0.0315138 0.00555674
 vertex 0.209 -0.032 3.81596e-10
 endloop
endfacet
facet normal 0 0 0
 outer loop
 vertex 0.209 -0.0315 3.75634e-10
 vertex 0.209 -0.0310214 0.00546992
 vertex -0.133 -0.0310214 0.00546992
 endloop
endfacet
facet normal 0 0 0
 outer loop
 vertex 0.209 -0.0315 3.75634e-10
 vertex -0.133 -0.0310214 0.00546992
 vertex -0.133 -0.0315 3.75634e-10
 endloop
endfacet
facet normal 0 0 0
 outer loop
 vertex -0.133 -0.0315138 0.00555674
 vertex -0.133 -0.0300702 0.0109446
 vertex 0.209 -0.0300702 0.0109446
 endloop
endfacet
facet normal 0 0 0
 outer loop
 vertex -0.133 -0.0315138 0.00555674
 vertex 0.209 -0.0300702 0.0109446
 vertex 0.209 -0.0315138 0.00555674
 endloop
endfacet
facet normal 0 0 0
 outer loop
 vertex 0.209 -0.0310214 0.00546992
 vertex 0.209 -0.0296003 0.0107736
 vertex -0.133 -0.0296003 0.0107736
 endloop
endfacet
facet normal 0 0 0
 outer loop
 vertex 0.209 -0.0310214 0.00546992
 vertex -0.133 -0.0296003 0.0107736
 vertex -0.133 -0.0310214 0.00546992
 endloop
endfacet
facet normal 0 0 0
 outer loop
 vertex -0.133 -0.0300702 0.0109446
 vertex -0.133 -0.0277128 0.016
 vertex 0.209 -0.0277128 0.016
 endloop
endfacet
facet normal 0 0 0
 outer loop
 vertex -0.133 -0.0300702 0.0109446
 vertex 0.209 -0.0277128 0.016
 vertex 0.209 -0.0300702 0.0109446
 endloop
endfacet
facet normal 0 0 0
 outer loop
 vertex 0.209 -0.0296003 0.0107736
 vertex 0.209 -0.0272798 0.01575
 vertex -0.133 -0.0272798 0.01575
 endloop
endfacet
facet normal 0 0 0
 outer loop
 vertex 0.209 -0.0296003 0.0107736
 vertex -0.133 -0.0272798 0.01575
 vertex -0.133 -0.0296003 0.0107736
 endloop
endfacet
facet normal 0 0 0
 outer loop
 vertex -0.133 -0.0277128 0.016
 vertex -0.133 -0.0245134 0.0205692
 vertex 0.209 -0.0245134 0.0205692
 endloop
endfacet
facet normal 0 0 0
 outer loop
 vertex -0.133 -0.0277128 0.016
 vertex 0.209 -0.0245134 0.0205692
 vertex 0.209 -0.0277128 0.016
 endloop
endfacet
facet normal 0 0 0
 outer loop
 vertex 0.209 -0.0272798 0.01575
 vertex 0.209 -0.0241304 0.0202478
 vertex -0.133 -0.0241304 0.0202478
 endloop
endfacet
facet normal 0 0 0
 outer loop
 vertex 0.209 -0.0272798 0.01575
 vertex -0.133 -0.0241304 0.0202478
 vertex -0.133 -0.0272798 0.01575
 endloop
endfacet
facet normal 0 0 0
 outer loop
 vertex -0.133 -0.0245134 0.0205692
 vertex -0.133 -0.0205692 0.0245134
 vertex 0.209 -0.0205692 0.0245134
 endloop
endfacet
facet normal 0 0 0
 outer loop
 vertex -0.133 -0.0245134 0.0205692
 vertex 0.209 -0.0205692 0.0245134
 vertex 0.209 -0.0245134 0.0205692
 endloop
endfacet
facet normal 0 0 0
 outer loop
 vertex 0.209 -0.0241304 0.0202478
 vertex 0.209 -0.0202478 0.0241304
 vertex -0.133 -0.0202478 0.0241304
 endloop
endfacet
facet normal 0 0 0
 outer loop
 vertex 0.209 -0.0241304 0.0202478
 vertex -0.133 -0.0202478 0.0241304
 vertex -0.133 -0.0241304 0.0202478
 endloop
endfacet
facet normal 0 0 0
 outer loop
 vertex -0.133 -0.0205692 0.0245134
 vertex -0.133 -0.016 0.0277128
 vertex 0.209 -0.016 0.0277128
 endloop
endfacet
facet normal 0 0 0
 outer loop
 vertex -0.133 -0.0205692 0.0245134
 vertex 0.209 -0.016 0.0277128
 vertex 0.209 -0.0205692 0.0245134
 endloop
endfacet
facet normal 0 0 0
 outer loop
 vertex 0.209 -0.0202478 0.0241304
 vertex 0.209 -0.01575 0.0272798
 vertex -0.133 -0.01575 0.0272798
 endloop
endfacet
facet normal 0 0 0
 outer loop
 vertex 0.209 -0.0202478 0.0241304
 vertex -0.133 -0.01575 0.0272798
 vertex -0.133 -0.0202478 0.0241304
 endloop
endfacet
facet normal 0 0 0
 outer loop
 vertex -0.133 -0.016 0.0277128
 vertex -0.133 -0.0109447 0.0300702
 vertex 0.209 -0.0109447 0.0300702
 endloop
endfacet
facet normal 0 0 0
 outer loop
 vertex -0.133 -0.016 0.0277128
 vertex 0.209 -0.0109447 0.0300702
 vertex 0.209 -0.016 0.0277128
 endloop
endfacet
facet normal 0 0 0
 outer loop
 vertex 0.209 -0.01575 0.0272798
 vertex 0.209 -0.0107736 0.0296003
 vertex -0.133 -0.0107736 0.0296003
 endloop
endfacet
facet normal 0 0 0
 outer loop
 vertex 0.209 -0.01575 0.0272798
 vertex -0.133 -0.0107736 0.0296003
 vertex -0.133 -0.01575 0.0272798
 endloop
endfacet
facet normal 0 0 0
 outer loop
 vertex -0.133 -0.0109447 0.0300702
 vertex -0.133 -0.00555674 0.0315139
 vertex 0.209 -0.00555674 0.0315139
 endloop
endfacet
facet normal 0 0 0
 outer loop
 vertex -0.133 -0.0109447 0.0300702
 vertex 0.209 -0.00555674 0.0315139
 vertex 0.209 -0.0109447 0.0300702
 endloop
endfacet
facet normal 0 0 0
 outer loop
 vertex 0.209 -0.0107736 0.0296003
 vertex 0.209 -0.00546991 0.0310214
 vertex -0.133 -0.00546991 0.0310214
 endloop
endfacet
facet normal 0 0 0
 outer loop
 vertex 0.209 -0.0107736 0.0296003
 vertex -0.133 -0.00546991 0.0310214
 vertex -0.133 -0.0107736 0.0296003
 endloop
endfacet
facet normal 0 0 0
 outer loop
 vertex -0.133 -0.00555674 0.0315139
 vertex -0.133 5.59506e-09 0.032
 vertex 0.209 5.59506e-09 0.032
 endloop
endfacet
facet normal 0 0 0
 outer loop
 vertex -0.133 -0.00555674 0.0315139
 vertex 0.209 5.59506e-09 0.032
 vertex 0.209 -0.00555674 0.0315139
 endloop
endfacet
facet normal 0 0 0
 outer loop
 vertex 0.209 -0.00546991 0.0310214
 vertex 0.209 5.50763e-09 0.0315
 vertex -0.133 5.50763e-09 0.0315
 endloop
endfacet
facet normal 0 0 0
 outer loop
 vertex 0.209 -0.00546991 0.0310214
 vertex -0.133 5.50763e-09 0.0315
 vertex -0.133 -0.00546991 0.0310214
 endloop
endfacet
facet normal 0 0 0
 outer loop
 vertex -0.133 0 0.0315
 vertex -0.133 0.00546992 0.0310214
 vertex -0.133 0.00555674 0.0315138
 endloop
endfacet
facet normal 0 0 0
 outer loop
 vertex -0.133 0 0.0315
 vertex -0.133 0.00555674 0.0315138
 vertex -0.133 0 0.032
 endloop
endfacet
facet normal 0 0 0
 outer loop
 vertex 0.209 0 0.0315
 vertex 0.209 0 0.032
 vertex 0.209 0.00555674 0.0315138
 endloop
endfacet
facet normal 0 0 0
 outer loop
 vertex 0.209 0 0.0315
 vertex 0.209 0.00555674 0.0315138
 vertex 0.209 0.00546992 0.0310214
 endloop
endfacet
facet normal 0 0 0
 outer loop
 vertex -0.133 0.00546992 0.0310214
 vertex -0.133 0.0107736 0.0296003
 vertex -0.133 0.0109446 0.0300702
 endloop
endfacet
facet normal 0 0 0
 outer loop
 vertex -0.133 0.00546992 0.0310214
 vertex -0.133 0.0109446 0.0300702
 vertex -0.133 0.00555674 0.0315138
 endloop
endfacet
facet normal 0 0 0
 outer loop
 vertex 0.209 0.00546992 0.0310214
 vertex 0.209 0.00555674 0.0315138
 vertex 0.209 0.0109446 0.0300702
 endloop
endfacet
facet normal 0 0 0
 outer loop
 vertex 0.209 0.00546992 0.0310214
 vertex 0.209 0.0109446 0.0300702
 vertex 0.209 0.0107736 0.0296003
 endloop
endfacet
facet normal 0 0 0
 outer loop
 vertex -0.133 0.0107736 0.0296003
 vertex -0.133 0.01575 0.0272798
 vertex -0.133 0.016 0.0277128
 endloop
endfacet
facet normal 0 0 0
 outer loop
 vertex -0.133 0.0107736 0.0296003
 vertex -0.133 0.016 0.0277128
 vertex -0.133 0.0109446 0.0300702
 endloop
endfacet
facet normal 0 0 0
 outer loop
 vertex 0.209 0.0107736 0.0296003
 vertex 0.209 0.0109446 0.0300702
 vertex 0.209 0.016 0.0277128
 endloop
endfacet
facet normal 0 0 0
 outer loop
 vertex 0.209 0.0107736 0.0296003
 vertex 0.209 0.016 0.0277128
 vertex 0.209 0.01575 0.0272798
 endloop
endfacet
facet normal 0 0 0
 outer loop
 vertex -0.133 0.01575 0.0272798
 vertex -0.133 0.0202478 0.0241304
 vertex -0.133 0.0205692 0.0245134
 endloop
endfacet
facet normal 0 0 0
 outer loop
 vertex -0.133 0.01575 0.0272798
 vertex -0.133 0.0205692 0.0245134
 vertex -0.133 0.016 0.0277128
 endloop
endfacet
facet normal 0 0 0
 outer loop
 vertex 0.209 0.01575 0.0272798
 vertex 0.209 0.016 0.0277128
 vertex 0.209 0.0205692 0.0245134
 endloop
endfacet
facet normal 0 0 0
 outer loop
 vertex 0.209 0.01575 0.0272798
 vertex 0.209 0.0205692 0.0245134
 vertex 0.209 0.0202478 0.0241304
 endloop
endfacet
facet normal 0 0 0
 outer loop
 vertex -0.133 0.0202478 0.0241304
 vertex -0.133 0.0241304 0.0202478
 vertex -0.133 0.0245134 0.0205692
 endloop
endfacet
facet normal 0 0 0
 outer loop
 vertex -0.133 0.0202478 0.0241304
 vertex -0.133 0.0245134 0.0205692
 vertex -0.133 0.0205692 0.0245134
 endloop
endfacet
facet normal 0 0 0
 outer loop
 vertex 0.209 0.0202478 0.0241304
 vertex 0.209 0.0205692 0.0245134
 vertex 0.209 0.0245134 0.0205692
 endloop
endfacet
facet normal 0 0 0
 outer loop
 vertex 0.209 0.0202478 0.0241304
 vertex 0.209 0.0245134 0.0205692
 vertex 0.209 0.0241304 0.0202478
 endloop
endfacet
facet normal 0 0 0
 outer loop
 vertex -0.133 0.0241304 0.0202478
 vertex -0.133 0.0272798 0.01575
 vertex -0.133 0.0277128 0.016
 endloop
endfacet
facet normal 0 0 0
 outer loop
 vertex -0.133 0.0241304 0.0202478
 vertex -0.133 0.0277128 0.016
 vertex -0.133 0.0245134 0.0205692
 endloop
endfacet
facet normal 0 0 0
 outer loop
 vertex 0.209 0.0241304 0.0202478
 vertex 0.209 0.0245134 0.0205692
 vertex 0.209 0.0277128 0.016
 endloop
endfacet
facet normal 0 0 0
 outer loop
 vertex 0.209 0.0241304 0.0202478
 vertex 0.209 0.0277128 0.016
 vertex 0.209 0.0272798 0.01575
 endloop
endfacet
facet normal 0 0 0
 outer loop
 vertex -0.133 0.0272798 0.01575
 vertex -0.133 0.0296003 0.0107736
 vertex -0.133 0.0300702 0.0109446
 endloop
endfacet
facet normal 0 0 0
 outer loop
 vertex -0.133 0.0272798 0.01575
 vertex -0.133 0.0300702 0.0109446
 vertex -0.133 0.0277128 0.016
 endloop
endfacet
facet normal 0 0 0
 outer loop
 vertex 0.209 0.0272798 0.01575
 vertex 0.209 0.0277128 0.016
 vertex 0.209 0.0300702 0.0109446
 endloop
endfacet
facet normal 0 0 0
 outer loop
 vertex 0.209 0.0272798 0.01575
 vertex 0.209 0.0300702 0.0109446
 vertex 0.209 0.0296003 0.0107736
 endloop
endfacet
facet normal 0 0 0
 outer loop
 vertex -0.133 0.0296003 0.0107736
 vertex -0.133 0.0310214 0.00546992
 vertex -0.133 0.0315138 0.00555674
 endloop
endfacet
facet normal 0 0 0
 outer loop
 vertex -0.133 0.0296003 0.0107736
 vertex -0.133 0.0315138 0.00555674
 vertex -0.133 0.0300702 0.0109446
 endloop
endfacet
facet normal 0 0 0
 outer loop
 vertex 0.209 0.0296003 0.0107736
 vertex 0.209 0.0300702 0.0109446
 vertex 0.209 0.0315138 0.00555674
 endloop
endfacet
facet normal 0 0 0
 outer loop
 vertex 0.209 0.0296003 0.0107736
 vertex 0.209 0.0315138 0.00555674
 vertex 0.209 0.0310214 0.00546992
 endloop
endfacet
facet normal 0 0 0
 outer loop
 vertex -0.133 0.0310214 0.00546992
 vertex -0.133 0.0315 -1.37691e-09
 vertex -0.133 0.032 -1.39876e-09
 endloop
endfacet
facet normal 0 0 0
 outer loop
 vertex -0.133 0.0310214 0.00546992
 vertex -0.133 0.032 -1.39876e-09
 vertex -0.133 0.0315138 0.00555674
 endloop
endfacet
facet normal 0 0 0
 outer loop
 vertex 0.209 0.0310214 0.00546992
 vertex 0.209 0.0315138 0.00555674
 vertex 0.209 0.032 -1.39876e-09
 endloop
endfacet
facet normal 0 0 0
 outer loop
 vertex 0.209 0.0310214 0.00546992
 vertex 0.209 0.032 -1.39876e-09
 vertex 0.209 0.0315 -1.37691e-09
 endloop
endfacet
facet normal 0 0 0
 outer loop
 vertex -0.133 0.0315 -1.37691e-09
 vertex -0.133 0.0310214 -0.00546992
 vertex -0.133 0.0315138 -0.00555674
 endloop
endfacet
facet normal 0 0 0
 outer loop
 vertex -0.133 0.0315 -1.37691e-09
 vertex -0.133 0.0315138 -0.00555674
 vertex -0.133 0.032 -1.39876e-09
 endloop
endfacet
facet normal 0 0 0
 outer loop
 vertex 0.209 0.0315 -1.37691e-09
 vertex 0.209 0.032 -1.39876e-09
 vertex 0.209 0.0315138 -0.00555674
 endloop
endfacet
facet normal 0 0 0
 outer loop
 vertex 0.209 0.0315 -1.37691e-09
 vertex 0.209 0.0315138 -0.00555674
 vertex 0.209 0.0310214 -0.00546992
 endloop
endfacet
facet normal 0 0 0
 outer loop
 vertex -0.133 0.0310214 -0.00546992
 vertex -0.133 0.0296003 -0.0107736
 vertex -0.133 0.0300702 -0.0109446
 endloop
endfacet
facet normal 0 0 0
 outer loop
 vertex -0.133 0.0310214 -0.00546992
 vertex -0.133 0.0300702 -0.0109446
 vertex -0.133 0.0315138 -0.00555674
 endloop
endfacet
facet normal 0 0 0
 outer loop
 vertex 0.209 0.0310214 -0.00546992
 vertex 0.209 0.0315138 -0.00555674
 vertex 0.209 0.0300702 -0.0109446
 endloop
endfacet
facet normal 0 0 0
 outer loop
 vertex 0.209 0.0310214 -0.00546992
 vertex 0.209 0.0300702 -0.0109446
 vertex 0.209 0.0296003 -0.0107736
 endloop
endfacet
facet normal 0 0 0
 outer loop
 vertex -0.133 0.0296003 -0.0107736
 vertex -0.133 0.0272798 -0.01575
 vertex -0.133 0.0277128 -0.016
 endloop
endfacet
facet normal 0 0 0
 outer loop
 vertex -0.133 0.0296003 -0.0107736
 vertex -0.133 0.0277128 -0.016
 vertex -0.133 0.0300702 -0.0109446
 endloop
endfacet
facet normal 0 0 0
 outer loop
 vertex 0.209 0.0296003 -0.0107736
 vertex 0.209 0.0300702 -0.0109446
 vertex 0.209 0.0277128 -0.016
 endloop
endfacet
facet normal 0 0 0
 outer loop
 vertex 0.209 0.0296003 -0.0107736
 vertex 0.209 0.0277128 -0.016
 vertex 0.209 0.0272798 -0.01575
 endloop
endfacet
facet normal 0 0 0
 outer loop
 vertex -0.133 0.0272798 -0.01575
 vertex -0.133 0.0241304 -0.0202478
 vertex -0.133 0.0245134 -0.0205692
 endloop
endfacet
facet normal 0 0 0
 outer loop
 vertex -0.133 0.0272798 -0.01575
 vertex -0.133 0.0245134 -0.0205692
 vertex -0.133 0.0277128 -0.016
 endloop
endfacet
facet normal 0 0 0
 outer loop
 vertex 0.209 0.0272798 -0.01575
 vertex 0.209 0.0277128 -0.016
 vertex 0.209 0.0245134 -0.0205692
 endloop
endfacet
facet normal 0 0 0
 outer loop
 vertex 0.209 0.0272798 -0.01575
 vertex 0.209 0.0245134 -0.0205692
 vertex 0.209 0.0241304 -0.0202478
 endloop
endfacet
facet normal 0 0 0
 outer loop
 vertex -0.133 0.0241304 -0.0202478
 vertex -0.133 0.0202478 -0.0241304
 vertex -0.133 0.0205692 -0.0245134
 endloop
endfacet
facet normal 0 0 0
 outer loop
 vertex -0.133 0.0241304 -0.0202478
 vertex -0.133 0.0205692 -0.0245134
 vertex -0.133 0.0245134 -0.0205692
 endloop
endfacet
facet normal 0 0 0
 outer loop
 vertex 0.209 0.0241304 -0.0202478
 vertex 0.209 0.0245134 -0.0205692
 vertex 0.209 0.0205692 -0.0245134
 endloop
endfacet
facet normal 0 0 0
 outer loop
 vertex 0.209 0.0241304 -0.0202478
 vertex 0.209 0.0205692 -0.0245134
 vertex 0.209 0.0202478 -0.0241304
 endloop
endfacet
facet normal 0 0 0
 outer loop
 vertex -0.133 0.0202478 -0.0241304
 vertex -0.133 0.01575 -0.0272798
 vertex -0.133 0.016 -0.0277128
 endloop
endfacet
facet normal 0 0 0
 outer loop
 vertex -0.133 0.0202478 -0.0241304
 vertex -0.133 0.016 -0.0277128
 vertex -0.133 0.0205692 -0.0245134
 endloop
endfacet
facet normal 0 0 0
 outer loop
 vertex 0.209 0.0202478 -0.0241304
 vertex 0.209 0.0205692 -0.0245134
 vertex 0.209 0.016 -0.0277128
 endloop
endfacet
facet normal 0 0 0
 outer loop
 vertex 0.209 0.0202478 -0.0241304
 vertex 0.209 0.016 -0.0277128
 vertex 0.209 0.01575 -0.0272798
 endloop
endfacet
facet normal 0 0 0
 outer loop
 vertex -0.133 0.01575 -0.0272798
 vertex -0.133 0.0107736 -0.0296003
 vertex -0.133 0.0109446 -0.0300702
 endloop
endfacet
facet normal 0 0 0
 outer loop
 vertex -0.133 0.01575 -0.0272798
 vertex -0.133 0.0109446 -0.0300702
 vertex -0.133 0.016 -0.0277128
 endloop
endfacet
facet normal 0 0 0
 outer loop
 vertex 0.209 0.01575 -0.0272798
 vertex 0.209 0.016 -0.0277128
 vertex 0.209 0.0109446 -0.0300702
 endloop
endfacet
facet normal 0 0 0
 outer loop
 vertex 0.209 0.01575 -0.0272798
 vertex 0.209 0.0109446 -0.0300702
 vertex 0.209 0.0107736 -0.0296003
 endloop
endfacet
facet normal 0 0 0
 outer loop
 vertex -0.133 0.0107736 -0.0296003
 vertex -0.133 0.00546992 -0.0310214
 vertex -0.133 0.00555675 -0.0315138
 endloop
endfacet
facet normal 0 0 0
 outer loop
 vertex -0.133 0.0107736 -0.0296003
 vertex -0.133 0.00555675 -0.0315138
 vertex -0.133 0.0109446 -0.0300702
 endloop
endfacet
facet normal 0 0 0
 outer loop
 vertex 0.209 0.0107736 -0.0296003
 vertex 0.209 0.0109446 -0.0300702
 vertex 0.209 0.00555675 -0.0315138
 endloop
endfacet
facet normal 0 0 0
 outer loop
 vertex 0.209 0.0107736 -0.0296003
 vertex 0.209 0.00555675 -0.0315138
 vertex 0.209 0.00546992 -0.0310214
 endloop
endfacet
facet normal 0 0 0
 outer loop
 vertex -0.133 0.00546992 -0.0310214
 vertex -0.133 -2.75382e-09 -0.0315
 vertex -0.133 -2.79753e-09 -0.032
 endloop
endfacet
facet normal 0 0 0
 outer loop
 vertex -0.133 0.00546992 -0.0310214
 vertex -0.133 -2.79753e-09 -0.032
 vertex -0.133 0.00555675 -0.0315138
 endloop
endfacet
facet normal 0 0 0
 outer loop
 vertex 0.209 0.00546992 -0.0310214
 vertex 0.209 0.00555675 -0.0315138
 vertex 0.209 -2.79753e-09 -0.032
 endloop
endfacet
facet normal 0 0 0
 outer loop
 vertex 0.209 0.00546992 -0.0310214
 vertex 0.209 -2.79753e-09 -0.032
 vertex 0.209 -2.75382e-09 -0.0315
 endloop
endfacet
facet normal 0 0 0
 outer loop
 vertex -0.133 -2.75382e-09 -0.0315
 vertex -0.133 -0.00546992 -0.0310214
 vertex -0.133 -0.00555674 -0.0315138
 endloop
endfacet
facet normal 0 0 0
 outer loop
 vertex -0.133 -2.75382e-09 -0.0315
 vertex -0.133 -0.00555674 -0.0315138
 vertex -0.133 -2.79753e-09 -0.032
 endloop
endfacet
facet normal 0 0 0
 outer loop
 vertex 0.209 -2.75382e-09 -0.0315
 vertex 0.209 -2.79753e-09 -0.032
 vertex 0.209 -0.00555674 -0.0315138
 endloop
endfacet
facet normal 0 0 0
 outer loop
 vertex 0.209 -2.75382e-09 -0.0315
 vertex 0.209 -0.00555674 -0.0315138
 vertex 0.209 -0.00546992 -0.0310214
 endloop
endfacet
facet normal 0 0 0
 outer loop
 vertex -0.133 -0.00546992 -0.0310214
 vertex -0.133 -0.0107736 -0.0296003
 vertex -0.133 -0.0109446 -0.0300702
 endloop
endfacet
facet normal 0 0 0
 outer loop
 vertex -0.133 -0.00546992 -0.0310214
 vertex -0.133 -0.0109446 -0.0300702
 vertex -0.133 -0.00555674 -0.0315138
 endloop
endfacet
facet normal 0 0 0
 outer loop
 vertex 0.209 -0.00546992 -0.0310214
 vertex 0.209 -0.00555674 -0.0315138
 vertex 0.209 -0.0109446 -0.0300702
 endloop
endfacet
facet normal 0 0 0
 outer loop
 vertex 0.209 -0.00546992 -0.0310214
 vertex 0.209 -0.0109446 -0.0300702
 vertex 0.209 -0.0107736 -0.0296003
 endloop
endfacet
facet normal 0 0 0
 outer loop
 vertex -0.133 -0.0107736 -0.0296003
 vertex -0.133 -0.01575 -0.0272798
 vertex -0.133 -0.016 -0.0277128
 endloop
endfacet
facet normal 0 0 0
 outer loop
 vertex -0.133 -0.0107736 -0.0296003
 vertex -0.133 -0.016 -0.0277128
 vertex -0.133 -0.0109446 -0.0300702
 endloop
endfacet
facet normal 0 0 0
 outer loop
 vertex 0.209 -0.0107736 -0.0296003
 vertex 0.209 -0.0109446 -0.0300702
 vertex 0.209 -0.016 -0.0277128
 endloop
endfacet
facet normal 0 0 0
 outer loop
 vertex 0.209 -0.0107736 -0.0296003
 vertex 0.209 -0.016 -0.0277128
 vertex 0.209 -0.01575 -0.0272798
 endloop
endfacet
facet normal 0 0 0
 outer loop
 vertex -0.133 -0.01575 -0.0272798
 vertex -0.133 -0.0202478 -0.0241304
 vertex -0.133 -0.0205692 -0.0245134
 endloop
endfacet
facet normal 0 0 0
 outer loop
 vertex -0.133 -0.01575 -0.0272798
 vertex -0.133 -0.0205692 -0.0245134
 vertex -0.133 -0.016 -0.0277128
 endloop
endfacet
facet normal 0 0 0
 outer loop
 vertex 0.209 -0.01575 -0.0272798
 vertex 0.209 -0.016 -0.0277128
 vertex 0.209 -0.0205692 -0.0245134
 endloop
endfacet
facet normal 0 0 0
 outer loop
 vertex 0.209 -0.01575 -0.0272798
 vertex 0.209 -0.0205692 -0.0245134
 vertex 0.209 -0.0202478 -0.0241304
 endloop
endfacet
facet normal 0 0 0
 outer loop
 vertex -0.133 -0.0202478 -0.0241304
 vertex -0.133 -0.0241304 -0.0202478
 vertex -0.133 -0.0245134 -0.0205692
 endloop
endfacet
facet normal 0 0 0
 outer loop
 vertex -0.133 -0.0202478 -0.0241304
 vertex -0.133 -0.0245134 -0.0205692
 vertex -0.133 -0.0205692 -0.0245134
 endloop
endfacet
facet normal 0 0 0
 outer loop
 vertex 0.209 -0.0202478 -0.0241304
 vertex 0.209 -0.0205692 -0.0245134
 vertex 0.209 -0.0245134 -0.0205692
 endloop
endfacet
facet normal 0 0 0
 outer loop
 vertex 0.209 -0.0202478 -0.0241304
 vertex 0.209 -0.0245134 -0.0205692
 vertex 0.209 -0.0241304 -0.0202478
 endloop
endfacet
facet normal 0 0 0
 outer loop
 vertex -0.133 -0.0241304 -0.0202478
 vertex -0.133 -0.0272798 -0.01575
 vertex -0.133 -0.0277128 -0.016
 endloop
endfacet
facet normal 0 0 0
 outer loop
 vertex -0.133 -0.0241304 -0.0202478
 vertex -0.133 -0.0277128 -0.016
 vertex -0.133 -0.0245134 -0.0205692
 endloop
endfacet
facet normal 0 0 0
 outer loop
 vertex 0.209 -0.0241304 -0.0202478
 vertex 0.209 -0.0245134 -0.0205692
 vertex 0.209 -0.0277128 -0.016
 endloop
endfacet
facet normal 0 0 0
 outer loop
 vertex 0.209 -0.0241304 -0.0202478
 vertex 0.209 -0.0277128 -0.016
 vertex 0.209 -0.0272798 -0.01575
 endloop
endfacet
facet normal 0 0 0
 outer loop
 vertex -0.133 -0.0272798 -0.01575
 vertex -0.133 -0.0296003 -0.0107736
 vertex -0.133 -0.0300702 -0.0109446
 endloop
endfacet
facet normal 0 0 0
 outer loop
 vertex -0.133 -0.0272798 -0.01575
 vertex -0.133 -0.0300702 -0.0109446
 vertex -0.133 -0.0277128 -0.016
 endloop
endfacet
facet normal 0 0 0
 outer loop
 vertex 0.209 -0.0272798 -0.01575
 vertex 0.209 -0.0277128 -0.016
 vertex 0.209 -0.0300702 -0.0109446
 endloop
endfacet
facet normal 0 0 0
 outer loop
 vertex 0.209 -0.0272798 -0.01575
 vertex 0.209 -0.0300702 -0.0109446
 vertex 0.209 -0.0296003 -0.0107736
 endloop
endfacet
facet normal 0 0 0
 outer loop
 vertex -0.133 -0.0296003 -0.0107736
 vertex -0.133 -0.0310214 -0.00546992
 vertex -0.133 -0.0315139 -0.00555674
 endloop
endfacet
facet normal 0 0 0
 outer loop
 vertex -0.133 -0.0296003 -0.0107736
 vertex -0.133 -0.0315139 -0.00555674
 vertex -0.133 -0.0300702 -0.0109446
 endloop
endfacet
facet normal 0 0 0
 outer loop
 vertex 0.209 -0.0296003 -0.0107736
 vertex 0.209 -0.0300702 -0.0109446
 vertex 0.209 -0.0315139 -0.00555674
 endloop
endfacet
facet normal 0 0 0
 outer loop
 vertex 0.209 -0.0296003 -0.0107736
 vertex 0.209 -0.0315139 -0.00555674
 vertex 0.209 -0.0310214 -0.00546992
 endloop
endfacet
facet normal 0 0 0
 outer loop
 vertex -0.133 -0.0310214 -0.00546992
 vertex -0.133 -0.0315 3.75634e-10
 vertex -0.133 -0.032 3.81596e-10
 endloop
endfacet
facet normal 0 0 0
 outer loop
 vertex -0.133 -0.0310214 -0.00546992
 vertex -0.133 -0.032 3.81596e-10
 vertex -0.133 -0.0315139 -0.00555674
 endloop
endfacet
facet normal 0 0 0
 outer loop
 vertex 0.209 -0.0310214 -0.00546992
 vertex 0.209 -0.0315139 -0.00555674
 vertex 0.209 -0.032 3.81596e-10
 endloop
endfacet
facet normal 0 0 0
 outer loop
 vertex 0.209 -0.0310214 -0.00546992
 vertex 0.209 -0.032 3.81596e-10
 vertex 0.209 -0.0315 3.75634e-10
 endloop
endfacet
facet normal 0 0 0
 outer loop
 vertex -0.133 -0.0315 3.75634e-10
 vertex -0.133 -0.0310214 0.00546992
 vertex -0.133 -0.0315138 0.00555674
 endloop
endfacet
facet normal 0 0 0
 outer loop
 vertex -0.133 -0.0315 3.75634e-10
 vertex -0.133 -0.0315138 0.00555674
 vertex -0.133 -0.032 3.81596e-10
 endloop
endfacet
facet normal 0 0 0
 outer loop
 vertex 0.209 -0.0315 3.75634e-10
 vertex 0.209 -0.032 3.81596e-10
 vertex 0.209 -0.0315138 0.00555674
 endloop
endfacet
facet normal 0 0 0
 outer loop
 vertex 0.209 -0.0315 3.75634e-10
 vertex 0.209 -0.0315138 0.00555674
 vertex 0.209 -0.0310214 0.00546992
 endloop
endfacet
facet normal 0 0 0
 outer loop
 vertex -0.133 -0.0310214 0.00546992
 vertex -0.133 -0.0296003 0.0107736
 vertex -0.133 -0.0300702 0.0109446
 endloop
endfacet
facet normal 0 0 0
 outer loop
 vertex -0.133 -0.0310214 0.00546992
 vertex -0.133 -0.0300702 0.0109446
 vertex -0.133 -0.0315138 0.00555674
 endloop
endfacet
facet normal 0 0 0
 outer loop
 vertex 0.209 -0.0310214 0.00546992
 vertex 0.209 -0.0315138 0.00555674
 vertex 0.209 -0.0300702 0.0109446
 endloop
endfacet
facet normal 0 0 0
 outer loop
 vertex 0.209 -0.0310214 0.00546992
 vertex 0.209 -0.0300702 0.0109446
 vertex 0.209 -0.0296003 0.0107736
 endloop
endfacet
facet normal 0 0 0
 outer loop
 vertex -0.133 -0.0296003 0.0107736
 vertex -0.133 -0.0272798 0.01575
 vertex -0.133 -0.0277128 0.016
 endloop
endfacet
facet normal 0 0 0
 outer loop
 vertex -0.133 -0.0296003 0.0107736
 vertex -0.133 -0.0277128 0.016
 vertex -0.133 -0.0300702 0.0109446
 endloop
endfacet
facet normal 0 0 0
 outer loop
 vertex 0.209 -0.0296003 0.0107736
 vertex 0.209 -0.0300702 0.0109446
 vertex 0.209 -0.0277128 0.016
 endloop
endfacet
facet normal 0 0 0
 outer loop
 vertex 0.209 -0.0296003 0.0107736
 vertex 0.209 -0.0277128 0.016
 vertex 0.209 -0.0272798 0.01575
 endloop
endfacet
facet normal 0 0 0
 outer loop
 vertex -0.133 -0.0272798 0.01575
 vertex -0.133 -0.0241304 0.0202478
 vertex -0.133 -0.0245134 0.0205692
 endloop
endfacet
facet normal 0 0 0
 outer loop
 vertex -0.133 -0.0272798 0.01575
 vertex -0.133 -0.0245134 0.0205692
 vertex -0.133 -0.0277128 0.016
 endloop
endfacet
facet normal 0 0 0
 outer loop
 vertex 0.209 -0.0272798 0.01575
 vertex 0.209 -0.0277128 0.016
 vertex 0.209 -0.0245134 0.0205692
 endloop
endfacet
facet normal 0 0 0
 outer loop
 vertex 0.209 -0.0272798 0.01575
 vertex 0.209 -0.0245134 0.0205692
 vertex 0.209 -0.0241304 0.0202478
 endloop
endfacet
facet normal 0 0 0
 outer loop
 vertex -0.133 -0.0241304 0.0202478
 vertex -0.133 -0.0202478 0.0241304
 vertex -0.133 -0.0205692 0.0245134
 endloop
endfacet
facet normal 0 0 0
 outer loop
 vertex -0.133 -0.0241304 0.0202478
 vertex -0.133 -0.0205692 0.0245134
 vertex -0.133 -0.0245134 0.0205692
 endloop
endfacet
facet normal 0 0 0
 outer loop
 vertex 0.209 -0.0241304 0.0202478
 vertex 0.209 -0.0245134 0.0205692
 vertex 0.209 -0.0205692 0.0245134
 endloop
endfacet
facet normal 0 0 0
 outer loop
 vertex 0.209 -0.0241304 0.0202478
 vertex 0.209 -0.0205692 0.0245134
 vertex 0.209 -0.0202478 0.0241304
 endloop
endfacet
facet normal 0 0 0
 outer loop
 vertex -0.133 -0.0202478 0.0241304
 vertex -0.133 -0.01575 0.0272798
 vertex -0.133 -0.016 0.0277128
 endloop
endfacet
facet normal 0 0 0
 outer loop
 vertex -0.133 -0.0202478 0.0241304
 vertex -0.133 -0.016 0.0277128
 vertex -0.133 -0.0205692 0.0245134
 endloop
endfacet
facet normal 0 0 0
 outer loop
 vertex 0.209 -0.0202478 0.0241304
 vertex 0.209 -0.0205692 0.0245134
 vertex 0.209 -0.016 0.0277128
 endloop
endfacet
facet normal 0 0 0
 outer loop
 vertex 0.209 -0.0202478 0.0241304
 vertex 0.209 -0.016 0.0277128
 vertex 0.209 -0.01575 0.0272798
 endloop
endfacet
facet normal 0 0 0
 outer loop
 vertex -0.133 -0.01575 0.0272798
 vertex -0.133 -0.0107736 0.0296003
 vertex -0.133 -0.0109447 0.0300702
 endloop
endfacet
facet normal 0 0 0
 outer loop
 vertex -0.133 -0.01575 0.0272798
 vertex -0.133 -0.0109447 0.0300702
 vertex -0.133 -0.016 0.0277128
 endloop
endfacet
facet normal 0 0 0
 outer loop
 vertex 0.209 -0.01575 0.0272798
 vertex 0.209 -0.016 0.0277128
 vertex 0.209 -0.0109447 0.0300702
 endloop
endfacet
facet normal 0 0 0
 outer loop
 vertex 0.209 -0.01575 0.0272798
 vertex 0.209 -0.0109447 0.0300702
 vertex 0.209 -0.0107736 0.0296003
 endloop
endfacet
facet normal 0 0 0
 outer loop
 vertex -0.133 -0.0107736 0.0296003
 vertex -0.133 -0.00546991 0.0310214
 vertex -0.133 -0.00555674 0.0315139
 endloop
endfacet
facet normal 0 0 0
 outer loop
 vertex -0.133 -0.0107736 0.0296003
 vertex -0.133 -0.00555674 0.0315139
 vertex -0.133 -0.0109447 0.0300702
 endloop
endfacet
facet normal 0 0 0
 outer loop
 vertex 0.209 -0.0107736 0.0296003
 vertex 0.209 -0.0109447 0.0300702
 vertex 0.209 -0.00555674 0.0315139
 endloop
endfacet
facet normal 0 0 0
 outer loop
 vertex 0.209 -0.0107736 0.0296003
 vertex 0.209 -0.00555674 0.0315139
 vertex 0.209 -0.00546991 0.0310214
 endloop
endfacet
facet normal 0 0 0
 outer loop
 vertex -0.133 -0.00546991 0.0310214
 vertex -0.133 5.50763e-09 0.0315
 vertex -0.133 5.59506e-09 0.032
 endloop
endfacet
facet normal 0 0 0
 outer loop
 vertex -0.133 -0.00546991 0.0310214
 vertex -0.133 5.59506e-09 0.032
 vertex -0.133 -0.00555674 0.0315139
 endloop
endfacet
facet normal 0 0 0
 outer loop
 vertex 0.209 -0.00546991 0.0310214
 vertex 0.209 -0.00555674 0.0315139
 vertex 0.209 5.59506e-09 0.032
 endloop
endfacet
facet normal 0 0 0
 outer loop
 vertex 0.209 -0.00546991 0.0310214
 vertex 0.209 5.59506e-09 0.032
 vertex 0.209 5.50763e-09 0.0315
 endloop
endfacet
facet normal 0 0 0
 outer loop
 vertex -0.133 0 0.0323
 vertex -0.133 0.00560884 0.0318093
 vertex 0.209 0.00560884 0.0318093
 endloop
endfacet
facet normal 0 0 0
 outer loop
 vertex -0.133 0 0.0323
 vertex 0.209 0.00560884 0.0318093
 vertex 0.209 0 0.0323
 endloop
endfacet
facet normal 0 0 0
 outer loop
 vertex 0.209 0 0.0318
 vertex 0.209 0.00552201 0.0313169
 vertex -0.133 0.00552201 0.0313169
 endloop
endfacet
facet normal 0 0 0
 outer loop
 vertex 0.209 0 0.0318
 vertex -0.133 0.00552201 0.0313169
 vertex -0.133 0 0.0318
 endloop
endfacet
facet normal 0 0 0
 outer loop
 vertex -0.133 0.00560884 0.0318093
 vertex -0.133 0.0110472 0.0303521
 vertex 0.209 0.0110472 0.0303521
 endloop
endfacet
facet normal 0 0 0
 outer loop
 vertex -0.133 0.00560884 0.0318093
 vertex 0.209 0.0110472 0.0303521
 vertex 0.209 0.00560884 0.0318093
 endloop
endfacet
facet normal 0 0 0
 outer loop
 vertex 0.209 0.00552201 0.0313169
 vertex 0.209 0.0108762 0.0298822
 vertex -0.133 0.0108762 0.0298822
 endloop
endfacet
facet normal 0 0 0
 outer loop
 vertex 0.209 0.00552201 0.0313169
 vertex -0.133 0.0108762 0.0298822
 vertex -0.133 0.00552201 0.0313169
 endloop
endfacet
facet normal 0 0 0
 outer loop
 vertex -0.133 0.0110472 0.0303521
 vertex -0.133 0.01615 0.0279726
 vertex 0.209 0.01615 0.0279726
 endloop
endfacet
facet normal 0 0 0
 outer loop
 vertex -0.133 0.0110472 0.0303521
 vertex 0.209 0.01615 0.0279726
 vertex 0.209 0.0110472 0.0303521
 endloop
endfacet
facet normal 0 0 0
 outer loop
 vertex 0.209 0.0108762 0.0298822
 vertex 0.209 0.0159 0.0275396
 vertex -0.133 0.0159 0.0275396
 endloop
endfacet
facet normal 0 0 0
 outer loop
 vertex 0.209 0.0108762 0.0298822
 vertex -0.133 0.0159 0.0275396
 vertex -0.133 0.0108762 0.0298822
 endloop
endfacet
facet normal 0 0 0
 outer loop
 vertex -0.133 0.01615 0.0279726
 vertex -0.133 0.020762 0.0247432
 vertex 0.209 0.020762 0.0247432
 endloop
endfacet
facet normal 0 0 0
 outer loop
 vertex -0.133 0.01615 0.0279726
 vertex 0.209 0.020762 0.0247432
 vertex 0.209 0.01615 0.0279726
 endloop
endfacet
facet normal 0 0 0
 outer loop
 vertex 0.209 0.0159 0.0275396
 vertex 0.209 0.0204406 0.0243602
 vertex -0.133 0.0204406 0.0243602
 endloop
endfacet
facet normal 0 0 0
 outer loop
 vertex 0.209 0.0159 0.0275396
 vertex -0.133 0.0204406 0.0243602
 vertex -0.133 0.0159 0.0275396
 endloop
endfacet
facet normal 0 0 0
 outer loop
 vertex -0.133 0.020762 0.0247432
 vertex -0.133 0.0247432 0.020762
 vertex 0.209 0.0247432 0.020762
 endloop
endfacet
facet normal 0 0 0
 outer loop
 vertex -0.133 0.020762 0.0247432
 vertex 0.209 0.0247432 0.020762
 vertex 0.209 0.020762 0.0247432
 endloop
endfacet
facet normal 0 0 0
 outer loop
 vertex 0.209 0.0204406 0.0243602
 vertex 0.209 0.0243602 0.0204406
 vertex -0.133 0.0243602 0.0204406
 endloop
endfacet
facet normal 0 0 0
 outer loop
 vertex 0.209 0.0204406 0.0243602
 vertex -0.133 0.0243602 0.0204406
 vertex -0.133 0.0204406 0.0243602
 endloop
endfacet
facet normal 0 0 0
 outer loop
 vertex -0.133 0.0247432 0.020762
 vertex -0.133 0.0279726 0.01615
 vertex 0.209 0.0279726 0.01615
 endloop
endfacet
facet normal 0 0 0
 outer loop
 vertex -0.133 0.0247432 0.020762
 vertex 0.209 0.0279726 0.01615
 vertex 0.209 0.0247432 0.020762
 endloop
endfacet
facet normal 0 0 0
 outer loop
 vertex 0.209 0.0243602 0.0204406
 vertex 0.209 0.0275396 0.0159
 vertex -0.133 0.0275396 0.0159
 endloop
endfacet
facet normal 0 0 0
 outer loop
 vertex 0.209 0.0243602 0.0204406
 vertex -0.133 0.0275396 0.0159
 vertex -0.133 0.0243602 0.0204406
 endloop
endfacet
facet normal 0 0 0
 outer loop
 vertex -0.133 0.0279726 0.01615
 vertex -0.133 0.0303521 0.0110473
 vertex 0.209 0.0303521 0.0110473
 endloop
endfacet
facet normal 0 0 0
 outer loop
 vertex -0.133 0.0279726 0.01615
 vertex 0.209 0.0303521 0.0110473
 vertex 0.209 0.0279726 0.01615
 endloop
endfacet
facet normal 0 0 0
 outer loop
 vertex 0.209 0.0275396 0.0159
 vertex 0.209 0.0298822 0.0108762
 vertex -0.133 0.0298822 0.0108762
 endloop
endfacet
facet normal 0 0 0
 outer loop
 vertex 0.209 0.0275396 0.0159
 vertex -0.133 0.0298822 0.0108762
 vertex -0.133 0.0275396 0.0159
 endloop
endfacet
facet normal 0 0 0
 outer loop
 vertex -0.133 0.0303521 0.0110473
 vertex -0.133 0.0318093 0.00560884
 vertex 0.209 0.0318093 0.00560884
 endloop
endfacet
facet normal 0 0 0
 outer loop
 vertex -0.133 0.0303521 0.0110473
 vertex 0.209 0.0318093 0.00560884
 vertex 0.209 0.0303521 0.0110473
 endloop
endfacet
facet normal 0 0 0
 outer loop
 vertex 0.209 0.0298822 0.0108762
 vertex 0.209 0.0313169 0.00552201
 vertex -0.133 0.0313169 0.00552201
 endloop
endfacet
facet normal 0 0 0
 outer loop
 vertex 0.209 0.0298822 0.0108762
 vertex -0.133 0.0313169 0.00552201
 vertex -0.133 0.0298822 0.0108762
 endloop
endfacet
facet normal 0 0 0
 outer loop
 vertex -0.133 0.0318093 0.00560884
 vertex -0.133 0.0323 -1.41188e-09
 vertex 0.209 0.0323 -1.41188e-09
 endloop
endfacet
facet normal 0 0 0
 outer loop
 vertex -0.133 0.0318093 0.00560884
 vertex 0.209 0.0323 -1.41188e-09
 vertex 0.209 0.0318093 0.00560884
 endloop
endfacet
facet normal 0 0 0
 outer loop
 vertex 0.209 0.0313169 0.00552201
 vertex 0.209 0.0318 -1.39002e-09
 vertex -0.133 0.0318 -1.39002e-09
 endloop
endfacet
facet normal 0 0 0
 outer loop
 vertex 0.209 0.0313169 0.00552201
 vertex -0.133 0.0318 -1.39002e-09
 vertex -0.133 0.0313169 0.00552201
 endloop
endfacet
facet normal 0 0 0
 outer loop
 vertex -0.133 0.0323 -1.41188e-09
 vertex -0.133 0.0318093 -0.00560884
 vertex 0.209 0.0318093 -0.00560884
 endloop
endfacet
facet normal 0 0 0
 outer loop
 vertex -0.133 0.0323 -1.41188e-09
 vertex 0.209 0.0318093 -0.00560884
 vertex 0.209 0.0323 -1.41188e-09
 endloop
endfacet
facet normal 0 0 0
 outer loop
 vertex 0.209 0.0318 -1.39002e-09
 vertex 0.209 0.0313169 -0.00552201
 vertex -0.133 0.0313169 -0.00552201
 endloop
endfacet
facet normal 0 0 0
 outer loop
 vertex 0.209 0.0318 -1.39002e-09
 vertex -0.133 0.0313169 -0.00552201
 vertex -0.133 0.0318 -1.39002e-09
 endloop
endfacet
facet normal 0 0 0
 outer loop
 vertex -0.133 0.0318093 -0.00560884
 vertex -0.133 0.0303521 -0.0110472
 vertex 0.209 0.0303521 -0.0110472
 endloop
endfacet
facet normal 0 0 0
 outer loop
 vertex -0.133 0.0318093 -0.00560884
 vertex 0.209 0.0303521 -0.0110472
 vertex 0.209 0.0318093 -0.00560884
 endloop
endfacet
facet normal 0 0 0
 outer loop
 vertex 0.209 0.0313169 -0.00552201
 vertex 0.209 0.0298822 -0.0108762
 vertex -0.133 0.0298822 -0.0108762
 endloop
endfacet
facet normal 0 0 0
 outer loop
 vertex 0.209 0.0313169 -0.00552201
 vertex -0.133 0.0298822 -0.0108762
 vertex -0.133 0.0313169 -0.00552201
 endloop
endfacet
facet normal 0 0 0
 outer loop
 vertex -0.133 0.0303521 -0.0110472
 vertex -0.133 0.0279726 -0.01615
 vertex 0.209 0.0279726 -0.01615
 endloop
endfacet
facet normal 0 0 0
 outer loop
 vertex -0.133 0.0303521 -0.0110472
 vertex 0.209 0.0279726 -0.01615
 vertex 0.209 0.0303521 -0.0110472
 endloop
endfacet
facet normal 0 0 0
 outer loop
 vertex 0.209 0.0298822 -0.0108762
 vertex 0.209 0.0275396 -0.0159
 vertex -0.133 0.0275396 -0.0159
 endloop
endfacet
facet normal 0 0 0
 outer loop
 vertex 0.209 0.0298822 -0.0108762
 vertex -0.133 0.0275396 -0.0159
 vertex -0.133 0.0298822 -0.0108762
 endloop
endfacet
facet normal 0 0 0
 outer loop
 vertex -0.133 0.0279726 -0.01615
 vertex -0.133 0.0247432 -0.020762
 vertex 0.209 0.0247432 -0.020762
 endloop
endfacet
facet normal 0 0 0
 outer loop
 vertex -0.133 0.0279726 -0.01615
 vertex 0.209 0.0247432 -0.020762
 vertex 0.209 0.0279726 -0.01615
 endloop
endfacet
facet normal 0 0 0
 outer loop
 vertex 0.209 0.0275396 -0.0159
 vertex 0.209 0.0243602 -0.0204406
 vertex -0.133 0.0243602 -0.0204406
 endloop
endfacet
facet normal 0 0 0
 outer loop
 vertex 0.209 0.0275396 -0.0159
 vertex -0.133 0.0243602 -0.0204406
 vertex -0.133 0.0275396 -0.0159
 endloop
endfacet
facet normal 0 0 0
 outer loop
 vertex -0.133 0.0247432 -0.020762
 vertex -0.133 0.020762 -0.0247432
 vertex 0.209 0.020762 -0.0247432
 endloop
endfacet
facet normal 0 0 0
 outer loop
 vertex -0.133 0.0247432 -0.020762
 vertex 0.209 0.020762 -0.0247432
 vertex 0.209 0.0247432 -0.020762
 endloop
endfacet
facet normal 0 0 0
 outer loop
 vertex 0.209 0.0243602 -0.0204406
 vertex 0.209 0.0204406 -0.0243602
 vertex -0.133 0.0204406 -0.0243602
 endloop
endfacet
facet normal 0 0 0
 outer loop
 vertex 0.209 0.0243602 -0.0204406
 vertex -0.133 0.0204406 -0.0243602
 vertex -0.133 0.0243602 -0.0204406
 endloop
endfacet
facet normal 0 0 0
 outer loop
 vertex -0.133 0.020762 -0.0247432
 vertex -0.133 0.01615 -0.0279726
 vertex 0.209 0.01615 -0.0279726
 endloop
endfacet
facet normal 0 0 0
 outer loop
 vertex -0.133 0.020762 -0.0247432
 vertex 0.209 0.01615 -0.0279726
 vertex 0.209 0.020762 -0.0247432
 endloop
endfacet
facet normal 0 0 0
 outer loop
 vertex 0.209 0.0204406 -0.0243602
 vertex 0.209 0.0159 -0.0275396
 vertex -0.133 0.0159 -0.0275396
 endloop
endfacet
facet normal 0 0 0
 outer loop
 vertex 0.209 0.0204406 -0.0243602
 vertex -0.133 0.0159 -0.0275396
 vertex -0.133 0.0204406 -0.0243602
 endloop
endfacet
facet normal 0 0 0
 outer loop
 vertex -0.133 0.01615 -0.0279726
 vertex -0.133 0.0110473 -0.0303521
 vertex 0.209 0.0110473 -0.0303521
 endloop
endfacet
facet normal 0 0 0
 outer loop
 vertex -0.133 0.01615 -0.0279726
 vertex 0.209 0.0110473 -0.0303521
 vertex 0.209 0.01615 -0.0279726
 endloop
endfacet
facet normal 0 0 0
 outer loop
 vertex 0.209 0.0159 -0.0275396
 vertex 0.209 0.0108762 -0.0298822
 vertex -0.133 0.0108762 -0.0298822
 endloop
endfacet
facet normal 0 0 0
 outer loop
 vertex 0.209 0.0159 -0.0275396
 vertex -0.133 0.0108762 -0.0298822
 vertex -0.133 0.0159 -0.0275396
 endloop
endfacet
facet normal 0 0 0
 outer loop
 vertex -0.133 0.0110473 -0.0303521
 vertex -0.133 0.00560884 -0.0318093
 vertex 0.209 0.00560884 -0.0318093
 endloop
endfacet
facet normal 0 0 0
 outer loop
 vertex -0.133 0.0110473 -0.0303521
 vertex 0.209 0.00560884 -0.0318093
 vertex 0.209 0.0110473 -0.0303521
 endloop
endfacet
facet normal 0 0 0
 outer loop
 vertex 0.209 0.0108762 -0.0298822
 vertex 0.209 0.00552202 -0.0313169
 vertex -0.133 0.00552202 -0.0313169
 endloop
endfacet
facet normal 0 0 0
 outer loop
 vertex 0.209 0.0108762 -0.0298822
 vertex -0.133 0.00552202 -0.0313169
 vertex -0.133 0.0108762 -0.0298822
 endloop
endfacet
facet normal 0 0 0
 outer loop
 vertex -0.133 0.00560884 -0.0318093
 vertex -0.133 -2.82376e-09 -0.0323
 vertex 0.209 -2.82376e-09 -0.0323
 endloop
endfacet
facet normal 0 0 0
 outer loop
 vertex -0.133 0.00560884 -0.0318093
 vertex 0.209 -2.82376e-09 -0.0323
 vertex 0.209 0.00560884 -0.0318093
 endloop
endfacet
facet normal 0 0 0
 outer loop
 vertex 0.209 0.00552202 -0.0313169
 vertex 0.209 -2.78004e-09 -0.0318
 vertex -0.133 -2.78004e-09 -0.0318
 endloop
endfacet
facet normal 0 0 0
 outer loop
 vertex 0.209 0.00552202 -0.0313169
 vertex -0.133 -2.78004e-09 -0.0318
 vertex -0.133 0.00552202 -0.0313169
 endloop
endfacet
facet normal 0 0 0
 outer loop
 vertex -0.133 -2.82376e-09 -0.0323
 vertex -0.133 -0.00560884 -0.0318093
 vertex 0.209 -0.00560884 -0.0318093
 endloop
endfacet
facet normal 0 0 0
 outer loop
 vertex -0.133 -2.82376e-09 -0.0323
 vertex 0.209 -0.00560884 -0.0318093
 vertex 0.209 -2.82376e-09 -0.0323
 endloop
endfacet
facet normal 0 0 0
 outer loop
 vertex 0.209 -2.78004e-09 -0.0318
 vertex 0.209 -0.00552201 -0.0313169
 vertex -0.133 -0.00552201 -0.0313169
 endloop
endfacet
facet normal 0 0 0
 outer loop
 vertex 0.209 -2.78004e-09 -0.0318
 vertex -0.133 -0.00552201 -0.0313169
 vertex -0.133 -2.78004e-09 -0.0318
 endloop
endfacet
facet normal 0 0 0
 outer loop
 vertex -0.133 -0.00560884 -0.0318093
 vertex -0.133 -0.0110473 -0.0303521
 vertex 0.209 -0.0110473 -0.0303521
 endloop
endfacet
facet normal 0 0 0
 outer loop
 vertex -0.133 -0.00560884 -0.0318093
 vertex 0.209 -0.0110473 -0.0303521
 vertex 0.209 -0.00560884 -0.0318093
 endloop
endfacet
facet normal 0 0 0
 outer loop
 vertex 0.209 -0.00552201 -0.0313169
 vertex 0.209 -0.0108762 -0.0298822
 vertex -0.133 -0.0108762 -0.0298822
 endloop
endfacet
facet normal 0 0 0
 outer loop
 vertex 0.209 -0.00552201 -0.0313169
 vertex -0.133 -0.0108762 -0.0298822
 vertex -0.133 -0.00552201 -0.0313169
 endloop
endfacet
facet normal 0 0 0
 outer loop
 vertex -0.133 -0.0110473 -0.0303521
 vertex -0.133 -0.01615 -0.0279726
 vertex 0.209 -0.01615 -0.0279726
 endloop
endfacet
facet normal 0 0 0
 outer loop
 vertex -0.133 -0.0110473 -0.0303521
 vertex 0.209 -0.01615 -0.0279726
 vertex 0.209 -0.0110473 -0.0303521
 endloop
endfacet
facet normal 0 0 0
 outer loop
 vertex 0.209 -0.0108762 -0.0298822
 vertex 0.209 -0.0159 -0.0275396
 vertex -0.133 -0.0159 -0.0275396
 endloop
endfacet
facet normal 0 0 0
 outer loop
 vertex 0.209 -0.0108762 -0.0298822
 vertex -0.133 -0.0159 -0.0275396
 vertex -0.133 -0.0108762 -0.0298822
 endloop
endfacet
facet normal 0 0 0
 outer loop
 vertex -0.133 -0.01615 -0.0279726
 vertex -0.133 -0.020762 -0.0247432
 vertex 0.209 -0.020762 -0.0247432
 endloop
endfacet
facet normal 0 0 0
 outer loop
 vertex -0.133 -0.01615 -0.0279726
 vertex 0.209 -0.020762 -0.0247432
 vertex 0.209 -0.01615 -0.0279726
 endloop
endfacet
facet normal 0 0 0
 outer loop
 vertex 0.209 -0.0159 -0.0275396
 vertex 0.209 -0.0204406 -0.0243602
 vertex -0.133 -0.0204406 -0.0243602
 endloop
endfacet
facet normal 0 0 0
 outer loop
 vertex 0.209 -0.0159 -0.0275396
 vertex -0.133 -0.0204406 -0.0243602
 vertex -0.133 -0.0159 -0.0275396
 endloop
endfacet
facet normal 0 0 0
 outer loop
 vertex -0.133 -0.020762 -0.0247432
 vertex -0.133 -0.0247432 -0.020762
 vertex 0.209 -0.0247432 -0.020762
 endloop
endfacet
facet normal 0 0 0
 outer loop
 vertex -0.133 -0.020762 -0.0247432
 vertex 0.209 -0.0247432 -0.020762
 vertex 0.209 -0.020762 -0.0247432
 endloop
endfacet
facet normal 0 0 0
 outer loop
 vertex 0.209 -0.0204406 -0.0243602
 vertex 0.209 -0.0243602 -0.0204406
 vertex -0.133 -0.0243602 -0.0204406
 endloop
endfacet
facet normal 0 0 0
 outer loop
 vertex 0.209 -0.0204406 -0.0243602
 vertex -0.133 -0.0243602 -0.0204406
 vertex -0.133 -0.0204406 -0.0243602
 endloop
endfacet
facet normal 0 0 0
 outer loop
 vertex -0.133 -0.0247432 -0.020762
 vertex -0.133 -0.0279726 -0.01615
 vertex 0.209 -0.0279726 -0.01615
 endloop
endfacet
facet normal 0 0 0
 outer loop
 vertex -0.133 -0.0247432 -0.020762
 vertex 0.209 -0.0279726 -0.01615
 vertex 0.209 -0.0247432 -0.020762
 endloop
endfacet
facet normal 0 0 0
 outer loop
 vertex 0.209 -0.0243602 -0.0204406
 vertex 0.209 -0.0275396 -0.0159
 vertex -0.133 -0.0275396 -0.0159
 endloop
endfacet
facet normal 0 0 0
 outer loop
 vertex 0.209 -0.0243602 -0.0204406
 vertex -0.133 -0.0275396 -0.0159
 vertex -0.133 -0.0243602 -0.0204406
 endloop
endfacet
facet normal 0 0 0
 outer loop
 vertex -0.133 -0.0279726 -0.01615
 vertex -0.133 -0.0303521 -0.0110472
 vertex 0.209 -0.0303521 -0.0110472
 endloop
endfacet
facet normal 0 0 0
 outer loop
 vertex -0.133 -0.0279726 -0.01615
 vertex 0.209 -0.0303521 -0.0110472
 vertex 0.209 -0.0279726 -0.01615
 endloop
endfacet
facet normal 0 0 0
 outer loop
 vertex 0.209 -0.0275396 -0.0159
 vertex 0.209 -0.0298822 -0.0108762
 vertex -0.133 -0.0298822 -0.0108762
 endloop
endfacet
facet normal 0 0 0
 outer loop
 vertex 0.209 -0.0275396 -0.0159
 vertex -0.133 -0.0298822 -0.0108762
 vertex -0.133 -0.0275396 -0.0159
 endloop
endfacet
facet normal 0 0 0
 outer loop
 vertex -0.133 -0.0303521 -0.0110472
 vertex -0.133 -0.0318093 -0.00560883
 vertex 0.209 -0.0318093 -0.00560883
 endloop
endfacet
facet normal 0 0 0
 outer loop
 vertex -0.133 -0.0303521 -0.0110472
 vertex 0.209 -0.0318093 -0.00560883
 vertex 0.209 -0.0303521 -0.0110472
 endloop
endfacet
facet normal 0 0 0
 outer loop
 vertex 0.209 -0.0298822 -0.0108762
 vertex 0.209 -0.0313169 -0.00552201
 vertex -0.133 -0.0313169 -0.00552201
 endloop
endfacet
facet normal 0 0 0
 outer loop
 vertex 0.209 -0.0298822 -0.0108762
 vertex -0.133 -0.0313169 -0.00552201
 vertex -0.133 -0.0298822 -0.0108762
 endloop
endfacet
facet normal 0 0 0
 outer loop
 vertex -0.133 -0.0318093 -0.00560883
 vertex -0.133 -0.0323 3.85174e-10
 vertex 0.209 -0.0323 3.85174e-10
 endloop
endfacet
facet normal 0 0 0
 outer loop
 vertex -0.133 -0.0318093 -0.00560883
 vertex 0.209 -0.0323 3.85174e-10
 vertex 0.209 -0.0318093 -0.00560883
 endloop
endfacet
facet normal 0 0 0
 outer loop
 vertex 0.209 -0.0313169 -0.00552201
 vertex 0.209 -0.0318 3.79211e-10
 vertex -0.133 -0.0318 3.79211e-10
 endloop
endfacet
facet normal 0 0 0
 outer loop
 vertex 0.209 -0.0313169 -0.00552201
 vertex -0.133 -0.0318 3.79211e-10
 vertex -0.133 -0.0313169 -0.00552201
 endloop
endfacet
facet normal 0 0 0
 outer loop
 vertex -0.133 -0.0323 3.85174e-10
 vertex -0.133 -0.0318093 0.00560884
 vertex 0.209 -0.0318093 0.00560884
 endloop
endfacet
facet normal 0 0 0
 outer loop
 vertex -0.133 -0.0323 3.85174e-10
 vertex 0.209 -0.0318093 0.00560884
 vertex 0.209 -0.0323 3.85174e-10
 endloop
endfacet
facet normal 0 0 0
 outer loop
 vertex 0.209 -0.0318 3.79211e-10
 vertex 0.209 -0.0313169 0.00552201
 vertex -0.133 -0.0313169 0.00552201
 endloop
endfacet
facet normal 0 0 0
 outer loop
 vertex 0.209 -0.0318 3.79211e-10
 vertex -0.133 -0.0313169 0.00552201
 vertex -0.133 -0.0318 3.79211e-10
 endloop
endfacet
facet normal 0 0 0
 outer loop
 vertex -0.133 -0.0318093 0.00560884
 vertex -0.133 -0.0303521 0.0110472
 vertex 0.209 -0.0303521 0.0110472
 endloop
endfacet
facet normal 0 0 0
 outer loop
 vertex -0.133 -0.0318093 0.00560884
 vertex 0.209 -0.0303521 0.0110472
 vertex 0.209 -0.0318093 0.00560884
 endloop
endfacet
facet normal 0 0 0
 outer loop
 vertex 0.209 -0.0313169 0.00552201
 vertex 0.209 -0.0298822 0.0108762
 vertex -0.133 -0.0298822 0.0108762
 endloop
endfacet
facet normal 0 0 0
 outer loop
 vertex 0.209 -0.0313169 0.00552201
 vertex -0.133 -0.0298822 0.0108762
 vertex -0.133 -0.0313169 0.00552201
 endloop
endfacet
facet normal 0 0 0
 outer loop
 vertex -0.133 -0.0303521 0.0110472
 vertex -0.133 -0.0279726 0.01615
 vertex 0.209 -0.0279726 0.01615
 endloop
endfacet
facet normal 0 0 0
 outer loop
 vertex -0.133 -0.0303521 0.0110472
 vertex 0.209 -0.0279726 0.01615
 vertex 0.209 -0.0303521 0.0110472
 endloop
endfacet
facet normal 0 0 0
 outer loop
 vertex 0.209 -0.0298822 0.0108762
 vertex 0.209 -0.0275396 0.0159
 vertex -0.133 -0.0275396 0.0159
 endloop
endfacet
facet normal 0 0 0
 outer loop
 vertex 0.209 -0.0298822 0.0108762
 vertex -0.133 -0.0275396 0.0159
 vertex -0.133 -0.0298822 0.0108762
 endloop
endfacet
facet normal 0 0 0
 outer loop
 vertex -0.133 -0.0279726 0.01615
 vertex -0.133 -0.0247432 0.020762
 vertex 0.209 -0.0247432 0.020762
 endloop
endfacet
facet normal 0 0 0
 outer loop
 vertex -0.133 -0.0279726 0.01615
 vertex 0.209 -0.0247432 0.020762
 vertex 0.209 -0.0279726 0.01615
 endloop
endfacet
facet normal 0 0 0
 outer loop
 vertex 0.209 -0.0275396 0.0159
 vertex 0.209 -0.0243602 0.0204406
 vertex -0.133 -0.0243602 0.0204406
 endloop
endfacet
facet normal 0 0 0
 outer loop
 vertex 0.209 -0.0275396 0.0159
 vertex -0.133 -0.0243602 0.0204406
 vertex -0.133 -0.0275396 0.0159
 endloop
endfacet
facet normal 0 0 0
 outer loop
 vertex -0.133 -0.0247432 0.020762
 vertex -0.133 -0.020762 0.0247432
 vertex 0.209 -0.020762 0.0247432
 endloop
endfacet
facet normal 0 0 0
 outer loop
 vertex -0.133 -0.0247432 0.020762
 vertex 0.209 -0.020762 0.0247432
 vertex 0.209 -0.0247432 0.020762
 endloop
endfacet
facet normal 0 0 0
 outer loop
 vertex 0.209 -0.0243602 0.0204406
 vertex 0.209 -0.0204407 0.0243602
 vertex -0.133 -0.0204407 0.0243602
 endloop
endfacet
facet normal 0 0 0
 outer loop
 vertex 0.209 -0.0243602 0.0204406
 vertex -0.133 -0.0204407 0.0243602
 vertex -0.133 -0.0243602 0.0204406
 endloop
endfacet
facet normal 0 0 0
 outer loop
 vertex -0.133 -0.020762 0.0247432
 vertex -0.133 -0.01615 0.0279726
 vertex 0.209 -0.01615 0.0279726
 endloop
endfacet
facet normal 0 0 0
 outer loop
 vertex -0.133 -0.020762 0.0247432
 vertex 0.209 -0.01615 0.0279726
 vertex 0.209 -0.020762 0.0247432
 endloop
endfacet
facet normal 0 0 0
 outer loop
 vertex 0.209 -0.0204407 0.0243602
 vertex 0.209 -0.0159 0.0275396
 vertex -0.133 -0.0159 0.0275396
 endloop
endfacet
facet normal 0 0 0
 outer loop
 vertex 0.209 -0.0204407 0.0243602
 vertex -0.133 -0.0159 0.0275396
 vertex -0.133 -0.0204407 0.0243602
 endloop
endfacet
facet normal 0 0 0
 outer loop
 vertex -0.133 -0.01615 0.0279726
 vertex -0.133 -0.0110473 0.0303521
 vertex 0.209 -0.0110473 0.0303521
 endloop
endfacet
facet normal 0 0 0
 outer loop
 vertex -0.133 -0.01615 0.0279726
 vertex 0.209 -0.0110473 0.0303521
 vertex 0.209 -0.01615 0.0279726
 endloop
endfacet
facet normal 0 0 0
 outer loop
 vertex 0.209 -0.0159 0.0275396
 vertex 0.209 -0.0108762 0.0298822
 vertex -0.133 -0.0108762 0.0298822
 endloop
endfacet
facet normal 0 0 0
 outer loop
 vertex 0.209 -0.0159 0.0275396
 vertex -0.133 -0.0108762 0.0298822
 vertex -0.133 -0.0159 0.0275396
 endloop
endfacet
facet normal 0 0 0
 outer loop
 vertex -0.133 -0.0110473 0.0303521
 vertex -0.133 -0.00560883 0.0318093
 vertex 0.209 -0.00560883 0.0318093
 endloop
endfacet
facet normal 0 0 0
 outer loop
 vertex -0.133 -0.0110473 0.0303521
 vertex 0.209 -0.00560883 0.0318093
 vertex 0.209 -0.0110473 0.0303521
 endloop
endfacet
facet normal 0 0 0
 outer loop
 vertex 0.209 -0.0108762 0.0298822
 vertex 0.209 -0.00552201 0.0313169
 vertex -0.133 -0.00552201 0.0313169
 endloop
endfacet
facet normal 0 0 0
 outer loop
 vertex 0.209 -0.0108762 0.0298822
 vertex -0.133 -0.00552201 0.0313169
 vertex -0.133 -0.0108762 0.0298822
 endloop
endfacet
facet normal 0 0 0
 outer loop
 vertex -0.133 -0.00560883 0.0318093
 vertex -0.133 5.64751e-09 0.0323
 vertex 0.209 5.64751e-09 0.0323
 endloop
endfacet
facet normal 0 0 0
 outer loop
 vertex -0.133 -0.00560883 0.0318093
 vertex 0.209 5.64751e-09 0.0323
 vertex 0.209 -0.00560883 0.0318093
 endloop
endfacet
facet normal 0 0 0
 outer loop
 vertex 0.209 -0.00552201 0.0313169
 vertex 0.209 5.56009e-09 0.0318
 vertex -0.133 5.56009e-09 0.0318
 endloop
endfacet
facet normal 0 0 0
 outer loop
 vertex 0.209 -0.00552201 0.0313169
 vertex -0.133 5.56009e-09 0.0318
 vertex -0.133 -0.00552201 0.0313169
 endloop
endfacet
facet normal 0 0 0
 outer loop
 vertex -0.133 0 0.0318
 vertex -0.133 0.00552201 0.0313169
 vertex -0.133 0.00560884 0.0318093
 endloop
endfacet
facet normal 0 0 0
 outer loop
 vertex -0.133 0 0.0318
 vertex -0.133 0.00560884 0.0318093
 vertex -0.133 0 0.0323
 endloop
endfacet
facet normal 0 0 0
 outer loop
 vertex 0.209 0 0.0318
 vertex 0.209 0 0.0323
 vertex 0.209 0.00560884 0.0318093
 endloop
endfacet
facet normal 0 0 0
 outer loop
 vertex 0.209 0 0.0318
 vertex 0.209 0.00560884 0.0318093
 vertex 0.209 0.00552201 0.0313169
 endloop
endfacet
facet normal 0 0 0
 outer loop
 vertex -0.133 0.00552201 0.0313169
 vertex -0.133 0.0108762 0.0298822
 vertex -0.133 0.0110472 0.0303521
 endloop
endfacet
facet normal 0 0 0
 outer loop
 vertex -0.133 0.00552201 0.0313169
 vertex -0.133 0.0110472 0.0303521
 vertex -0.133 0.00560884 0.0318093
 endloop
endfacet
facet normal 0 0 0
 outer loop
 vertex 0.209 0.00552201 0.0313169
 vertex 0.209 0.00560884 0.0318093
 vertex 0.209 0.0110472 0.0303521
 endloop
endfacet
facet normal 0 0 0
 outer loop
 vertex 0.209 0.00552201 0.0313169
 vertex 0.209 0.0110472 0.0303521
 vertex 0.209 0.0108762 0.0298822
 endloop
endfacet
facet normal 0 0 0
 outer loop
 vertex -0.133 0.0108762 0.0298822
 vertex -0.133 0.0159 0.0275396
 vertex -0.133 0.01615 0.0279726
 endloop
endfacet
facet normal 0 0 0
 outer loop
 vertex -0.133 0.0108762 0.0298822
 vertex -0.133 0.01615 0.0279726
 vertex -0.133 0.0110472 0.0303521
 endloop
endfacet
facet normal 0 0 0
 outer loop
 vertex 0.209 0.0108762 0.0298822
 vertex 0.209 0.0110472 0.0303521
 vertex 0.209 0.01615 0.0279726
 endloop
endfacet
facet normal 0 0 0
 outer loop
 vertex 0.209 0.0108762 0.0298822
 vertex 0.209 0.01615 0.0279726
 vertex 0.209 0.0159 0.0275396
 endloop
endfacet
facet normal 0 0 0
 outer loop
 vertex -0.133 0.0159 0.0275396
 vertex -0.133 0.0204406 0.0243602
 vertex -0.133 0.020762 0.0247432
 endloop
endfacet
facet normal 0 0 0
 outer loop
 vertex -0.133 0.0159 0.0275396
 vertex -0.133 0.020762 0.0247432
 vertex -0.133 0.01615 0.0279726
 endloop
endfacet
facet normal 0 0 0
 outer loop
 vertex 0.209 0.0159 0.0275396
 vertex 0.209 0.01615 0.0279726
 vertex 0.209 0.020762 0.0247432
 endloop
endfacet
facet normal 0 0 0
 outer loop
 vertex 0.209 0.0159 0.0275396
 vertex 0.209 0.020762 0.0247432
 vertex 0.209 0.0204406 0.0243602
 endloop
endfacet
facet normal 0 0 0
 outer loop
 vertex -0.133 0.0204406 0.0243602
 vertex -0.133 0.0243602 0.0204406
 vertex -0.133 0.0247432 0.020762
 endloop
endfacet
facet normal 0 0 0
 outer loop
 vertex -0.133 0.0204406 0.0243602
 vertex -0.133 0.0247432 0.020762
 vertex -0.133 0.020762 0.0247432
 endloop
endfacet
facet normal 0 0 0
 outer loop
 vertex 0.209 0.0204406 0.0243602
 vertex 0.209 0.020762 0.0247432
 vertex 0.209 0.0247432 0.020762
 endloop
endfacet
facet normal 0 0 0
 outer loop
 vertex 0.209 0.0204406 0.0243602
 vertex 0.209 0.0247432 0.020762
 vertex 0.209 0.0243602 0.0204406
 endloop
endfacet
facet normal 0 0 0
 outer loop
 vertex -0.133 0.0243602 0.0204406
 vertex -0.133 0.0275396 0.0159
 vertex -0.133 0.0279726 0.01615
 endloop
endfacet
facet normal 0 0 0
 outer loop
 vertex -0.133 0.0243602 0.0204406
 vertex -0.133 0.0279726 0.01615
 vertex -0.133 0.0247432 0.020762
 endloop
endfacet
facet normal 0 0 0
 outer loop
 vertex 0.209 0.0243602 0.0204406
 vertex 0.209 0.0247432 0.020762
 vertex 0.209 0.0279726 0.01615
 endloop
endfacet
facet normal 0 0 0
 outer loop
 vertex 0.209 0.0243602 0.0204406
 vertex 0.209 0.0279726 0.01615
 vertex 0.209 0.0275396 0.0159
 endloop
endfacet
facet normal 0 0 0
 outer loop
 vertex -0.133 0.0275396 0.0159
 vertex -0.133 0.0298822 0.0108762
 vertex -0.133 0.0303521 0.0110473
 endloop
endfacet
facet normal 0 0 0
 outer loop
 vertex -0.133 0.0275396 0.0159
 vertex -0.133 0.0303521 0.0110473
 vertex -0.133 0.0279726 0.01615
 endloop
endfacet
facet normal 0 0 0
 outer loop
 vertex 0.209 0.0275396 0.0159
 vertex 0.209 0.0279726 0.01615
 vertex 0.209 0.0303521 0.0110473
 endloop
endfacet
facet normal 0 0 0
 outer loop
 vertex 0.209 0.0275396 0.0159
 vertex 0.209 0.0303521 0.0110473
 vertex 0.209 0.0298822 0.0108762
 endloop
endfacet
facet normal 0 0 0
 outer loop
 vertex -0.133 0.0298822 0.0108762
 vertex -0.133 0.0313169 0.00552201
 vertex -0.133 0.0318093 0.00560884
 endloop
endfacet
facet normal 0 0 0
 outer loop
 vertex -0.133 0.0298822 0.0108762
 vertex -0.133 0.0318093 0.00560884
 vertex -0.133 0.0303521 0.0110473
 endloop
endfacet
facet normal 0 0 0
 outer loop
 vertex 0.209 0.0298822 0.0108762
 vertex 0.209 0.0303521 0.0110473
 vertex 0.209 0.0318093 0.00560884
 endloop
endfacet
facet normal 0 0 0
 outer loop
 vertex 0.209 0.0298822 0.0108762
 vertex 0.209 0.0318093 0.00560884
 vertex 0.209 0.0313169 0.00552201
 endloop
endfacet
facet normal 0 0 0
 outer loop
 vertex -0.133 0.0313169 0.00552201
 vertex -0.133 0.0318 -1.39002e-09
 vertex -0.133 0.0323 -1.41188e-09
 endloop
endfacet
facet normal 0 0 0
 outer loop
 vertex -0.133 0.0313169 0.00552201
 vertex -0.133 0.0323 -1.41188e-09
 vertex -0.133 0.0318093 0.00560884
 endloop
endfacet
facet normal 0 0 0
 outer loop
 vertex 0.209 0.0313169 0.00552201
 vertex 0.209 0.0318093 0.00560884
 vertex 0.209 0.0323 -1.41188e-09
 endloop
endfacet
facet normal 0 0 0
 outer loop
 vertex 0.209 0.0313169 0.00552201
 vertex 0.209 0.0323 -1.41188e-09
 vertex 0.209 0.0318 -1.39002e-09
 endloop
endfacet
facet normal 0 0 0
 outer loop
 vertex -0.133 0.0318 -1.39002e-09
 vertex -0.133 0.0313169 -0.00552201
 vertex -0.133 0.0318093 -0.00560884
 endloop
endfacet
facet normal 0 0 0
 outer loop
 vertex -0.133 0.0318 -1.39002e-09
 vertex -0.133 0.0318093 -0.00560884
 vertex -0.133 0.0323 -1.41188e-09
 endloop
endfacet
facet normal 0 0 0
 outer loop
 vertex 0.209 0.0318 -1.39002e-09
 vertex 0.209 0.0323 -1.41188e-09
 vertex 0.209 0.0318093 -0.00560884
 endloop
endfacet
facet normal 0 0 0
 outer loop
 vertex 0.209 0.0318 -1.39002e-09
 vertex 0.209 0.0318093 -0.00560884
 vertex 0.209 0.0313169 -0.00552201
 endloop
endfacet
facet normal 0 0 0
 outer loop
 vertex -0.133 0.0313169 -0.00552201
 vertex -0.133 0.0298822 -0.0108762
 vertex -0.133 0.0303521 -0.0110472
 endloop
endfacet
facet normal 0 0 0
 outer loop
 vertex -0.133 0.0313169 -0.00552201
 vertex -0.133 0.0303521 -0.0110472
 vertex -0.133 0.0318093 -0.00560884
 endloop
endfacet
facet normal 0 0 0
 outer loop
 vertex 0.209 0.0313169 -0.00552201
 vertex 0.209 0.0318093 -0.00560884
 vertex 0.209 0.0303521 -0.0110472
 endloop
endfacet
facet normal 0 0 0
 outer loop
 vertex 0.209 0.0313169 -0.00552201
 vertex 0.209 0.0303521 -0.0110472
 vertex 0.209 0.0298822 -0.0108762
 endloop
endfacet
facet normal 0 0 0
 outer loop
 vertex -0.133 0.0298822 -0.0108762
 vertex -0.133 0.0275396 -0.0159
 vertex -0.133 0.0279726 -0.01615
 endloop
endfacet
facet normal 0 0 0
 outer loop
 vertex -0.133 0.0298822 -0.0108762
 vertex -0.133 0.0279726 -0.01615
 vertex -0.133 0.0303521 -0.0110472
 endloop
endfacet
facet normal 0 0 0
 outer loop
 vertex 0.209 0.0298822 -0.0108762
 vertex 0.209 0.0303521 -0.0110472
 vertex 0.209 0.0279726 -0.01615
 endloop
endfacet
facet normal 0 0 0
 outer loop
 vertex 0.209 0.0298822 -0.0108762
 vertex 0.209 0.0279726 -0.01615
 vertex 0.209 0.0275396 -0.0159
 endloop
endfacet
facet normal 0 0 0
 outer loop
 vertex -0.133 0.0275396 -0.0159
 vertex -0.133 0.0243602 -0.0204406
 vertex -0.133 0.0247432 -0.020762
 endloop
endfacet
facet normal 0 0 0
 outer loop
 vertex -0.133 0.0275396 -0.0159
 vertex -0.133 0.0247432 -0.020762
 vertex -0.133 0.0279726 -0.01615
 endloop
endfacet
facet normal 0 0 0
 outer loop
 vertex 0.209 0.0275396 -0.0159
 vertex 0.209 0.0279726 -0.01615
 vertex 0.209 0.0247432 -0.020762
 endloop
endfacet
facet normal 0 0 0
 outer loop
 vertex 0.209 0.0275396 -0.0159
 vertex 0.209 0.0247432 -0.020762
 vertex 0.209 0.0243602 -0.0204406
 endloop
endfacet
facet normal 0 0 0
 outer loop
 vertex -0.133 0.0243602 -0.0204406
 vertex -0.133 0.0204406 -0.0243602
 vertex -0.133 0.020762 -0.0247432
 endloop
endfacet
facet normal 0 0 0
 outer loop
 vertex -0.133 0.0243602 -0.0204406
 vertex -0.133 0.020762 -0.0247432
 vertex -0.133 0.0247432 -0.020762
 endloop
endfacet
facet normal 0 0 0
 outer loop
 vertex 0.209 0.0243602 -0.0204406
 vertex 0.209 0.0247432 -0.020762
 vertex 0.209 0.020762 -0.0247432
 endloop
endfacet
facet normal 0 0 0
 outer loop
 vertex 0.209 0.0243602 -0.0204406
 vertex 0.209 0.020762 -0.0247432
 vertex 0.209 0.0204406 -0.0243602
 endloop
endfacet
facet normal 0 0 0
 outer loop
 vertex -0.133 0.0204406 -0.0243602
 vertex -0.133 0.0159 -0.0275396
 vertex -0.133 0.01615 -0.0279726
 endloop
endfacet
facet normal 0 0 0
 outer loop
 vertex -0.133 0.0204406 -0.0243602
 vertex -0.133 0.01615 -0.0279726
 vertex -0.133 0.020762 -0.0247432
 endloop
endfacet
facet normal 0 0 0
 outer loop
 vertex 0.209 0.0204406 -0.0243602
 vertex 0.209 0.020762 -0.0247432
 vertex 0.209 0.01615 -0.0279726
 endloop
endfacet
facet normal 0 0 0
 outer loop
 vertex 0.209 0.0204406 -0.0243602
 vertex 0.209 0.01615 -0.0279726
 vertex 0.209 0.0159 -0.0275396
 endloop
endfacet
facet normal 0 0 0
 outer loop
 vertex -0.133 0.0159 -0.0275396
 vertex -0.133 0.0108762 -0.0298822
 vertex -0.133 0.0110473 -0.0303521
 endloop
endfacet
facet normal 0 0 0
 outer loop
 vertex -0.133 0.0159 -0.0275396
 vertex -0.133 0.0110473 -0.0303521
 vertex -0.133 0.01615 -0.0279726
 endloop
endfacet
facet normal 0 0 0
 outer loop
 vertex 0.209 0.0159 -0.0275396
 vertex 0.209 0.01615 -0.0279726
 vertex 0.209 0.0110473 -0.0303521
 endloop
endfacet
facet normal 0 0 0
 outer loop
 vertex 0.209 0.0159 -0.0275396
 vertex 0.209 0.0110473 -0.0303521
 vertex 0.209 0.0108762 -0.0298822
 endloop
endfacet
facet normal 0 0 0
 outer loop
 vertex -0.133 0.0108762 -0.0298822
 vertex -0.133 0.00552202 -0.0313169
 vertex -0.133 0.00560884 -0.0318093
 endloop
endfacet
facet normal 0 0 0
 outer loop
 vertex -0.133 0.0108762 -0.0298822
 vertex -0.133 0.00560884 -0.0318093
 vertex -0.133 0.0110473 -0.0303521
 endloop
endfacet
facet normal 0 0 0
 outer loop
 vertex 0.209 0.0108762 -0.0298822
 vertex 0.209 0.0110473 -0.0303521
 vertex 0.209 0.00560884 -0.0318093
 endloop
endfacet
facet normal 0 0 0
 outer loop
 vertex 0.209 0.0108762 -0.0298822
 vertex 0.209 0.00560884 -0.0318093
 vertex 0.209 0.00552202 -0.0313169
 endloop
endfacet
facet normal 0 0 0
 outer loop
 vertex -0.133 0.00552202 -0.0313169
 vertex -0.133 -2.78004e-09 -0.0318
 vertex -0.133 -2.82376e-09 -0.0323
 endloop
endfacet
facet normal 0 0 0
 outer loop
 vertex -0.133 0.00552202 -0.0313169
 vertex -0.133 -2.82376e-09 -0.0323
 vertex -0.133 0.00560884 -0.0318093
 endloop
endfacet
facet normal 0 0 0
 outer loop
 vertex 0.209 0.00552202 -0.0313169
 vertex 0.209 0.00560884 -0.0318093
 vertex 0.209 -2.82376e-09 -0.0323
 endloop
endfacet
facet normal 0 0 0
 outer loop
 vertex 0.209 0.00552202 -0.0313169
 vertex 0.209 -2.82376e-09 -0.0323
 vertex 0.209 -2.78004e-09 -0.0318
 endloop
endfacet
facet normal 0 0 0
 outer loop
 vertex -0.133 -2.78004e-09 -0.0318
 vertex -0.133 -0.00552201 -0.0313169
 vertex -0.133 -0.00560884 -0.0318093
 endloop
endfacet
facet normal 0 0 0
 outer loop
 vertex -0.133 -2.78004e-09 -0.0318
 vertex -0.133 -0.00560884 -0.0318093
 vertex -0.133 -2.82376e-09 -0.0323
 endloop
endfacet
facet normal 0 0 0
 outer loop
 vertex 0.209 -2.78004e-09 -0.0318
 vertex 0.209 -2.82376e-09 -0.0323
 vertex 0.209 -0.00560884 -0.0318093
 endloop
endfacet
facet normal 0 0 0
 outer loop
 vertex 0.209 -2.78004e-09 -0.0318
 vertex 0.209 -0.00560884 -0.0318093
 vertex 0.209 -0.00552201 -0.0313169
 endloop
endfacet
facet normal 0 0 0
 outer loop
 vertex -0.133 -0.00552201 -0.0313169
 vertex -0.133 -0.0108762 -0.0298822
 vertex -0.133 -0.0110473 -0.0303521
 endloop
endfacet
facet normal 0 0 0
 outer loop
 vertex -0.133 -0.00552201 -0.0313169
 vertex -0.133 -0.0110473 -0.0303521
 vertex -0.133 -0.00560884 -0.0318093
 endloop
endfacet
facet normal 0 0 0
 outer loop
 vertex 0.209 -0.00552201 -0.0313169
 vertex 0.209 -0.00560884 -0.0318093
 vertex 0.209 -0.0110473 -0.0303521
 endloop
endfacet
facet normal 0 0 0
 outer loop
 vertex 0.209 -0.00552201 -0.0313169
 vertex 0.209 -0.0110473 -0.0303521
 vertex 0.209 -0.0108762 -0.0298822
 endloop
endfacet
facet normal 0 0 0
 outer loop
 vertex -0.133 -0.0108762 -0.0298822
 vertex -0.133 -0.0159 -0.0275396
 vertex -0.133 -0.01615 -0.0279726
 endloop
endfacet
facet normal 0 0 0
 outer loop
 vertex -0.133 -0.0108762 -0.0298822
 vertex -0.133 -0.01615 -0.0279726
 vertex -0.133 -0.0110473 -0.0303521
 endloop
endfacet
facet normal 0 0 0
 outer loop
 vertex 0.209 -0.0108762 -0.0298822
 vertex 0.209 -0.0110473 -0.0303521
 vertex 0.209 -0.01615 -0.0279726
 endloop
endfacet
facet normal 0 0 0
 outer loop
 vertex 0.209 -0.0108762 -0.0298822
 vertex 0.209 -0.01615 -0.0279726
 vertex 0.209 -0.0159 -0.0275396
 endloop
endfacet
facet normal 0 0 0
 outer loop
 vertex -0.133 -0.0159 -0.0275396
 vertex -0.133 -0.0204406 -0.0243602
 vertex -0.133 -0.020762 -0.0247432
 endloop
endfacet
facet normal 0 0 0
 outer loop
 vertex -0.133 -0.0159 -0.0275396
 vertex -0.133 -0.020762 -0.0247432
 vertex -0.133 -0.01615 -0.0279726
 endloop
endfacet
facet normal 0 0 0
 outer loop
 vertex 0.209 -0.0159 -0.0275396
 vertex 0.209 -0.01615 -0.0279726
 vertex 0.209 -0.020762 -0.0247432
 endloop
endfacet
facet normal 0 0 0
 outer loop
 vertex 0.209 -0.0159 -0.0275396
 vertex 0.209 -0.020762 -0.0247432
 vertex 0.209 -0.0204406 -0.0243602
 endloop
endfacet
facet normal 0 0 0
 outer loop
 vertex -0.133 -0.0204406 -0.0243602
 vertex -0.133 -0.0243602 -0.0204406
 vertex -0.133 -0.0247432 -0.020762
 endloop
endfacet
facet normal 0 0 0
 outer loop
 vertex -0.133 -0.0204406 -0.0243602
 vertex -0.133 -0.0247432 -0.020762
 vertex -0.133 -0.020762 -0.0247432
 endloop
endfacet
facet normal 0 0 0
 outer loop
 vertex 0.209 -0.0204406 -0.0243602
 vertex 0.209 -0.020762 -0.0247432
 vertex 0.209 -0.0247432 -0.020762
 endloop
endfacet
facet normal 0 0 0
 outer loop
 vertex 0.209 -0.0204406 -0.0243602
 vertex 0.209 -0.0247432 -0.020762
 vertex 0.209 -0.0243602 -0.0204406
 endloop
endfacet
facet normal 0 0 0
 outer loop
 vertex -0.133 -0.0243602 -0.0204406
 vertex -0.133 -0.0275396 -0.0159
 vertex -0.133 -0.0279726 -0.01615
 endloop
endfacet
facet normal 0 0 0
 outer loop
 vertex -0.133 -0.0243602 -0.0204406
 vertex -0.133 -0.0279726 -0.01615
 vertex -0.133 -0.0247432 -0.020762
 endloop
endfacet
facet normal 0 0 0
 outer loop
 vertex 0.209 -0.0243602 -0.0204406
 vertex 0.209 -0.0247432 -0.020762
 vertex 0.209 -0.0279726 -0.01615
 endloop
endfacet
facet normal 0 0 0
 outer loop
 vertex 0.209 -0.0243602 -0.0204406
 vertex 0.209 -0.0279726 -0.01615
 vertex 0.209 -0.0275396 -0.0159
 endloop
endfacet
facet normal 0 0 0
 outer loop
 vertex -0.133 -0.0275396 -0.0159
 vertex -0.133 -0.0298822 -0.0108762
 vertex -0.133 -0.0303521 -0.0110472
 endloop
endfacet
facet normal 0 0 0
 outer loop
 vertex -0.133 -0.0275396 -0.0159
 vertex -0.133 -0.0303521 -0.0110472
 vertex -0.133 -0.0279726 -0.01615
 endloop
endfacet
facet normal 0 0 0
 outer loop
 vertex 0.209 -0.0275396 -0.0159
 vertex 0.209 -0.0279726 -0.01615
 vertex 0.209 -0.0303521 -0.0110472
 endloop
endfacet
facet normal 0 0 0
 outer loop
 vertex 0.209 -0.0275396 -0.0159
 vertex 0.209 -0.0303521 -0.0110472
 vertex 0.209 -0.0298822 -0.0108762
 endloop
endfacet
facet normal 0 0 0
 outer loop
 vertex -0.133 -0.0298822 -0.0108762
 vertex -0.133 -0.0313169 -0.00552201
 vertex -0.133 -0.0318093 -0.00560883
 endloop
endfacet
facet normal 0 0 0
 outer loop
 vertex -0.133 -0.0298822 -0.0108762
 vertex -0.133 -0.0318093 -0.00560883
 vertex -0.133 -0.0303521 -0.0110472
 endloop
endfacet
facet normal 0 0 0
 outer loop
 vertex 0.209 -0.0298822 -0.0108762
 vertex 0.209 -0.0303521 -0.0110472
 vertex 0.209 -0.0318093 -0.00560883
 endloop
endfacet
facet normal 0 0 0
 outer loop
 vertex 0.209 -0.0298822 -0.0108762
 vertex 0.209 -0.0318093 -0.00560883
 vertex 0.209 -0.0313169 -0.00552201
 endloop
endfacet
facet normal 0 0 0
 outer loop
 vertex -0.133 -0.0313169 -0.00552201
 vertex -0.133 -0.0318 3.79211e-10
 vertex -0.133 -0.0323 3.85174e-10
 endloop
endfacet
facet normal 0 0 0
 outer loop
 vertex -0.133 -0.0313169 -0.00552201
 vertex -0.133 -0.0323 3.85174e-10
 vertex -0.133 -0.0318093 -0.00560883
 endloop
endfacet
facet normal 0 0 0
 outer loop
 vertex 0.209 -0.0313169 -0.00552201
 vertex 0.209 -0.0318093 -0.00560883
 vertex 0.209 -0.0323 3.85174e-10
 endloop
endfacet
facet normal 0 0 0
 outer loop
 vertex 0.209 -0.0313169 -0.00552201
 vertex 0.209 -0.0323 3.85174e-10
 vertex 0.209 -0.0318 3.79211e-10
 endloop
endfacet
facet normal 0 0 0
 outer loop
 vertex -0.133 -0.0318 3.79211e-10
 vertex -0.133 -0.0313169 0.00552201
 vertex -0.133 -0.0318093 0.00560884
 endloop
endfacet
facet normal 0 0 0
 outer loop
 vertex -0.133 -0.0318 3.79211e-10
 vertex -0.133 -0.0318093 0.00560884
 vertex -0.133 -0.0323 3.85174e-10
 endloop
endfacet
facet normal 0 0 0
 outer loop
 vertex 0.209 -0.0318 3.79211e-10
 vertex 0.209 -0.0323 3.85174e-10
 vertex 0.209 -0.0318093 0.00560884
 endloop
endfacet
facet normal 0 0 0
 outer loop
 vertex 0.209 -0.0318 3.79211e-10
 vertex 0.209 -0.0318093 0.00560884
 vertex 0.209 -0.0313169 0.00552201
 endloop
endfacet
facet normal 0 0 0
 outer loop
 vertex -0.133 -0.0313169 0.00552201
 vertex -0.133 -0.0298822 0.0108762
 vertex -0.133 -0.0303521 0.0110472
 endloop
endfacet
facet normal 0 0 0
 outer loop
 vertex -0.133 -0.0313169 0.00552201
 vertex -0.133 -0.0303521 0.0110472
 vertex -0.133 -0.0318093 0.00560884
 endloop
endfacet
facet normal 0 0 0
 outer loop
 vertex 0.209 -0.0313169 0.00552201
 vertex 0.209 -0.0318093 0.00560884
 vertex 0.209 -0.0303521 0.0110472
 endloop
endfacet
facet normal 0 0 0
 outer loop
 vertex 0.209 -0.0313169 0.00552201
 vertex 0.209 -0.0303521 0.0110472
 vertex 0.209 -0.0298822 0.0108762
 endloop
endfacet
facet normal 0 0 0
 outer loop
 vertex -0.133 -0.0298822 0.0108762
 vertex -0.133 -0.0275396 0.0159
 vertex -0.133 -0.0279726 0.01615
 endloop
endfacet
facet normal 0 0 0
 outer loop
 vertex -0.133 -0.0298822 0.0108762
 vertex -0.133 -0.0279726 0.01615
 vertex -0.133 -0.0303521 0.0110472
 endloop
endfacet
facet normal 0 0 0
 outer loop
 vertex 0.209 -0.0298822 0.0108762
 vertex 0.209 -0.0303521 0.0110472
 vertex 0.209 -0.0279726 0.01615
 endloop
endfacet
facet normal 0 0 0
 outer loop
 vertex 0.209 -0.0298822 0.0108762
 vertex 0.209 -0.0279726 0.01615
 vertex 0.209 -0.0275396 0.0159
 endloop
endfacet
facet normal 0 0 0
 outer loop
 vertex -0.133 -0.0275396 0.0159
 vertex -0.133 -0.0243602 0.0204406
 vertex -0.133 -0.0247432 0.020762
 endloop
endfacet
facet normal 0 0 0
 outer loop
 vertex -0.133 -0.0275396 0.0159
 vertex -0.133 -0.0247432 0.020762
 vertex -0.133 -0.0279726 0.01615
 endloop
endfacet
facet normal 0 0 0
 outer loop
 vertex 0.209 -0.0275396 0.0159
 vertex 0.209 -0.0279726 0.01615
 vertex 0.209 -0.0247432 0.020762
 endloop
endfacet
facet normal 0 0 0
 outer loop
 vertex 0.209 -0.0275396 0.0159
 vertex 0.209 -0.0247432 0.020762
 vertex 0.209 -0.0243602 0.0204406
 endloop
endfacet
facet normal 0 0 0
 outer loop
 vertex -0.133 -0.0243602 0.0204406
 vertex -0.133 -0.0204407 0.0243602
 vertex -0.133 -0.020762 0.0247432
 endloop
endfacet
facet normal 0 0 0
 outer loop
 vertex -0.133 -0.0243602 0.0204406
 vertex -0.133 -0.020762 0.0247432
 vertex -0.133 -0.0247432 0.020762
 endloop
endfacet
facet normal 0 0 0
 outer loop
 vertex 0.209 -0.0243602 0.0204406
 vertex 0.209 -0.0247432 0.020762
 vertex 0.209 -0.020762 0.0247432
 endloop
endfacet
facet normal 0 0 0
 outer loop
 vertex 0.209 -0.0243602 0.0204406
 vertex 0.209 -0.020762 0.0247432
 vertex 0.209 -0.0204407 0.0243602
 endloop
endfacet
facet normal 0 0 0
 outer loop
 vertex -0.133 -0.0204407 0.0243602
 vertex -0.133 -0.0159 0.0275396
 vertex -0.133 -0.01615 0.0279726
 endloop
endfacet
facet normal 0 0 0
 outer loop
 vertex -0.133 -0.0204407 0.0243602
 vertex -0.133 -0.01615 0.0279726
 vertex -0.133 -0.020762 0.0247432
 endloop
endfacet
facet normal 0 0 0
 outer loop
 vertex 0.209 -0.0204407 0.0243602
 vertex 0.209 -0.020762 0.0247432
 vertex 0.209 -0.01615 0.0279726
 endloop
endfacet
facet normal 0 0 0
 outer loop
 vertex 0.209 -0.0204407 0.0243602
 vertex 0.209 -0.01615 0.0279726
 vertex 0.209 -0.0159 0.0275396
 endloop
endfacet
facet normal 0 0 0
 outer loop
 vertex -0.133 -0.0159 0.0275396
 vertex -0.133 -0.0108762 0.0298822
 vertex -0.133 -0.0110473 0.0303521
 endloop
endfacet
facet normal 0 0 0
 outer loop
 vertex -0.133 -0.0159 0.0275396
 vertex -0.133 -0.0110473 0.0303521
 vertex -0.133 -0.01615 0.0279726
 endloop
endfacet
facet normal 0 0 0
 outer loop
 vertex 0.209 -0.0159 0.0275396
 vertex 0.209 -0.01615 0.0279726
 vertex 0.209 -0.0110473 0.0303521
 endloop
endfacet
facet normal 0 0 0
 outer loop
 vertex 0.209 -0.0159 0.0275396
 vertex 0.209 -0.0110473 0.0303521
 vertex 0.209 -0.0108762 0.0298822
 endloop
endfacet
facet normal 0 0 0
 outer loop
 vertex -0.133 -0.0108762 0.0298822
 vertex -0.133 -0.00552201 0.0313169
 vertex -0.133 -0.00560883 0.0318093
 endloop
endfacet
facet normal 0 0 0
 outer loop
 vertex -0.133 -0.0108762 0.0298822
 vertex -0.133 -0.00560883 0.0318093
 vertex -0.133 -0.0110473 0.0303521
 endloop
endfacet
facet normal 0 0 0
 outer loop
 vertex 0.209 -0.0108762 0.0298822
 vertex 0.209 -0.0110473 0.0303521
 vertex 0.209 -0.00560883 0.0318093
 endloop
endfacet
facet normal 0 0 0
 outer loop
 vertex 0.209 -0.0108762 0.0298822
 vertex 0.209 -0.00560883 0.0318093
 vertex 0.209 -0.00552201 0.0313169
 endloop
endfacet
facet normal 0 0 0
 outer loop
 vertex -0.133 -0.00552201 0.0313169
 vertex -0.133 5.56009e-09 0.0318
 vertex -0.133 5.64751e-09 0.0323
 endloop
endfacet
facet normal 0 0 0
 outer loop
 vertex -0.133 -0.00552201 0.0313169
 vertex -0.133 5.64751e-09 0.0323
 vertex -0.133 -0.00560883 0.0318093
 endloop
endfacet
facet normal 0 0 0
 outer loop
 vertex 0.209 -0.00552201 0.0313169
 vertex 0.209 -0.00560883 0.0318093
 vertex 0.209 5.64751e-09 0.0323
 endloop
endfacet
facet normal 0 0 0
 outer loop
 vertex 0.209 -0.00552201 0.0313169
 vertex 0.209 5.64751e-09 0.0323
 vertex 0.209 5.56009e-09 0.0318
 endloop
endfacet
facet normal 0 0 0
 outer loop
 vertex -0.133 0 0.0326
 vertex -0.133 0.00566093 0.0321047
 vertex 0.209 0.00566093 0.0321047
 endloop
endfacet
facet normal 0 0 0
 outer loop
 vertex -0.133 0 0.0326
 vertex 0.209 0.00566093 0.0321047
 vertex 0.209 0 0.0326
 endloop
endfacet
facet normal 0 0 0
 outer loop
 vertex 0.209 0 0.0321
 vertex 0.209 0.00557411 0.0316123
 vertex -0.133 0.00557411 0.0316123
 endloop
endfacet
facet normal 0 0 0
 outer loop
 vertex 0.209 0 0.0321
 vertex -0.133 0.00557411 0.0316123
 vertex -0.133 0 0.0321
 endloop
endfacet
facet normal 0 0 0
 outer loop
 vertex -0.133 0.00566093 0.0321047
 vertex -0.133 0.0111499 0.030634
 vertex 0.209 0.0111499 0.030634
 endloop
endfacet
facet normal 0 0 0
 outer loop
 vertex -0.133 0.00566093 0.0321047
 vertex 0.209 0.0111499 0.030634
 vertex 0.209 0.00566093 0.0321047
 endloop
endfacet
facet normal 0 0 0
 outer loop
 vertex 0.209 0.00557411 0.0316123
 vertex 0.209 0.0109788 0.0301641
 vertex -0.133 0.0109788 0.0301641
 endloop
endfacet
facet normal 0 0 0
 outer loop
 vertex 0.209 0.00557411 0.0316123
 vertex -0.133 0.0109788 0.0301641
 vertex -0.133 0.00557411 0.0316123
 endloop
endfacet
facet normal 0 0 0
 outer loop
 vertex -0.133 0.0111499 0.030634
 vertex -0.133 0.0163 0.0282324
 vertex 0.209 0.0163 0.0282324
 endloop
endfacet
facet normal 0 0 0
 outer loop
 vertex -0.133 0.0111499 0.030634
 vertex 0.209 0.0163 0.0282324
 vertex 0.209 0.0111499 0.030634
 endloop
endfacet
facet normal 0 0 0
 outer loop
 vertex 0.209 0.0109788 0.0301641
 vertex 0.209 0.01605 0.0277994
 vertex -0.133 0.01605 0.0277994
 endloop
endfacet
facet normal 0 0 0
 outer loop
 vertex 0.209 0.0109788 0.0301641
 vertex -0.133 0.01605 0.0277994
 vertex -0.133 0.0109788 0.0301641
 endloop
endfacet
facet normal 0 0 0
 outer loop
 vertex -0.133 0.0163 0.0282324
 vertex -0.133 0.0209549 0.024973
 vertex 0.209 0.0209549 0.024973
 endloop
endfacet
facet normal 0 0 0
 outer loop
 vertex -0.133 0.0163 0.0282324
 vertex 0.209 0.0209549 0.024973
 vertex 0.209 0.0163 0.0282324
 endloop
endfacet
facet normal 0 0 0
 outer loop
 vertex 0.209 0.01605 0.0277994
 vertex 0.209 0.0206335 0.02459
 vertex -0.133 0.0206335 0.02459
 endloop
endfacet
facet normal 0 0 0
 outer loop
 vertex 0.209 0.01605 0.0277994
 vertex -0.133 0.0206335 0.02459
 vertex -0.133 0.01605 0.0277994
 endloop
endfacet
facet normal 0 0 0
 outer loop
 vertex -0.133 0.0209549 0.024973
 vertex -0.133 0.024973 0.0209549
 vertex 0.209 0.024973 0.0209549
 endloop
endfacet
facet normal 0 0 0
 outer loop
 vertex -0.133 0.0209549 0.024973
 vertex 0.209 0.024973 0.0209549
 vertex 0.209 0.0209549 0.024973
 endloop
endfacet
facet normal 0 0 0
 outer loop
 vertex 0.209 0.0206335 0.02459
 vertex 0.209 0.02459 0.0206335
 vertex -0.133 0.02459 0.0206335
 endloop
endfacet
facet normal 0 0 0
 outer loop
 vertex 0.209 0.0206335 0.02459
 vertex -0.133 0.02459 0.0206335
 vertex -0.133 0.0206335 0.02459
 endloop
endfacet
facet normal 0 0 0
 outer loop
 vertex -0.133 0.024973 0.0209549
 vertex -0.133 0.0282324 0.0163
 vertex 0.209 0.0282324 0.0163
 endloop
endfacet
facet normal 0 0 0
 outer loop
 vertex -0.133 0.024973 0.0209549
 vertex 0.209 0.0282324 0.0163
 vertex 0.209 0.024973 0.0209549
 endloop
endfacet
facet normal 0 0 0
 outer loop
 vertex 0.209 0.02459 0.0206335
 vertex 0.209 0.0277994 0.01605
 vertex -0.133 0.0277994 0.01605
 endloop
endfacet
facet normal 0 0 0
 outer loop
 vertex 0.209 0.02459 0.0206335
 vertex -0.133 0.0277994 0.01605
 vertex -0.133 0.02459 0.0206335
 endloop
endfacet
facet normal 0 0 0
 outer loop
 vertex -0.133 0.0282324 0.0163
 vertex -0.133 0.030634 0.0111499
 vertex 0.209 0.030634 0.0111499
 endloop
endfacet
facet normal 0 0 0
 outer loop
 vertex -0.133 0.0282324 0.0163
 vertex 0.209 0.030634 0.0111499
 vertex 0.209 0.0282324 0.0163
 endloop
endfacet
facet normal 0 0 0
 outer loop
 vertex 0.209 0.0277994 0.01605
 vertex 0.209 0.0301641 0.0109788
 vertex -0.133 0.0301641 0.0109788
 endloop
endfacet
facet normal 0 0 0
 outer loop
 vertex 0.209 0.0277994 0.01605
 vertex -0.133 0.0301641 0.0109788
 vertex -0.133 0.0277994 0.01605
 endloop
endfacet
facet normal 0 0 0
 outer loop
 vertex -0.133 0.030634 0.0111499
 vertex -0.133 0.0321047 0.00566093
 vertex 0.209 0.0321047 0.00566093
 endloop
endfacet
facet normal 0 0 0
 outer loop
 vertex -0.133 0.030634 0.0111499
 vertex 0.209 0.0321047 0.00566093
 vertex 0.209 0.030634 0.0111499
 endloop
endfacet
facet normal 0 0 0
 outer loop
 vertex 0.209 0.0301641 0.0109788
 vertex 0.209 0.0316123 0.00557411
 vertex -0.133 0.0316123 0.00557411
 endloop
endfacet
facet normal 0 0 0
 outer loop
 vertex 0.209 0.0301641 0.0109788
 vertex -0.133 0.0316123 0.00557411
 vertex -0.133 0.0301641 0.0109788
 endloop
endfacet
facet normal 0 0 0
 outer loop
 vertex -0.133 0.0321047 0.00566093
 vertex -0.133 0.0326 -1.42499e-09
 vertex 0.209 0.0326 -1.42499e-09
 endloop
endfacet
facet normal 0 0 0
 outer loop
 vertex -0.133 0.0321047 0.00566093
 vertex 0.209 0.0326 -1.42499e-09
 vertex 0.209 0.0321047 0.00566093
 endloop
endfacet
facet normal 0 0 0
 outer loop
 vertex 0.209 0.0316123 0.00557411
 vertex 0.209 0.0321 -1.40314e-09
 vertex -0.133 0.0321 -1.40314e-09
 endloop
endfacet
facet normal 0 0 0
 outer loop
 vertex 0.209 0.0316123 0.00557411
 vertex -0.133 0.0321 -1.40314e-09
 vertex -0.133 0.0316123 0.00557411
 endloop
endfacet
facet normal 0 0 0
 outer loop
 vertex -0.133 0.0326 -1.42499e-09
 vertex -0.133 0.0321047 -0.00566093
 vertex 0.209 0.0321047 -0.00566093
 endloop
endfacet
facet normal 0 0 0
 outer loop
 vertex -0.133 0.0326 -1.42499e-09
 vertex 0.209 0.0321047 -0.00566093
 vertex 0.209 0.0326 -1.42499e-09
 endloop
endfacet
facet normal 0 0 0
 outer loop
 vertex 0.209 0.0321 -1.40314e-09
 vertex 0.209 0.0316123 -0.00557411
 vertex -0.133 0.0316123 -0.00557411
 endloop
endfacet
facet normal 0 0 0
 outer loop
 vertex 0.209 0.0321 -1.40314e-09
 vertex -0.133 0.0316123 -0.00557411
 vertex -0.133 0.0321 -1.40314e-09
 endloop
endfacet
facet normal 0 0 0
 outer loop
 vertex -0.133 0.0321047 -0.00566093
 vertex -0.133 0.030634 -0.0111499
 vertex 0.209 0.030634 -0.0111499
 endloop
endfacet
facet normal 0 0 0
 outer loop
 vertex -0.133 0.0321047 -0.00566093
 vertex 0.209 0.030634 -0.0111499
 vertex 0.209 0.0321047 -0.00566093
 endloop
endfacet
facet normal 0 0 0
 outer loop
 vertex 0.209 0.0316123 -0.00557411
 vertex 0.209 0.0301641 -0.0109788
 vertex -0.133 0.0301641 -0.0109788
 endloop
endfacet
facet normal 0 0 0
 outer loop
 vertex 0.209 0.0316123 -0.00557411
 vertex -0.133 0.0301641 -0.0109788
 vertex -0.133 0.0316123 -0.00557411
 endloop
endfacet
facet normal 0 0 0
 outer loop
 vertex -0.133 0.030634 -0.0111499
 vertex -0.133 0.0282324 -0.0163
 vertex 0.209 0.0282324 -0.0163
 endloop
endfacet
facet normal 0 0 0
 outer loop
 vertex -0.133 0.030634 -0.0111499
 vertex 0.209 0.0282324 -0.0163
 vertex 0.209 0.030634 -0.0111499
 endloop
endfacet
facet normal 0 0 0
 outer loop
 vertex 0.209 0.0301641 -0.0109788
 vertex 0.209 0.0277994 -0.01605
 vertex -0.133 0.0277994 -0.01605
 endloop
endfacet
facet normal 0 0 0
 outer loop
 vertex 0.209 0.0301641 -0.0109788
 vertex -0.133 0.0277994 -0.01605
 vertex -0.133 0.0301641 -0.0109788
 endloop
endfacet
facet normal 0 0 0
 outer loop
 vertex -0.133 0.0282324 -0.0163
 vertex -0.133 0.024973 -0.0209549
 vertex 0.209 0.024973 -0.0209549
 endloop
endfacet
facet normal 0 0 0
 outer loop
 vertex -0.133 0.0282324 -0.0163
 vertex 0.209 0.024973 -0.0209549
 vertex 0.209 0.0282324 -0.0163
 endloop
endfacet
facet normal 0 0 0
 outer loop
 vertex 0.209 0.0277994 -0.01605
 vertex 0.209 0.02459 -0.0206335
 vertex -0.133 0.02459 -0.0206335
 endloop
endfacet
facet normal 0 0 0
 outer loop
 vertex 0.209 0.0277994 -0.01605
 vertex -0.133 0.02459 -0.0206335
 vertex -0.133 0.0277994 -0.01605
 endloop
endfacet
facet normal 0 0 0
 outer loop
 vertex -0.133 0.024973 -0.0209549
 vertex -0.133 0.0209549 -0.024973
 vertex 0.209 0.0209549 -0.024973
 endloop
endfacet
facet normal 0 0 0
 outer loop
 vertex -0.133 0.024973 -0.0209549
 vertex 0.209 0.0209549 -0.024973
 vertex 0.209 0.024973 -0.0209549
 endloop
endfacet
facet normal 0 0 0
 outer loop
 vertex 0.209 0.02459 -0.0206335
 vertex 0.209 0.0206335 -0.02459
 vertex -0.133 0.0206335 -0.02459
 endloop
endfacet
facet normal 0 0 0
 outer loop
 vertex 0.209 0.02459 -0.0206335
 vertex -0.133 0.0206335 -0.02459
 vertex -0.133 0.02459 -0.0206335
 endloop
endfacet
facet normal 0 0 0
 outer loop
 vertex -0.133 0.0209549 -0.024973
 vertex -0.133 0.0163 -0.0282324
 vertex 0.209 0.0163 -0.0282324
 endloop
endfacet
facet normal 0 0 0
 outer loop
 vertex -0.133 0.0209549 -0.024973
 vertex 0.209 0.0163 -0.0282324
 vertex 0.209 0.0209549 -0.024973
 endloop
endfacet
facet normal 0 0 0
 outer loop
 vertex 0.209 0.0206335 -0.02459
 vertex 0.209 0.01605 -0.0277994
 vertex -0.133 0.01605 -0.0277994
 endloop
endfacet
facet normal 0 0 0
 outer loop
 vertex 0.209 0.0206335 -0.02459
 vertex -0.133 0.01605 -0.0277994
 vertex -0.133 0.0206335 -0.02459
 endloop
endfacet
facet normal 0 0 0
 outer loop
 vertex -0.133 0.0163 -0.0282324
 vertex -0.133 0.0111499 -0.030634
 vertex 0.209 0.0111499 -0.030634
 endloop
endfacet
facet normal 0 0 0
 outer loop
 vertex -0.133 0.0163 -0.0282324
 vertex 0.209 0.0111499 -0.030634
 vertex 0.209 0.0163 -0.0282324
 endloop
endfacet
facet normal 0 0 0
 outer loop
 vertex 0.209 0.01605 -0.0277994
 vertex 0.209 0.0109788 -0.0301641
 vertex -0.133 0.0109788 -0.0301641
 endloop
endfacet
facet normal 0 0 0
 outer loop
 vertex 0.209 0.01605 -0.0277994
 vertex -0.133 0.0109788 -0.0301641
 vertex -0.133 0.01605 -0.0277994
 endloop
endfacet
facet normal 0 0 0
 outer loop
 vertex -0.133 0.0111499 -0.030634
 vertex -0.133 0.00566093 -0.0321047
 vertex 0.209 0.00566093 -0.0321047
 endloop
endfacet
facet normal 0 0 0
 outer loop
 vertex -0.133 0.0111499 -0.030634
 vertex 0.209 0.00566093 -0.0321047
 vertex 0.209 0.0111499 -0.030634
 endloop
endfacet
facet normal 0 0 0
 outer loop
 vertex 0.209 0.0109788 -0.0301641
 vertex 0.209 0.00557411 -0.0316123
 vertex -0.133 0.00557411 -0.0316123
 endloop
endfacet
facet normal 0 0 0
 outer loop
 vertex 0.209 0.0109788 -0.0301641
 vertex -0.133 0.00557411 -0.0316123
 vertex -0.133 0.0109788 -0.0301641
 endloop
endfacet
facet normal 0 0 0
 outer loop
 vertex -0.133 0.00566093 -0.0321047
 vertex -0.133 -2.84998e-09 -0.0326
 vertex 0.209 -2.84998e-09 -0.0326
 endloop
endfacet
facet normal 0 0 0
 outer loop
 vertex -0.133 0.00566093 -0.0321047
 vertex 0.209 -2.84998e-09 -0.0326
 vertex 0.209 0.00566093 -0.0321047
 endloop
endfacet
facet normal 0 0 0
 outer loop
 vertex 0.209 0.00557411 -0.0316123
 vertex 0.209 -2.80627e-09 -0.0321
 vertex -0.133 -2.80627e-09 -0.0321
 endloop
endfacet
facet normal 0 0 0
 outer loop
 vertex 0.209 0.00557411 -0.0316123
 vertex -0.133 -2.80627e-09 -0.0321
 vertex -0.133 0.00557411 -0.0316123
 endloop
endfacet
facet normal 0 0 0
 outer loop
 vertex -0.133 -2.84998e-09 -0.0326
 vertex -0.133 -0.00566093 -0.0321047
 vertex 0.209 -0.00566093 -0.0321047
 endloop
endfacet
facet normal 0 0 0
 outer loop
 vertex -0.133 -2.84998e-09 -0.0326
 vertex 0.209 -0.00566093 -0.0321047
 vertex 0.209 -2.84998e-09 -0.0326
 endloop
endfacet
facet normal 0 0 0
 outer loop
 vertex 0.209 -2.80627e-09 -0.0321
 vertex 0.209 -0.00557411 -0.0316123
 vertex -0.133 -0.00557411 -0.0316123
 endloop
endfacet
facet normal 0 0 0
 outer loop
 vertex 0.209 -2.80627e-09 -0.0321
 vertex -0.133 -0.00557411 -0.0316123
 vertex -0.133 -2.80627e-09 -0.0321
 endloop
endfacet
facet normal 0 0 0
 outer loop
 vertex -0.133 -0.00566093 -0.0321047
 vertex -0.133 -0.0111499 -0.030634
 vertex 0.209 -0.0111499 -0.030634
 endloop
endfacet
facet normal 0 0 0
 outer loop
 vertex -0.133 -0.00566093 -0.0321047
 vertex 0.209 -0.0111499 -0.030634
 vertex 0.209 -0.00566093 -0.0321047
 endloop
endfacet
facet normal 0 0 0
 outer loop
 vertex 0.209 -0.00557411 -0.0316123
 vertex 0.209 -0.0109788 -0.0301641
 vertex -0.133 -0.0109788 -0.0301641
 endloop
endfacet
facet normal 0 0 0
 outer loop
 vertex 0.209 -0.00557411 -0.0316123
 vertex -0.133 -0.0109788 -0.0301641
 vertex -0.133 -0.00557411 -0.0316123
 endloop
endfacet
facet normal 0 0 0
 outer loop
 vertex -0.133 -0.0111499 -0.030634
 vertex -0.133 -0.0163 -0.0282324
 vertex 0.209 -0.0163 -0.0282324
 endloop
endfacet
facet normal 0 0 0
 outer loop
 vertex -0.133 -0.0111499 -0.030634
 vertex 0.209 -0.0163 -0.0282324
 vertex 0.209 -0.0111499 -0.030634
 endloop
endfacet
facet normal 0 0 0
 outer loop
 vertex 0.209 -0.0109788 -0.0301641
 vertex 0.209 -0.01605 -0.0277994
 vertex -0.133 -0.01605 -0.0277994
 endloop
endfacet
facet normal 0 0 0
 outer loop
 vertex 0.209 -0.0109788 -0.0301641
 vertex -0.133 -0.01605 -0.0277994
 vertex -0.133 -0.0109788 -0.0301641
 endloop
endfacet
facet normal 0 0 0
 outer loop
 vertex -0.133 -0.0163 -0.0282324
 vertex -0.133 -0.0209549 -0.0249731
 vertex 0.209 -0.0209549 -0.0249731
 endloop
endfacet
facet normal 0 0 0
 outer loop
 vertex -0.133 -0.0163 -0.0282324
 vertex 0.209 -0.0209549 -0.0249731
 vertex 0.209 -0.0163 -0.0282324
 endloop
endfacet
facet normal 0 0 0
 outer loop
 vertex 0.209 -0.01605 -0.0277994
 vertex 0.209 -0.0206335 -0.02459
 vertex -0.133 -0.0206335 -0.02459
 endloop
endfacet
facet normal 0 0 0
 outer loop
 vertex 0.209 -0.01605 -0.0277994
 vertex -0.133 -0.0206335 -0.02459
 vertex -0.133 -0.01605 -0.0277994
 endloop
endfacet
facet normal 0 0 0
 outer loop
 vertex -0.133 -0.0209549 -0.0249731
 vertex -0.133 -0.0249731 -0.0209549
 vertex 0.209 -0.0249731 -0.0209549
 endloop
endfacet
facet normal 0 0 0
 outer loop
 vertex -0.133 -0.0209549 -0.0249731
 vertex 0.209 -0.0249731 -0.0209549
 vertex 0.209 -0.0209549 -0.0249731
 endloop
endfacet
facet normal 0 0 0
 outer loop
 vertex 0.209 -0.0206335 -0.02459
 vertex 0.209 -0.02459 -0.0206335
 vertex -0.133 -0.02459 -0.0206335
 endloop
endfacet
facet normal 0 0 0
 outer loop
 vertex 0.209 -0.0206335 -0.02459
 vertex -0.133 -0.02459 -0.0206335
 vertex -0.133 -0.0206335 -0.02459
 endloop
endfacet
facet normal 0 0 0
 outer loop
 vertex -0.133 -0.0249731 -0.0209549
 vertex -0.133 -0.0282324 -0.0163
 vertex 0.209 -0.0282324 -0.0163
 endloop
endfacet
facet normal 0 0 0
 outer loop
 vertex -0.133 -0.0249731 -0.0209549
 vertex 0.209 -0.0282324 -0.0163
 vertex 0.209 -0.0249731 -0.0209549
 endloop
endfacet
facet normal 0 0 0
 outer loop
 vertex 0.209 -0.02459 -0.0206335
 vertex 0.209 -0.0277994 -0.01605
 vertex -0.133 -0.0277994 -0.01605
 endloop
endfacet
facet normal 0 0 0
 outer loop
 vertex 0.209 -0.02459 -0.0206335
 vertex -0.133 -0.0277994 -0.01605
 vertex -0.133 -0.02459 -0.0206335
 endloop
endfacet
facet normal 0 0 0
 outer loop
 vertex -0.133 -0.0282324 -0.0163
 vertex -0.133 -0.030634 -0.0111499
 vertex 0.209 -0.030634 -0.0111499
 endloop
endfacet
facet normal 0 0 0
 outer loop
 vertex -0.133 -0.0282324 -0.0163
 vertex 0.209 -0.030634 -0.0111499
 vertex 0.209 -0.0282324 -0.0163
 endloop
endfacet
facet normal 0 0 0
 outer loop
 vertex 0.209 -0.0277994 -0.01605
 vertex 0.209 -0.0301641 -0.0109788
 vertex -0.133 -0.0301641 -0.0109788
 endloop
endfacet
facet normal 0 0 0
 outer loop
 vertex 0.209 -0.0277994 -0.01605
 vertex -0.133 -0.0301641 -0.0109788
 vertex -0.133 -0.0277994 -0.01605
 endloop
endfacet
facet normal 0 0 0
 outer loop
 vertex -0.133 -0.030634 -0.0111499
 vertex -0.133 -0.0321047 -0.00566093
 vertex 0.209 -0.0321047 -0.00566093
 endloop
endfacet
facet normal 0 0 0
 outer loop
 vertex -0.133 -0.030634 -0.0111499
 vertex 0.209 -0.0321047 -0.00566093
 vertex 0.209 -0.030634 -0.0111499
 endloop
endfacet
facet normal 0 0 0
 outer loop
 vertex 0.209 -0.0301641 -0.0109788
 vertex 0.209 -0.0316123 -0.0055741
 vertex -0.133 -0.0316123 -0.0055741
 endloop
endfacet
facet normal 0 0 0
 outer loop
 vertex 0.209 -0.0301641 -0.0109788
 vertex -0.133 -0.0316123 -0.0055741
 vertex -0.133 -0.0301641 -0.0109788
 endloop
endfacet
facet normal 0 0 0
 outer loop
 vertex -0.133 -0.0321047 -0.00566093
 vertex -0.133 -0.0326 3.88751e-10
 vertex 0.209 -0.0326 3.88751e-10
 endloop
endfacet
facet normal 0 0 0
 outer loop
 vertex -0.133 -0.0321047 -0.00566093
 vertex 0.209 -0.0326 3.88751e-10
 vertex 0.209 -0.0321047 -0.00566093
 endloop
endfacet
facet normal 0 0 0
 outer loop
 vertex 0.209 -0.0316123 -0.0055741
 vertex 0.209 -0.0321 3.82789e-10
 vertex -0.133 -0.0321 3.82789e-10
 endloop
endfacet
facet normal 0 0 0
 outer loop
 vertex 0.209 -0.0316123 -0.0055741
 vertex -0.133 -0.0321 3.82789e-10
 vertex -0.133 -0.0316123 -0.0055741
 endloop
endfacet
facet normal 0 0 0
 outer loop
 vertex -0.133 -0.0326 3.88751e-10
 vertex -0.133 -0.0321047 0.00566093
 vertex 0.209 -0.0321047 0.00566093
 endloop
endfacet
facet normal 0 0 0
 outer loop
 vertex -0.133 -0.0326 3.88751e-10
 vertex 0.209 -0.0321047 0.00566093
 vertex 0.209 -0.0326 3.88751e-10
 endloop
endfacet
facet normal 0 0 0
 outer loop
 vertex 0.209 -0.0321 3.82789e-10
 vertex 0.209 -0.0316123 0.00557411
 vertex -0.133 -0.0316123 0.00557411
 endloop
endfacet
facet normal 0 0 0
 outer loop
 vertex 0.209 -0.0321 3.82789e-10
 vertex -0.133 -0.0316123 0.00557411
 vertex -0.133 -0.0321 3.82789e-10
 endloop
endfacet
facet normal 0 0 0
 outer loop
 vertex -0.133 -0.0321047 0.00566093
 vertex -0.133 -0.030634 0.0111499
 vertex 0.209 -0.030634 0.0111499
 endloop
endfacet
facet normal 0 0 0
 outer loop
 vertex -0.133 -0.0321047 0.00566093
 vertex 0.209 -0.030634 0.0111499
 vertex 0.209 -0.0321047 0.00566093
 endloop
endfacet
facet normal 0 0 0
 outer loop
 vertex 0.209 -0.0316123 0.00557411
 vertex 0.209 -0.0301641 0.0109788
 vertex -0.133 -0.0301641 0.0109788
 endloop
endfacet
facet normal 0 0 0
 outer loop
 vertex 0.209 -0.0316123 0.00557411
 vertex -0.133 -0.0301641 0.0109788
 vertex -0.133 -0.0316123 0.00557411
 endloop
endfacet
facet normal 0 0 0
 outer loop
 vertex -0.133 -0.030634 0.0111499
 vertex -0.133 -0.0282324 0.0163
 vertex 0.209 -0.0282324 0.0163
 endloop
endfacet
facet normal 0 0 0
 outer loop
 vertex -0.133 -0.030634 0.0111499
 vertex 0.209 -0.0282324 0.0163
 vertex 0.209 -0.030634 0.0111499
 endloop
endfacet
facet normal 0 0 0
 outer loop
 vertex 0.209 -0.0301641 0.0109788
 vertex 0.209 -0.0277994 0.01605
 vertex -0.133 -0.0277994 0.01605
 endloop
endfacet
facet normal 0 0 0
 outer loop
 vertex 0.209 -0.0301641 0.0109788
 vertex -0.133 -0.0277994 0.01605
 vertex -0.133 -0.0301641 0.0109788
 endloop
endfacet
facet normal 0 0 0
 outer loop
 vertex -0.133 -0.0282324 0.0163
 vertex -0.133 -0.0249731 0.0209549
 vertex 0.209 -0.0249731 0.0209549
 endloop
endfacet
facet normal 0 0 0
 outer loop
 vertex -0.133 -0.0282324 0.0163
 vertex 0.209 -0.0249731 0.0209549
 vertex 0.209 -0.0282324 0.0163
 endloop
endfacet
facet normal 0 0 0
 outer loop
 vertex 0.209 -0.0277994 0.01605
 vertex 0.209 -0.02459 0.0206335
 vertex -0.133 -0.02459 0.0206335
 endloop
endfacet
facet normal 0 0 0
 outer loop
 vertex 0.209 -0.0277994 0.01605
 vertex -0.133 -0.02459 0.0206335
 vertex -0.133 -0.0277994 0.01605
 endloop
endfacet
facet normal 0 0 0
 outer loop
 vertex -0.133 -0.0249731 0.0209549
 vertex -0.133 -0.0209549 0.024973
 vertex 0.209 -0.0209549 0.024973
 endloop
endfacet
facet normal 0 0 0
 outer loop
 vertex -0.133 -0.0249731 0.0209549
 vertex 0.209 -0.0209549 0.024973
 vertex 0.209 -0.0249731 0.0209549
 endloop
endfacet
facet normal 0 0 0
 outer loop
 vertex 0.209 -0.02459 0.0206335
 vertex 0.209 -0.0206335 0.02459
 vertex -0.133 -0.0206335 0.02459
 endloop
endfacet
facet normal 0 0 0
 outer loop
 vertex 0.209 -0.02459 0.0206335
 vertex -0.133 -0.0206335 0.02459
 vertex -0.133 -0.02459 0.0206335
 endloop
endfacet
facet normal 0 0 0
 outer loop
 vertex -0.133 -0.0209549 0.024973
 vertex -0.133 -0.0163 0.0282324
 vertex 0.209 -0.0163 0.0282324
 endloop
endfacet
facet normal 0 0 0
 outer loop
 vertex -0.133 -0.0209549 0.024973
 vertex 0.209 -0.0163 0.0282324
 vertex 0.209 -0.0209549 0.024973
 endloop
endfacet
facet normal 0 0 0
 outer loop
 vertex 0.209 -0.0206335 0.02459
 vertex 0.209 -0.01605 0.0277994
 vertex -0.133 -0.01605 0.0277994
 endloop
endfacet
facet normal 0 0 0
 outer loop
 vertex 0.209 -0.0206335 0.02459
 vertex -0.133 -0.01605 0.0277994
 vertex -0.133 -0.0206335 0.02459
 endloop
endfacet
facet normal 0 0 0
 outer loop
 vertex -0.133 -0.0163 0.0282324
 vertex -0.133 -0.0111499 0.030634
 vertex 0.209 -0.0111499 0.030634
 endloop
endfacet
facet normal 0 0 0
 outer loop
 vertex -0.133 -0.0163 0.0282324
 vertex 0.209 -0.0111499 0.030634
 vertex 0.209 -0.0163 0.0282324
 endloop
endfacet
facet normal 0 0 0
 outer loop
 vertex 0.209 -0.01605 0.0277994
 vertex 0.209 -0.0109789 0.0301641
 vertex -0.133 -0.0109789 0.0301641
 endloop
endfacet
facet normal 0 0 0
 outer loop
 vertex 0.209 -0.01605 0.0277994
 vertex -0.133 -0.0109789 0.0301641
 vertex -0.133 -0.01605 0.0277994
 endloop
endfacet
facet normal 0 0 0
 outer loop
 vertex -0.133 -0.0111499 0.030634
 vertex -0.133 -0.00566092 0.0321047
 vertex 0.209 -0.00566092 0.0321047
 endloop
endfacet
facet normal 0 0 0
 outer loop
 vertex -0.133 -0.0111499 0.030634
 vertex 0.209 -0.00566092 0.0321047
 vertex 0.209 -0.0111499 0.030634
 endloop
endfacet
facet normal 0 0 0
 outer loop
 vertex 0.209 -0.0109789 0.0301641
 vertex 0.209 -0.0055741 0.0316123
 vertex -0.133 -0.0055741 0.0316123
 endloop
endfacet
facet normal 0 0 0
 outer loop
 vertex 0.209 -0.0109789 0.0301641
 vertex -0.133 -0.0055741 0.0316123
 vertex -0.133 -0.0109789 0.0301641
 endloop
endfacet
facet normal 0 0 0
 outer loop
 vertex -0.133 -0.00566092 0.0321047
 vertex -0.133 5.69996e-09 0.0326
 vertex 0.209 5.69996e-09 0.0326
 endloop
endfacet
facet normal 0 0 0
 outer loop
 vertex -0.133 -0.00566092 0.0321047
 vertex 0.209 5.69996e-09 0.0326
 vertex 0.209 -0.00566092 0.0321047
 endloop
endfacet
facet normal 0 0 0
 outer loop
 vertex 0.209 -0.0055741 0.0316123
 vertex 0.209 5.61254e-09 0.0321
 vertex -0.133 5.61254e-09 0.0321
 endloop
endfacet
facet normal 0 0 0
 outer loop
 vertex 0.209 -0.0055741 0.0316123
 vertex -0.133 5.61254e-09 0.0321
 vertex -0.133 -0.0055741 0.0316123
 endloop
endfacet
facet normal 0 0 0
 outer loop
 vertex -0.133 0 0.0321
 vertex -0.133 0.00557411 0.0316123
 vertex -0.133 0.00566093 0.0321047
 endloop
endfacet
facet normal 0 0 0
 outer loop
 vertex -0.133 0 0.0321
 vertex -0.133 0.00566093 0.0321047
 vertex -0.133 0 0.0326
 endloop
endfacet
facet normal 0 0 0
 outer loop
 vertex 0.209 0 0.0321
 vertex 0.209 0 0.0326
 vertex 0.209 0.00566093 0.0321047
 endloop
endfacet
facet normal 0 0 0
 outer loop
 vertex 0.209 0 0.0321
 vertex 0.209 0.00566093 0.0321047
 vertex 0.209 0.00557411 0.0316123
 endloop
endfacet
facet normal 0 0 0
 outer loop
 vertex -0.133 0.00557411 0.0316123
 vertex -0.133 0.0109788 0.0301641
 vertex -0.133 0.0111499 0.030634
 endloop
endfacet
facet normal 0 0 0
 outer loop
 vertex -0.133 0.00557411 0.0316123
 vertex -0.133 0.0111499 0.030634
 vertex -0.133 0.00566093 0.0321047
 endloop
endfacet
facet normal 0 0 0
 outer loop
 vertex 0.209 0.00557411 0.0316123
 vertex 0.209 0.00566093 0.0321047
 vertex 0.209 0.0111499 0.030634
 endloop
endfacet
facet normal 0 0 0
 outer loop
 vertex 0.209 0.00557411 0.0316123
 vertex 0.209 0.0111499 0.030634
 vertex 0.209 0.0109788 0.0301641
 endloop
endfacet
facet normal 0 0 0
 outer loop
 vertex -0.133 0.0109788 0.0301641
 vertex -0.133 0.01605 0.0277994
 vertex -0.133 0.0163 0.0282324
 endloop
endfacet
facet normal 0 0 0
 outer loop
 vertex -0.133 0.0109788 0.0301641
 vertex -0.133 0.0163 0.0282324
 vertex -0.133 0.0111499 0.030634
 endloop
endfacet
facet normal 0 0 0
 outer loop
 vertex 0.209 0.0109788 0.0301641
 vertex 0.209 0.0111499 0.030634
 vertex 0.209 0.0163 0.0282324
 endloop
endfacet
facet normal 0 0 0
 outer loop
 vertex 0.209 0.0109788 0.0301641
 vertex 0.209 0.0163 0.0282324
 vertex 0.209 0.01605 0.0277994
 endloop
endfacet
facet normal 0 0 0
 outer loop
 vertex -0.133 0.01605 0.0277994
 vertex -0.133 0.0206335 0.02459
 vertex -0.133 0.0209549 0.024973
 endloop
endfacet
facet normal 0 0 0
 outer loop
 vertex -0.133 0.01605 0.0277994
 vertex -0.133 0.0209549 0.024973
 vertex -0.133 0.0163 0.0282324
 endloop
endfacet
facet normal 0 0 0
 outer loop
 vertex 0.209 0.01605 0.0277994
 vertex 0.209 0.0163 0.0282324
 vertex 0.209 0.0209549 0.024973
 endloop
endfacet
facet normal 0 0 0
 outer loop
 vertex 0.209 0.01605 0.0277994
 vertex 0.209 0.0209549 0.024973
 vertex 0.209 0.0206335 0.02459
 endloop
endfacet
facet normal 0 0 0
 outer loop
 vertex -0.133 0.0206335 0.02459
 vertex -0.133 0.02459 0.0206335
 vertex -0.133 0.024973 0.0209549
 endloop
endfacet
facet normal 0 0 0
 outer loop
 vertex -0.133 0.0206335 0.02459
 vertex -0.133 0.024973 0.0209549
 vertex -0.133 0.0209549 0.024973
 endloop
endfacet
facet normal 0 0 0
 outer loop
 vertex 0.209 0.0206335 0.02459
 vertex 0.209 0.0209549 0.024973
 vertex 0.209 0.024973 0.0209549
 endloop
endfacet
facet normal 0 0 0
 outer loop
 vertex 0.209 0.0206335 0.02459
 vertex 0.209 0.024973 0.0209549
 vertex 0.209 0.02459 0.0206335
 endloop
endfacet
facet normal 0 0 0
 outer loop
 vertex -0.133 0.02459 0.0206335
 vertex -0.133 0.0277994 0.01605
 vertex -0.133 0.0282324 0.0163
 endloop
endfacet
facet normal 0 0 0
 outer loop
 vertex -0.133 0.02459 0.0206335
 vertex -0.133 0.0282324 0.0163
 vertex -0.133 0.024973 0.0209549
 endloop
endfacet
facet normal 0 0 0
 outer loop
 vertex 0.209 0.02459 0.0206335
 vertex 0.209 0.024973 0.0209549
 vertex 0.209 0.0282324 0.0163
 endloop
endfacet
facet normal 0 0 0
 outer loop
 vertex 0.209 0.02459 0.0206335
 vertex 0.209 0.0282324 0.0163
 vertex 0.209 0.0277994 0.01605
 endloop
endfacet
facet normal 0 0 0
 outer loop
 vertex -0.133 0.0277994 0.01605
 vertex -0.133 0.0301641 0.0109788
 vertex -0.133 0.030634 0.0111499
 endloop
endfacet
facet normal 0 0 0
 outer loop
 vertex -0.133 0.0277994 0.01605
 vertex -0.133 0.030634 0.0111499
 vertex -0.133 0.0282324 0.0163
 endloop
endfacet
facet normal 0 0 0
 outer loop
 vertex 0.209 0.0277994 0.01605
 vertex 0.209 0.0282324 0.0163
 vertex 0.209 0.030634 0.0111499
 endloop
endfacet
facet normal 0 0 0
 outer loop
 vertex 0.209 0.0277994 0.01605
 vertex 0.209 0.030634 0.0111499
 vertex 0.209 0.0301641 0.0109788
 endloop
endfacet
facet normal 0 0 0
 outer loop
 vertex -0.133 0.0301641 0.0109788
 vertex -0.133 0.0316123 0.00557411
 vertex -0.133 0.0321047 0.00566093
 endloop
endfacet
facet normal 0 0 0
 outer loop
 vertex -0.133 0.0301641 0.0109788
 vertex -0.133 0.0321047 0.00566093
 vertex -0.133 0.030634 0.0111499
 endloop
endfacet
facet normal 0 0 0
 outer loop
 vertex 0.209 0.0301641 0.0109788
 vertex 0.209 0.030634 0.0111499
 vertex 0.209 0.0321047 0.00566093
 endloop
endfacet
facet normal 0 0 0
 outer loop
 vertex 0.209 0.0301641 0.0109788
 vertex 0.209 0.0321047 0.00566093
 vertex 0.209 0.0316123 0.00557411
 endloop
endfacet
facet normal 0 0 0
 outer loop
 vertex -0.133 0.0316123 0.00557411
 vertex -0.133 0.0321 -1.40314e-09
 vertex -0.133 0.0326 -1.42499e-09
 endloop
endfacet
facet normal 0 0 0
 outer loop
 vertex -0.133 0.0316123 0.00557411
 vertex -0.133 0.0326 -1.42499e-09
 vertex -0.133 0.0321047 0.00566093
 endloop
endfacet
facet normal 0 0 0
 outer loop
 vertex 0.209 0.0316123 0.00557411
 vertex 0.209 0.0321047 0.00566093
 vertex 0.209 0.0326 -1.42499e-09
 endloop
endfacet
facet normal 0 0 0
 outer loop
 vertex 0.209 0.0316123 0.00557411
 vertex 0.209 0.0326 -1.42499e-09
 vertex 0.209 0.0321 -1.40314e-09
 endloop
endfacet
facet normal 0 0 0
 outer loop
 vertex -0.133 0.0321 -1.40314e-09
 vertex -0.133 0.0316123 -0.00557411
 vertex -0.133 0.0321047 -0.00566093
 endloop
endfacet
facet normal 0 0 0
 outer loop
 vertex -0.133 0.0321 -1.40314e-09
 vertex -0.133 0.0321047 -0.00566093
 vertex -0.133 0.0326 -1.42499e-09
 endloop
endfacet
facet normal 0 0 0
 outer loop
 vertex 0.209 0.0321 -1.40314e-09
 vertex 0.209 0.0326 -1.42499e-09
 vertex 0.209 0.0321047 -0.00566093
 endloop
endfacet
facet normal 0 0 0
 outer loop
 vertex 0.209 0.0321 -1.40314e-09
 vertex 0.209 0.0321047 -0.00566093
 vertex 0.209 0.0316123 -0.00557411
 endloop
endfacet
facet normal 0 0 0
 outer loop
 vertex -0.133 0.0316123 -0.00557411
 vertex -0.133 0.0301641 -0.0109788
 vertex -0.133 0.030634 -0.0111499
 endloop
endfacet
facet normal 0 0 0
 outer loop
 vertex -0.133 0.0316123 -0.00557411
 vertex -0.133 0.030634 -0.0111499
 vertex -0.133 0.0321047 -0.00566093
 endloop
endfacet
facet normal 0 0 0
 outer loop
 vertex 0.209 0.0316123 -0.00557411
 vertex 0.209 0.0321047 -0.00566093
 vertex 0.209 0.030634 -0.0111499
 endloop
endfacet
facet normal 0 0 0
 outer loop
 vertex 0.209 0.0316123 -0.00557411
 vertex 0.209 0.030634 -0.0111499
 vertex 0.209 0.0301641 -0.0109788
 endloop
endfacet
facet normal 0 0 0
 outer loop
 vertex -0.133 0.0301641 -0.0109788
 vertex -0.133 0.0277994 -0.01605
 vertex -0.133 0.0282324 -0.0163
 endloop
endfacet
facet normal 0 0 0
 outer loop
 vertex -0.133 0.0301641 -0.0109788
 vertex -0.133 0.0282324 -0.0163
 vertex -0.133 0.030634 -0.0111499
 endloop
endfacet
facet normal 0 0 0
 outer loop
 vertex 0.209 0.0301641 -0.0109788
 vertex 0.209 0.030634 -0.0111499
 vertex 0.209 0.0282324 -0.0163
 endloop
endfacet
facet normal 0 0 0
 outer loop
 vertex 0.209 0.0301641 -0.0109788
 vertex 0.209 0.0282324 -0.0163
 vertex 0.209 0.0277994 -0.01605
 endloop
endfacet
facet normal 0 0 0
 outer loop
 vertex -0.133 0.0277994 -0.01605
 vertex -0.133 0.02459 -0.0206335
 vertex -0.133 0.024973 -0.0209549
 endloop
endfacet
facet normal 0 0 0
 outer loop
 vertex -0.133 0.0277994 -0.01605
 vertex -0.133 0.024973 -0.0209549
 vertex -0.133 0.0282324 -0.0163
 endloop
endfacet
facet normal 0 0 0
 outer loop
 vertex 0.209 0.0277994 -0.01605
 vertex 0.209 0.0282324 -0.0163
 vertex 0.209 0.024973 -0.0209549
 endloop
endfacet
facet normal 0 0 0
 outer loop
 vertex 0.209 0.0277994 -0.01605
 vertex 0.209 0.024973 -0.0209549
 vertex 0.209 0.02459 -0.0206335
 endloop
endfacet
facet normal 0 0 0
 outer loop
 vertex -0.133 0.02459 -0.0206335
 vertex -0.133 0.0206335 -0.02459
 vertex -0.133 0.0209549 -0.024973
 endloop
endfacet
facet normal 0 0 0
 outer loop
 vertex -0.133 0.02459 -0.0206335
 vertex -0.133 0.0209549 -0.024973
 vertex -0.133 0.024973 -0.0209549
 endloop
endfacet
facet normal 0 0 0
 outer loop
 vertex 0.209 0.02459 -0.0206335
 vertex 0.209 0.024973 -0.0209549
 vertex 0.209 0.0209549 -0.024973
 endloop
endfacet
facet normal 0 0 0
 outer loop
 vertex 0.209 0.02459 -0.0206335
 vertex 0.209 0.0209549 -0.024973
 vertex 0.209 0.0206335 -0.02459
 endloop
endfacet
facet normal 0 0 0
 outer loop
 vertex -0.133 0.0206335 -0.02459
 vertex -0.133 0.01605 -0.0277994
 vertex -0.133 0.0163 -0.0282324
 endloop
endfacet
facet normal 0 0 0
 outer loop
 vertex -0.133 0.0206335 -0.02459
 vertex -0.133 0.0163 -0.0282324
 vertex -0.133 0.0209549 -0.024973
 endloop
endfacet
facet normal 0 0 0
 outer loop
 vertex 0.209 0.0206335 -0.02459
 vertex 0.209 0.0209549 -0.024973
 vertex 0.209 0.0163 -0.0282324
 endloop
endfacet
facet normal 0 0 0
 outer loop
 vertex 0.209 0.0206335 -0.02459
 vertex 0.209 0.0163 -0.0282324
 vertex 0.209 0.01605 -0.0277994
 endloop
endfacet
facet normal 0 0 0
 outer loop
 vertex -0.133 0.01605 -0.0277994
 vertex -0.133 0.0109788 -0.0301641
 vertex -0.133 0.0111499 -0.030634
 endloop
endfacet
facet normal 0 0 0
 outer loop
 vertex -0.133 0.01605 -0.0277994
 vertex -0.133 0.0111499 -0.030634
 vertex -0.133 0.0163 -0.0282324
 endloop
endfacet
facet normal 0 0 0
 outer loop
 vertex 0.209 0.01605 -0.0277994
 vertex 0.209 0.0163 -0.0282324
 vertex 0.209 0.0111499 -0.030634
 endloop
endfacet
facet normal 0 0 0
 outer loop
 vertex 0.209 0.01605 -0.0277994
 vertex 0.209 0.0111499 -0.030634
 vertex 0.209 0.0109788 -0.0301641
 endloop
endfacet
facet normal 0 0 0
 outer loop
 vertex -0.133 0.0109788 -0.0301641
 vertex -0.133 0.00557411 -0.0316123
 vertex -0.133 0.00566093 -0.0321047
 endloop
endfacet
facet normal 0 0 0
 outer loop
 vertex -0.133 0.0109788 -0.0301641
 vertex -0.133 0.00566093 -0.0321047
 vertex -0.133 0.0111499 -0.030634
 endloop
endfacet
facet normal 0 0 0
 outer loop
 vertex 0.209 0.0109788 -0.0301641
 vertex 0.209 0.0111499 -0.030634
 vertex 0.209 0.00566093 -0.0321047
 endloop
endfacet
facet normal 0 0 0
 outer loop
 vertex 0.209 0.0109788 -0.0301641
 vertex 0.209 0.00566093 -0.0321047
 vertex 0.209 0.00557411 -0.0316123
 endloop
endfacet
facet normal 0 0 0
 outer loop
 vertex -0.133 0.00557411 -0.0316123
 vertex -0.133 -2.80627e-09 -0.0321
 vertex -0.133 -2.84998e-09 -0.0326
 endloop
endfacet
facet normal 0 0 0
 outer loop
 vertex -0.133 0.00557411 -0.0316123
 vertex -0.133 -2.84998e-09 -0.0326
 vertex -0.133 0.00566093 -0.0321047
 endloop
endfacet
facet normal 0 0 0
 outer loop
 vertex 0.209 0.00557411 -0.0316123
 vertex 0.209 0.00566093 -0.0321047
 vertex 0.209 -2.84998e-09 -0.0326
 endloop
endfacet
facet normal 0 0 0
 outer loop
 vertex 0.209 0.00557411 -0.0316123
 vertex 0.209 -2.84998e-09 -0.0326
 vertex 0.209 -2.80627e-09 -0.0321
 endloop
endfacet
facet normal 0 0 0
 outer loop
 vertex -0.133 -2.80627e-09 -0.0321
 vertex -0.133 -0.00557411 -0.0316123
 vertex -0.133 -0.00566093 -0.0321047
 endloop
endfacet
facet normal 0 0 0
 outer loop
 vertex -0.133 -2.80627e-09 -0.0321
 vertex -0.133 -0.00566093 -0.0321047
 vertex -0.133 -2.84998e-09 -0.0326
 endloop
endfacet
facet normal 0 0 0
 outer loop
 vertex 0.209 -2.80627e-09 -0.0321
 vertex 0.209 -2.84998e-09 -0.0326
 vertex 0.209 -0.00566093 -0.0321047
 endloop
endfacet
facet normal 0 0 0
 outer loop
 vertex 0.209 -2.80627e-09 -0.0321
 vertex 0.209 -0.00566093 -0.0321047
 vertex 0.209 -0.00557411 -0.0316123
 endloop
endfacet
facet normal 0 0 0
 outer loop
 vertex -0.133 -0.00557411 -0.0316123
 vertex -0.133 -0.0109788 -0.0301641
 vertex -0.133 -0.0111499 -0.030634
 endloop
endfacet
facet normal 0 0 0
 outer loop
 vertex -0.133 -0.00557411 -0.0316123
 vertex -0.133 -0.0111499 -0.030634
 vertex -0.133 -0.00566093 -0.0321047
 endloop
endfacet
facet normal 0 0 0
 outer loop
 vertex 0.209 -0.00557411 -0.0316123
 vertex 0.209 -0.00566093 -0.0321047
 vertex 0.209 -0.0111499 -0.030634
 endloop
endfacet
facet normal 0 0 0
 outer loop
 vertex 0.209 -0.00557411 -0.0316123
 vertex 0.209 -0.0111499 -0.030634
 vertex 0.209 -0.0109788 -0.0301641
 endloop
endfacet
facet normal 0 0 0
 outer loop
 vertex -0.133 -0.0109788 -0.0301641
 vertex -0.133 -0.01605 -0.0277994
 vertex -0.133 -0.0163 -0.0282324
 endloop
endfacet
facet normal 0 0 0
 outer loop
 vertex -0.133 -0.0109788 -0.0301641
 vertex -0.133 -0.0163 -0.0282324
 vertex -0.133 -0.0111499 -0.030634
 endloop
endfacet
facet normal 0 0 0
 outer loop
 vertex 0.209 -0.0109788 -0.0301641
 vertex 0.209 -0.0111499 -0.030634
 vertex 0.209 -0.0163 -0.0282324
 endloop
endfacet
facet normal 0 0 0
 outer loop
 vertex 0.209 -0.0109788 -0.0301641
 vertex 0.209 -0.0163 -0.0282324
 vertex 0.209 -0.01605 -0.0277994
 endloop
endfacet
facet normal 0 0 0
 outer loop
 vertex -0.133 -0.01605 -0.0277994
 vertex -0.133 -0.0206335 -0.02459
 vertex -0.133 -0.0209549 -0.0249731
 endloop
endfacet
facet normal 0 0 0
 outer loop
 vertex -0.133 -0.01605 -0.0277994
 vertex -0.133 -0.0209549 -0.0249731
 vertex -0.133 -0.0163 -0.0282324
 endloop
endfacet
facet normal 0 0 0
 outer loop
 vertex 0.209 -0.01605 -0.0277994
 vertex 0.209 -0.0163 -0.0282324
 vertex 0.209 -0.0209549 -0.0249731
 endloop
endfacet
facet normal 0 0 0
 outer loop
 vertex 0.209 -0.01605 -0.0277994
 vertex 0.209 -0.0209549 -0.0249731
 vertex 0.209 -0.0206335 -0.02459
 endloop
endfacet
facet normal 0 0 0
 outer loop
 vertex -0.133 -0.0206335 -0.02459
 vertex -0.133 -0.02459 -0.0206335
 vertex -0.133 -0.0249731 -0.0209549
 endloop
endfacet
facet normal 0 0 0
 outer loop
 vertex -0.133 -0.0206335 -0.02459
 vertex -0.133 -0.0249731 -0.0209549
 vertex -0.133 -0.0209549 -0.0249731
 endloop
endfacet
facet normal 0 0 0
 outer loop
 vertex 0.209 -0.0206335 -0.02459
 vertex 0.209 -0.0209549 -0.0249731
 vertex 0.209 -0.0249731 -0.0209549
 endloop
endfacet
facet normal 0 0 0
 outer loop
 vertex 0.209 -0.0206335 -0.02459
 vertex 0.209 -0.0249731 -0.0209549
 vertex 0.209 -0.02459 -0.0206335
 endloop
endfacet
facet normal 0 0 0
 outer loop
 vertex -0.133 -0.02459 -0.0206335
 vertex -0.133 -0.0277994 -0.01605
 vertex -0.133 -0.0282324 -0.0163
 endloop
endfacet
facet normal 0 0 0
 outer loop
 vertex -0.133 -0.02459 -0.0206335
 vertex -0.133 -0.0282324 -0.0163
 vertex -0.133 -0.0249731 -0.0209549
 endloop
endfacet
facet normal 0 0 0
 outer loop
 vertex 0.209 -0.02459 -0.0206335
 vertex 0.209 -0.0249731 -0.0209549
 vertex 0.209 -0.0282324 -0.0163
 endloop
endfacet
facet normal 0 0 0
 outer loop
 vertex 0.209 -0.02459 -0.0206335
 vertex 0.209 -0.0282324 -0.0163
 vertex 0.209 -0.0277994 -0.01605
 endloop
endfacet
facet normal 0 0 0
 outer loop
 vertex -0.133 -0.0277994 -0.01605
 vertex -0.133 -0.0301641 -0.0109788
 vertex -0.133 -0.030634 -0.0111499
 endloop
endfacet
facet normal 0 0 0
 outer loop
 vertex -0.133 -0.0277994 -0.01605
 vertex -0.133 -0.030634 -0.0111499
 vertex -0.133 -0.0282324 -0.0163
 endloop
endfacet
facet normal 0 0 0
 outer loop
 vertex 0.209 -0.0277994 -0.01605
 vertex 0.209 -0.0282324 -0.0163
 vertex 0.209 -0.030634 -0.0111499
 endloop
endfacet
facet normal 0 0 0
 outer loop
 vertex 0.209 -0.0277994 -0.01605
 vertex 0.209 -0.030634 -0.0111499
 vertex 0.209 -0.0301641 -0.0109788
 endloop
endfacet
facet normal 0 0 0
 outer loop
 vertex -0.133 -0.0301641 -0.0109788
 vertex -0.133 -0.0316123 -0.0055741
 vertex -0.133 -0.0321047 -0.00566093
 endloop
endfacet
facet normal 0 0 0
 outer loop
 vertex -0.133 -0.0301641 -0.0109788
 vertex -0.133 -0.0321047 -0.00566093
 vertex -0.133 -0.030634 -0.0111499
 endloop
endfacet
facet normal 0 0 0
 outer loop
 vertex 0.209 -0.0301641 -0.0109788
 vertex 0.209 -0.030634 -0.0111499
 vertex 0.209 -0.0321047 -0.00566093
 endloop
endfacet
facet normal 0 0 0
 outer loop
 vertex 0.209 -0.0301641 -0.0109788
 vertex 0.209 -0.0321047 -0.00566093
 vertex 0.209 -0.0316123 -0.0055741
 endloop
endfacet
facet normal 0 0 0
 outer loop
 vertex -0.133 -0.0316123 -0.0055741
 vertex -0.133 -0.0321 3.82789e-10
 vertex -0.133 -0.0326 3.88751e-10
 endloop
endfacet
facet normal 0 0 0
 outer loop
 vertex -0.133 -0.0316123 -0.0055741
 vertex -0.133 -0.0326 3.88751e-10
 vertex -0.133 -0.0321047 -0.00566093
 endloop
endfacet
facet normal 0 0 0
 outer loop
 vertex 0.209 -0.0316123 -0.0055741
 vertex 0.209 -0.0321047 -0.00566093
 vertex 0.209 -0.0326 3.88751e-10
 endloop
endfacet
facet normal 0 0 0
 outer loop
 vertex 0.209 -0.0316123 -0.0055741
 vertex 0.209 -0.0326 3.88751e-10
 vertex 0.209 -0.0321 3.82789e-10
 endloop
endfacet
facet normal 0 0 0
 outer loop
 vertex -0.133 -0.0321 3.82789e-10
 vertex -0.133 -0.0316123 0.00557411
 vertex -0.133 -0.0321047 0.00566093
 endloop
endfacet
facet normal 0 0 0
 outer loop
 vertex -0.133 -0.0321 3.82789e-10
 vertex -0.133 -0.0321047 0.00566093
 vertex -0.133 -0.0326 3.88751e-10
 endloop
endfacet
facet normal 0 0 0
 outer loop
 vertex 0.209 -0.0321 3.82789e-10
 vertex 0.209 -0.0326 3.88751e-10
 vertex 0.209 -0.0321047 0.00566093
 endloop
endfacet
facet normal 0 0 0
 outer loop
 vertex 0.209 -0.0321 3.82789e-10
 vertex 0.209 -0.0321047 0.00566093
 vertex 0.209 -0.0316123 0.00557411
 endloop
endfacet
facet normal 0 0 0
 outer loop
 vertex -0.133 -0.0316123 0.00557411
 vertex -0.133 -0.0301641 0.0109788
 vertex -0.133 -0.030634 0.0111499
 endloop
endfacet
facet normal 0 0 0
 outer loop
 vertex -0.133 -0.0316123 0.00557411
 vertex -0.133 -0.030634 0.0111499
 vertex -0.133 -0.0321047 0.00566093
 endloop
endfacet
facet normal 0 0 0
 outer loop
 vertex 0.209 -0.0316123 0.00557411
 vertex 0.209 -0.0321047 0.00566093
 vertex 0.209 -0.030634 0.0111499
 endloop
endfacet
facet normal 0 0 0
 outer loop
 vertex 0.209 -0.0316123 0.00557411
 vertex 0.209 -0.030634 0.0111499
 vertex 0.209 -0.0301641 0.0109788
 endloop
endfacet
facet normal 0 0 0
 outer loop
 vertex -0.133 -0.0301641 0.0109788
 vertex -0.133 -0.0277994 0.01605
 vertex -0.133 -0.0282324 0.0163
 endloop
endfacet
facet normal 0 0 0
 outer loop
 vertex -0.133 -0.0301641 0.0109788
 vertex -0.133 -0.0282324 0.0163
 vertex -0.133 -0.030634 0.0111499
 endloop
endfacet
facet normal 0 0 0
 outer loop
 vertex 0.209 -0.0301641 0.0109788
 vertex 0.209 -0.030634 0.0111499
 vertex 0.209 -0.0282324 0.0163
 endloop
endfacet
facet normal 0 0 0
 outer loop
 vertex 0.209 -0.0301641 0.0109788
 vertex 0.209 -0.0282324 0.0163
 vertex 0.209 -0.0277994 0.01605
 endloop
endfacet
facet normal 0 0 0
 outer loop
 vertex -0.133 -0.0277994 0.01605
 vertex -0.133 -0.02459 0.0206335
 vertex -0.133 -0.0249731 0.0209549
 endloop
endfacet
facet normal 0 0 0
 outer loop
 vertex -0.133 -0.0277994 0.01605
 vertex -0.133 -0.0249731 0.0209549
 vertex -0.133 -0.0282324 0.0163
 endloop
endfacet
facet normal 0 0 0
 outer loop
 vertex 0.209 -0.0277994 0.01605
 vertex 0.209 -0.0282324 0.0163
 vertex 0.209 -0.0249731 0.0209549
 endloop
endfacet
facet normal 0 0 0
 outer loop
 vertex 0.209 -0.0277994 0.01605
 vertex 0.209 -0.0249731 0.0209549
 vertex 0.209 -0.02459 0.0206335
 endloop
endfacet
facet normal 0 0 0
 outer loop
 vertex -0.133 -0.02459 0.0206335
 vertex -0.133 -0.0206335 0.02459
 vertex -0.133 -0.0209549 0.024973
 endloop
endfacet
facet normal 0 0 0
 outer loop
 vertex -0.133 -0.02459 0.0206335
 vertex -0.133 -0.0209549 0.024973
 vertex -0.133 -0.0249731 0.0209549
 endloop
endfacet
facet normal 0 0 0
 outer loop
 vertex 0.209 -0.02459 0.0206335
 vertex 0.209 -0.0249731 0.0209549
 vertex 0.209 -0.0209549 0.024973
 endloop
endfacet
facet normal 0 0 0
 outer loop
 vertex 0.209 -0.02459 0.0206335
 vertex 0.209 -0.0209549 0.024973
 vertex 0.209 -0.0206335 0.02459
 endloop
endfacet
facet normal 0 0 0
 outer loop
 vertex -0.133 -0.0206335 0.02459
 vertex -0.133 -0.01605 0.0277994
 vertex -0.133 -0.0163 0.0282324
 endloop
endfacet
facet normal 0 0 0
 outer loop
 vertex -0.133 -0.0206335 0.02459
 vertex -0.133 -0.0163 0.0282324
 vertex -0.133 -0.0209549 0.024973
 endloop
endfacet
facet normal 0 0 0
 outer loop
 vertex 0.209 -0.0206335 0.02459
 vertex 0.209 -0.0209549 0.024973
 vertex 0.209 -0.0163 0.0282324
 endloop
endfacet
facet normal 0 0 0
 outer loop
 vertex 0.209 -0.0206335 0.02459
 vertex 0.209 -0.0163 0.0282324
 vertex 0.209 -0.01605 0.0277994
 endloop
endfacet
facet normal 0 0 0
 outer loop
 vertex -0.133 -0.01605 0.0277994
 vertex -0.133 -0.0109789 0.0301641
 vertex -0.133 -0.0111499 0.030634
 endloop
endfacet
facet normal 0 0 0
 outer loop
 vertex -0.133 -0.01605 0.0277994
 vertex -0.133 -0.0111499 0.030634
 vertex -0.133 -0.0163 0.0282324
 endloop
endfacet
facet normal 0 0 0
 outer loop
 vertex 0.209 -0.01605 0.0277994
 vertex 0.209 -0.0163 0.0282324
 vertex 0.209 -0.0111499 0.030634
 endloop
endfacet
facet normal 0 0 0
 outer loop
 vertex 0.209 -0.01605 0.0277994
 vertex 0.209 -0.0111499 0.030634
 vertex 0.209 -0.0109789 0.0301641
 endloop
endfacet
facet normal 0 0 0
 outer loop
 vertex -0.133 -0.0109789 0.0301641
 vertex -0.133 -0.0055741 0.0316123
 vertex -0.133 -0.00566092 0.0321047
 endloop
endfacet
facet normal 0 0 0
 outer loop
 vertex -0.133 -0.0109789 0.0301641
 vertex -0.133 -0.00566092 0.0321047
 vertex -0.133 -0.0111499 0.030634
 endloop
endfacet
facet normal 0 0 0
 outer loop
 vertex 0.209 -0.0109789 0.0301641
 vertex 0.209 -0.0111499 0.030634
 vertex 0.209 -0.00566092 0.0321047
 endloop
endfacet
facet normal 0 0 0
 outer loop
 vertex 0.209 -0.0109789 0.0301641
 vertex 0.209 -0.00566092 0.0321047
 vertex 0.209 -0.0055741 0.0316123
 endloop
endfacet
facet normal 0 0 0
 outer loop
 vertex -0.133 -0.0055741 0.0316123
 vertex -0.133 5.61254e-09 0.0321
 vertex -0.133 5.69996e-09 0.0326
 endloop
endfacet
facet normal 0 0 0
 outer loop
 vertex -0.133 -0.0055741 0.0316123
 vertex -0.133 5.69996e-09 0.0326
 vertex -0.133 -0.00566092 0.0321047
 endloop
endfacet
facet normal 0 0 0
 outer loop
 vertex 0.209 -0.0055741 0.0316123
 vertex 0.209 -0.00566092 0.0321047
 vertex 0.209 5.69996e-09 0.0326
 endloop
endfacet
facet normal 0 0 0
 outer loop
 vertex 0.209 -0.0055741 0.0316123
 vertex 0.209 5.69996e-09 0.0326
 vertex 0.209 5.61254e-09 0.0321
 endloop
endfacet
facet normal 0 0 0
 outer loop
 vertex -0.133 0 0.0329
 vertex -0.133 0.00571302 0.0324002
 vertex 0.209 0.00571302 0.0324002
 endloop
endfacet
facet normal 0 0 0
 outer loop
 vertex -0.133 0 0.0329
 vertex 0.209 0.00571302 0.0324002
 vertex 0.209 0 0.0329
 endloop
endfacet
facet normal 0 0 0
 outer loop
 vertex 0.209 0 0.0324
 vertex 0.209 0.0056262 0.0319078
 vertex -0.133 0.0056262 0.0319078
 endloop
endfacet
facet normal 0 0 0
 outer loop
 vertex 0.209 0 0.0324
 vertex -0.133 0.0056262 0.0319078
 vertex -0.133 0 0.0324
 endloop
endfacet
facet normal 0 0 0
 outer loop
 vertex -0.133 0.00571302 0.0324002
 vertex -0.133 0.0112525 0.0309159
 vertex 0.209 0.0112525 0.0309159
 endloop
endfacet
facet normal 0 0 0
 outer loop
 vertex -0.133 0.00571302 0.0324002
 vertex 0.209 0.0112525 0.0309159
 vertex 0.209 0.00571302 0.0324002
 endloop
endfacet
facet normal 0 0 0
 outer loop
 vertex 0.209 0.0056262 0.0319078
 vertex 0.209 0.0110815 0.030446
 vertex -0.133 0.0110815 0.030446
 endloop
endfacet
facet normal 0 0 0
 outer loop
 vertex 0.209 0.0056262 0.0319078
 vertex -0.133 0.0110815 0.030446
 vertex -0.133 0.0056262 0.0319078
 endloop
endfacet
facet normal 0 0 0
 outer loop
 vertex -0.133 0.0112525 0.0309159
 vertex -0.133 0.01645 0.0284922
 vertex 0.209 0.01645 0.0284922
 endloop
endfacet
facet normal 0 0 0
 outer loop
 vertex -0.133 0.0112525 0.0309159
 vertex 0.209 0.01645 0.0284922
 vertex 0.209 0.0112525 0.0309159
 endloop
endfacet
facet normal 0 0 0
 outer loop
 vertex 0.209 0.0110815 0.030446
 vertex 0.209 0.0162 0.0280592
 vertex -0.133 0.0162 0.0280592
 endloop
endfacet
facet normal 0 0 0
 outer loop
 vertex 0.209 0.0110815 0.030446
 vertex -0.133 0.0162 0.0280592
 vertex -0.133 0.0110815 0.030446
 endloop
endfacet
facet normal 0 0 0
 outer loop
 vertex -0.133 0.01645 0.0284922
 vertex -0.133 0.0211477 0.0252029
 vertex 0.209 0.0211477 0.0252029
 endloop
endfacet
facet normal 0 0 0
 outer loop
 vertex -0.133 0.01645 0.0284922
 vertex 0.209 0.0211477 0.0252029
 vertex 0.209 0.01645 0.0284922
 endloop
endfacet
facet normal 0 0 0
 outer loop
 vertex 0.209 0.0162 0.0280592
 vertex 0.209 0.0208263 0.0248198
 vertex -0.133 0.0208263 0.0248198
 endloop
endfacet
facet normal 0 0 0
 outer loop
 vertex 0.209 0.0162 0.0280592
 vertex -0.133 0.0208263 0.0248198
 vertex -0.133 0.0162 0.0280592
 endloop
endfacet
facet normal 0 0 0
 outer loop
 vertex -0.133 0.0211477 0.0252029
 vertex -0.133 0.0252029 0.0211477
 vertex 0.209 0.0252029 0.0211477
 endloop
endfacet
facet normal 0 0 0
 outer loop
 vertex -0.133 0.0211477 0.0252029
 vertex 0.209 0.0252029 0.0211477
 vertex 0.209 0.0211477 0.0252029
 endloop
endfacet
facet normal 0 0 0
 outer loop
 vertex 0.209 0.0208263 0.0248198
 vertex 0.209 0.0248198 0.0208263
 vertex -0.133 0.0248198 0.0208263
 endloop
endfacet
facet normal 0 0 0
 outer loop
 vertex 0.209 0.0208263 0.0248198
 vertex -0.133 0.0248198 0.0208263
 vertex -0.133 0.0208263 0.0248198
 endloop
endfacet
facet normal 0 0 0
 outer loop
 vertex -0.133 0.0252029 0.0211477
 vertex -0.133 0.0284922 0.01645
 vertex 0.209 0.0284922 0.01645
 endloop
endfacet
facet normal 0 0 0
 outer loop
 vertex -0.133 0.0252029 0.0211477
 vertex 0.209 0.0284922 0.01645
 vertex 0.209 0.0252029 0.0211477
 endloop
endfacet
facet normal 0 0 0
 outer loop
 vertex 0.209 0.0248198 0.0208263
 vertex 0.209 0.0280592 0.0162
 vertex -0.133 0.0280592 0.0162
 endloop
endfacet
facet normal 0 0 0
 outer loop
 vertex 0.209 0.0248198 0.0208263
 vertex -0.133 0.0280592 0.0162
 vertex -0.133 0.0248198 0.0208263
 endloop
endfacet
facet normal 0 0 0
 outer loop
 vertex -0.133 0.0284922 0.01645
 vertex -0.133 0.0309159 0.0112525
 vertex 0.209 0.0309159 0.0112525
 endloop
endfacet
facet normal 0 0 0
 outer loop
 vertex -0.133 0.0284922 0.01645
 vertex 0.209 0.0309159 0.0112525
 vertex 0.209 0.0284922 0.01645
 endloop
endfacet
facet normal 0 0 0
 outer loop
 vertex 0.209 0.0280592 0.0162
 vertex 0.209 0.030446 0.0110815
 vertex -0.133 0.030446 0.0110815
 endloop
endfacet
facet normal 0 0 0
 outer loop
 vertex 0.209 0.0280592 0.0162
 vertex -0.133 0.030446 0.0110815
 vertex -0.133 0.0280592 0.0162
 endloop
endfacet
facet normal 0 0 0
 outer loop
 vertex -0.133 0.0309159 0.0112525
 vertex -0.133 0.0324002 0.00571303
 vertex 0.209 0.0324002 0.00571303
 endloop
endfacet
facet normal 0 0 0
 outer loop
 vertex -0.133 0.0309159 0.0112525
 vertex 0.209 0.0324002 0.00571303
 vertex 0.209 0.0309159 0.0112525
 endloop
endfacet
facet normal 0 0 0
 outer loop
 vertex 0.209 0.030446 0.0110815
 vertex 0.209 0.0319078 0.0056262
 vertex -0.133 0.0319078 0.0056262
 endloop
endfacet
facet normal 0 0 0
 outer loop
 vertex 0.209 0.030446 0.0110815
 vertex -0.133 0.0319078 0.0056262
 vertex -0.133 0.030446 0.0110815
 endloop
endfacet
facet normal 0 0 0
 outer loop
 vertex -0.133 0.0324002 0.00571303
 vertex -0.133 0.0329 -1.4381e-09
 vertex 0.209 0.0329 -1.4381e-09
 endloop
endfacet
facet normal 0 0 0
 outer loop
 vertex -0.133 0.0324002 0.00571303
 vertex 0.209 0.0329 -1.4381e-09
 vertex 0.209 0.0324002 0.00571303
 endloop
endfacet
facet normal 0 0 0
 outer loop
 vertex 0.209 0.0319078 0.0056262
 vertex 0.209 0.0324 -1.41625e-09
 vertex -0.133 0.0324 -1.41625e-09
 endloop
endfacet
facet normal 0 0 0
 outer loop
 vertex 0.209 0.0319078 0.0056262
 vertex -0.133 0.0324 -1.41625e-09
 vertex -0.133 0.0319078 0.0056262
 endloop
endfacet
facet normal 0 0 0
 outer loop
 vertex -0.133 0.0329 -1.4381e-09
 vertex -0.133 0.0324002 -0.00571303
 vertex 0.209 0.0324002 -0.00571303
 endloop
endfacet
facet normal 0 0 0
 outer loop
 vertex -0.133 0.0329 -1.4381e-09
 vertex 0.209 0.0324002 -0.00571303
 vertex 0.209 0.0329 -1.4381e-09
 endloop
endfacet
facet normal 0 0 0
 outer loop
 vertex 0.209 0.0324 -1.41625e-09
 vertex 0.209 0.0319078 -0.0056262
 vertex -0.133 0.0319078 -0.0056262
 endloop
endfacet
facet normal 0 0 0
 outer loop
 vertex 0.209 0.0324 -1.41625e-09
 vertex -0.133 0.0319078 -0.0056262
 vertex -0.133 0.0324 -1.41625e-09
 endloop
endfacet
facet normal 0 0 0
 outer loop
 vertex -0.133 0.0324002 -0.00571303
 vertex -0.133 0.0309159 -0.0112525
 vertex 0.209 0.0309159 -0.0112525
 endloop
endfacet
facet normal 0 0 0
 outer loop
 vertex -0.133 0.0324002 -0.00571303
 vertex 0.209 0.0309159 -0.0112525
 vertex 0.209 0.0324002 -0.00571303
 endloop
endfacet
facet normal 0 0 0
 outer loop
 vertex 0.209 0.0319078 -0.0056262
 vertex 0.209 0.030446 -0.0110815
 vertex -0.133 0.030446 -0.0110815
 endloop
endfacet
facet normal 0 0 0
 outer loop
 vertex 0.209 0.0319078 -0.0056262
 vertex -0.133 0.030446 -0.0110815
 vertex -0.133 0.0319078 -0.0056262
 endloop
endfacet
facet normal 0 0 0
 outer loop
 vertex -0.133 0.0309159 -0.0112525
 vertex -0.133 0.0284922 -0.01645
 vertex 0.209 0.0284922 -0.01645
 endloop
endfacet
facet normal 0 0 0
 outer loop
 vertex -0.133 0.0309159 -0.0112525
 vertex 0.209 0.0284922 -0.01645
 vertex 0.209 0.0309159 -0.0112525
 endloop
endfacet
facet normal 0 0 0
 outer loop
 vertex 0.209 0.030446 -0.0110815
 vertex 0.209 0.0280592 -0.0162
 vertex -0.133 0.0280592 -0.0162
 endloop
endfacet
facet normal 0 0 0
 outer loop
 vertex 0.209 0.030446 -0.0110815
 vertex -0.133 0.0280592 -0.0162
 vertex -0.133 0.030446 -0.0110815
 endloop
endfacet
facet normal 0 0 0
 outer loop
 vertex -0.133 0.0284922 -0.01645
 vertex -0.133 0.0252029 -0.0211477
 vertex 0.209 0.0252029 -0.0211477
 endloop
endfacet
facet normal 0 0 0
 outer loop
 vertex -0.133 0.0284922 -0.01645
 vertex 0.209 0.0252029 -0.0211477
 vertex 0.209 0.0284922 -0.01645
 endloop
endfacet
facet normal 0 0 0
 outer loop
 vertex 0.209 0.0280592 -0.0162
 vertex 0.209 0.0248198 -0.0208263
 vertex -0.133 0.0248198 -0.0208263
 endloop
endfacet
facet normal 0 0 0
 outer loop
 vertex 0.209 0.0280592 -0.0162
 vertex -0.133 0.0248198 -0.0208263
 vertex -0.133 0.0280592 -0.0162
 endloop
endfacet
facet normal 0 0 0
 outer loop
 vertex -0.133 0.0252029 -0.0211477
 vertex -0.133 0.0211477 -0.0252029
 vertex 0.209 0.0211477 -0.0252029
 endloop
endfacet
facet normal 0 0 0
 outer loop
 vertex -0.133 0.0252029 -0.0211477
 vertex 0.209 0.0211477 -0.0252029
 vertex 0.209 0.0252029 -0.0211477
 endloop
endfacet
facet normal 0 0 0
 outer loop
 vertex 0.209 0.0248198 -0.0208263
 vertex 0.209 0.0208263 -0.0248198
 vertex -0.133 0.0208263 -0.0248198
 endloop
endfacet
facet normal 0 0 0
 outer loop
 vertex 0.209 0.0248198 -0.0208263
 vertex -0.133 0.0208263 -0.0248198
 vertex -0.133 0.0248198 -0.0208263
 endloop
endfacet
facet normal 0 0 0
 outer loop
 vertex -0.133 0.0211477 -0.0252029
 vertex -0.133 0.01645 -0.0284922
 vertex 0.209 0.01645 -0.0284922
 endloop
endfacet
facet normal 0 0 0
 outer loop
 vertex -0.133 0.0211477 -0.0252029
 vertex 0.209 0.01645 -0.0284922
 vertex 0.209 0.0211477 -0.0252029
 endloop
endfacet
facet normal 0 0 0
 outer loop
 vertex 0.209 0.0208263 -0.0248198
 vertex 0.209 0.0162 -0.0280592
 vertex -0.133 0.0162 -0.0280592
 endloop
endfacet
facet normal 0 0 0
 outer loop
 vertex 0.209 0.0208263 -0.0248198
 vertex -0.133 0.0162 -0.0280592
 vertex -0.133 0.0208263 -0.0248198
 endloop
endfacet
facet normal 0 0 0
 outer loop
 vertex -0.133 0.01645 -0.0284922
 vertex -0.133 0.0112525 -0.0309159
 vertex 0.209 0.0112525 -0.0309159
 endloop
endfacet
facet normal 0 0 0
 outer loop
 vertex -0.133 0.01645 -0.0284922
 vertex 0.209 0.0112525 -0.0309159
 vertex 0.209 0.01645 -0.0284922
 endloop
endfacet
facet normal 0 0 0
 outer loop
 vertex 0.209 0.0162 -0.0280592
 vertex 0.209 0.0110815 -0.030446
 vertex -0.133 0.0110815 -0.030446
 endloop
endfacet
facet normal 0 0 0
 outer loop
 vertex 0.209 0.0162 -0.0280592
 vertex -0.133 0.0110815 -0.030446
 vertex -0.133 0.0162 -0.0280592
 endloop
endfacet
facet normal 0 0 0
 outer loop
 vertex -0.133 0.0112525 -0.0309159
 vertex -0.133 0.00571303 -0.0324002
 vertex 0.209 0.00571303 -0.0324002
 endloop
endfacet
facet normal 0 0 0
 outer loop
 vertex -0.133 0.0112525 -0.0309159
 vertex 0.209 0.00571303 -0.0324002
 vertex 0.209 0.0112525 -0.0309159
 endloop
endfacet
facet normal 0 0 0
 outer loop
 vertex 0.209 0.0110815 -0.030446
 vertex 0.209 0.0056262 -0.0319078
 vertex -0.133 0.0056262 -0.0319078
 endloop
endfacet
facet normal 0 0 0
 outer loop
 vertex 0.209 0.0110815 -0.030446
 vertex -0.133 0.0056262 -0.0319078
 vertex -0.133 0.0110815 -0.030446
 endloop
endfacet
facet normal 0 0 0
 outer loop
 vertex -0.133 0.00571303 -0.0324002
 vertex -0.133 -2.87621e-09 -0.0329
 vertex 0.209 -2.87621e-09 -0.0329
 endloop
endfacet
facet normal 0 0 0
 outer loop
 vertex -0.133 0.00571303 -0.0324002
 vertex 0.209 -2.87621e-09 -0.0329
 vertex 0.209 0.00571303 -0.0324002
 endloop
endfacet
facet normal 0 0 0
 outer loop
 vertex 0.209 0.0056262 -0.0319078
 vertex 0.209 -2.8325e-09 -0.0324
 vertex -0.133 -2.8325e-09 -0.0324
 endloop
endfacet
facet normal 0 0 0
 outer loop
 vertex 0.209 0.0056262 -0.0319078
 vertex -0.133 -2.8325e-09 -0.0324
 vertex -0.133 0.0056262 -0.0319078
 endloop
endfacet
facet normal 0 0 0
 outer loop
 vertex -0.133 -2.87621e-09 -0.0329
 vertex -0.133 -0.00571303 -0.0324002
 vertex 0.209 -0.00571303 -0.0324002
 endloop
endfacet
facet normal 0 0 0
 outer loop
 vertex -0.133 -2.87621e-09 -0.0329
 vertex 0.209 -0.00571303 -0.0324002
 vertex 0.209 -2.87621e-09 -0.0329
 endloop
endfacet
facet normal 0 0 0
 outer loop
 vertex 0.209 -2.8325e-09 -0.0324
 vertex 0.209 -0.0056262 -0.0319078
 vertex -0.133 -0.0056262 -0.0319078
 endloop
endfacet
facet normal 0 0 0
 outer loop
 vertex 0.209 -2.8325e-09 -0.0324
 vertex -0.133 -0.0056262 -0.0319078
 vertex -0.133 -2.8325e-09 -0.0324
 endloop
endfacet
facet normal 0 0 0
 outer loop
 vertex -0.133 -0.00571303 -0.0324002
 vertex -0.133 -0.0112525 -0.0309159
 vertex 0.209 -0.0112525 -0.0309159
 endloop
endfacet
facet normal 0 0 0
 outer loop
 vertex -0.133 -0.00571303 -0.0324002
 vertex 0.209 -0.0112525 -0.0309159
 vertex 0.209 -0.00571303 -0.0324002
 endloop
endfacet
facet normal 0 0 0
 outer loop
 vertex 0.209 -0.0056262 -0.0319078
 vertex 0.209 -0.0110815 -0.030446
 vertex -0.133 -0.0110815 -0.030446
 endloop
endfacet
facet normal 0 0 0
 outer loop
 vertex 0.209 -0.0056262 -0.0319078
 vertex -0.133 -0.0110815 -0.030446
 vertex -0.133 -0.0056262 -0.0319078
 endloop
endfacet
facet normal 0 0 0
 outer loop
 vertex -0.133 -0.0112525 -0.0309159
 vertex -0.133 -0.01645 -0.0284922
 vertex 0.209 -0.01645 -0.0284922
 endloop
endfacet
facet normal 0 0 0
 outer loop
 vertex -0.133 -0.0112525 -0.0309159
 vertex 0.209 -0.01645 -0.0284922
 vertex 0.209 -0.0112525 -0.0309159
 endloop
endfacet
facet normal 0 0 0
 outer loop
 vertex 0.209 -0.0110815 -0.030446
 vertex 0.209 -0.0162 -0.0280592
 vertex -0.133 -0.0162 -0.0280592
 endloop
endfacet
facet normal 0 0 0
 outer loop
 vertex 0.209 -0.0110815 -0.030446
 vertex -0.133 -0.0162 -0.0280592
 vertex -0.133 -0.0110815 -0.030446
 endloop
endfacet
facet normal 0 0 0
 outer loop
 vertex -0.133 -0.01645 -0.0284922
 vertex -0.133 -0.0211477 -0.0252029
 vertex 0.209 -0.0211477 -0.0252029
 endloop
endfacet
facet normal 0 0 0
 outer loop
 vertex -0.133 -0.01645 -0.0284922
 vertex 0.209 -0.0211477 -0.0252029
 vertex 0.209 -0.01645 -0.0284922
 endloop
endfacet
facet normal 0 0 0
 outer loop
 vertex 0.209 -0.0162 -0.0280592
 vertex 0.209 -0.0208263 -0.0248198
 vertex -0.133 -0.0208263 -0.0248198
 endloop
endfacet
facet normal 0 0 0
 outer loop
 vertex 0.209 -0.0162 -0.0280592
 vertex -0.133 -0.0208263 -0.0248198
 vertex -0.133 -0.0162 -0.0280592
 endloop
endfacet
facet normal 0 0 0
 outer loop
 vertex -0.133 -0.0211477 -0.0252029
 vertex -0.133 -0.0252029 -0.0211477
 vertex 0.209 -0.0252029 -0.0211477
 endloop
endfacet
facet normal 0 0 0
 outer loop
 vertex -0.133 -0.0211477 -0.0252029
 vertex 0.209 -0.0252029 -0.0211477
 vertex 0.209 -0.0211477 -0.0252029
 endloop
endfacet
facet normal 0 0 0
 outer loop
 vertex 0.209 -0.0208263 -0.0248198
 vertex 0.209 -0.0248198 -0.0208263
 vertex -0.133 -0.0248198 -0.0208263
 endloop
endfacet
facet normal 0 0 0
 outer loop
 vertex 0.209 -0.0208263 -0.0248198
 vertex -0.133 -0.0248198 -0.0208263
 vertex -0.133 -0.0208263 -0.0248198
 endloop
endfacet
facet normal 0 0 0
 outer loop
 vertex -0.133 -0.0252029 -0.0211477
 vertex -0.133 -0.0284922 -0.01645
 vertex 0.209 -0.0284922 -0.01645
 endloop
endfacet
facet normal 0 0 0
 outer loop
 vertex -0.133 -0.0252029 -0.0211477
 vertex 0.209 -0.0284922 -0.01645
 vertex 0.209 -0.0252029 -0.0211477
 endloop
endfacet
facet normal 0 0 0
 outer loop
 vertex 0.209 -0.0248198 -0.0208263
 vertex 0.209 -0.0280592 -0.0162
 vertex -0.133 -0.0280592 -0.0162
 endloop
endfacet
facet normal 0 0 0
 outer loop
 vertex 0.209 -0.0248198 -0.0208263
 vertex -0.133 -0.0280592 -0.0162
 vertex -0.133 -0.0248198 -0.0208263
 endloop
endfacet
facet normal 0 0 0
 outer loop
 vertex -0.133 -0.0284922 -0.01645
 vertex -0.133 -0.0309159 -0.0112525
 vertex 0.209 -0.0309159 -0.0112525
 endloop
endfacet
facet normal 0 0 0
 outer loop
 vertex -0.133 -0.0284922 -0.01645
 vertex 0.209 -0.0309159 -0.0112525
 vertex 0.209 -0.0284922 -0.01645
 endloop
endfacet
facet normal 0 0 0
 outer loop
 vertex 0.209 -0.0280592 -0.0162
 vertex 0.209 -0.030446 -0.0110815
 vertex -0.133 -0.030446 -0.0110815
 endloop
endfacet
facet normal 0 0 0
 outer loop
 vertex 0.209 -0.0280592 -0.0162
 vertex -0.133 -0.030446 -0.0110815
 vertex -0.133 -0.0280592 -0.0162
 endloop
endfacet
facet normal 0 0 0
 outer loop
 vertex -0.133 -0.0309159 -0.0112525
 vertex -0.133 -0.0324002 -0.00571302
 vertex 0.209 -0.0324002 -0.00571302
 endloop
endfacet
facet normal 0 0 0
 outer loop
 vertex -0.133 -0.0309159 -0.0112525
 vertex 0.209 -0.0324002 -0.00571302
 vertex 0.209 -0.0309159 -0.0112525
 endloop
endfacet
facet normal 0 0 0
 outer loop
 vertex 0.209 -0.030446 -0.0110815
 vertex 0.209 -0.0319078 -0.0056262
 vertex -0.133 -0.0319078 -0.0056262
 endloop
endfacet
facet normal 0 0 0
 outer loop
 vertex 0.209 -0.030446 -0.0110815
 vertex -0.133 -0.0319078 -0.0056262
 vertex -0.133 -0.030446 -0.0110815
 endloop
endfacet
facet normal 0 0 0
 outer loop
 vertex -0.133 -0.0324002 -0.00571302
 vertex -0.133 -0.0329 3.92329e-10
 vertex 0.209 -0.0329 3.92329e-10
 endloop
endfacet
facet normal 0 0 0
 outer loop
 vertex -0.133 -0.0324002 -0.00571302
 vertex 0.209 -0.0329 3.92329e-10
 vertex 0.209 -0.0324002 -0.00571302
 endloop
endfacet
facet normal 0 0 0
 outer loop
 vertex 0.209 -0.0319078 -0.0056262
 vertex 0.209 -0.0324 3.86366e-10
 vertex -0.133 -0.0324 3.86366e-10
 endloop
endfacet
facet normal 0 0 0
 outer loop
 vertex 0.209 -0.0319078 -0.0056262
 vertex -0.133 -0.0324 3.86366e-10
 vertex -0.133 -0.0319078 -0.0056262
 endloop
endfacet
facet normal 0 0 0
 outer loop
 vertex -0.133 -0.0329 3.92329e-10
 vertex -0.133 -0.0324002 0.00571302
 vertex 0.209 -0.0324002 0.00571302
 endloop
endfacet
facet normal 0 0 0
 outer loop
 vertex -0.133 -0.0329 3.92329e-10
 vertex 0.209 -0.0324002 0.00571302
 vertex 0.209 -0.0329 3.92329e-10
 endloop
endfacet
facet normal 0 0 0
 outer loop
 vertex 0.209 -0.0324 3.86366e-10
 vertex 0.209 -0.0319078 0.0056262
 vertex -0.133 -0.0319078 0.0056262
 endloop
endfacet
facet normal 0 0 0
 outer loop
 vertex 0.209 -0.0324 3.86366e-10
 vertex -0.133 -0.0319078 0.0056262
 vertex -0.133 -0.0324 3.86366e-10
 endloop
endfacet
facet normal 0 0 0
 outer loop
 vertex -0.133 -0.0324002 0.00571302
 vertex -0.133 -0.0309159 0.0112525
 vertex 0.209 -0.0309159 0.0112525
 endloop
endfacet
facet normal 0 0 0
 outer loop
 vertex -0.133 -0.0324002 0.00571302
 vertex 0.209 -0.0309159 0.0112525
 vertex 0.209 -0.0324002 0.00571302
 endloop
endfacet
facet normal 0 0 0
 outer loop
 vertex 0.209 -0.0319078 0.0056262
 vertex 0.209 -0.030446 0.0110815
 vertex -0.133 -0.030446 0.0110815
 endloop
endfacet
facet normal 0 0 0
 outer loop
 vertex 0.209 -0.0319078 0.0056262
 vertex -0.133 -0.030446 0.0110815
 vertex -0.133 -0.0319078 0.0056262
 endloop
endfacet
facet normal 0 0 0
 outer loop
 vertex -0.133 -0.0309159 0.0112525
 vertex -0.133 -0.0284922 0.01645
 vertex 0.209 -0.0284922 0.01645
 endloop
endfacet
facet normal 0 0 0
 outer loop
 vertex -0.133 -0.0309159 0.0112525
 vertex 0.209 -0.0284922 0.01645
 vertex 0.209 -0.0309159 0.0112525
 endloop
endfacet
facet normal 0 0 0
 outer loop
 vertex 0.209 -0.030446 0.0110815
 vertex 0.209 -0.0280592 0.0162
 vertex -0.133 -0.0280592 0.0162
 endloop
endfacet
facet normal 0 0 0
 outer loop
 vertex 0.209 -0.030446 0.0110815
 vertex -0.133 -0.0280592 0.0162
 vertex -0.133 -0.030446 0.0110815
 endloop
endfacet
facet normal 0 0 0
 outer loop
 vertex -0.133 -0.0284922 0.01645
 vertex -0.133 -0.0252029 0.0211477
 vertex 0.209 -0.0252029 0.0211477
 endloop
endfacet
facet normal 0 0 0
 outer loop
 vertex -0.133 -0.0284922 0.01645
 vertex 0.209 -0.0252029 0.0211477
 vertex 0.209 -0.0284922 0.01645
 endloop
endfacet
facet normal 0 0 0
 outer loop
 vertex 0.209 -0.0280592 0.0162
 vertex 0.209 -0.0248198 0.0208263
 vertex -0.133 -0.0248198 0.0208263
 endloop
endfacet
facet normal 0 0 0
 outer loop
 vertex 0.209 -0.0280592 0.0162
 vertex -0.133 -0.0248198 0.0208263
 vertex -0.133 -0.0280592 0.0162
 endloop
endfacet
facet normal 0 0 0
 outer loop
 vertex -0.133 -0.0252029 0.0211477
 vertex -0.133 -0.0211477 0.0252029
 vertex 0.209 -0.0211477 0.0252029
 endloop
endfacet
facet normal 0 0 0
 outer loop
 vertex -0.133 -0.0252029 0.0211477
 vertex 0.209 -0.0211477 0.0252029
 vertex 0.209 -0.0252029 0.0211477
 endloop
endfacet
facet normal 0 0 0
 outer loop
 vertex 0.209 -0.0248198 0.0208263
 vertex 0.209 -0.0208263 0.0248198
 vertex -0.133 -0.0208263 0.0248198
 endloop
endfacet
facet normal 0 0 0
 outer loop
 vertex 0.209 -0.0248198 0.0208263
 vertex -0.133 -0.0208263 0.0248198
 vertex -0.133 -0.0248198 0.0208263
 endloop
endfacet
facet normal 0 0 0
 outer loop
 vertex -0.133 -0.0211477 0.0252029
 vertex -0.133 -0.01645 0.0284922
 vertex 0.209 -0.01645 0.0284922
 endloop
endfacet
facet normal 0 0 0
 outer loop
 vertex -0.133 -0.0211477 0.0252029
 vertex 0.209 -0.01645 0.0284922
 vertex 0.209 -0.0211477 0.0252029
 endloop
endfacet
facet normal 0 0 0
 outer loop
 vertex 0.209 -0.0208263 0.0248198
 vertex 0.209 -0.0162 0.0280592
 vertex -0.133 -0.0162 0.0280592
 endloop
endfacet
facet normal 0 0 0
 outer loop
 vertex 0.209 -0.0208263 0.0248198
 vertex -0.133 -0.0162 0.0280592
 vertex -0.133 -0.0208263 0.0248198
 endloop
endfacet
facet normal 0 0 0
 outer loop
 vertex -0.133 -0.01645 0.0284922
 vertex -0.133 -0.0112525 0.0309159
 vertex 0.209 -0.0112525 0.0309159
 endloop
endfacet
facet normal 0 0 0
 outer loop
 vertex -0.133 -0.01645 0.0284922
 vertex 0.209 -0.0112525 0.0309159
 vertex 0.209 -0.01645 0.0284922
 endloop
endfacet
facet normal 0 0 0
 outer loop
 vertex 0.209 -0.0162 0.0280592
 vertex 0.209 -0.0110815 0.030446
 vertex -0.133 -0.0110815 0.030446
 endloop
endfacet
facet normal 0 0 0
 outer loop
 vertex 0.209 -0.0162 0.0280592
 vertex -0.133 -0.0110815 0.030446
 vertex -0.133 -0.0162 0.0280592
 endloop
endfacet
facet normal 0 0 0
 outer loop
 vertex -0.133 -0.0112525 0.0309159
 vertex -0.133 -0.00571302 0.0324002
 vertex 0.209 -0.00571302 0.0324002
 endloop
endfacet
facet normal 0 0 0
 outer loop
 vertex -0.133 -0.0112525 0.0309159
 vertex 0.209 -0.00571302 0.0324002
 vertex 0.209 -0.0112525 0.0309159
 endloop
endfacet
facet normal 0 0 0
 outer loop
 vertex 0.209 -0.0110815 0.030446
 vertex 0.209 -0.00562619 0.0319078
 vertex -0.133 -0.00562619 0.0319078
 endloop
endfacet
facet normal 0 0 0
 outer loop
 vertex 0.209 -0.0110815 0.030446
 vertex -0.133 -0.00562619 0.0319078
 vertex -0.133 -0.0110815 0.030446
 endloop
endfacet
facet normal 0 0 0
 outer loop
 vertex -0.133 -0.00571302 0.0324002
 vertex -0.133 5.75242e-09 0.0329
 vertex 0.209 5.75242e-09 0.0329
 endloop
endfacet
facet normal 0 0 0
 outer loop
 vertex -0.133 -0.00571302 0.0324002
 vertex 0.209 5.75242e-09 0.0329
 vertex 0.209 -0.00571302 0.0324002
 endloop
endfacet
facet normal 0 0 0
 outer loop
 vertex 0.209 -0.00562619 0.0319078
 vertex 0.209 5.665e-09 0.0324
 vertex -0.133 5.665e-09 0.0324
 endloop
endfacet
facet normal 0 0 0
 outer loop
 vertex 0.209 -0.00562619 0.0319078
 vertex -0.133 5.665e-09 0.0324
 vertex -0.133 -0.00562619 0.0319078
 endloop
endfacet
facet normal 0 0 0
 outer loop
 vertex -0.133 0 0.0324
 vertex -0.133 0.0056262 0.0319078
 vertex -0.133 0.00571302 0.0324002
 endloop
endfacet
facet normal 0 0 0
 outer loop
 vertex -0.133 0 0.0324
 vertex -0.133 0.00571302 0.0324002
 vertex -0.133 0 0.0329
 endloop
endfacet
facet normal 0 0 0
 outer loop
 vertex 0.209 0 0.0324
 vertex 0.209 0 0.0329
 vertex 0.209 0.00571302 0.0324002
 endloop
endfacet
facet normal 0 0 0
 outer loop
 vertex 0.209 0 0.0324
 vertex 0.209 0.00571302 0.0324002
 vertex 0.209 0.0056262 0.0319078
 endloop
endfacet
facet normal 0 0 0
 outer loop
 vertex -0.133 0.0056262 0.0319078
 vertex -0.133 0.0110815 0.030446
 vertex -0.133 0.0112525 0.0309159
 endloop
endfacet
facet normal 0 0 0
 outer loop
 vertex -0.133 0.0056262 0.0319078
 vertex -0.133 0.0112525 0.0309159
 vertex -0.133 0.00571302 0.0324002
 endloop
endfacet
facet normal 0 0 0
 outer loop
 vertex 0.209 0.0056262 0.0319078
 vertex 0.209 0.00571302 0.0324002
 vertex 0.209 0.0112525 0.0309159
 endloop
endfacet
facet normal 0 0 0
 outer loop
 vertex 0.209 0.0056262 0.0319078
 vertex 0.209 0.0112525 0.0309159
 vertex 0.209 0.0110815 0.030446
 endloop
endfacet
facet normal 0 0 0
 outer loop
 vertex -0.133 0.0110815 0.030446
 vertex -0.133 0.0162 0.0280592
 vertex -0.133 0.01645 0.0284922
 endloop
endfacet
facet normal 0 0 0
 outer loop
 vertex -0.133 0.0110815 0.030446
 vertex -0.133 0.01645 0.0284922
 vertex -0.133 0.0112525 0.0309159
 endloop
endfacet
facet normal 0 0 0
 outer loop
 vertex 0.209 0.0110815 0.030446
 vertex 0.209 0.0112525 0.0309159
 vertex 0.209 0.01645 0.0284922
 endloop
endfacet
facet normal 0 0 0
 outer loop
 vertex 0.209 0.0110815 0.030446
 vertex 0.209 0.01645 0.0284922
 vertex 0.209 0.0162 0.0280592
 endloop
endfacet
facet normal 0 0 0
 outer loop
 vertex -0.133 0.0162 0.0280592
 vertex -0.133 0.0208263 0.0248198
 vertex -0.133 0.0211477 0.0252029
 endloop
endfacet
facet normal 0 0 0
 outer loop
 vertex -0.133 0.0162 0.0280592
 vertex -0.133 0.0211477 0.0252029
 vertex -0.133 0.01645 0.0284922
 endloop
endfacet
facet normal 0 0 0
 outer loop
 vertex 0.209 0.0162 0.0280592
 vertex 0.209 0.01645 0.0284922
 vertex 0.209 0.0211477 0.0252029
 endloop
endfacet
facet normal 0 0 0
 outer loop
 vertex 0.209 0.0162 0.0280592
 vertex 0.209 0.0211477 0.0252029
 vertex 0.209 0.0208263 0.0248198
 endloop
endfacet
facet normal 0 0 0
 outer loop
 vertex -0.133 0.0208263 0.0248198
 vertex -0.133 0.0248198 0.0208263
 vertex -0.133 0.0252029 0.0211477
 endloop
endfacet
facet normal 0 0 0
 outer loop
 vertex -0.133 0.0208263 0.0248198
 vertex -0.133 0.0252029 0.0211477
 vertex -0.133 0.0211477 0.0252029
 endloop
endfacet
facet normal 0 0 0
 outer loop
 vertex 0.209 0.0208263 0.0248198
 vertex 0.209 0.0211477 0.0252029
 vertex 0.209 0.0252029 0.0211477
 endloop
endfacet
facet normal 0 0 0
 outer loop
 vertex 0.209 0.0208263 0.0248198
 vertex 0.209 0.0252029 0.0211477
 vertex 0.209 0.0248198 0.0208263
 endloop
endfacet
facet normal 0 0 0
 outer loop
 vertex -0.133 0.0248198 0.0208263
 vertex -0.133 0.0280592 0.0162
 vertex -0.133 0.0284922 0.01645
 endloop
endfacet
facet normal 0 0 0
 outer loop
 vertex -0.133 0.0248198 0.0208263
 vertex -0.133 0.0284922 0.01645
 vertex -0.133 0.0252029 0.0211477
 endloop
endfacet
facet normal 0 0 0
 outer loop
 vertex 0.209 0.0248198 0.0208263
 vertex 0.209 0.0252029 0.0211477
 vertex 0.209 0.0284922 0.01645
 endloop
endfacet
facet normal 0 0 0
 outer loop
 vertex 0.209 0.0248198 0.0208263
 vertex 0.209 0.0284922 0.01645
 vertex 0.209 0.0280592 0.0162
 endloop
endfacet
facet normal 0 0 0
 outer loop
 vertex -0.133 0.0280592 0.0162
 vertex -0.133 0.030446 0.0110815
 vertex -0.133 0.0309159 0.0112525
 endloop
endfacet
facet normal 0 0 0
 outer loop
 vertex -0.133 0.0280592 0.0162
 vertex -0.133 0.0309159 0.0112525
 vertex -0.133 0.0284922 0.01645
 endloop
endfacet
facet normal 0 0 0
 outer loop
 vertex 0.209 0.0280592 0.0162
 vertex 0.209 0.0284922 0.01645
 vertex 0.209 0.0309159 0.0112525
 endloop
endfacet
facet normal 0 0 0
 outer loop
 vertex 0.209 0.0280592 0.0162
 vertex 0.209 0.0309159 0.0112525
 vertex 0.209 0.030446 0.0110815
 endloop
endfacet
facet normal 0 0 0
 outer loop
 vertex -0.133 0.030446 0.0110815
 vertex -0.133 0.0319078 0.0056262
 vertex -0.133 0.0324002 0.00571303
 endloop
endfacet
facet normal 0 0 0
 outer loop
 vertex -0.133 0.030446 0.0110815
 vertex -0.133 0.0324002 0.00571303
 vertex -0.133 0.0309159 0.0112525
 endloop
endfacet
facet normal 0 0 0
 outer loop
 vertex 0.209 0.030446 0.0110815
 vertex 0.209 0.0309159 0.0112525
 vertex 0.209 0.0324002 0.00571303
 endloop
endfacet
facet normal 0 0 0
 outer loop
 vertex 0.209 0.030446 0.0110815
 vertex 0.209 0.0324002 0.00571303
 vertex 0.209 0.0319078 0.0056262
 endloop
endfacet
facet normal 0 0 0
 outer loop
 vertex -0.133 0.0319078 0.0056262
 vertex -0.133 0.0324 -1.41625e-09
 vertex -0.133 0.0329 -1.4381e-09
 endloop
endfacet
facet normal 0 0 0
 outer loop
 vertex -0.133 0.0319078 0.0056262
 vertex -0.133 0.0329 -1.4381e-09
 vertex -0.133 0.0324002 0.00571303
 endloop
endfacet
facet normal 0 0 0
 outer loop
 vertex 0.209 0.0319078 0.0056262
 vertex 0.209 0.0324002 0.00571303
 vertex 0.209 0.0329 -1.4381e-09
 endloop
endfacet
facet normal 0 0 0
 outer loop
 vertex 0.209 0.0319078 0.0056262
 vertex 0.209 0.0329 -1.4381e-09
 vertex 0.209 0.0324 -1.41625e-09
 endloop
endfacet
facet normal 0 0 0
 outer loop
 vertex -0.133 0.0324 -1.41625e-09
 vertex -0.133 0.0319078 -0.0056262
 vertex -0.133 0.0324002 -0.00571303
 endloop
endfacet
facet normal 0 0 0
 outer loop
 vertex -0.133 0.0324 -1.41625e-09
 vertex -0.133 0.0324002 -0.00571303
 vertex -0.133 0.0329 -1.4381e-09
 endloop
endfacet
facet normal 0 0 0
 outer loop
 vertex 0.209 0.0324 -1.41625e-09
 vertex 0.209 0.0329 -1.4381e-09
 vertex 0.209 0.0324002 -0.00571303
 endloop
endfacet
facet normal 0 0 0
 outer loop
 vertex 0.209 0.0324 -1.41625e-09
 vertex 0.209 0.0324002 -0.00571303
 vertex 0.209 0.0319078 -0.0056262
 endloop
endfacet
facet normal 0 0 0
 outer loop
 vertex -0.133 0.0319078 -0.0056262
 vertex -0.133 0.030446 -0.0110815
 vertex -0.133 0.0309159 -0.0112525
 endloop
endfacet
facet normal 0 0 0
 outer loop
 vertex -0.133 0.0319078 -0.0056262
 vertex -0.133 0.0309159 -0.0112525
 vertex -0.133 0.0324002 -0.00571303
 endloop
endfacet
facet normal 0 0 0
 outer loop
 vertex 0.209 0.0319078 -0.0056262
 vertex 0.209 0.0324002 -0.00571303
 vertex 0.209 0.0309159 -0.0112525
 endloop
endfacet
facet normal 0 0 0
 outer loop
 vertex 0.209 0.0319078 -0.0056262
 vertex 0.209 0.0309159 -0.0112525
 vertex 0.209 0.030446 -0.0110815
 endloop
endfacet
facet normal 0 0 0
 outer loop
 vertex -0.133 0.030446 -0.0110815
 vertex -0.133 0.0280592 -0.0162
 vertex -0.133 0.0284922 -0.01645
 endloop
endfacet
facet normal 0 0 0
 outer loop
 vertex -0.133 0.030446 -0.0110815
 vertex -0.133 0.0284922 -0.01645
 vertex -0.133 0.0309159 -0.0112525
 endloop
endfacet
facet normal 0 0 0
 outer loop
 vertex 0.209 0.030446 -0.0110815
 vertex 0.209 0.0309159 -0.0112525
 vertex 0.209 0.0284922 -0.01645
 endloop
endfacet
facet normal 0 0 0
 outer loop
 vertex 0.209 0.030446 -0.0110815
 vertex 0.209 0.0284922 -0.01645
 vertex 0.209 0.0280592 -0.0162
 endloop
endfacet
facet normal 0 0 0
 outer loop
 vertex -0.133 0.0280592 -0.0162
 vertex -0.133 0.0248198 -0.0208263
 vertex -0.133 0.0252029 -0.0211477
 endloop
endfacet
facet normal 0 0 0
 outer loop
 vertex -0.133 0.0280592 -0.0162
 vertex -0.133 0.0252029 -0.0211477
 vertex -0.133 0.0284922 -0.01645
 endloop
endfacet
facet normal 0 0 0
 outer loop
 vertex 0.209 0.0280592 -0.0162
 vertex 0.209 0.0284922 -0.01645
 vertex 0.209 0.0252029 -0.0211477
 endloop
endfacet
facet normal 0 0 0
 outer loop
 vertex 0.209 0.0280592 -0.0162
 vertex 0.209 0.0252029 -0.0211477
 vertex 0.209 0.0248198 -0.0208263
 endloop
endfacet
facet normal 0 0 0
 outer loop
 vertex -0.133 0.0248198 -0.0208263
 vertex -0.133 0.0208263 -0.0248198
 vertex -0.133 0.0211477 -0.0252029
 endloop
endfacet
facet normal 0 0 0
 outer loop
 vertex -0.133 0.0248198 -0.0208263
 vertex -0.133 0.0211477 -0.0252029
 vertex -0.133 0.0252029 -0.0211477
 endloop
endfacet
facet normal 0 0 0
 outer loop
 vertex 0.209 0.0248198 -0.0208263
 vertex 0.209 0.0252029 -0.0211477
 vertex 0.209 0.0211477 -0.0252029
 endloop
endfacet
facet normal 0 0 0
 outer loop
 vertex 0.209 0.0248198 -0.0208263
 vertex 0.209 0.0211477 -0.0252029
 vertex 0.209 0.0208263 -0.0248198
 endloop
endfacet
facet normal 0 0 0
 outer loop
 vertex -0.133 0.0208263 -0.0248198
 vertex -0.133 0.0162 -0.0280592
 vertex -0.133 0.01645 -0.0284922
 endloop
endfacet
facet normal 0 0 0
 outer loop
 vertex -0.133 0.0208263 -0.0248198
 vertex -0.133 0.01645 -0.0284922
 vertex -0.133 0.0211477 -0.0252029
 endloop
endfacet
facet normal 0 0 0
 outer loop
 vertex 0.209 0.0208263 -0.0248198
 vertex 0.209 0.0211477 -0.0252029
 vertex 0.209 0.01645 -0.0284922
 endloop
endfacet
facet normal 0 0 0
 outer loop
 vertex 0.209 0.0208263 -0.0248198
 vertex 0.209 0.01645 -0.0284922
 vertex 0.209 0.0162 -0.0280592
 endloop
endfacet
facet normal 0 0 0
 outer loop
 vertex -0.133 0.0162 -0.0280592
 vertex -0.133 0.0110815 -0.030446
 vertex -0.133 0.0112525 -0.0309159
 endloop
endfacet
facet normal 0 0 0
 outer loop
 vertex -0.133 0.0162 -0.0280592
 vertex -0.133 0.0112525 -0.0309159
 vertex -0.133 0.01645 -0.0284922
 endloop
endfacet
facet normal 0 0 0
 outer loop
 vertex 0.209 0.0162 -0.0280592
 vertex 0.209 0.01645 -0.0284922
 vertex 0.209 0.0112525 -0.0309159
 endloop
endfacet
facet normal 0 0 0
 outer loop
 vertex 0.209 0.0162 -0.0280592
 vertex 0.209 0.0112525 -0.0309159
 vertex 0.209 0.0110815 -0.030446
 endloop
endfacet
facet normal 0 0 0
 outer loop
 vertex -0.133 0.0110815 -0.030446
 vertex -0.133 0.0056262 -0.0319078
 vertex -0.133 0.00571303 -0.0324002
 endloop
endfacet
facet normal 0 0 0
 outer loop
 vertex -0.133 0.0110815 -0.030446
 vertex -0.133 0.00571303 -0.0324002
 vertex -0.133 0.0112525 -0.0309159
 endloop
endfacet
facet normal 0 0 0
 outer loop
 vertex 0.209 0.0110815 -0.030446
 vertex 0.209 0.0112525 -0.0309159
 vertex 0.209 0.00571303 -0.0324002
 endloop
endfacet
facet normal 0 0 0
 outer loop
 vertex 0.209 0.0110815 -0.030446
 vertex 0.209 0.00571303 -0.0324002
 vertex 0.209 0.0056262 -0.0319078
 endloop
endfacet
facet normal 0 0 0
 outer loop
 vertex -0.133 0.0056262 -0.0319078
 vertex -0.133 -2.8325e-09 -0.0324
 vertex -0.133 -2.87621e-09 -0.0329
 endloop
endfacet
facet normal 0 0 0
 outer loop
 vertex -0.133 0.0056262 -0.0319078
 vertex -0.133 -2.87621e-09 -0.0329
 vertex -0.133 0.00571303 -0.0324002
 endloop
endfacet
facet normal 0 0 0
 outer loop
 vertex 0.209 0.0056262 -0.0319078
 vertex 0.209 0.00571303 -0.0324002
 vertex 0.209 -2.87621e-09 -0.0329
 endloop
endfacet
facet normal 0 0 0
 outer loop
 vertex 0.209 0.0056262 -0.0319078
 vertex 0.209 -2.87621e-09 -0.0329
 vertex 0.209 -2.8325e-09 -0.0324
 endloop
endfacet
facet normal 0 0 0
 outer loop
 vertex -0.133 -2.8325e-09 -0.0324
 vertex -0.133 -0.0056262 -0.0319078
 vertex -0.133 -0.00571303 -0.0324002
 endloop
endfacet
facet normal 0 0 0
 outer loop
 vertex -0.133 -2.8325e-09 -0.0324
 vertex -0.133 -0.00571303 -0.0324002
 vertex -0.133 -2.87621e-09 -0.0329
 endloop
endfacet
facet normal 0 0 0
 outer loop
 vertex 0.209 -2.8325e-09 -0.0324
 vertex 0.209 -2.87621e-09 -0.0329
 vertex 0.209 -0.00571303 -0.0324002
 endloop
endfacet
facet normal 0 0 0
 outer loop
 vertex 0.209 -2.8325e-09 -0.0324
 vertex 0.209 -0.00571303 -0.0324002
 vertex 0.209 -0.0056262 -0.0319078
 endloop
endfacet
facet normal 0 0 0
 outer loop
 vertex -0.133 -0.0056262 -0.0319078
 vertex -0.133 -0.0110815 -0.030446
 vertex -0.133 -0.0112525 -0.0309159
 endloop
endfacet
facet normal 0 0 0
 outer loop
 vertex -0.133 -0.0056262 -0.0319078
 vertex -0.133 -0.0112525 -0.0309159
 vertex -0.133 -0.00571303 -0.0324002
 endloop
endfacet
facet normal 0 0 0
 outer loop
 vertex 0.209 -0.0056262 -0.0319078
 vertex 0.209 -0.00571303 -0.0324002
 vertex 0.209 -0.0112525 -0.0309159
 endloop
endfacet
facet normal 0 0 0
 outer loop
 vertex 0.209 -0.0056262 -0.0319078
 vertex 0.209 -0.0112525 -0.0309159
 vertex 0.209 -0.0110815 -0.030446
 endloop
endfacet
facet normal 0 0 0
 outer loop
 vertex -0.133 -0.0110815 -0.030446
 vertex -0.133 -0.0162 -0.0280592
 vertex -0.133 -0.01645 -0.0284922
 endloop
endfacet
facet normal 0 0 0
 outer loop
 vertex -0.133 -0.0110815 -0.030446
 vertex -0.133 -0.01645 -0.0284922
 vertex -0.133 -0.0112525 -0.0309159
 endloop
endfacet
facet normal 0 0 0
 outer loop
 vertex 0.209 -0.0110815 -0.030446
 vertex 0.209 -0.0112525 -0.0309159
 vertex 0.209 -0.01645 -0.0284922
 endloop
endfacet
facet normal 0 0 0
 outer loop
 vertex 0.209 -0.0110815 -0.030446
 vertex 0.209 -0.01645 -0.0284922
 vertex 0.209 -0.0162 -0.0280592
 endloop
endfacet
facet normal 0 0 0
 outer loop
 vertex -0.133 -0.0162 -0.0280592
 vertex -0.133 -0.0208263 -0.0248198
 vertex -0.133 -0.0211477 -0.0252029
 endloop
endfacet
facet normal 0 0 0
 outer loop
 vertex -0.133 -0.0162 -0.0280592
 vertex -0.133 -0.0211477 -0.0252029
 vertex -0.133 -0.01645 -0.0284922
 endloop
endfacet
facet normal 0 0 0
 outer loop
 vertex 0.209 -0.0162 -0.0280592
 vertex 0.209 -0.01645 -0.0284922
 vertex 0.209 -0.0211477 -0.0252029
 endloop
endfacet
facet normal 0 0 0
 outer loop
 vertex 0.209 -0.0162 -0.0280592
 vertex 0.209 -0.0211477 -0.0252029
 vertex 0.209 -0.0208263 -0.0248198
 endloop
endfacet
facet normal 0 0 0
 outer loop
 vertex -0.133 -0.0208263 -0.0248198
 vertex -0.133 -0.0248198 -0.0208263
 vertex -0.133 -0.0252029 -0.0211477
 endloop
endfacet
facet normal 0 0 0
 outer loop
 vertex -0.133 -0.0208263 -0.0248198
 vertex -0.133 -0.0252029 -0.0211477
 vertex -0.133 -0.0211477 -0.0252029
 endloop
endfacet
facet normal 0 0 0
 outer loop
 vertex 0.209 -0.0208263 -0.0248198
 vertex 0.209 -0.0211477 -0.0252029
 vertex 0.209 -0.0252029 -0.0211477
 endloop
endfacet
facet normal 0 0 0
 outer loop
 vertex 0.209 -0.0208263 -0.0248198
 vertex 0.209 -0.0252029 -0.0211477
 vertex 0.209 -0.0248198 -0.0208263
 endloop
endfacet
facet normal 0 0 0
 outer loop
 vertex -0.133 -0.0248198 -0.0208263
 vertex -0.133 -0.0280592 -0.0162
 vertex -0.133 -0.0284922 -0.01645
 endloop
endfacet
facet normal 0 0 0
 outer loop
 vertex -0.133 -0.0248198 -0.0208263
 vertex -0.133 -0.0284922 -0.01645
 vertex -0.133 -0.0252029 -0.0211477
 endloop
endfacet
facet normal 0 0 0
 outer loop
 vertex 0.209 -0.0248198 -0.0208263
 vertex 0.209 -0.0252029 -0.0211477
 vertex 0.209 -0.0284922 -0.01645
 endloop
endfacet
facet normal 0 0 0
 outer loop
 vertex 0.209 -0.0248198 -0.0208263
 vertex 0.209 -0.0284922 -0.01645
 vertex 0.209 -0.0280592 -0.0162
 endloop
endfacet
facet normal 0 0 0
 outer loop
 vertex -0.133 -0.0280592 -0.0162
 vertex -0.133 -0.030446 -0.0110815
 vertex -0.133 -0.0309159 -0.0112525
 endloop
endfacet
facet normal 0 0 0
 outer loop
 vertex -0.133 -0.0280592 -0.0162
 vertex -0.133 -0.0309159 -0.0112525
 vertex -0.133 -0.0284922 -0.01645
 endloop
endfacet
facet normal 0 0 0
 outer loop
 vertex 0.209 -0.0280592 -0.0162
 vertex 0.209 -0.0284922 -0.01645
 vertex 0.209 -0.0309159 -0.0112525
 endloop
endfacet
facet normal 0 0 0
 outer loop
 vertex 0.209 -0.0280592 -0.0162
 vertex 0.209 -0.0309159 -0.0112525
 vertex 0.209 -0.030446 -0.0110815
 endloop
endfacet
facet normal 0 0 0
 outer loop
 vertex -0.133 -0.030446 -0.0110815
 vertex -0.133 -0.0319078 -0.0056262
 vertex -0.133 -0.0324002 -0.00571302
 endloop
endfacet
facet normal 0 0 0
 outer loop
 vertex -0.133 -0.030446 -0.0110815
 vertex -0.133 -0.0324002 -0.00571302
 vertex -0.133 -0.0309159 -0.0112525
 endloop
endfacet
facet normal 0 0 0
 outer loop
 vertex 0.209 -0.030446 -0.0110815
 vertex 0.209 -0.0309159 -0.0112525
 vertex 0.209 -0.0324002 -0.00571302
 endloop
endfacet
facet normal 0 0 0
 outer loop
 vertex 0.209 -0.030446 -0.0110815
 vertex 0.209 -0.0324002 -0.00571302
 vertex 0.209 -0.0319078 -0.0056262
 endloop
endfacet
facet normal 0 0 0
 outer loop
 vertex -0.133 -0.0319078 -0.0056262
 vertex -0.133 -0.0324 3.86366e-10
 vertex -0.133 -0.0329 3.92329e-10
 endloop
endfacet
facet normal 0 0 0
 outer loop
 vertex -0.133 -0.0319078 -0.0056262
 vertex -0.133 -0.0329 3.92329e-10
 vertex -0.133 -0.0324002 -0.00571302
 endloop
endfacet
facet normal 0 0 0
 outer loop
 vertex 0.209 -0.0319078 -0.0056262
 vertex 0.209 -0.0324002 -0.00571302
 vertex 0.209 -0.0329 3.92329e-10
 endloop
endfacet
facet normal 0 0 0
 outer loop
 vertex 0.209 -0.0319078 -0.0056262
 vertex 0.209 -0.0329 3.92329e-10
 vertex 0.209 -0.0324 3.86366e-10
 endloop
endfacet
facet normal 0 0 0
 outer loop
 vertex -0.133 -0.0324 3.86366e-10
 vertex -0.133 -0.0319078 0.0056262
 vertex -0.133 -0.0324002 0.00571302
 endloop
endfacet
facet normal 0 0 0
 outer loop
 vertex -0.133 -0.0324 3.86366e-10
 vertex -0.133 -0.0324002 0.00571302
 vertex -0.133 -0.0329 3.92329e-10
 endloop
endfacet
facet normal 0 0 0
 outer loop
 vertex 0.209 -0.0324 3.86366e-10
 vertex 0.209 -0.0329 3.92329e-10
 vertex 0.209 -0.0324002 0.00571302
 endloop
endfacet
facet normal 0 0 0
 outer loop
 vertex 0.209 -0.0324 3.86366e-10
 vertex 0.209 -0.0324002 0.00571302
 vertex 0.209 -0.0319078 0.0056262
 endloop
endfacet
facet normal 0 0 0
 outer loop
 vertex -0.133 -0.0319078 0.0056262
 vertex -0.133 -0.030446 0.0110815
 vertex -0.133 -0.0309159 0.0112525
 endloop
endfacet
facet normal 0 0 0
 outer loop
 vertex -0.133 -0.0319078 0.0056262
 vertex -0.133 -0.0309159 0.0112525
 vertex -0.133 -0.0324002 0.00571302
 endloop
endfacet
facet normal 0 0 0
 outer loop
 vertex 0.209 -0.0319078 0.0056262
 vertex 0.209 -0.0324002 0.00571302
 vertex 0.209 -0.0309159 0.0112525
 endloop
endfacet
facet normal 0 0 0
 outer loop
 vertex 0.209 -0.0319078 0.0056262
 vertex 0.209 -0.0309159 0.0112525
 vertex 0.209 -0.030446 0.0110815
 endloop
endfacet
facet normal 0 0 0
 outer loop
 vertex -0.133 -0.030446 0.0110815
 vertex -0.133 -0.0280592 0.0162
 vertex -0.133 -0.0284922 0.01645
 endloop
endfacet
facet normal 0 0 0
 outer loop
 vertex -0.133 -0.030446 0.0110815
 vertex -0.133 -0.0284922 0.01645
 vertex -0.133 -0.0309159 0.0112525
 endloop
endfacet
facet normal 0 0 0
 outer loop
 vertex 0.209 -0.030446 0.0110815
 vertex 0.209 -0.0309159 0.0112525
 vertex 0.209 -0.0284922 0.01645
 endloop
endfacet
facet normal 0 0 0
 outer loop
 vertex 0.209 -0.030446 0.0110815
 vertex 0.209 -0.0284922 0.01645
 vertex 0.209 -0.0280592 0.0162
 endloop
endfacet
facet normal 0 0 0
 outer loop
 vertex -0.133 -0.0280592 0.0162
 vertex -0.133 -0.0248198 0.0208263
 vertex -0.133 -0.0252029 0.0211477
 endloop
endfacet
facet normal 0 0 0
 outer loop
 vertex -0.133 -0.0280592 0.0162
 vertex -0.133 -0.0252029 0.0211477
 vertex -0.133 -0.0284922 0.01645
 endloop
endfacet
facet normal 0 0 0
 outer loop
 vertex 0.209 -0.0280592 0.0162
 vertex 0.209 -0.0284922 0.01645
 vertex 0.209 -0.0252029 0.0211477
 endloop
endfacet
facet normal 0 0 0
 outer loop
 vertex 0.209 -0.0280592 0.0162
 vertex 0.209 -0.0252029 0.0211477
 vertex 0.209 -0.0248198 0.0208263
 endloop
endfacet
facet normal 0 0 0
 outer loop
 vertex -0.133 -0.0248198 0.0208263
 vertex -0.133 -0.0208263 0.0248198
 vertex -0.133 -0.0211477 0.0252029
 endloop
endfacet
facet normal 0 0 0
 outer loop
 vertex -0.133 -0.0248198 0.0208263
 vertex -0.133 -0.0211477 0.0252029
 vertex -0.133 -0.0252029 0.0211477
 endloop
endfacet
facet normal 0 0 0
 outer loop
 vertex 0.209 -0.0248198 0.0208263
 vertex 0.209 -0.0252029 0.0211477
 vertex 0.209 -0.0211477 0.0252029
 endloop
endfacet
facet normal 0 0 0
 outer loop
 vertex 0.209 -0.0248198 0.0208263
 vertex 0.209 -0.0211477 0.0252029
 vertex 0.209 -0.0208263 0.0248198
 endloop
endfacet
facet normal 0 0 0
 outer loop
 vertex -0.133 -0.0208263 0.0248198
 vertex -0.133 -0.0162 0.0280592
 vertex -0.133 -0.01645 0.0284922
 endloop
endfacet
facet normal 0 0 0
 outer loop
 vertex -0.133 -0.0208263 0.0248198
 vertex -0.133 -0.01645 0.0284922
 vertex -0.133 -0.0211477 0.0252029
 endloop
endfacet
facet normal 0 0 0
 outer loop
 vertex 0.209 -0.0208263 0.0248198
 vertex 0.209 -0.0211477 0.0252029
 vertex 0.209 -0.01645 0.0284922
 endloop
endfacet
facet normal 0 0 0
 outer loop
 vertex 0.209 -0.0208263 0.0248198
 vertex 0.209 -0.01645 0.0284922
 vertex 0.209 -0.0162 0.0280592
 endloop
endfacet
facet normal 0 0 0
 outer loop
 vertex -0.133 -0.0162 0.0280592
 vertex -0.133 -0.0110815 0.030446
 vertex -0.133 -0.0112525 0.0309159
 endloop
endfacet
facet normal 0 0 0
 outer loop
 vertex -0.133 -0.0162 0.0280592
 vertex -0.133 -0.0112525 0.0309159
 vertex -0.133 -0.01645 0.0284922
 endloop
endfacet
facet normal 0 0 0
 outer loop
 vertex 0.209 -0.0162 0.0280592
 vertex 0.209 -0.01645 0.0284922
 vertex 0.209 -0.0112525 0.0309159
 endloop
endfacet
facet normal 0 0 0
 outer loop
 vertex 0.209 -0.0162 0.0280592
 vertex 0.209 -0.0112525 0.0309159
 vertex 0.209 -0.0110815 0.030446
 endloop
endfacet
facet normal 0 0 0
 outer loop
 vertex -0.133 -0.0110815 0.030446
 vertex -0.133 -0.00562619 0.0319078
 vertex -0.133 -0.00571302 0.0324002
 endloop
endfacet
facet normal 0 0 0
 outer loop
 vertex -0.133 -0.0110815 0.030446
 vertex -0.133 -0.00571302 0.0324002
 vertex -0.133 -0.0112525 0.0309159
 endloop
endfacet
facet normal 0 0 0
 outer loop
 vertex 0.209 -0.0110815 0.030446
 vertex 0.209 -0.0112525 0.0309159
 vertex 0.209 -0.00571302 0.0324002
 endloop
endfacet
facet normal 0 0 0
 outer loop
 vertex 0.209 -0.0110815 0.030446
 vertex 0.209 -0.00571302 0.0324002
 vertex 0.209 -0.00562619 0.0319078
 endloop
endfacet
facet normal 0 0 0
 outer loop
 vertex -0.133 -0.00562619 0.0319078
 vertex -0.133 5.665e-09 0.0324
 vertex -0.133 5.75242e-09 0.0329
 endloop
endfacet
facet normal 0 0 0
 outer loop
 vertex -0.133 -0.00562619 0.0319078
 vertex -0.133 5.75242e-09 0.0329
 vertex -0.133 -0.00571302 0.0324002
 endloop
endfacet
facet normal 0 0 0
 outer loop
 vertex 0.209 -0.00562619 0.0319078
 vertex 0.209 -0.00571302 0.0324002
 vertex 0.209 5.75242e-09 0.0329
 endloop
endfacet
facet normal 0 0 0
 outer loop
 vertex 0.209 -0.00562619 0.0319078
 vertex 0.209 5.75242e-09 0.0329
 vertex 0.209 5.665e-09 0.0324
 endloop
endfacet
facet normal 0 0 0
 outer loop
 vertex -0.133 0 0.0332
 vertex -0.133 0.00576512 0.0326956
 vertex 0.209 0.00576512 0.0326956
 endloop
endfacet
facet normal 0 0 0
 outer loop
 vertex -0.133 0 0.0332
 vertex 0.209 0.00576512 0.0326956
 vertex 0.209 0 0.0332
 endloop
endfacet
facet normal 0 0 0
 outer loop
 vertex 0.209 0 0.0327
 vertex 0.209 0.0056783 0.0322032
 vertex -0.133 0.0056783 0.0322032
 endloop
endfacet
facet normal 0 0 0
 outer loop
 vertex 0.209 0 0.0327
 vertex -0.133 0.0056783 0.0322032
 vertex -0.133 0 0.0327
 endloop
endfacet
facet normal 0 0 0
 outer loop
 vertex -0.133 0.00576512 0.0326956
 vertex -0.133 0.0113551 0.0311978
 vertex 0.209 0.0113551 0.0311978
 endloop
endfacet
facet normal 0 0 0
 outer loop
 vertex -0.133 0.00576512 0.0326956
 vertex 0.209 0.0113551 0.0311978
 vertex 0.209 0.00576512 0.0326956
 endloop
endfacet
facet normal 0 0 0
 outer loop
 vertex 0.209 0.0056783 0.0322032
 vertex 0.209 0.0111841 0.030728
 vertex -0.133 0.0111841 0.030728
 endloop
endfacet
facet normal 0 0 0
 outer loop
 vertex 0.209 0.0056783 0.0322032
 vertex -0.133 0.0111841 0.030728
 vertex -0.133 0.0056783 0.0322032
 endloop
endfacet
facet normal 0 0 0
 outer loop
 vertex -0.133 0.0113551 0.0311978
 vertex -0.133 0.0166 0.028752
 vertex 0.209 0.0166 0.028752
 endloop
endfacet
facet normal 0 0 0
 outer loop
 vertex -0.133 0.0113551 0.0311978
 vertex 0.209 0.0166 0.028752
 vertex 0.209 0.0113551 0.0311978
 endloop
endfacet
facet normal 0 0 0
 outer loop
 vertex 0.209 0.0111841 0.030728
 vertex 0.209 0.01635 0.028319
 vertex -0.133 0.01635 0.028319
 endloop
endfacet
facet normal 0 0 0
 outer loop
 vertex 0.209 0.0111841 0.030728
 vertex -0.133 0.01635 0.028319
 vertex -0.133 0.0111841 0.030728
 endloop
endfacet
facet normal 0 0 0
 outer loop
 vertex -0.133 0.0166 0.028752
 vertex -0.133 0.0213405 0.0254327
 vertex 0.209 0.0213405 0.0254327
 endloop
endfacet
facet normal 0 0 0
 outer loop
 vertex -0.133 0.0166 0.028752
 vertex 0.209 0.0213405 0.0254327
 vertex 0.209 0.0166 0.028752
 endloop
endfacet
facet normal 0 0 0
 outer loop
 vertex 0.209 0.01635 0.028319
 vertex 0.209 0.0210192 0.0250497
 vertex -0.133 0.0210192 0.0250497
 endloop
endfacet
facet normal 0 0 0
 outer loop
 vertex 0.209 0.01635 0.028319
 vertex -0.133 0.0210192 0.0250497
 vertex -0.133 0.01635 0.028319
 endloop
endfacet
facet normal 0 0 0
 outer loop
 vertex -0.133 0.0213405 0.0254327
 vertex -0.133 0.0254327 0.0213405
 vertex 0.209 0.0254327 0.0213405
 endloop
endfacet
facet normal 0 0 0
 outer loop
 vertex -0.133 0.0213405 0.0254327
 vertex 0.209 0.0254327 0.0213405
 vertex 0.209 0.0213405 0.0254327
 endloop
endfacet
facet normal 0 0 0
 outer loop
 vertex 0.209 0.0210192 0.0250497
 vertex 0.209 0.0250497 0.0210192
 vertex -0.133 0.0250497 0.0210192
 endloop
endfacet
facet normal 0 0 0
 outer loop
 vertex 0.209 0.0210192 0.0250497
 vertex -0.133 0.0250497 0.0210192
 vertex -0.133 0.0210192 0.0250497
 endloop
endfacet
facet normal 0 0 0
 outer loop
 vertex -0.133 0.0254327 0.0213405
 vertex -0.133 0.028752 0.0166
 vertex 0.209 0.028752 0.0166
 endloop
endfacet
facet normal 0 0 0
 outer loop
 vertex -0.133 0.0254327 0.0213405
 vertex 0.209 0.028752 0.0166
 vertex 0.209 0.0254327 0.0213405
 endloop
endfacet
facet normal 0 0 0
 outer loop
 vertex 0.209 0.0250497 0.0210192
 vertex 0.209 0.028319 0.01635
 vertex -0.133 0.028319 0.01635
 endloop
endfacet
facet normal 0 0 0
 outer loop
 vertex 0.209 0.0250497 0.0210192
 vertex -0.133 0.028319 0.01635
 vertex -0.133 0.0250497 0.0210192
 endloop
endfacet
facet normal 0 0 0
 outer loop
 vertex -0.133 0.028752 0.0166
 vertex -0.133 0.0311978 0.0113551
 vertex 0.209 0.0311978 0.0113551
 endloop
endfacet
facet normal 0 0 0
 outer loop
 vertex -0.133 0.028752 0.0166
 vertex 0.209 0.0311978 0.0113551
 vertex 0.209 0.028752 0.0166
 endloop
endfacet
facet normal 0 0 0
 outer loop
 vertex 0.209 0.028319 0.01635
 vertex 0.209 0.030728 0.0111841
 vertex -0.133 0.030728 0.0111841
 endloop
endfacet
facet normal 0 0 0
 outer loop
 vertex 0.209 0.028319 0.01635
 vertex -0.133 0.030728 0.0111841
 vertex -0.133 0.028319 0.01635
 endloop
endfacet
facet normal 0 0 0
 outer loop
 vertex -0.133 0.0311978 0.0113551
 vertex -0.133 0.0326956 0.00576512
 vertex 0.209 0.0326956 0.00576512
 endloop
endfacet
facet normal 0 0 0
 outer loop
 vertex -0.133 0.0311978 0.0113551
 vertex 0.209 0.0326956 0.00576512
 vertex 0.209 0.0311978 0.0113551
 endloop
endfacet
facet normal 0 0 0
 outer loop
 vertex 0.209 0.030728 0.0111841
 vertex 0.209 0.0322032 0.0056783
 vertex -0.133 0.0322032 0.0056783
 endloop
endfacet
facet normal 0 0 0
 outer loop
 vertex 0.209 0.030728 0.0111841
 vertex -0.133 0.0322032 0.0056783
 vertex -0.133 0.030728 0.0111841
 endloop
endfacet
facet normal 0 0 0
 outer loop
 vertex -0.133 0.0326956 0.00576512
 vertex -0.133 0.0332 -1.45122e-09
 vertex 0.209 0.0332 -1.45122e-09
 endloop
endfacet
facet normal 0 0 0
 outer loop
 vertex -0.133 0.0326956 0.00576512
 vertex 0.209 0.0332 -1.45122e-09
 vertex 0.209 0.0326956 0.00576512
 endloop
endfacet
facet normal 0 0 0
 outer loop
 vertex 0.209 0.0322032 0.0056783
 vertex 0.209 0.0327 -1.42936e-09
 vertex -0.133 0.0327 -1.42936e-09
 endloop
endfacet
facet normal 0 0 0
 outer loop
 vertex 0.209 0.0322032 0.0056783
 vertex -0.133 0.0327 -1.42936e-09
 vertex -0.133 0.0322032 0.0056783
 endloop
endfacet
facet normal 0 0 0
 outer loop
 vertex -0.133 0.0332 -1.45122e-09
 vertex -0.133 0.0326956 -0.00576512
 vertex 0.209 0.0326956 -0.00576512
 endloop
endfacet
facet normal 0 0 0
 outer loop
 vertex -0.133 0.0332 -1.45122e-09
 vertex 0.209 0.0326956 -0.00576512
 vertex 0.209 0.0332 -1.45122e-09
 endloop
endfacet
facet normal 0 0 0
 outer loop
 vertex 0.209 0.0327 -1.42936e-09
 vertex 0.209 0.0322032 -0.0056783
 vertex -0.133 0.0322032 -0.0056783
 endloop
endfacet
facet normal 0 0 0
 outer loop
 vertex 0.209 0.0327 -1.42936e-09
 vertex -0.133 0.0322032 -0.0056783
 vertex -0.133 0.0327 -1.42936e-09
 endloop
endfacet
facet normal 0 0 0
 outer loop
 vertex -0.133 0.0326956 -0.00576512
 vertex -0.133 0.0311978 -0.0113551
 vertex 0.209 0.0311978 -0.0113551
 endloop
endfacet
facet normal 0 0 0
 outer loop
 vertex -0.133 0.0326956 -0.00576512
 vertex 0.209 0.0311978 -0.0113551
 vertex 0.209 0.0326956 -0.00576512
 endloop
endfacet
facet normal 0 0 0
 outer loop
 vertex 0.209 0.0322032 -0.0056783
 vertex 0.209 0.030728 -0.0111841
 vertex -0.133 0.030728 -0.0111841
 endloop
endfacet
facet normal 0 0 0
 outer loop
 vertex 0.209 0.0322032 -0.0056783
 vertex -0.133 0.030728 -0.0111841
 vertex -0.133 0.0322032 -0.0056783
 endloop
endfacet
facet normal 0 0 0
 outer loop
 vertex -0.133 0.0311978 -0.0113551
 vertex -0.133 0.028752 -0.0166
 vertex 0.209 0.028752 -0.0166
 endloop
endfacet
facet normal 0 0 0
 outer loop
 vertex -0.133 0.0311978 -0.0113551
 vertex 0.209 0.028752 -0.0166
 vertex 0.209 0.0311978 -0.0113551
 endloop
endfacet
facet normal 0 0 0
 outer loop
 vertex 0.209 0.030728 -0.0111841
 vertex 0.209 0.028319 -0.01635
 vertex -0.133 0.028319 -0.01635
 endloop
endfacet
facet normal 0 0 0
 outer loop
 vertex 0.209 0.030728 -0.0111841
 vertex -0.133 0.028319 -0.01635
 vertex -0.133 0.030728 -0.0111841
 endloop
endfacet
facet normal 0 0 0
 outer loop
 vertex -0.133 0.028752 -0.0166
 vertex -0.133 0.0254327 -0.0213405
 vertex 0.209 0.0254327 -0.0213405
 endloop
endfacet
facet normal 0 0 0
 outer loop
 vertex -0.133 0.028752 -0.0166
 vertex 0.209 0.0254327 -0.0213405
 vertex 0.209 0.028752 -0.0166
 endloop
endfacet
facet normal 0 0 0
 outer loop
 vertex 0.209 0.028319 -0.01635
 vertex 0.209 0.0250497 -0.0210192
 vertex -0.133 0.0250497 -0.0210192
 endloop
endfacet
facet normal 0 0 0
 outer loop
 vertex 0.209 0.028319 -0.01635
 vertex -0.133 0.0250497 -0.0210192
 vertex -0.133 0.028319 -0.01635
 endloop
endfacet
facet normal 0 0 0
 outer loop
 vertex -0.133 0.0254327 -0.0213405
 vertex -0.133 0.0213405 -0.0254327
 vertex 0.209 0.0213405 -0.0254327
 endloop
endfacet
facet normal 0 0 0
 outer loop
 vertex -0.133 0.0254327 -0.0213405
 vertex 0.209 0.0213405 -0.0254327
 vertex 0.209 0.0254327 -0.0213405
 endloop
endfacet
facet normal 0 0 0
 outer loop
 vertex 0.209 0.0250497 -0.0210192
 vertex 0.209 0.0210192 -0.0250497
 vertex -0.133 0.0210192 -0.0250497
 endloop
endfacet
facet normal 0 0 0
 outer loop
 vertex 0.209 0.0250497 -0.0210192
 vertex -0.133 0.0210192 -0.0250497
 vertex -0.133 0.0250497 -0.0210192
 endloop
endfacet
facet normal 0 0 0
 outer loop
 vertex -0.133 0.0213405 -0.0254327
 vertex -0.133 0.0166 -0.028752
 vertex 0.209 0.0166 -0.028752
 endloop
endfacet
facet normal 0 0 0
 outer loop
 vertex -0.133 0.0213405 -0.0254327
 vertex 0.209 0.0166 -0.028752
 vertex 0.209 0.0213405 -0.0254327
 endloop
endfacet
facet normal 0 0 0
 outer loop
 vertex 0.209 0.0210192 -0.0250497
 vertex 0.209 0.01635 -0.028319
 vertex -0.133 0.01635 -0.028319
 endloop
endfacet
facet normal 0 0 0
 outer loop
 vertex 0.209 0.0210192 -0.0250497
 vertex -0.133 0.01635 -0.028319
 vertex -0.133 0.0210192 -0.0250497
 endloop
endfacet
facet normal 0 0 0
 outer loop
 vertex -0.133 0.0166 -0.028752
 vertex -0.133 0.0113551 -0.0311978
 vertex 0.209 0.0113551 -0.0311978
 endloop
endfacet
facet normal 0 0 0
 outer loop
 vertex -0.133 0.0166 -0.028752
 vertex 0.209 0.0113551 -0.0311978
 vertex 0.209 0.0166 -0.028752
 endloop
endfacet
facet normal 0 0 0
 outer loop
 vertex 0.209 0.01635 -0.028319
 vertex 0.209 0.0111841 -0.030728
 vertex -0.133 0.0111841 -0.030728
 endloop
endfacet
facet normal 0 0 0
 outer loop
 vertex 0.209 0.01635 -0.028319
 vertex -0.133 0.0111841 -0.030728
 vertex -0.133 0.01635 -0.028319
 endloop
endfacet
facet normal 0 0 0
 outer loop
 vertex -0.133 0.0113551 -0.0311978
 vertex -0.133 0.00576512 -0.0326956
 vertex 0.209 0.00576512 -0.0326956
 endloop
endfacet
facet normal 0 0 0
 outer loop
 vertex -0.133 0.0113551 -0.0311978
 vertex 0.209 0.00576512 -0.0326956
 vertex 0.209 0.0113551 -0.0311978
 endloop
endfacet
facet normal 0 0 0
 outer loop
 vertex 0.209 0.0111841 -0.030728
 vertex 0.209 0.0056783 -0.0322032
 vertex -0.133 0.0056783 -0.0322032
 endloop
endfacet
facet normal 0 0 0
 outer loop
 vertex 0.209 0.0111841 -0.030728
 vertex -0.133 0.0056783 -0.0322032
 vertex -0.133 0.0111841 -0.030728
 endloop
endfacet
facet normal 0 0 0
 outer loop
 vertex -0.133 0.00576512 -0.0326956
 vertex -0.133 -2.90244e-09 -0.0332
 vertex 0.209 -2.90244e-09 -0.0332
 endloop
endfacet
facet normal 0 0 0
 outer loop
 vertex -0.133 0.00576512 -0.0326956
 vertex 0.209 -2.90244e-09 -0.0332
 vertex 0.209 0.00576512 -0.0326956
 endloop
endfacet
facet normal 0 0 0
 outer loop
 vertex 0.209 0.0056783 -0.0322032
 vertex 0.209 -2.85873e-09 -0.0327
 vertex -0.133 -2.85873e-09 -0.0327
 endloop
endfacet
facet normal 0 0 0
 outer loop
 vertex 0.209 0.0056783 -0.0322032
 vertex -0.133 -2.85873e-09 -0.0327
 vertex -0.133 0.0056783 -0.0322032
 endloop
endfacet
facet normal 0 0 0
 outer loop
 vertex -0.133 -2.90244e-09 -0.0332
 vertex -0.133 -0.00576512 -0.0326956
 vertex 0.209 -0.00576512 -0.0326956
 endloop
endfacet
facet normal 0 0 0
 outer loop
 vertex -0.133 -2.90244e-09 -0.0332
 vertex 0.209 -0.00576512 -0.0326956
 vertex 0.209 -2.90244e-09 -0.0332
 endloop
endfacet
facet normal 0 0 0
 outer loop
 vertex 0.209 -2.85873e-09 -0.0327
 vertex 0.209 -0.0056783 -0.0322032
 vertex -0.133 -0.0056783 -0.0322032
 endloop
endfacet
facet normal 0 0 0
 outer loop
 vertex 0.209 -2.85873e-09 -0.0327
 vertex -0.133 -0.0056783 -0.0322032
 vertex -0.133 -2.85873e-09 -0.0327
 endloop
endfacet
facet normal 0 0 0
 outer loop
 vertex -0.133 -0.00576512 -0.0326956
 vertex -0.133 -0.0113551 -0.0311978
 vertex 0.209 -0.0113551 -0.0311978
 endloop
endfacet
facet normal 0 0 0
 outer loop
 vertex -0.133 -0.00576512 -0.0326956
 vertex 0.209 -0.0113551 -0.0311978
 vertex 0.209 -0.00576512 -0.0326956
 endloop
endfacet
facet normal 0 0 0
 outer loop
 vertex 0.209 -0.0056783 -0.0322032
 vertex 0.209 -0.0111841 -0.030728
 vertex -0.133 -0.0111841 -0.030728
 endloop
endfacet
facet normal 0 0 0
 outer loop
 vertex 0.209 -0.0056783 -0.0322032
 vertex -0.133 -0.0111841 -0.030728
 vertex -0.133 -0.0056783 -0.0322032
 endloop
endfacet
facet normal 0 0 0
 outer loop
 vertex -0.133 -0.0113551 -0.0311978
 vertex -0.133 -0.0166 -0.028752
 vertex 0.209 -0.0166 -0.028752
 endloop
endfacet
facet normal 0 0 0
 outer loop
 vertex -0.133 -0.0113551 -0.0311978
 vertex 0.209 -0.0166 -0.028752
 vertex 0.209 -0.0113551 -0.0311978
 endloop
endfacet
facet normal 0 0 0
 outer loop
 vertex 0.209 -0.0111841 -0.030728
 vertex 0.209 -0.01635 -0.028319
 vertex -0.133 -0.01635 -0.028319
 endloop
endfacet
facet normal 0 0 0
 outer loop
 vertex 0.209 -0.0111841 -0.030728
 vertex -0.133 -0.01635 -0.028319
 vertex -0.133 -0.0111841 -0.030728
 endloop
endfacet
facet normal 0 0 0
 outer loop
 vertex -0.133 -0.0166 -0.028752
 vertex -0.133 -0.0213405 -0.0254327
 vertex 0.209 -0.0213405 -0.0254327
 endloop
endfacet
facet normal 0 0 0
 outer loop
 vertex -0.133 -0.0166 -0.028752
 vertex 0.209 -0.0213405 -0.0254327
 vertex 0.209 -0.0166 -0.028752
 endloop
endfacet
facet normal 0 0 0
 outer loop
 vertex 0.209 -0.01635 -0.028319
 vertex 0.209 -0.0210192 -0.0250497
 vertex -0.133 -0.0210192 -0.0250497
 endloop
endfacet
facet normal 0 0 0
 outer loop
 vertex 0.209 -0.01635 -0.028319
 vertex -0.133 -0.0210192 -0.0250497
 vertex -0.133 -0.01635 -0.028319
 endloop
endfacet
facet normal 0 0 0
 outer loop
 vertex -0.133 -0.0213405 -0.0254327
 vertex -0.133 -0.0254327 -0.0213405
 vertex 0.209 -0.0254327 -0.0213405
 endloop
endfacet
facet normal 0 0 0
 outer loop
 vertex -0.133 -0.0213405 -0.0254327
 vertex 0.209 -0.0254327 -0.0213405
 vertex 0.209 -0.0213405 -0.0254327
 endloop
endfacet
facet normal 0 0 0
 outer loop
 vertex 0.209 -0.0210192 -0.0250497
 vertex 0.209 -0.0250497 -0.0210192
 vertex -0.133 -0.0250497 -0.0210192
 endloop
endfacet
facet normal 0 0 0
 outer loop
 vertex 0.209 -0.0210192 -0.0250497
 vertex -0.133 -0.0250497 -0.0210192
 vertex -0.133 -0.0210192 -0.0250497
 endloop
endfacet
facet normal 0 0 0
 outer loop
 vertex -0.133 -0.0254327 -0.0213405
 vertex -0.133 -0.028752 -0.0166
 vertex 0.209 -0.028752 -0.0166
 endloop
endfacet
facet normal 0 0 0
 outer loop
 vertex -0.133 -0.0254327 -0.0213405
 vertex 0.209 -0.028752 -0.0166
 vertex 0.209 -0.0254327 -0.0213405
 endloop
endfacet
facet normal 0 0 0
 outer loop
 vertex 0.209 -0.0250497 -0.0210192
 vertex 0.209 -0.028319 -0.01635
 vertex -0.133 -0.028319 -0.01635
 endloop
endfacet
facet normal 0 0 0
 outer loop
 vertex 0.209 -0.0250497 -0.0210192
 vertex -0.133 -0.028319 -0.01635
 vertex -0.133 -0.0250497 -0.0210192
 endloop
endfacet
facet normal 0 0 0
 outer loop
 vertex -0.133 -0.028752 -0.0166
 vertex -0.133 -0.0311978 -0.0113551
 vertex 0.209 -0.0311978 -0.0113551
 endloop
endfacet
facet normal 0 0 0
 outer loop
 vertex -0.133 -0.028752 -0.0166
 vertex 0.209 -0.0311978 -0.0113551
 vertex 0.209 -0.028752 -0.0166
 endloop
endfacet
facet normal 0 0 0
 outer loop
 vertex 0.209 -0.028319 -0.01635
 vertex 0.209 -0.030728 -0.0111841
 vertex -0.133 -0.030728 -0.0111841
 endloop
endfacet
facet normal 0 0 0
 outer loop
 vertex 0.209 -0.028319 -0.01635
 vertex -0.133 -0.030728 -0.0111841
 vertex -0.133 -0.028319 -0.01635
 endloop
endfacet
facet normal 0 0 0
 outer loop
 vertex -0.133 -0.0311978 -0.0113551
 vertex -0.133 -0.0326956 -0.00576512
 vertex 0.209 -0.0326956 -0.00576512
 endloop
endfacet
facet normal 0 0 0
 outer loop
 vertex -0.133 -0.0311978 -0.0113551
 vertex 0.209 -0.0326956 -0.00576512
 vertex 0.209 -0.0311978 -0.0113551
 endloop
endfacet
facet normal 0 0 0
 outer loop
 vertex 0.209 -0.030728 -0.0111841
 vertex 0.209 -0.0322032 -0.00567829
 vertex -0.133 -0.0322032 -0.00567829
 endloop
endfacet
facet normal 0 0 0
 outer loop
 vertex 0.209 -0.030728 -0.0111841
 vertex -0.133 -0.0322032 -0.00567829
 vertex -0.133 -0.030728 -0.0111841
 endloop
endfacet
facet normal 0 0 0
 outer loop
 vertex -0.133 -0.0326956 -0.00576512
 vertex -0.133 -0.0332 3.95906e-10
 vertex 0.209 -0.0332 3.95906e-10
 endloop
endfacet
facet normal 0 0 0
 outer loop
 vertex -0.133 -0.0326956 -0.00576512
 vertex 0.209 -0.0332 3.95906e-10
 vertex 0.209 -0.0326956 -0.00576512
 endloop
endfacet
facet normal 0 0 0
 outer loop
 vertex 0.209 -0.0322032 -0.00567829
 vertex 0.209 -0.0327 3.89944e-10
 vertex -0.133 -0.0327 3.89944e-10
 endloop
endfacet
facet normal 0 0 0
 outer loop
 vertex 0.209 -0.0322032 -0.00567829
 vertex -0.133 -0.0327 3.89944e-10
 vertex -0.133 -0.0322032 -0.00567829
 endloop
endfacet
facet normal 0 0 0
 outer loop
 vertex -0.133 -0.0332 3.95906e-10
 vertex -0.133 -0.0326956 0.00576512
 vertex 0.209 -0.0326956 0.00576512
 endloop
endfacet
facet normal 0 0 0
 outer loop
 vertex -0.133 -0.0332 3.95906e-10
 vertex 0.209 -0.0326956 0.00576512
 vertex 0.209 -0.0332 3.95906e-10
 endloop
endfacet
facet normal 0 0 0
 outer loop
 vertex 0.209 -0.0327 3.89944e-10
 vertex 0.209 -0.0322032 0.00567829
 vertex -0.133 -0.0322032 0.00567829
 endloop
endfacet
facet normal 0 0 0
 outer loop
 vertex 0.209 -0.0327 3.89944e-10
 vertex -0.133 -0.0322032 0.00567829
 vertex -0.133 -0.0327 3.89944e-10
 endloop
endfacet
facet normal 0 0 0
 outer loop
 vertex -0.133 -0.0326956 0.00576512
 vertex -0.133 -0.0311978 0.0113551
 vertex 0.209 -0.0311978 0.0113551
 endloop
endfacet
facet normal 0 0 0
 outer loop
 vertex -0.133 -0.0326956 0.00576512
 vertex 0.209 -0.0311978 0.0113551
 vertex 0.209 -0.0326956 0.00576512
 endloop
endfacet
facet normal 0 0 0
 outer loop
 vertex 0.209 -0.0322032 0.00567829
 vertex 0.209 -0.030728 0.0111841
 vertex -0.133 -0.030728 0.0111841
 endloop
endfacet
facet normal 0 0 0
 outer loop
 vertex 0.209 -0.0322032 0.00567829
 vertex -0.133 -0.030728 0.0111841
 vertex -0.133 -0.0322032 0.00567829
 endloop
endfacet
facet normal 0 0 0
 outer loop
 vertex -0.133 -0.0311978 0.0113551
 vertex -0.133 -0.028752 0.0166
 vertex 0.209 -0.028752 0.0166
 endloop
endfacet
facet normal 0 0 0
 outer loop
 vertex -0.133 -0.0311978 0.0113551
 vertex 0.209 -0.028752 0.0166
 vertex 0.209 -0.0311978 0.0113551
 endloop
endfacet
facet normal 0 0 0
 outer loop
 vertex 0.209 -0.030728 0.0111841
 vertex 0.209 -0.028319 0.01635
 vertex -0.133 -0.028319 0.01635
 endloop
endfacet
facet normal 0 0 0
 outer loop
 vertex 0.209 -0.030728 0.0111841
 vertex -0.133 -0.028319 0.01635
 vertex -0.133 -0.030728 0.0111841
 endloop
endfacet
facet normal 0 0 0
 outer loop
 vertex -0.133 -0.028752 0.0166
 vertex -0.133 -0.0254327 0.0213405
 vertex 0.209 -0.0254327 0.0213405
 endloop
endfacet
facet normal 0 0 0
 outer loop
 vertex -0.133 -0.028752 0.0166
 vertex 0.209 -0.0254327 0.0213405
 vertex 0.209 -0.028752 0.0166
 endloop
endfacet
facet normal 0 0 0
 outer loop
 vertex 0.209 -0.028319 0.01635
 vertex 0.209 -0.0250497 0.0210192
 vertex -0.133 -0.0250497 0.0210192
 endloop
endfacet
facet normal 0 0 0
 outer loop
 vertex 0.209 -0.028319 0.01635
 vertex -0.133 -0.0250497 0.0210192
 vertex -0.133 -0.028319 0.01635
 endloop
endfacet
facet normal 0 0 0
 outer loop
 vertex -0.133 -0.0254327 0.0213405
 vertex -0.133 -0.0213406 0.0254327
 vertex 0.209 -0.0213406 0.0254327
 endloop
endfacet
facet normal 0 0 0
 outer loop
 vertex -0.133 -0.0254327 0.0213405
 vertex 0.209 -0.0213406 0.0254327
 vertex 0.209 -0.0254327 0.0213405
 endloop
endfacet
facet normal 0 0 0
 outer loop
 vertex 0.209 -0.0250497 0.0210192
 vertex 0.209 -0.0210192 0.0250497
 vertex -0.133 -0.0210192 0.0250497
 endloop
endfacet
facet normal 0 0 0
 outer loop
 vertex 0.209 -0.0250497 0.0210192
 vertex -0.133 -0.0210192 0.0250497
 vertex -0.133 -0.0250497 0.0210192
 endloop
endfacet
facet normal 0 0 0
 outer loop
 vertex -0.133 -0.0213406 0.0254327
 vertex -0.133 -0.0166 0.028752
 vertex 0.209 -0.0166 0.028752
 endloop
endfacet
facet normal 0 0 0
 outer loop
 vertex -0.133 -0.0213406 0.0254327
 vertex 0.209 -0.0166 0.028752
 vertex 0.209 -0.0213406 0.0254327
 endloop
endfacet
facet normal 0 0 0
 outer loop
 vertex 0.209 -0.0210192 0.0250497
 vertex 0.209 -0.01635 0.028319
 vertex -0.133 -0.01635 0.028319
 endloop
endfacet
facet normal 0 0 0
 outer loop
 vertex 0.209 -0.0210192 0.0250497
 vertex -0.133 -0.01635 0.028319
 vertex -0.133 -0.0210192 0.0250497
 endloop
endfacet
facet normal 0 0 0
 outer loop
 vertex -0.133 -0.0166 0.028752
 vertex -0.133 -0.0113551 0.0311978
 vertex 0.209 -0.0113551 0.0311978
 endloop
endfacet
facet normal 0 0 0
 outer loop
 vertex -0.133 -0.0166 0.028752
 vertex 0.209 -0.0113551 0.0311978
 vertex 0.209 -0.0166 0.028752
 endloop
endfacet
facet normal 0 0 0
 outer loop
 vertex 0.209 -0.01635 0.028319
 vertex 0.209 -0.0111841 0.0307279
 vertex -0.133 -0.0111841 0.0307279
 endloop
endfacet
facet normal 0 0 0
 outer loop
 vertex 0.209 -0.01635 0.028319
 vertex -0.133 -0.0111841 0.0307279
 vertex -0.133 -0.01635 0.028319
 endloop
endfacet
facet normal 0 0 0
 outer loop
 vertex -0.133 -0.0113551 0.0311978
 vertex -0.133 -0.00576511 0.0326956
 vertex 0.209 -0.00576511 0.0326956
 endloop
endfacet
facet normal 0 0 0
 outer loop
 vertex -0.133 -0.0113551 0.0311978
 vertex 0.209 -0.00576511 0.0326956
 vertex 0.209 -0.0113551 0.0311978
 endloop
endfacet
facet normal 0 0 0
 outer loop
 vertex 0.209 -0.0111841 0.0307279
 vertex 0.209 -0.00567829 0.0322032
 vertex -0.133 -0.00567829 0.0322032
 endloop
endfacet
facet normal 0 0 0
 outer loop
 vertex 0.209 -0.0111841 0.0307279
 vertex -0.133 -0.00567829 0.0322032
 vertex -0.133 -0.0111841 0.0307279
 endloop
endfacet
facet normal 0 0 0
 outer loop
 vertex -0.133 -0.00576511 0.0326956
 vertex -0.133 5.80487e-09 0.0332
 vertex 0.209 5.80487e-09 0.0332
 endloop
endfacet
facet normal 0 0 0
 outer loop
 vertex -0.133 -0.00576511 0.0326956
 vertex 0.209 5.80487e-09 0.0332
 vertex 0.209 -0.00576511 0.0326956
 endloop
endfacet
facet normal 0 0 0
 outer loop
 vertex 0.209 -0.00567829 0.0322032
 vertex 0.209 5.71745e-09 0.0327
 vertex -0.133 5.71745e-09 0.0327
 endloop
endfacet
facet normal 0 0 0
 outer loop
 vertex 0.209 -0.00567829 0.0322032
 vertex -0.133 5.71745e-09 0.0327
 vertex -0.133 -0.00567829 0.0322032
 endloop
endfacet
facet normal 0 0 0
 outer loop
 vertex -0.133 0 0.0327
 vertex -0.133 0.0056783 0.0322032
 vertex -0.133 0.00576512 0.0326956
 endloop
endfacet
facet normal 0 0 0
 outer loop
 vertex -0.133 0 0.0327
 vertex -0.133 0.00576512 0.0326956
 vertex -0.133 0 0.0332
 endloop
endfacet
facet normal 0 0 0
 outer loop
 vertex 0.209 0 0.0327
 vertex 0.209 0 0.0332
 vertex 0.209 0.00576512 0.0326956
 endloop
endfacet
facet normal 0 0 0
 outer loop
 vertex 0.209 0 0.0327
 vertex 0.209 0.00576512 0.0326956
 vertex 0.209 0.0056783 0.0322032
 endloop
endfacet
facet normal 0 0 0
 outer loop
 vertex -0.133 0.0056783 0.0322032
 vertex -0.133 0.0111841 0.030728
 vertex -0.133 0.0113551 0.0311978
 endloop
endfacet
facet normal 0 0 0
 outer loop
 vertex -0.133 0.0056783 0.0322032
 vertex -0.133 0.0113551 0.0311978
 vertex -0.133 0.00576512 0.0326956
 endloop
endfacet
facet normal 0 0 0
 outer loop
 vertex 0.209 0.0056783 0.0322032
 vertex 0.209 0.00576512 0.0326956
 vertex 0.209 0.0113551 0.0311978
 endloop
endfacet
facet normal 0 0 0
 outer loop
 vertex 0.209 0.0056783 0.0322032
 vertex 0.209 0.0113551 0.0311978
 vertex 0.209 0.0111841 0.030728
 endloop
endfacet
facet normal 0 0 0
 outer loop
 vertex -0.133 0.0111841 0.030728
 vertex -0.133 0.01635 0.028319
 vertex -0.133 0.0166 0.028752
 endloop
endfacet
facet normal 0 0 0
 outer loop
 vertex -0.133 0.0111841 0.030728
 vertex -0.133 0.0166 0.028752
 vertex -0.133 0.0113551 0.0311978
 endloop
endfacet
facet normal 0 0 0
 outer loop
 vertex 0.209 0.0111841 0.030728
 vertex 0.209 0.0113551 0.0311978
 vertex 0.209 0.0166 0.028752
 endloop
endfacet
facet normal 0 0 0
 outer loop
 vertex 0.209 0.0111841 0.030728
 vertex 0.209 0.0166 0.028752
 vertex 0.209 0.01635 0.028319
 endloop
endfacet
facet normal 0 0 0
 outer loop
 vertex -0.133 0.01635 0.028319
 vertex -0.133 0.0210192 0.0250497
 vertex -0.133 0.0213405 0.0254327
 endloop
endfacet
facet normal 0 0 0
 outer loop
 vertex -0.133 0.01635 0.028319
 vertex -0.133 0.0213405 0.0254327
 vertex -0.133 0.0166 0.028752
 endloop
endfacet
facet normal 0 0 0
 outer loop
 vertex 0.209 0.01635 0.028319
 vertex 0.209 0.0166 0.028752
 vertex 0.209 0.0213405 0.0254327
 endloop
endfacet
facet normal 0 0 0
 outer loop
 vertex 0.209 0.01635 0.028319
 vertex 0.209 0.0213405 0.0254327
 vertex 0.209 0.0210192 0.0250497
 endloop
endfacet
facet normal 0 0 0
 outer loop
 vertex -0.133 0.0210192 0.0250497
 vertex -0.133 0.0250497 0.0210192
 vertex -0.133 0.0254327 0.0213405
 endloop
endfacet
facet normal 0 0 0
 outer loop
 vertex -0.133 0.0210192 0.0250497
 vertex -0.133 0.0254327 0.0213405
 vertex -0.133 0.0213405 0.0254327
 endloop
endfacet
facet normal 0 0 0
 outer loop
 vertex 0.209 0.0210192 0.0250497
 vertex 0.209 0.0213405 0.0254327
 vertex 0.209 0.0254327 0.0213405
 endloop
endfacet
facet normal 0 0 0
 outer loop
 vertex 0.209 0.0210192 0.0250497
 vertex 0.209 0.0254327 0.0213405
 vertex 0.209 0.0250497 0.0210192
 endloop
endfacet
facet normal 0 0 0
 outer loop
 vertex -0.133 0.0250497 0.0210192
 vertex -0.133 0.028319 0.01635
 vertex -0.133 0.028752 0.0166
 endloop
endfacet
facet normal 0 0 0
 outer loop
 vertex -0.133 0.0250497 0.0210192
 vertex -0.133 0.028752 0.0166
 vertex -0.133 0.0254327 0.0213405
 endloop
endfacet
facet normal 0 0 0
 outer loop
 vertex 0.209 0.0250497 0.0210192
 vertex 0.209 0.0254327 0.0213405
 vertex 0.209 0.028752 0.0166
 endloop
endfacet
facet normal 0 0 0
 outer loop
 vertex 0.209 0.0250497 0.0210192
 vertex 0.209 0.028752 0.0166
 vertex 0.209 0.028319 0.01635
 endloop
endfacet
facet normal 0 0 0
 outer loop
 vertex -0.133 0.028319 0.01635
 vertex -0.133 0.030728 0.0111841
 vertex -0.133 0.0311978 0.0113551
 endloop
endfacet
facet normal 0 0 0
 outer loop
 vertex -0.133 0.028319 0.01635
 vertex -0.133 0.0311978 0.0113551
 vertex -0.133 0.028752 0.0166
 endloop
endfacet
facet normal 0 0 0
 outer loop
 vertex 0.209 0.028319 0.01635
 vertex 0.209 0.028752 0.0166
 vertex 0.209 0.0311978 0.0113551
 endloop
endfacet
facet normal 0 0 0
 outer loop
 vertex 0.209 0.028319 0.01635
 vertex 0.209 0.0311978 0.0113551
 vertex 0.209 0.030728 0.0111841
 endloop
endfacet
facet normal 0 0 0
 outer loop
 vertex -0.133 0.030728 0.0111841
 vertex -0.133 0.0322032 0.0056783
 vertex -0.133 0.0326956 0.00576512
 endloop
endfacet
facet normal 0 0 0
 outer loop
 vertex -0.133 0.030728 0.0111841
 vertex -0.133 0.0326956 0.00576512
 vertex -0.133 0.0311978 0.0113551
 endloop
endfacet
facet normal 0 0 0
 outer loop
 vertex 0.209 0.030728 0.0111841
 vertex 0.209 0.0311978 0.0113551
 vertex 0.209 0.0326956 0.00576512
 endloop
endfacet
facet normal 0 0 0
 outer loop
 vertex 0.209 0.030728 0.0111841
 vertex 0.209 0.0326956 0.00576512
 vertex 0.209 0.0322032 0.0056783
 endloop
endfacet
facet normal 0 0 0
 outer loop
 vertex -0.133 0.0322032 0.0056783
 vertex -0.133 0.0327 -1.42936e-09
 vertex -0.133 0.0332 -1.45122e-09
 endloop
endfacet
facet normal 0 0 0
 outer loop
 vertex -0.133 0.0322032 0.0056783
 vertex -0.133 0.0332 -1.45122e-09
 vertex -0.133 0.0326956 0.00576512
 endloop
endfacet
facet normal 0 0 0
 outer loop
 vertex 0.209 0.0322032 0.0056783
 vertex 0.209 0.0326956 0.00576512
 vertex 0.209 0.0332 -1.45122e-09
 endloop
endfacet
facet normal 0 0 0
 outer loop
 vertex 0.209 0.0322032 0.0056783
 vertex 0.209 0.0332 -1.45122e-09
 vertex 0.209 0.0327 -1.42936e-09
 endloop
endfacet
facet normal 0 0 0
 outer loop
 vertex -0.133 0.0327 -1.42936e-09
 vertex -0.133 0.0322032 -0.0056783
 vertex -0.133 0.0326956 -0.00576512
 endloop
endfacet
facet normal 0 0 0
 outer loop
 vertex -0.133 0.0327 -1.42936e-09
 vertex -0.133 0.0326956 -0.00576512
 vertex -0.133 0.0332 -1.45122e-09
 endloop
endfacet
facet normal 0 0 0
 outer loop
 vertex 0.209 0.0327 -1.42936e-09
 vertex 0.209 0.0332 -1.45122e-09
 vertex 0.209 0.0326956 -0.00576512
 endloop
endfacet
facet normal 0 0 0
 outer loop
 vertex 0.209 0.0327 -1.42936e-09
 vertex 0.209 0.0326956 -0.00576512
 vertex 0.209 0.0322032 -0.0056783
 endloop
endfacet
facet normal 0 0 0
 outer loop
 vertex -0.133 0.0322032 -0.0056783
 vertex -0.133 0.030728 -0.0111841
 vertex -0.133 0.0311978 -0.0113551
 endloop
endfacet
facet normal 0 0 0
 outer loop
 vertex -0.133 0.0322032 -0.0056783
 vertex -0.133 0.0311978 -0.0113551
 vertex -0.133 0.0326956 -0.00576512
 endloop
endfacet
facet normal 0 0 0
 outer loop
 vertex 0.209 0.0322032 -0.0056783
 vertex 0.209 0.0326956 -0.00576512
 vertex 0.209 0.0311978 -0.0113551
 endloop
endfacet
facet normal 0 0 0
 outer loop
 vertex 0.209 0.0322032 -0.0056783
 vertex 0.209 0.0311978 -0.0113551
 vertex 0.209 0.030728 -0.0111841
 endloop
endfacet
facet normal 0 0 0
 outer loop
 vertex -0.133 0.030728 -0.0111841
 vertex -0.133 0.028319 -0.01635
 vertex -0.133 0.028752 -0.0166
 endloop
endfacet
facet normal 0 0 0
 outer loop
 vertex -0.133 0.030728 -0.0111841
 vertex -0.133 0.028752 -0.0166
 vertex -0.133 0.0311978 -0.0113551
 endloop
endfacet
facet normal 0 0 0
 outer loop
 vertex 0.209 0.030728 -0.0111841
 vertex 0.209 0.0311978 -0.0113551
 vertex 0.209 0.028752 -0.0166
 endloop
endfacet
facet normal 0 0 0
 outer loop
 vertex 0.209 0.030728 -0.0111841
 vertex 0.209 0.028752 -0.0166
 vertex 0.209 0.028319 -0.01635
 endloop
endfacet
facet normal 0 0 0
 outer loop
 vertex -0.133 0.028319 -0.01635
 vertex -0.133 0.0250497 -0.0210192
 vertex -0.133 0.0254327 -0.0213405
 endloop
endfacet
facet normal 0 0 0
 outer loop
 vertex -0.133 0.028319 -0.01635
 vertex -0.133 0.0254327 -0.0213405
 vertex -0.133 0.028752 -0.0166
 endloop
endfacet
facet normal 0 0 0
 outer loop
 vertex 0.209 0.028319 -0.01635
 vertex 0.209 0.028752 -0.0166
 vertex 0.209 0.0254327 -0.0213405
 endloop
endfacet
facet normal 0 0 0
 outer loop
 vertex 0.209 0.028319 -0.01635
 vertex 0.209 0.0254327 -0.0213405
 vertex 0.209 0.0250497 -0.0210192
 endloop
endfacet
facet normal 0 0 0
 outer loop
 vertex -0.133 0.0250497 -0.0210192
 vertex -0.133 0.0210192 -0.0250497
 vertex -0.133 0.0213405 -0.0254327
 endloop
endfacet
facet normal 0 0 0
 outer loop
 vertex -0.133 0.0250497 -0.0210192
 vertex -0.133 0.0213405 -0.0254327
 vertex -0.133 0.0254327 -0.0213405
 endloop
endfacet
facet normal 0 0 0
 outer loop
 vertex 0.209 0.0250497 -0.0210192
 vertex 0.209 0.0254327 -0.0213405
 vertex 0.209 0.0213405 -0.0254327
 endloop
endfacet
facet normal 0 0 0
 outer loop
 vertex 0.209 0.0250497 -0.0210192
 vertex 0.209 0.0213405 -0.0254327
 vertex 0.209 0.0210192 -0.0250497
 endloop
endfacet
facet normal 0 0 0
 outer loop
 vertex -0.133 0.0210192 -0.0250497
 vertex -0.133 0.01635 -0.028319
 vertex -0.133 0.0166 -0.028752
 endloop
endfacet
facet normal 0 0 0
 outer loop
 vertex -0.133 0.0210192 -0.0250497
 vertex -0.133 0.0166 -0.028752
 vertex -0.133 0.0213405 -0.0254327
 endloop
endfacet
facet normal 0 0 0
 outer loop
 vertex 0.209 0.0210192 -0.0250497
 vertex 0.209 0.0213405 -0.0254327
 vertex 0.209 0.0166 -0.028752
 endloop
endfacet
facet normal 0 0 0
 outer loop
 vertex 0.209 0.0210192 -0.0250497
 vertex 0.209 0.0166 -0.028752
 vertex 0.209 0.01635 -0.028319
 endloop
endfacet
facet normal 0 0 0
 outer loop
 vertex -0.133 0.01635 -0.028319
 vertex -0.133 0.0111841 -0.030728
 vertex -0.133 0.0113551 -0.0311978
 endloop
endfacet
facet normal 0 0 0
 outer loop
 vertex -0.133 0.01635 -0.028319
 vertex -0.133 0.0113551 -0.0311978
 vertex -0.133 0.0166 -0.028752
 endloop
endfacet
facet normal 0 0 0
 outer loop
 vertex 0.209 0.01635 -0.028319
 vertex 0.209 0.0166 -0.028752
 vertex 0.209 0.0113551 -0.0311978
 endloop
endfacet
facet normal 0 0 0
 outer loop
 vertex 0.209 0.01635 -0.028319
 vertex 0.209 0.0113551 -0.0311978
 vertex 0.209 0.0111841 -0.030728
 endloop
endfacet
facet normal 0 0 0
 outer loop
 vertex -0.133 0.0111841 -0.030728
 vertex -0.133 0.0056783 -0.0322032
 vertex -0.133 0.00576512 -0.0326956
 endloop
endfacet
facet normal 0 0 0
 outer loop
 vertex -0.133 0.0111841 -0.030728
 vertex -0.133 0.00576512 -0.0326956
 vertex -0.133 0.0113551 -0.0311978
 endloop
endfacet
facet normal 0 0 0
 outer loop
 vertex 0.209 0.0111841 -0.030728
 vertex 0.209 0.0113551 -0.0311978
 vertex 0.209 0.00576512 -0.0326956
 endloop
endfacet
facet normal 0 0 0
 outer loop
 vertex 0.209 0.0111841 -0.030728
 vertex 0.209 0.00576512 -0.0326956
 vertex 0.209 0.0056783 -0.0322032
 endloop
endfacet
facet normal 0 0 0
 outer loop
 vertex -0.133 0.0056783 -0.0322032
 vertex -0.133 -2.85873e-09 -0.0327
 vertex -0.133 -2.90244e-09 -0.0332
 endloop
endfacet
facet normal 0 0 0
 outer loop
 vertex -0.133 0.0056783 -0.0322032
 vertex -0.133 -2.90244e-09 -0.0332
 vertex -0.133 0.00576512 -0.0326956
 endloop
endfacet
facet normal 0 0 0
 outer loop
 vertex 0.209 0.0056783 -0.0322032
 vertex 0.209 0.00576512 -0.0326956
 vertex 0.209 -2.90244e-09 -0.0332
 endloop
endfacet
facet normal 0 0 0
 outer loop
 vertex 0.209 0.0056783 -0.0322032
 vertex 0.209 -2.90244e-09 -0.0332
 vertex 0.209 -2.85873e-09 -0.0327
 endloop
endfacet
facet normal 0 0 0
 outer loop
 vertex -0.133 -2.85873e-09 -0.0327
 vertex -0.133 -0.0056783 -0.0322032
 vertex -0.133 -0.00576512 -0.0326956
 endloop
endfacet
facet normal 0 0 0
 outer loop
 vertex -0.133 -2.85873e-09 -0.0327
 vertex -0.133 -0.00576512 -0.0326956
 vertex -0.133 -2.90244e-09 -0.0332
 endloop
endfacet
facet normal 0 0 0
 outer loop
 vertex 0.209 -2.85873e-09 -0.0327
 vertex 0.209 -2.90244e-09 -0.0332
 vertex 0.209 -0.00576512 -0.0326956
 endloop
endfacet
facet normal 0 0 0
 outer loop
 vertex 0.209 -2.85873e-09 -0.0327
 vertex 0.209 -0.00576512 -0.0326956
 vertex 0.209 -0.0056783 -0.0322032
 endloop
endfacet
facet normal 0 0 0
 outer loop
 vertex -0.133 -0.0056783 -0.0322032
 vertex -0.133 -0.0111841 -0.030728
 vertex -0.133 -0.0113551 -0.0311978
 endloop
endfacet
facet normal 0 0 0
 outer loop
 vertex -0.133 -0.0056783 -0.0322032
 vertex -0.133 -0.0113551 -0.0311978
 vertex -0.133 -0.00576512 -0.0326956
 endloop
endfacet
facet normal 0 0 0
 outer loop
 vertex 0.209 -0.0056783 -0.0322032
 vertex 0.209 -0.00576512 -0.0326956
 vertex 0.209 -0.0113551 -0.0311978
 endloop
endfacet
facet normal 0 0 0
 outer loop
 vertex 0.209 -0.0056783 -0.0322032
 vertex 0.209 -0.0113551 -0.0311978
 vertex 0.209 -0.0111841 -0.030728
 endloop
endfacet
facet normal 0 0 0
 outer loop
 vertex -0.133 -0.0111841 -0.030728
 vertex -0.133 -0.01635 -0.028319
 vertex -0.133 -0.0166 -0.028752
 endloop
endfacet
facet normal 0 0 0
 outer loop
 vertex -0.133 -0.0111841 -0.030728
 vertex -0.133 -0.0166 -0.028752
 vertex -0.133 -0.0113551 -0.0311978
 endloop
endfacet
facet normal 0 0 0
 outer loop
 vertex 0.209 -0.0111841 -0.030728
 vertex 0.209 -0.0113551 -0.0311978
 vertex 0.209 -0.0166 -0.028752
 endloop
endfacet
facet normal 0 0 0
 outer loop
 vertex 0.209 -0.0111841 -0.030728
 vertex 0.209 -0.0166 -0.028752
 vertex 0.209 -0.01635 -0.028319
 endloop
endfacet
facet normal 0 0 0
 outer loop
 vertex -0.133 -0.01635 -0.028319
 vertex -0.133 -0.0210192 -0.0250497
 vertex -0.133 -0.0213405 -0.0254327
 endloop
endfacet
facet normal 0 0 0
 outer loop
 vertex -0.133 -0.01635 -0.028319
 vertex -0.133 -0.0213405 -0.0254327
 vertex -0.133 -0.0166 -0.028752
 endloop
endfacet
facet normal 0 0 0
 outer loop
 vertex 0.209 -0.01635 -0.028319
 vertex 0.209 -0.0166 -0.028752
 vertex 0.209 -0.0213405 -0.0254327
 endloop
endfacet
facet normal 0 0 0
 outer loop
 vertex 0.209 -0.01635 -0.028319
 vertex 0.209 -0.0213405 -0.0254327
 vertex 0.209 -0.0210192 -0.0250497
 endloop
endfacet
facet normal 0 0 0
 outer loop
 vertex -0.133 -0.0210192 -0.0250497
 vertex -0.133 -0.0250497 -0.0210192
 vertex -0.133 -0.0254327 -0.0213405
 endloop
endfacet
facet normal 0 0 0
 outer loop
 vertex -0.133 -0.0210192 -0.0250497
 vertex -0.133 -0.0254327 -0.0213405
 vertex -0.133 -0.0213405 -0.0254327
 endloop
endfacet
facet normal 0 0 0
 outer loop
 vertex 0.209 -0.0210192 -0.0250497
 vertex 0.209 -0.0213405 -0.0254327
 vertex 0.209 -0.0254327 -0.0213405
 endloop
endfacet
facet normal 0 0 0
 outer loop
 vertex 0.209 -0.0210192 -0.0250497
 vertex 0.209 -0.0254327 -0.0213405
 vertex 0.209 -0.0250497 -0.0210192
 endloop
endfacet
facet normal 0 0 0
 outer loop
 vertex -0.133 -0.0250497 -0.0210192
 vertex -0.133 -0.028319 -0.01635
 vertex -0.133 -0.028752 -0.0166
 endloop
endfacet
facet normal 0 0 0
 outer loop
 vertex -0.133 -0.0250497 -0.0210192
 vertex -0.133 -0.028752 -0.0166
 vertex -0.133 -0.0254327 -0.0213405
 endloop
endfacet
facet normal 0 0 0
 outer loop
 vertex 0.209 -0.0250497 -0.0210192
 vertex 0.209 -0.0254327 -0.0213405
 vertex 0.209 -0.028752 -0.0166
 endloop
endfacet
facet normal 0 0 0
 outer loop
 vertex 0.209 -0.0250497 -0.0210192
 vertex 0.209 -0.028752 -0.0166
 vertex 0.209 -0.028319 -0.01635
 endloop
endfacet
facet normal 0 0 0
 outer loop
 vertex -0.133 -0.028319 -0.01635
 vertex -0.133 -0.030728 -0.0111841
 vertex -0.133 -0.0311978 -0.0113551
 endloop
endfacet
facet normal 0 0 0
 outer loop
 vertex -0.133 -0.028319 -0.01635
 vertex -0.133 -0.0311978 -0.0113551
 vertex -0.133 -0.028752 -0.0166
 endloop
endfacet
facet normal 0 0 0
 outer loop
 vertex 0.209 -0.028319 -0.01635
 vertex 0.209 -0.028752 -0.0166
 vertex 0.209 -0.0311978 -0.0113551
 endloop
endfacet
facet normal 0 0 0
 outer loop
 vertex 0.209 -0.028319 -0.01635
 vertex 0.209 -0.0311978 -0.0113551
 vertex 0.209 -0.030728 -0.0111841
 endloop
endfacet
facet normal 0 0 0
 outer loop
 vertex -0.133 -0.030728 -0.0111841
 vertex -0.133 -0.0322032 -0.00567829
 vertex -0.133 -0.0326956 -0.00576512
 endloop
endfacet
facet normal 0 0 0
 outer loop
 vertex -0.133 -0.030728 -0.0111841
 vertex -0.133 -0.0326956 -0.00576512
 vertex -0.133 -0.0311978 -0.0113551
 endloop
endfacet
facet normal 0 0 0
 outer loop
 vertex 0.209 -0.030728 -0.0111841
 vertex 0.209 -0.0311978 -0.0113551
 vertex 0.209 -0.0326956 -0.00576512
 endloop
endfacet
facet normal 0 0 0
 outer loop
 vertex 0.209 -0.030728 -0.0111841
 vertex 0.209 -0.0326956 -0.00576512
 vertex 0.209 -0.0322032 -0.00567829
 endloop
endfacet
facet normal 0 0 0
 outer loop
 vertex -0.133 -0.0322032 -0.00567829
 vertex -0.133 -0.0327 3.89944e-10
 vertex -0.133 -0.0332 3.95906e-10
 endloop
endfacet
facet normal 0 0 0
 outer loop
 vertex -0.133 -0.0322032 -0.00567829
 vertex -0.133 -0.0332 3.95906e-10
 vertex -0.133 -0.0326956 -0.00576512
 endloop
endfacet
facet normal 0 0 0
 outer loop
 vertex 0.209 -0.0322032 -0.00567829
 vertex 0.209 -0.0326956 -0.00576512
 vertex 0.209 -0.0332 3.95906e-10
 endloop
endfacet
facet normal 0 0 0
 outer loop
 vertex 0.209 -0.0322032 -0.00567829
 vertex 0.209 -0.0332 3.95906e-10
 vertex 0.209 -0.0327 3.89944e-10
 endloop
endfacet
facet normal 0 0 0
 outer loop
 vertex -0.133 -0.0327 3.89944e-10
 vertex -0.133 -0.0322032 0.00567829
 vertex -0.133 -0.0326956 0.00576512
 endloop
endfacet
facet normal 0 0 0
 outer loop
 vertex -0.133 -0.0327 3.89944e-10
 vertex -0.133 -0.0326956 0.00576512
 vertex -0.133 -0.0332 3.95906e-10
 endloop
endfacet
facet normal 0 0 0
 outer loop
 vertex 0.209 -0.0327 3.89944e-10
 vertex 0.209 -0.0332 3.95906e-10
 vertex 0.209 -0.0326956 0.00576512
 endloop
endfacet
facet normal 0 0 0
 outer loop
 vertex 0.209 -0.0327 3.89944e-10
 vertex 0.209 -0.0326956 0.00576512
 vertex 0.209 -0.0322032 0.00567829
 endloop
endfacet
facet normal 0 0 0
 outer loop
 vertex -0.133 -0.0322032 0.00567829
 vertex -0.133 -0.030728 0.0111841
 vertex -0.133 -0.0311978 0.0113551
 endloop
endfacet
facet normal 0 0 0
 outer loop
 vertex -0.133 -0.0322032 0.00567829
 vertex -0.133 -0.0311978 0.0113551
 vertex -0.133 -0.0326956 0.00576512
 endloop
endfacet
facet normal 0 0 0
 outer loop
 vertex 0.209 -0.0322032 0.00567829
 vertex 0.209 -0.0326956 0.00576512
 vertex 0.209 -0.0311978 0.0113551
 endloop
endfacet
facet normal 0 0 0
 outer loop
 vertex 0.209 -0.0322032 0.00567829
 vertex 0.209 -0.0311978 0.0113551
 vertex 0.209 -0.030728 0.0111841
 endloop
endfacet
facet normal 0 0 0
 outer loop
 vertex -0.133 -0.030728 0.0111841
 vertex -0.133 -0.028319 0.01635
 vertex -0.133 -0.028752 0.0166
 endloop
endfacet
facet normal 0 0 0
 outer loop
 vertex -0.133 -0.030728 0.0111841
 vertex -0.133 -0.028752 0.0166
 vertex -0.133 -0.0311978 0.0113551
 endloop
endfacet
facet normal 0 0 0
 outer loop
 vertex 0.209 -0.030728 0.0111841
 vertex 0.209 -0.0311978 0.0113551
 vertex 0.209 -0.028752 0.0166
 endloop
endfacet
facet normal 0 0 0
 outer loop
 vertex 0.209 -0.030728 0.0111841
 vertex 0.209 -0.028752 0.0166
 vertex 0.209 -0.028319 0.01635
 endloop
endfacet
facet normal 0 0 0
 outer loop
 vertex -0.133 -0.028319 0.01635
 vertex -0.133 -0.0250497 0.0210192
 vertex -0.133 -0.0254327 0.0213405
 endloop
endfacet
facet normal 0 0 0
 outer loop
 vertex -0.133 -0.028319 0.01635
 vertex -0.133 -0.0254327 0.0213405
 vertex -0.133 -0.028752 0.0166
 endloop
endfacet
facet normal 0 0 0
 outer loop
 vertex 0.209 -0.028319 0.01635
 vertex 0.209 -0.028752 0.0166
 vertex 0.209 -0.0254327 0.0213405
 endloop
endfacet
facet normal 0 0 0
 outer loop
 vertex 0.209 -0.028319 0.01635
 vertex 0.209 -0.0254327 0.0213405
 vertex 0.209 -0.0250497 0.0210192
 endloop
endfacet
facet normal 0 0 0
 outer loop
 vertex -0.133 -0.0250497 0.0210192
 vertex -0.133 -0.0210192 0.0250497
 vertex -0.133 -0.0213406 0.0254327
 endloop
endfacet
facet normal 0 0 0
 outer loop
 vertex -0.133 -0.0250497 0.0210192
 vertex -0.133 -0.0213406 0.0254327
 vertex -0.133 -0.0254327 0.0213405
 endloop
endfacet
facet normal 0 0 0
 outer loop
 vertex 0.209 -0.0250497 0.0210192
 vertex 0.209 -0.0254327 0.0213405
 vertex 0.209 -0.0213406 0.0254327
 endloop
endfacet
facet normal 0 0 0
 outer loop
 vertex 0.209 -0.0250497 0.0210192
 vertex 0.209 -0.0213406 0.0254327
 vertex 0.209 -0.0210192 0.0250497
 endloop
endfacet
facet normal 0 0 0
 outer loop
 vertex -0.133 -0.0210192 0.0250497
 vertex -0.133 -0.01635 0.028319
 vertex -0.133 -0.0166 0.028752
 endloop
endfacet
facet normal 0 0 0
 outer loop
 vertex -0.133 -0.0210192 0.0250497
 vertex -0.133 -0.0166 0.028752
 vertex -0.133 -0.0213406 0.0254327
 endloop
endfacet
facet normal 0 0 0
 outer loop
 vertex 0.209 -0.0210192 0.0250497
 vertex 0.209 -0.0213406 0.0254327
 vertex 0.209 -0.0166 0.028752
 endloop
endfacet
facet normal 0 0 0
 outer loop
 vertex 0.209 -0.0210192 0.0250497
 vertex 0.209 -0.0166 0.028752
 vertex 0.209 -0.01635 0.028319
 endloop
endfacet
facet normal 0 0 0
 outer loop
 vertex -0.133 -0.01635 0.028319
 vertex -0.133 -0.0111841 0.0307279
 vertex -0.133 -0.0113551 0.0311978
 endloop
endfacet
facet normal 0 0 0
 outer loop
 vertex -0.133 -0.01635 0.028319
 vertex -0.133 -0.0113551 0.0311978
 vertex -0.133 -0.0166 0.028752
 endloop
endfacet
facet normal 0 0 0
 outer loop
 vertex 0.209 -0.01635 0.028319
 vertex 0.209 -0.0166 0.028752
 vertex 0.209 -0.0113551 0.0311978
 endloop
endfacet
facet normal 0 0 0
 outer loop
 vertex 0.209 -0.01635 0.028319
 vertex 0.209 -0.0113551 0.0311978
 vertex 0.209 -0.0111841 0.0307279
 endloop
endfacet
facet normal 0 0 0
 outer loop
 vertex -0.133 -0.0111841 0.0307279
 vertex -0.133 -0.00567829 0.0322032
 vertex -0.133 -0.00576511 0.0326956
 endloop
endfacet
facet normal 0 0 0
 outer loop
 vertex -0.133 -0.0111841 0.0307279
 vertex -0.133 -0.00576511 0.0326956
 vertex -0.133 -0.0113551 0.0311978
 endloop
endfacet
facet normal 0 0 0
 outer loop
 vertex 0.209 -0.0111841 0.0307279
 vertex 0.209 -0.0113551 0.0311978
 vertex 0.209 -0.00576511 0.0326956
 endloop
endfacet
facet normal 0 0 0
 outer loop
 vertex 0.209 -0.0111841 0.0307279
 vertex 0.209 -0.00576511 0.0326956
 vertex 0.209 -0.00567829 0.0322032
 endloop
endfacet
facet normal 0 0 0
 outer loop
 vertex -0.133 -0.00567829 0.0322032
 vertex -0.133 5.71745e-09 0.0327
 vertex -0.133 5.80487e-09 0.0332
 endloop
endfacet
facet normal 0 0 0
 outer loop
 vertex -0.133 -0.00567829 0.0322032
 vertex -0.133 5.80487e-09 0.0332
 vertex -0.133 -0.00576511 0.0326956
 endloop
endfacet
facet normal 0 0 0
 outer loop
 vertex 0.209 -0.00567829 0.0322032
 vertex 0.209 -0.00576511 0.0326956
 vertex 0.209 5.80487e-09 0.0332
 endloop
endfacet
facet normal 0 0 0
 outer loop
 vertex 0.209 -0.00567829 0.0322032
 vertex 0.209 5.80487e-09 0.0332
 vertex 0.209 5.71745e-09 0.0327
 endloop
endfacet
endsolid mli
